elapsed_time_sec,ss1,ss2,ss3,ss4
4.648e-06,0.24323979,0.3572459,0.57075536,0.4608971
0.010079501,0.2437407,0.36061355,0.57116365,0.48305905
0.020066727,0.24317652,0.36279568,0.5715226,0.48895168
0.030089691,0.2428457,0.36306453,0.57145506,0.49170688
0.040066753,0.24249655,0.363495,0.5710161,0.49177843
0.05006403,0.24306935,0.36405024,0.57142305,0.49209133
0.0600622,0.24243453,0.36318734,0.57134974,0.4918804
0.07006313,0.24339056,0.36448935,0.5718135,0.49221006
0.0800631,0.24332428,0.36352718,0.5709917,0.49155933
0.090062745,0.24285431,0.36371925,0.57144153,0.4922729
0.10006327,0.24263448,0.36312422,0.5716541,0.49215093
0.11006287,0.24263577,0.36365545,0.57179767,0.49233738
0.12006193,0.24278468,0.3637549,0.5713455,0.49164054
0.13006277,0.24309741,0.36247864,0.5721667,0.49169686
0.14006346,0.24265486,0.363193,0.5701173,0.49166813
0.15006314,0.24242051,0.3635548,0.57263184,0.49140117
0.16006267,0.24251008,0.36265844,0.5702481,0.49114168
0.17006344,0.24295072,0.3635099,0.5708181,0.49167857
0.18006276,0.24221896,0.36358598,0.5728051,0.49199864
0.19006224,0.24104063,0.3630054,0.5720825,0.49196488
0.2000628,0.24271737,0.36270642,0.57258844,0.49258935
0.21006198,0.24289338,0.36376774,0.5712663,0.49161986
0.22006556,0.24321038,0.36303362,0.5722711,0.4928392
0.23006386,0.24209668,0.36336058,0.57150155,0.4911065
0.24006134,0.24268685,0.36352912,0.57175064,0.49277213
0.25006273,0.24289036,0.3627717,0.5710987,0.4928676
0.26006237,0.24252906,0.36362815,0.57189983,0.4909663
0.27006295,0.24215223,0.3637768,0.57121754,0.49117085
0.28006235,0.24224259,0.36310554,0.57181543,0.4909344
0.2900625,0.24247628,0.36293077,0.5711869,0.49065784
0.30006254,0.24285717,0.3627955,0.571659,0.49079257
0.31006217,0.2428406,0.36311883,0.5712184,0.49100646
0.32006255,0.24310648,0.36380872,0.5708016,0.49169138
0.3300623,0.24337216,0.3628266,0.5709625,0.49120346
0.34006256,0.24337387,0.36308143,0.57161474,0.4909556
0.35006264,0.2431363,0.363906,0.5712264,0.49127
0.36006117,0.24323921,0.3635556,0.5706807,0.49118295
0.37006256,0.24327792,0.3644486,0.5713988,0.49144343
0.38006252,0.24288312,0.3632456,0.57069314,0.4907324
0.39006177,0.24262469,0.36289406,0.5713827,0.49066716
0.40006182,0.24303827,0.36340737,0.57150656,0.48997226
0.410063,0.2433075,0.3638438,0.5713896,0.4904286
0.42006227,0.24334407,0.3636011,0.57168573,0.49005592
0.43006113,0.24297583,0.36312684,0.5712363,0.4906252
0.4400622,0.24247049,0.36309657,0.57119226,0.490876
0.45006186,0.24304163,0.36339313,0.57105947,0.49072427
0.46006292,0.24301282,0.36312872,0.5707525,0.49066535
0.4700619,0.24277644,0.36361438,0.5710217,0.49039444
0.4800617,0.2430187,0.36343014,0.57123005,0.490557
0.49006173,0.24293007,0.36341295,0.5711951,0.49023584
0.50006217,0.24341594,0.36381537,0.5712187,0.48970148
0.51006293,0.24292971,0.36349845,0.5710842,0.4902179
0.52006286,0.2431681,0.36347646,0.57122976,0.49004564
0.53007203,0.2425646,0.36099926,0.5703528,0.48997656
0.5400673,0.24306089,0.36309242,0.57123905,0.4904682
0.5500626,0.24277277,0.36318934,0.570569,0.4902106
0.56006086,0.24325143,0.36380512,0.57061446,0.48997986
0.5700638,0.24278906,0.36317065,0.57195276,0.49058393
0.5800669,0.24291535,0.36253443,0.57128626,0.49027926
0.5900638,0.24310017,0.36354098,0.5695874,0.4899844
0.6000617,0.24333155,0.3629325,0.57071805,0.4903149
0.61006194,0.24267253,0.36304092,0.56983155,0.48993033
0.6200623,0.24263045,0.3626473,0.57191825,0.49006158
0.6300628,0.24274725,0.36321166,0.5692919,0.4904756
0.6400627,0.24278928,0.3633238,0.5725306,0.4909018
0.6500627,0.2435189,0.36363322,0.5712888,0.48854154
0.66006255,0.24264053,0.36357307,0.5716764,0.49187532
0.6700614,0.24278222,0.36294776,0.57124996,0.4891536
0.680063,0.24251369,0.3626741,0.57032675,0.49095523
0.6900623,0.24281514,0.36135355,0.5709897,0.4914956
0.7000623,0.2432903,0.36292213,0.57092726,0.48780683
0.7100618,0.24293701,0.363464,0.5710403,0.49048287
0.7200616,0.24357247,0.36230364,0.57072634,0.4894607
0.7300625,0.24361151,0.3640404,0.5712748,0.4897896
0.7400621,0.24347194,0.36427104,0.57106173,0.48983783
0.75006264,0.24316745,0.36374438,0.5711941,0.48966533
0.76006305,0.24308124,0.36298788,0.5712912,0.48945063
0.77006215,0.24322616,0.36305934,0.57059467,0.4890784
0.78006256,0.24341108,0.36362028,0.57095325,0.4896554
0.7900621,0.2423786,0.36292553,0.5711534,0.4891121
0.80006325,0.24344778,0.36387658,0.5703941,0.49000165
0.8100625,0.24363473,0.36277378,0.57068837,0.48976105
0.82006246,0.24320588,0.3635089,0.57178193,0.48928747
0.83006305,0.24293408,0.36298952,0.57098514,0.489334
0.84006166,0.24324083,0.36314434,0.5724869,0.48992664
0.85006243,0.2441751,0.36306578,0.5713006,0.48931316
0.86006224,0.24352382,0.36330053,0.57142085,0.48982456
0.8700621,0.24295425,0.36291605,0.57199997,0.48912746
0.880063,0.24318852,0.3625597,0.5718507,0.4892201
0.8900625,0.24311611,0.36265293,0.5716785,0.48929432
0.9000719,0.24254262,0.36220545,0.57123566,0.4899477
0.9100662,0.24287032,0.3628338,0.57091427,0.48970246
0.9200623,0.24396484,0.3627371,0.57133067,0.4890626
0.9300627,0.24339321,0.36268264,0.5716594,0.4890755
0.9400627,0.24283707,0.3625162,0.57129127,0.48970672
0.95006245,0.24413154,0.36403027,0.5716087,0.48886144
0.9600621,0.24334508,0.36214215,0.57164574,0.48886597
0.9700629,0.24320084,0.36265543,0.5723778,0.48914865
0.9800633,0.24338138,0.3625264,0.5715649,0.4889817
0.99006397,0.24336708,0.36330986,0.57192105,0.4894918
1.000065,0.24284084,0.36372936,0.5718441,0.48927495
1.0100642,0.243218,0.3625768,0.5723171,0.49045965
1.0200629,0.24283946,0.36268485,0.5723014,0.48987758
1.0300717,0.23806672,0.36001518,0.57262635,0.49001965
1.0400678,0.24328336,0.3644109,0.57197714,0.48775658
1.0500629,0.2432576,0.3630998,0.57177866,0.48800132
1.0600615,0.24346903,0.3614986,0.5724675,0.48900855
1.0700642,0.24325056,0.36400452,0.57289636,0.4892009
1.0800619,0.24287342,0.36252898,0.5729676,0.48909727
1.0900627,0.2435324,0.36346123,0.5721531,0.48882788
1.1000627,0.24350199,0.36256546,0.5721228,0.488386
1.110063,0.24365418,0.36322433,0.57270604,0.4885842
1.1200624,0.24427196,0.3622716,0.5728855,0.4885898
1.1300606,0.24190633,0.3628951,0.5728715,0.48849258
1.1400623,0.24311139,0.3636706,0.5732587,0.48852676
1.1500622,0.2448264,0.36247706,0.57291114,0.48814857
1.1600623,0.24338046,0.36329392,0.5734692,0.48865566
1.1700625,0.24446943,0.36290076,0.5728724,0.48892608
1.1800618,0.24292901,0.36272734,0.5727193,0.4886172
1.1900616,0.24273556,0.36309713,0.57219964,0.4878555
1.2000619,0.24512352,0.36306354,0.57315135,0.48865384
1.2100646,0.2432351,0.3620669,0.57283014,0.48861036
1.2200625,0.2427331,0.36216483,0.573622,0.48813504
1.2300628,0.24265839,0.36252978,0.5728538,0.4881963
1.240062,0.24310666,0.36222368,0.57401735,0.48835066
1.25006,0.2438589,0.36347264,0.57384753,0.488982
1.2600622,0.24292463,0.36298198,0.57381094,0.48865885
1.270062,0.24354397,0.36308,0.57422775,0.48865652
1.2800626,0.24408434,0.36275214,0.57400656,0.48771623
1.2900617,0.24396293,0.3640702,0.5751725,0.48803732
1.3000616,0.24453793,0.36304855,0.5732001,0.48806512
1.3100625,0.24314593,0.36298335,0.5760143,0.48831597
1.3200624,0.24308668,0.36177427,0.57266074,0.48844656
1.3300626,0.24376842,0.36306772,0.5741126,0.4887295
1.3400623,0.24313644,0.36266604,0.5747585,0.4891837
1.3500626,0.2437039,0.36287874,0.57492036,0.4893611
1.3600622,0.24268706,0.36259583,0.5751125,0.488671
1.3700615,0.243351,0.36253837,0.5742591,0.48771632
1.3800628,0.24346703,0.36261812,0.5750074,0.48866847
1.3900617,0.24421641,0.36228743,0.5745939,0.48684895
1.4000618,0.24399212,0.36293483,0.5751335,0.48942792
1.4100628,0.2432819,0.36298844,0.5749949,0.48887002
1.4200612,0.24428403,0.3623125,0.57477623,0.48750225
1.4300625,0.24352854,0.36375722,0.5744519,0.48785052
1.4400625,0.24346146,0.3632108,0.575467,0.48828796
1.4500624,0.24362738,0.3633579,0.57516235,0.48772103
1.4600633,0.24316813,0.36123678,0.5755357,0.48782033
1.4700623,0.24373782,0.3633658,0.5752895,0.48800322
1.4800624,0.24337749,0.36240083,0.575762,0.4884509
1.4900616,0.242939,0.3620049,0.57535017,0.48791298
1.5000618,0.24371007,0.36286765,0.5755745,0.48764366
1.5100627,0.2431726,0.3623246,0.57602525,0.4875358
1.5200622,0.24359983,0.36308548,0.57687813,0.487815
1.5300726,0.24390665,0.35825515,0.575245,0.4872866
1.5400687,0.24363837,0.3628395,0.57620096,0.48741344
1.5500618,0.24464566,0.36312842,0.57591206,0.48777676
1.5600635,0.24368814,0.36135685,0.5765278,0.48754087
1.5700634,0.24386363,0.36258852,0.57648665,0.48753005
1.5800654,0.24347888,0.36278594,0.57645446,0.4869758
1.5900635,0.24446687,0.36263272,0.57694125,0.48789623
1.6000617,0.2438466,0.36240432,0.5765765,0.48776627
1.6100621,0.24433759,0.3629371,0.5771896,0.48812628
1.6200628,0.24338488,0.36236647,0.5760026,0.48763865
1.6300763,0.24380533,0.36257067,0.5771999,0.48731253
1.640066,0.24341604,0.3617948,0.57739943,0.48759487
1.6500632,0.24433431,0.36258256,0.5765565,0.48751682
1.660061,0.24293089,0.3627061,0.5769343,0.48743975
1.6700623,0.2442734,0.36247182,0.5772095,0.48742858
1.6800632,0.24328834,0.3621496,0.5777147,0.4869554
1.6900626,0.24393979,0.36243728,0.5771996,0.48666543
1.7000622,0.24366742,0.36200345,0.5772069,0.48681927
1.7100614,0.24306443,0.3626111,0.5769169,0.48744744
1.7200619,0.24382548,0.36238098,0.5775966,0.48727736
1.7300618,0.24359973,0.36219183,0.5772998,0.4873176
1.7400625,0.24352585,0.36181837,0.5780631,0.48677653
1.7500612,0.2442622,0.36238182,0.5776427,0.48678645
1.7600625,0.24343783,0.36236486,0.57825154,0.48667237
1.7700626,0.24411172,0.36244595,0.5779138,0.48593736
1.7800616,0.24376236,0.3615444,0.5788059,0.4878251
1.7900621,0.24360478,0.3624563,0.57872826,0.48770607
1.8000624,0.24401565,0.36287466,0.5786342,0.4870126
1.810062,0.24371059,0.36174887,0.57831,0.48647195
1.820063,0.2426041,0.36247024,0.5787692,0.48450533
1.8300623,0.24257475,0.36170366,0.57852554,0.48438108
1.8400624,0.24268363,0.36147735,0.5782475,0.48468724
1.8500613,0.24309349,0.3621642,0.5794448,0.4866679
1.860063,0.2427192,0.36148748,0.57828295,0.48796895
1.870062,0.24329945,0.36210632,0.5788948,0.48511717
1.8800626,0.2424515,0.36120942,0.5782094,0.48567238
1.8900644,0.24289551,0.3614902,0.57975787,0.48633566
1.9000715,0.24369329,0.36203408,0.5790853,0.4865561
1.9100652,0.24343064,0.3640489,0.57904875,0.4865581
1.9200612,0.24421695,0.36021328,0.57908,0.4863446
1.9300638,0.24415827,0.362676,0.57925344,0.48657194
1.9400613,0.24358104,0.362039,0.5788342,0.48669028
1.9500632,0.24377137,0.36267507,0.5799909,0.4863451
1.9600625,0.24420536,0.3628203,0.5791656,0.4864207
1.9700617,0.24338414,0.36250284,0.5788813,0.4863266
1.9800614,0.24408753,0.36309645,0.5794748,0.48591754
1.9900618,0.2434744,0.36235386,0.5795353,0.48619133
2.0000665,0.24414635,0.36231384,0.5799129,0.48638085
2.0100641,0.24350165,0.36222032,0.57982415,0.48556197
2.0200603,0.24406093,0.36198437,0.5794867,0.48614988
2.0300722,0.24333027,0.36236197,0.5800642,0.4858445
2.0400672,0.24418329,0.3625402,0.5795187,0.48582762
2.0500627,0.24392527,0.36306655,0.5801634,0.4859791
2.0600634,0.2441016,0.36265796,0.5797818,0.48597124
2.0700622,0.24350564,0.36229783,0.58013314,0.48668808
2.080068,0.24377754,0.36280164,0.5803903,0.48605496
2.0900645,0.24399538,0.36203507,0.5805461,0.48558155
2.1000621,0.24391906,0.36087012,0.58036375,0.48632362
2.1100633,0.24396364,0.3626562,0.580525,0.48572686
2.1200624,0.24385165,0.3619247,0.58063996,0.48518237
2.130063,0.24333963,0.36227292,0.58134806,0.48517576
2.1400626,0.24383341,0.36262864,0.58080995,0.48611155
2.1500623,0.24403043,0.36257556,0.58095276,0.48552546
2.1600626,0.24343653,0.36263317,0.5806134,0.48566443
2.1700625,0.2434094,0.3630208,0.58127594,0.48556185
2.1800625,0.24386166,0.36252457,0.58023363,0.48520654
2.1900618,0.24372654,0.36241108,0.5821167,0.485752
2.200063,0.24388656,0.3624319,0.5810415,0.4854365
2.210065,0.24413781,0.36195529,0.58156264,0.4857405
2.2200637,0.24359453,0.362096,0.5814694,0.48457432
2.2300637,0.24387178,0.36205542,0.58117765,0.4851979
2.2400622,0.2439927,0.3622203,0.58145535,0.48522136
2.2500627,0.24394134,0.36239773,0.5817646,0.48519892
2.260062,0.24405137,0.36254632,0.58182395,0.48475197
2.2700627,0.2441065,0.36228016,0.5818303,0.48528668
2.2800636,0.24479407,0.36258158,0.58155066,0.48573983
2.2900627,0.24367352,0.3623614,0.5817101,0.48465687
2.3000624,0.2449863,0.3630388,0.5818549,0.4847657
2.310062,0.24366222,0.3622549,0.5822873,0.48527268
2.3200617,0.24429464,0.36295417,0.5815235,0.48494712
2.3300624,0.2440218,0.3619073,0.58127755,0.48514938
2.3400626,0.24378656,0.36252004,0.58166283,0.48504966
2.3500624,0.24489862,0.36249664,0.5812328,0.48434007
2.3600612,0.24415006,0.36331317,0.5822077,0.48495552
2.370062,0.24337618,0.3622849,0.580085,0.48527518
2.380063,0.24390537,0.36179867,0.58283657,0.48535904
2.3900633,0.24420603,0.36207783,0.5831827,0.48483396
2.4000623,0.24406224,0.3620499,0.5805208,0.48395246
2.4100628,0.24456099,0.36224487,0.5829117,0.48525435
2.4200628,0.24411996,0.36210355,0.582716,0.48426646
2.4300618,0.24407491,0.3624059,0.58311623,0.48419663
2.4400625,0.24438183,0.36251536,0.58156604,0.48454985
2.4500623,0.24457459,0.3624217,0.58400404,0.48525777
2.4600625,0.24352767,0.36248305,0.5824957,0.48351753
2.4700623,0.24378031,0.36231852,0.5827022,0.48460504
2.4800618,0.24369107,0.3625863,0.58236957,0.48393074
2.4900625,0.24449492,0.3626484,0.58257407,0.48390993
2.5000622,0.24429446,0.36208826,0.5820118,0.48413223
2.5100632,0.24446633,0.3624329,0.58210874,0.48443714
2.5200627,0.2437017,0.3626517,0.58184433,0.48386332
2.5300741,0.24362232,0.3625128,0.58225346,0.48372775
2.5400686,0.24402414,0.36221766,0.5828644,0.48398486
2.5500677,0.24366416,0.3624783,0.5819098,0.4836125
2.5600638,0.24385352,0.36199364,0.5835883,0.4833183
2.5700634,0.24432944,0.36174977,0.58245426,0.48385483
2.5800943,0.24396221,0.36109826,0.5814147,0.4839353
2.5900638,0.24423459,0.36201212,0.5839756,0.48298907
2.6000617,0.24395187,0.36277002,0.5819433,0.4839062
2.6100628,0.2439889,0.36237347,0.5839332,0.48286912
2.6200628,0.24371405,0.3630941,0.5811745,0.48393738
2.6300623,0.2439261,0.36205128,0.5834903,0.48467618
2.6400614,0.24490322,0.36236906,0.5834553,0.48526454
2.650066,0.24339242,0.36240116,0.58247334,0.4838175
2.660063,0.24464,0.36213246,0.5827225,0.4831647
2.6700616,0.24494392,0.36270195,0.5830538,0.4847371
2.6800628,0.24487619,0.36240798,0.58222246,0.48210827
2.6900618,0.2437578,0.36268377,0.5831352,0.483843
2.7000613,0.24410753,0.36306924,0.5832146,0.483705
2.7100627,0.24416047,0.36260682,0.58318424,0.4838319
2.7200613,0.24507657,0.36287218,0.58252466,0.4838572
2.7300627,0.24451663,0.3625548,0.5828558,0.4832946
2.740062,0.24477817,0.36179674,0.5829936,0.4830977
2.750063,0.2446215,0.36292186,0.5832889,0.4831748
2.7600625,0.24416034,0.36196676,0.5831972,0.48247325
2.7700627,0.24397992,0.36265934,0.58347875,0.48360422
2.7800627,0.24405529,0.3619379,0.5832584,0.48284414
2.7900622,0.24429245,0.36238712,0.5835708,0.48326078
2.800063,0.24356619,0.36251518,0.5828797,0.48261568
2.810063,0.24460828,0.3627032,0.5831892,0.48305532
2.8200629,0.24380504,0.3626895,0.5832677,0.48263168
2.8300626,0.24460806,0.36252993,0.5823977,0.4826385
2.8400614,0.24459158,0.36216158,0.582248,0.48329505
2.850065,0.2440689,0.3622672,0.5825107,0.48304197
2.8600626,0.24420288,0.36213136,0.58356404,0.48283032
2.8700624,0.24358156,0.3625423,0.5825097,0.48321173
2.880062,0.2443661,0.3621322,0.5820623,0.48293647
2.8900626,0.24395303,0.36229643,0.58257836,0.48284963
2.900072,0.24452713,0.36187735,0.5825004,0.48169625
2.9100652,0.24418092,0.3626212,0.5835809,0.48238465
2.9200616,0.24458182,0.36233443,0.5841196,0.48260823
2.9300637,0.2443356,0.36228758,0.5835836,0.48235324
2.9400623,0.24478461,0.3624767,0.5833358,0.4824053
2.9500628,0.24454404,0.36186343,0.58299834,0.4825904
2.9600656,0.24426632,0.36177596,0.58303154,0.4821876
2.970064,0.2440739,0.36180124,0.58304596,0.48194653
2.9800625,0.2442133,0.36224863,0.58316094,0.48289606
2.990063,0.2442216,0.36221093,0.58317626,0.48217267
3.0000668,0.24431865,0.36160752,0.5832864,0.48202547
3.010064,0.24441686,0.36173573,0.58264947,0.48182374
3.0200622,0.24403125,0.36212352,0.5833256,0.48182148
3.0300722,0.2442551,0.3624473,0.5823699,0.48090002
3.04007,0.24409787,0.36186737,0.5831722,0.48115933
3.050063,0.24396926,0.36272213,0.5824848,0.48221743
3.0600638,0.2438989,0.36123052,0.5825804,0.48168954
3.0700624,0.24495217,0.36214557,0.5827948,0.48293367
3.0800626,0.24481201,0.362492,0.58322114,0.4815521
3.0900633,0.24471976,0.36251208,0.58378756,0.48221433
3.1000617,0.24452378,0.36265042,0.58311933,0.48123348
3.1100624,0.24474595,0.36279538,0.5827001,0.48100704
3.1200628,0.24430805,0.36293483,0.58299965,0.48147723
3.1300628,0.24514765,0.36317044,0.5822439,0.48112056
3.1400623,0.24472457,0.36176237,0.58288115,0.4814928
3.1500614,0.24498281,0.36250943,0.5830477,0.48091915
3.1600657,0.24448843,0.36226168,0.5829325,0.4811456
3.1700628,0.24420777,0.36239955,0.58303505,0.4807975
3.1800623,0.2439394,0.36244228,0.58254486,0.4808241
3.190066,0.24479097,0.36182863,0.58318543,0.4813322
3.2000635,0.2446374,0.3623057,0.5829461,0.4807779
3.2100618,0.24416693,0.36237615,0.58278847,0.4809278
3.2200615,0.2450477,0.3609264,0.5829091,0.4813581
3.230063,0.24394688,0.36321568,0.58292776,0.48118135
3.2400618,0.24465577,0.36303315,0.58294904,0.48079738
3.2500622,0.24483627,0.36261973,0.583141,0.48090643
3.2600625,0.24456628,0.36233073,0.58285874,0.4803588
3.2700617,0.2446135,0.36239427,0.58245933,0.48024303
3.2800624,0.24509683,0.36215997,0.58229905,0.4806123
3.290062,0.24452032,0.36207345,0.5828376,0.48088622
3.3000624,0.24416904,0.3618147,0.58347464,0.48025063
3.3100624,0.24510604,0.36255333,0.5822997,0.47997257
3.3200612,0.24434578,0.36232176,0.58289105,0.48015904
3.3300624,0.24452049,0.36261508,0.5833915,0.48034185
3.3400624,0.24436551,0.36194456,0.58300406,0.48038834
3.350062,0.24522677,0.3622863,0.5838972,0.480513
3.3600626,0.24475375,0.36216697,0.5819419,0.48001227
3.3700624,0.24505566,0.36288878,0.58220893,0.4804115
3.3800623,0.24501924,0.36178443,0.58113426,0.48011044
3.3900616,0.2451486,0.36228773,0.5840151,0.48023212
3.4000623,0.24445108,0.36220223,0.5831038,0.4792
3.4100628,0.2447838,0.36215857,0.5826772,0.48029017
3.420062,0.24477074,0.36211625,0.58204377,0.4794378
3.4300625,0.24452731,0.3623841,0.58338916,0.48034436
3.4400613,0.24445881,0.36186767,0.58276033,0.47974318
3.4500623,0.24498819,0.36202002,0.5830185,0.4795423
3.4600627,0.24489559,0.36248192,0.5825996,0.4799757
3.470062,0.24502751,0.36260578,0.58220845,0.47922295
3.480063,0.2448245,0.36371183,0.58308154,0.4790421
3.490063,0.2442698,0.36205095,0.5830395,0.4788778
3.5000625,0.24462749,0.36228126,0.5823009,0.47901112
3.5100615,0.24500212,0.3617728,0.58261716,0.47941506
3.5200617,0.24457616,0.3629991,0.58279294,0.4793612
3.5300813,0.24538808,0.36265895,0.582615,0.47996923
3.5400736,0.24536507,0.36166382,0.58226615,0.47944897
3.5500638,0.24436283,0.3625317,0.5820158,0.4786919
3.5600617,0.24518949,0.3624779,0.58254504,0.47912726
3.5700645,0.24448276,0.36215112,0.5832579,0.47894493
3.5800624,0.24548513,0.3614208,0.58289814,0.47931054
3.5900638,0.24443212,0.36216643,0.5823315,0.47855443
3.6000628,0.2443154,0.3617448,0.5826944,0.47838157
3.610063,0.24456638,0.3618373,0.5816992,0.47802928
3.6200612,0.24485676,0.36221474,0.5823816,0.47814563
3.6300614,0.24450132,0.36256734,0.58227867,0.47877806
3.6400619,0.244712,0.3627635,0.58269846,0.478811
3.6500628,0.24444954,0.36255267,0.5819422,0.47854415
3.6600618,0.2446251,0.36151734,0.582209,0.47893327
3.6700623,0.2450495,0.36247486,0.5830651,0.47852063
3.6800616,0.24431331,0.3627328,0.58233285,0.47763395
3.6900618,0.2452731,0.36184236,0.5831073,0.47820356
3.7000623,0.24425398,0.36180326,0.5832357,0.47819403
3.7100618,0.24547006,0.36224893,0.582777,0.4780435
3.7200623,0.24453078,0.3622322,0.582449,0.4782145
3.7300622,0.24506462,0.3628258,0.5806826,0.4779973
3.7400618,0.24495803,0.36221525,0.5805937,0.4777995
3.7500615,0.24484265,0.36214352,0.5836256,0.47812164
3.7600622,0.24423528,0.36236614,0.5808088,0.47713703
3.7700622,0.24469776,0.36259082,0.5827844,0.4771587
3.7800617,0.24509145,0.36198786,0.5817226,0.4784597
3.7900655,0.24485108,0.36212707,0.5830652,0.47955474
3.800062,0.2445304,0.3615143,0.58206683,0.47633275
3.810063,0.24456707,0.3622937,0.5818353,0.4789999
3.8200624,0.24504033,0.36223403,0.58206344,0.4757464
3.8300614,0.24547778,0.36251402,0.5820818,0.4758307
3.8400624,0.24514578,0.36242577,0.5821987,0.47844064
3.8500621,0.24508852,0.36199307,0.58227205,0.47716904
3.8600624,0.24492794,0.3624094,0.58264965,0.47695136
3.8700616,0.24465962,0.36154583,0.58199227,0.47757423
3.8800626,0.2459766,0.3624695,0.5824382,0.47768238
3.890064,0.24496216,0.36307052,0.5825263,0.47728655
3.9000728,0.24489291,0.3599285,0.58241475,0.47750637
3.910066,0.24458604,0.3631968,0.5814629,0.47735065
3.9200623,0.2447951,0.36182597,0.5820639,0.47744396
3.9300623,0.24532819,0.36254,0.58228344,0.47787628
3.9400628,0.24416128,0.3624002,0.58183336,0.47742894
3.9500632,0.24466074,0.3623342,0.58220005,0.47627488
3.9600618,0.24527793,0.3616106,0.5819406,0.47633845
3.970062,0.24555601,0.36194646,0.58188736,0.4769349
3.980062,0.24513187,0.36303648,0.58238775,0.4766778
3.9900618,0.24504037,0.36291233,0.5822186,0.47646683
4.0000668,0.24536401,0.36219516,0.5825036,0.47672868
4.0100636,0.24504276,0.36213046,0.58265483,0.4765513
4.020063,0.24513549,0.3623993,0.58193314,0.4765089
4.030077,0.24300937,0.36323592,0.58146936,0.4766956
4.0400715,0.24569795,0.36163053,0.5821221,0.47562584
4.0500646,0.24530682,0.36226678,0.5818385,0.47571504
4.060061,0.24546655,0.36129844,0.58203566,0.47640702
4.0700626,0.24573217,0.36153403,0.58146864,0.4761371
4.0800614,0.24495906,0.36246723,0.5822765,0.47585985
4.0900626,0.24501343,0.36222753,0.5821672,0.4761637
4.100063,0.24527436,0.361713,0.5816443,0.47601584
4.1100616,0.24494597,0.3620232,0.58227956,0.475731
4.1200624,0.24551986,0.36240628,0.58233774,0.4762096
4.1300626,0.2450946,0.3627074,0.5821649,0.47611633
4.140062,0.2453486,0.36234513,0.5817292,0.47605392
4.1500616,0.24509989,0.36228785,0.5820917,0.4760145
4.1600614,0.24476328,0.36198705,0.58331484,0.47608066
4.170074,0.24827619,0.36493403,0.58219635,0.4748428
4.180075,0.24969815,0.36588466,0.582713,0.47475806
4.1900744,0.2492242,0.36527354,0.5830137,0.47463933
4.2000737,0.24945098,0.36588082,0.58253664,0.47450075
4.210078,0.2484002,0.36528108,0.58295137,0.47505492
4.2200727,0.24906877,0.36599934,0.5833732,0.47457054
4.230074,0.24919145,0.36567873,0.5823484,0.47405222
4.2400737,0.24924377,0.36600864,0.5821698,0.47389647
4.250075,0.24964117,0.36508426,0.5821223,0.47516298
4.2600746,0.24964064,0.36570305,0.5829962,0.47465646
4.2700744,0.24910428,0.36496475,0.58301985,0.4746688
4.2800727,0.2501807,0.3660979,0.5825947,0.475021
4.290075,0.24926884,0.36610067,0.5825806,0.47376177
4.300074,0.24920784,0.3651486,0.5825969,0.47439086
4.3100753,0.24942294,0.36592793,0.5825113,0.47459584
4.320075,0.24937405,0.36541772,0.582374,0.4737512
4.3300743,0.25065625,0.3658535,0.58279705,0.4737208
4.340074,0.24948286,0.36593705,0.58270043,0.47387832
4.350073,0.24974456,0.36624473,0.58277583,0.47403625
4.360075,0.24935353,0.36564338,0.5830285,0.47429317
4.3700747,0.24986564,0.366491,0.58279026,0.4738578
4.3800755,0.25033462,0.36589915,0.5823746,0.47387385
4.390075,0.24980605,0.36560968,0.5828072,0.47345978
4.400073,0.24917163,0.36555138,0.5831683,0.473454
4.410075,0.24898808,0.36615148,0.58207214,0.4736918
4.4200745,0.24914928,0.36555004,0.5830588,0.4739026
4.4300747,0.24959452,0.36588046,0.58245206,0.47405052
4.4400735,0.24878846,0.3649992,0.58288187,0.4737526
4.4500747,0.24886698,0.36600566,0.58302927,0.4733781
4.460076,0.24964091,0.36570594,0.5829419,0.47354746
4.4700737,0.24829873,0.36493737,0.58279735,0.4732363
4.4800754,0.2502591,0.36643535,0.5837705,0.47294927
4.4900756,0.24882905,0.36574364,0.5824567,0.4730063
4.500074,0.25045055,0.36517295,0.58301675,0.4731151
4.510075,0.24965246,0.36526626,0.5839683,0.47314253
4.5200725,0.24984333,0.36602768,0.58366245,0.47380432
4.5300817,0.24776445,0.36511883,0.58357376,0.47346362
4.5400844,0.24951734,0.3645484,0.58297503,0.47310397
4.550079,0.2493687,0.36458445,0.58326215,0.4729052
4.560072,0.24962825,0.3646163,0.5827366,0.47282442
4.570077,0.24890953,0.36606985,0.58281654,0.47288302
4.5800734,0.2474638,0.363938,0.5828619,0.47203207
4.5900736,0.24782422,0.36487988,0.5829616,0.4725022
4.6000752,0.24787742,0.36531067,0.58296937,0.47197914
4.6100755,0.24845098,0.36626294,0.5830912,0.47287068
4.6200743,0.24732102,0.3649373,0.58329993,0.472794
4.6300755,0.24843264,0.3661573,0.582768,0.47248313
4.6400733,0.24817769,0.36248463,0.58290505,0.47225034
4.650075,0.24872273,0.36491346,0.58288765,0.47310287
4.6600747,0.24838622,0.36504012,0.58290136,0.47290775
4.670089,0.24973762,0.36657456,0.5827057,0.4727381
4.680076,0.24932241,0.36562034,0.5830778,0.47230843
4.690075,0.2491234,0.3656787,0.58306015,0.4727853
4.700074,0.24938856,0.36544532,0.58352834,0.47259486
4.710074,0.24867718,0.36627784,0.5830001,0.47202545
4.720075,0.24891584,0.36522716,0.58286595,0.47206134
4.730074,0.24905837,0.36610982,0.5835092,0.47227207
4.740075,0.24920143,0.36558023,0.58367115,0.47135204
4.750075,0.24930842,0.36574748,0.5831069,0.47152826
4.760074,0.24943848,0.36639553,0.5842712,0.4718653
4.77009,0.24898897,0.36526287,0.58340985,0.47147012
4.780074,0.24972118,0.36514,0.58350384,0.47177804
4.790076,0.24948391,0.365376,0.5834383,0.47222733
4.800075,0.24993718,0.36695582,0.5840848,0.4716903
4.8100734,0.24958901,0.3656199,0.5834982,0.47100657
4.820075,0.2494375,0.36573485,0.5833163,0.4715756
4.830073,0.2489683,0.36610147,0.5834162,0.47098792
4.8400745,0.2493223,0.36525244,0.58417153,0.47136465
4.850075,0.24888095,0.36537918,0.58334064,0.47174674
4.8600745,0.24933133,0.36573708,0.5835162,0.47192287
4.870088,0.2489692,0.36546758,0.58365875,0.4712137
4.880073,0.24942404,0.36577752,0.5842631,0.47160572
4.8900733,0.24941257,0.36537296,0.5845813,0.47162294
4.900085,0.24895702,0.36517522,0.58393544,0.47142372
4.910078,0.24927945,0.36536974,0.584032,0.47170398
4.920074,0.24876422,0.3655496,0.5838424,0.47070977
4.9300737,0.24910262,0.36593232,0.58360666,0.47094485
4.940074,0.24946895,0.3655454,0.5841502,0.4709177
4.9500732,0.24899215,0.36564997,0.5842542,0.471046
4.9600754,0.24886101,0.36582515,0.58396053,0.47028884
4.9700966,0.24908787,0.36585447,0.584294,0.47146448
4.980076,0.24910197,0.36580002,0.58441365,0.47032842
4.990075,0.24892098,0.36582834,0.583772,0.47041252
5.000077,0.24914894,0.3654957,0.5844701,0.47089323
5.0100756,0.24929349,0.3654448,0.5844865,0.47083583
5.020076,0.24882779,0.3652628,0.5840008,0.47073936
5.0300784,0.24898268,0.3647481,0.5843922,0.47079164
5.040086,0.24922416,0.36552846,0.584411,0.4709067
5.050078,0.249939,0.36608458,0.58437806,0.47105244
5.0600743,0.24913868,0.36575127,0.58451587,0.4703108
5.070096,0.24864142,0.36555064,0.58474433,0.4706759
5.080074,0.24951802,0.36671963,0.5849803,0.47035497
5.090075,0.24971972,0.36569884,0.58420986,0.4699608
5.1000757,0.2502037,0.3661725,0.5842175,0.4705853
5.110076,0.24899484,0.3662817,0.5840224,0.46973363
5.120073,0.24974029,0.36573842,0.5841665,0.47071716
5.1300755,0.24981909,0.36553094,0.58470726,0.4694907
5.1400733,0.24995959,0.36552647,0.5838847,0.47009155
5.150075,0.24943426,0.3659268,0.5847848,0.4704761
5.160074,0.24888024,0.36539468,0.58438927,0.4702258
5.170089,0.25026974,0.36603993,0.58437353,0.46982208
5.180075,0.24948698,0.36553046,0.5852019,0.4694661
5.190073,0.24949294,0.3659111,0.5847008,0.4698009
5.2000747,0.24938348,0.36630276,0.5841406,0.47016656
5.2100797,0.24976324,0.36552858,0.5844793,0.46939495
5.2200756,0.2496141,0.3659685,0.5853138,0.47005534
5.2300763,0.24974073,0.3656278,0.58479214,0.4695936
5.2400713,0.24911828,0.3647138,0.58456045,0.46972588
5.250076,0.24946772,0.36570215,0.58532196,0.4696449
5.260072,0.2495115,0.36558318,0.58442855,0.46952492
5.2700925,0.2504219,0.36556298,0.58527493,0.47036204
5.2800756,0.2502751,0.3656203,0.58481115,0.46960247
5.2900734,0.24931934,0.36529654,0.585727,0.46934882
5.3000746,0.24925485,0.36498544,0.5848369,0.4698607
5.310074,0.24963796,0.365457,0.5848453,0.4693503
5.320075,0.2492784,0.36532333,0.58472365,0.46876687
5.330075,0.24979576,0.36593103,0.58486515,0.46867108
5.340075,0.25028473,0.36533418,0.5848355,0.46888533
5.3500752,0.24899079,0.36557034,0.5851503,0.46936083
5.360072,0.24966966,0.36572888,0.5853828,0.46882364
5.370089,0.24941583,0.36566067,0.5856458,0.46905982
5.380074,0.25018644,0.36592317,0.5854701,0.46936604
5.3900747,0.24949014,0.36531115,0.5844323,0.4688116
5.400075,0.2500092,0.36623043,0.58564585,0.4689499
5.410075,0.24930653,0.3664518,0.58496696,0.46876404
5.4200745,0.2504577,0.36620942,0.58530194,0.46897858
5.4300733,0.24993204,0.3659666,0.5854771,0.46841747
5.4400754,0.25000805,0.36593002,0.5861664,0.4689482
5.450075,0.25033003,0.3659977,0.58538634,0.468378
5.460075,0.24980108,0.36629075,0.58591604,0.46909237
5.4700794,0.24965206,0.36545965,0.5851908,0.46845827
5.4800735,0.24977998,0.36642072,0.58533794,0.46817416
5.4900756,0.2499683,0.36613083,0.58527786,0.46849146
5.5000744,0.25028294,0.36558747,0.5850394,0.4683031
5.510074,0.2500282,0.36627966,0.5849789,0.4688081
5.520075,0.2497805,0.36586362,0.58526367,0.46825078
5.530074,0.25073,0.36521226,0.58415514,0.46828353
5.540084,0.24954624,0.36599153,0.5856339,0.46889073
5.550078,0.25025392,0.36602938,0.585717,0.46862423
5.560073,0.24975522,0.36550936,0.5852357,0.46815336
5.5701003,0.25044504,0.36619183,0.5858975,0.4678768
5.5800743,0.24921657,0.36617222,0.5861925,0.46841612
5.5900736,0.24876662,0.36562333,0.58395946,0.46792188
5.600073,0.24947536,0.36503655,0.58315927,0.46763086
5.6100745,0.24994321,0.36595976,0.5847753,0.4676868
5.6200743,0.24972369,0.36593115,0.58650625,0.46806934
5.6300755,0.24985056,0.36550242,0.5862863,0.4684651
5.640073,0.25040922,0.36593136,0.5856827,0.46790496
5.6500754,0.24950959,0.3662239,0.5849784,0.46798196
5.660075,0.24973021,0.36658135,0.58556134,0.4679824
5.6700735,0.25006774,0.36605647,0.5848681,0.46733895
5.6800747,0.25036177,0.36677423,0.5853267,0.46739948
5.6900754,0.24987972,0.3659671,0.5854058,0.46754745
5.7000732,0.24928306,0.36607444,0.58556694,0.46729627
5.7100725,0.24984713,0.36643925,0.5856689,0.46776584
5.7200723,0.25052077,0.36626104,0.5853047,0.46736562
5.730075,0.24980919,0.3663964,0.5853868,0.46732396
5.740074,0.24973278,0.3658655,0.585329,0.46736193
5.7500744,0.24937189,0.36558244,0.5856118,0.46762854
5.760074,0.24930573,0.36627153,0.5850397,0.46701962
5.7700725,0.24970947,0.36601344,0.5854437,0.46774164
5.780074,0.24985667,0.36641333,0.58582664,0.4667582
5.7900734,0.24999468,0.36628637,0.5860445,0.46686578
5.800075,0.24997401,0.36509246,0.5857542,0.46741882
5.8100753,0.24950683,0.36645386,0.58616036,0.46674526
5.8200727,0.24963734,0.3654283,0.5864537,0.46686774
5.8300753,0.2502843,0.36610863,0.58718604,0.46730837
5.840072,0.24990243,0.36626455,0.58337045,0.46672255
5.850073,0.24994968,0.36601284,0.5839971,0.4669846
5.8600745,0.25017813,0.36597916,0.5845606,0.4667776
5.8700724,0.2504188,0.36642712,0.58396024,0.4669089
5.8800735,0.24994025,0.36639467,0.58555967,0.46578866
5.890075,0.24998993,0.36572653,0.5855611,0.465356
5.9000864,0.24936867,0.36616787,0.58448,0.4661875
5.9100776,0.24972215,0.3649293,0.5852553,0.46685004
5.920074,0.2500383,0.36528814,0.58424026,0.46722618
5.930075,0.25005412,0.36611304,0.58530587,0.46671915
5.940071,0.25012088,0.36643827,0.58529305,0.46668535
5.9500766,0.25001147,0.36625612,0.58496046,0.46646723
5.960075,0.24958673,0.36453596,0.5840068,0.46656612
5.970084,0.24982058,0.36580896,0.58607346,0.46665445
5.9800773,0.25036404,0.36599845,0.5869164,0.46667436
5.9900756,0.24957427,0.36565688,0.5872612,0.4662174
6.000081,0.2500193,0.36575675,0.585515,0.46624708
6.0100756,0.2495441,0.36693543,0.5832654,0.4663865
6.0200763,0.24922033,0.36612567,0.58542836,0.4664794
6.030073,0.24947892,0.36431116,0.58486426,0.46683195
6.0400844,0.24970578,0.3661917,0.58511907,0.4651698
6.0500765,0.25006542,0.36546078,0.5843761,0.4673445
6.060074,0.2494995,0.36619255,0.5838312,0.4650014
6.070075,0.25041065,0.36557695,0.584441,0.46717578
6.080073,0.25000525,0.365324,0.5842536,0.46401477
6.0900755,0.24947245,0.36526775,0.58432937,0.4672624
6.100074,0.25014463,0.3643399,0.5844396,0.4660526
6.110076,0.25021964,0.3660361,0.58480144,0.46602306
6.1200743,0.24979898,0.36595976,0.5849208,0.46550757
6.1300755,0.25050217,0.3661614,0.58435994,0.46570334
6.1400733,0.25028616,0.36593845,0.584413,0.46506256
6.150073,0.25086594,0.3657727,0.58357984,0.46585515
6.1600747,0.24977879,0.36595196,0.5849662,0.46584222
6.170075,0.2505669,0.3661509,0.5843173,0.46575123
6.1800914,0.25018132,0.3665048,0.5842287,0.46553755
6.190076,0.25001004,0.36638105,0.584816,0.4655208
6.200074,0.25011194,0.36585608,0.58476526,0.4649908
6.210073,0.25063655,0.366296,0.58403945,0.4647338
6.220076,0.24993666,0.3653174,0.58432174,0.4651121
6.2300777,0.25054422,0.3666305,0.58362097,0.46495298
6.240074,0.2504568,0.36658937,0.58362997,0.46533597
6.250075,0.25018,0.36624673,0.5832932,0.46527797
6.260074,0.25026104,0.36708716,0.5846305,0.46486604
6.2700744,0.25059086,0.366317,0.58265114,0.464821
6.280093,0.24994074,0.36655462,0.58468497,0.46525446
6.2900796,0.24995632,0.36595163,0.5813192,0.46465564
6.3000765,0.2506451,0.3664441,0.58417916,0.46492463
6.310076,0.25027,0.3667852,0.5831126,0.4646527
6.3200736,0.25085926,0.36612388,0.5848279,0.4640763
6.3300757,0.250276,0.36632106,0.5842397,0.4656067
6.3400745,0.25074655,0.3675359,0.58392227,0.46480858
6.3500757,0.25012603,0.36606,0.58313423,0.46566072
6.360075,0.25051934,0.36668792,0.5834416,0.46644494
6.370076,0.25017875,0.36668015,0.58309054,0.4660376
6.3800907,0.24991423,0.3662387,0.5833561,0.46410307
6.390074,0.25020653,0.36678115,0.58376235,0.46470398
6.4000745,0.25001138,0.3663093,0.5828686,0.4639184
6.4100757,0.250426,0.36678252,0.58282703,0.46482068
6.4200754,0.24954835,0.36612236,0.5829892,0.46421468
6.430075,0.25099236,0.36602807,0.58300084,0.46473256
6.440073,0.25009912,0.3653977,0.582887,0.4646847
6.4500737,0.25020754,0.36687458,0.58306783,0.46451414
6.4600763,0.2500218,0.36654612,0.5831769,0.46412
6.470073,0.25081977,0.3658607,0.5827093,0.4651797
6.48008,0.25018162,0.3660234,0.58285826,0.46419019
6.490076,0.24980213,0.36600822,0.58260924,0.46363705
6.500075,0.25007454,0.36585855,0.58290327,0.46417323
6.510073,0.2508188,0.3667323,0.58284056,0.46407273
6.5200725,0.24963036,0.3660719,0.58273727,0.4633933
6.5300727,0.24943474,0.3660596,0.58256274,0.46394926
6.5401115,0.25015274,0.3656723,0.5824949,0.46457234
6.550078,0.25031218,0.36553755,0.58239466,0.46364293
6.560073,0.25082844,0.3669178,0.5828312,0.4640116
6.57008,0.25073105,0.36582646,0.58250576,0.46364737
6.5801015,0.25044534,0.3662637,0.58230776,0.463541
6.590076,0.24919969,0.36605805,0.5824362,0.4633511
6.6000752,0.25054333,0.3666728,0.58244383,0.4632977
6.6100736,0.25091508,0.36722258,0.58252215,0.46312562
6.620075,0.2508692,0.3667516,0.5827305,0.46395046
6.630075,0.25023702,0.3663605,0.582069,0.46361735
6.6400747,0.24975598,0.36639586,0.5821215,0.46373242
6.650075,0.25016668,0.36614752,0.5815584,0.46346354
6.660073,0.25093314,0.36692798,0.5820212,0.46328953
6.6700788,0.25025025,0.36663455,0.5812346,0.46283385
6.6800957,0.25107828,0.3655297,0.5821992,0.463592
6.6900764,0.25038826,0.3666097,0.58241946,0.46361676
6.700075,0.24984004,0.36618638,0.5817335,0.4632911
6.710071,0.25114956,0.36711338,0.58151436,0.4637258
6.7200704,0.24999763,0.366403,0.58124346,0.4630266
6.7300725,0.250661,0.36669502,0.58086973,0.4631465
6.740075,0.24985525,0.3662471,0.58208656,0.46279195
6.7500744,0.2511373,0.36644915,0.5816918,0.46336672
6.7600746,0.2505453,0.3664255,0.58145046,0.4628328
6.7700787,0.25103632,0.36560428,0.5817184,0.46285442
6.780073,0.25056952,0.36659586,0.5812486,0.463014
6.790075,0.25055662,0.3668419,0.5809715,0.46337608
6.8000746,0.25044477,0.36620575,0.5808189,0.46245754
6.8100753,0.2510117,0.36623356,0.58104086,0.4634193
6.8200746,0.25043046,0.36648837,0.57937837,0.46317205
6.8300724,0.25029635,0.36620793,0.5806689,0.4627732
6.840073,0.25017163,0.3663517,0.5816962,0.4624964
6.850073,0.24996862,0.36675572,0.58133143,0.46233702
6.8600745,0.2511373,0.366178,0.5803831,0.46171314
6.8700776,0.24987423,0.36636436,0.57936984,0.46223652
6.880076,0.2507097,0.36647692,0.58111984,0.4618274
6.8900743,0.25137877,0.3659793,0.58092487,0.4623382
6.900084,0.25038233,0.3663108,0.5800091,0.4624044
6.910081,0.2506301,0.36571422,0.58052194,0.46254987
6.9200735,0.2504864,0.3665992,0.5805803,0.46273017
6.9300747,0.2502529,0.3662048,0.58093685,0.46252552
6.9400716,0.25045976,0.36652836,0.58052784,0.4620961
6.950075,0.25020042,0.36621362,0.5809875,0.46187752
6.9600744,0.25132808,0.36617708,0.5804576,0.46224552
6.9700813,0.25033686,0.36600208,0.58010644,0.46166363
6.9800763,0.25002643,0.36656502,0.5795394,0.46153066
6.9900737,0.24980271,0.36658025,0.58054364,0.4617636
7.0000863,0.25024077,0.3661166,0.57994056,0.46192002
7.01008,0.2509672,0.36673513,0.57994187,0.4620857
7.0200744,0.2508409,0.36658594,0.5809891,0.46167585
7.0300736,0.25138435,0.36672467,0.58059037,0.46160462
7.0400867,0.24990748,0.36591017,0.579617,0.46220624
7.0500784,0.25049564,0.36630902,0.5796276,0.46123514
7.060074,0.25062728,0.36724877,0.5798691,0.46174973
7.0700808,0.25083235,0.36738262,0.5796285,0.46189567
7.080078,0.25034183,0.3662765,0.57922316,0.4621055
7.0900745,0.251413,0.36650184,0.5799472,0.46156377
7.100075,0.25034592,0.3667833,0.58115846,0.46108496
7.1100755,0.25104886,0.36695707,0.57994556,0.4618325
7.120075,0.2505842,0.36608493,0.57920325,0.4618143
7.130076,0.24989532,0.366889,0.579853,0.46117067
7.1400695,0.25055143,0.36607227,0.579895,0.46124324
7.1500764,0.25051492,0.3667977,0.5789375,0.46131167
7.1600733,0.2508159,0.36772814,0.57959044,0.46118915
7.1700788,0.25034836,0.3665615,0.5782476,0.4608311
7.180077,0.25050318,0.36740142,0.5800876,0.46186316
7.190076,0.25074285,0.3666295,0.57937676,0.4605075
7.200079,0.25051486,0.36628437,0.57974076,0.46164393
7.210075,0.25033134,0.36592707,0.5790814,0.4606595
7.2200723,0.2503104,0.36653075,0.5791027,0.46089503
7.230075,0.25053895,0.3664027,0.57900965,0.46082753
7.240075,0.25103056,0.3667493,0.5794276,0.46154687
7.2500925,0.2502221,0.36565045,0.5791024,0.46028247
7.260078,0.2501744,0.36619478,0.5789475,0.46151382
7.2700763,0.25033674,0.36613813,0.57835776,0.46111616
7.2800727,0.2508103,0.36486697,0.5792391,0.46050683
7.2900968,0.25060272,0.3663298,0.5790281,0.46087345
7.3000755,0.24999751,0.3661928,0.5788165,0.4606471
7.310076,0.25143316,0.36663902,0.57888454,0.46147335
7.320075,0.2501895,0.36660105,0.579157,0.4610663
7.330073,0.25026762,0.366773,0.5790705,0.46086273
7.340075,0.25121078,0.36606142,0.57924867,0.4604045
7.3500757,0.2502758,0.3658249,0.5804016,0.46093896
7.3600745,0.24918272,0.36542764,0.5782997,0.46046785
7.3700747,0.25032786,0.36556113,0.5786587,0.4609113
7.3800735,0.24969889,0.3654486,0.5783755,0.46076134
7.39009,0.24982266,0.36611477,0.5789321,0.46068445
7.400075,0.2491588,0.3655281,0.57813686,0.46023032
7.410076,0.24988914,0.36571205,0.5789943,0.46035546
7.420075,0.25069943,0.36567694,0.5783257,0.46028236
7.4300747,0.25148734,0.36577418,0.5781448,0.45997974
7.440074,0.2499096,0.36699766,0.57827944,0.4609674
7.4500737,0.25077188,0.36655724,0.57847404,0.4600457
7.4600754,0.25021195,0.36666363,0.57796675,0.46020997
7.4700737,0.25168055,0.3658874,0.57825965,0.46069843
7.4800735,0.25106114,0.36687785,0.5783314,0.46006882
7.4900913,0.25072753,0.36687326,0.57796246,0.46047476
7.5000725,0.2514079,0.3670959,0.57847077,0.45993087
7.510075,0.25045702,0.36639696,0.57768255,0.460294
7.520075,0.25090793,0.36662042,0.57779056,0.46022275
7.5300746,0.2505904,0.36685744,0.57783055,0.45957002
7.540088,0.25093022,0.3654594,0.57862175,0.4605312
7.550078,0.2504592,0.3665826,0.5779999,0.45943102
7.560073,0.2507173,0.36594826,0.5780561,0.46004245
7.5700803,0.25023174,0.36660355,0.5778865,0.45973733
7.580079,0.2512568,0.36689016,0.5780298,0.46017227
7.5900993,0.25012934,0.3667169,0.5777489,0.46068984
7.6000757,0.25045192,0.36646828,0.57804745,0.45981225
7.610076,0.25048673,0.36671498,0.5780491,0.45980716
7.6200733,0.25010732,0.36626938,0.57807815,0.46005115
7.630075,0.2507681,0.36713704,0.57768476,0.45976982
7.6400743,0.25061497,0.3664716,0.5779218,0.4600128
7.650076,0.25126117,0.36713773,0.57848746,0.45957658
7.660075,0.25108442,0.36679825,0.57789767,0.4595529
7.670079,0.2513291,0.36706126,0.57816243,0.45987022
7.680078,0.25051335,0.3663215,0.57707006,0.45932832
7.6900897,0.2514255,0.36699313,0.57770276,0.4598848
7.700076,0.25084049,0.36658663,0.57753956,0.45974183
7.710076,0.25102276,0.36681676,0.5776442,0.4597438
7.7200737,0.2510653,0.36654836,0.5773441,0.45928344
7.7300754,0.25066045,0.36685997,0.5778863,0.45891345
7.7400727,0.2505216,0.3668039,0.57728124,0.45946068
7.7500753,0.25150746,0.36586678,0.5774356,0.46015486
7.760074,0.25187814,0.36730084,0.57759225,0.45904243
7.770078,0.25080702,0.36692578,0.5781136,0.45963952
7.7800784,0.25164482,0.3670478,0.57800627,0.4601865
7.790093,0.2511852,0.3666758,0.57800305,0.45976585
7.8000755,0.25140652,0.36762252,0.57793784,0.45934853
7.8100734,0.25128454,0.3668163,0.5780441,0.45930925
7.8200736,0.25171384,0.36720777,0.5778536,0.45877436
7.830075,0.2511457,0.36710465,0.5772157,0.45959693
7.8400726,0.2511905,0.3669531,0.57820255,0.4593206
7.850075,0.2505366,0.36631677,0.57789725,0.45913562
7.8600726,0.25105497,0.3676845,0.5770532,0.45990828
7.8701324,0.2508778,0.36686057,0.5776686,0.45917073
7.880083,0.2511323,0.36674258,0.57789624,0.45871767
7.8901052,0.251227,0.366784,0.57690114,0.4593136
7.9001007,0.25064525,0.3663988,0.57738674,0.45886576
7.9100795,0.25106138,0.36705548,0.5774939,0.45924148
7.9200735,0.25047228,0.36630702,0.577183,0.45904535
7.930075,0.25113013,0.36728227,0.57786113,0.45929545
7.9400754,0.2513847,0.36656848,0.57806396,0.4598954
7.9500756,0.25161418,0.3666017,0.5777292,0.4585003
7.9600787,0.25117835,0.3670262,0.57672036,0.45934913
7.970077,0.2511565,0.36651888,0.57736725,0.45951617
7.9800763,0.2510276,0.36702758,0.5775418,0.4589905
7.9900727,0.25097132,0.36663198,0.5772845,0.45937872
8.000083,0.25034568,0.3664019,0.57648927,0.45851767
8.010077,0.25103107,0.3670553,0.57716584,0.4590465
8.020076,0.2513578,0.36652932,0.5772616,0.45872733
8.030075,0.2506444,0.36667493,0.5768521,0.4596119
8.040085,0.25052956,0.36398268,0.57738554,0.458818
8.050083,0.2500723,0.36650237,0.5776018,0.45972565
8.060075,0.24986371,0.36685383,0.57757145,0.45896953
8.070081,0.25085744,0.3670723,0.5769907,0.4586409
8.080078,0.2518636,0.36688215,0.57737994,0.45899987
8.0900755,0.25054386,0.36635056,0.5776819,0.45903617
8.100073,0.25131935,0.3670431,0.5769779,0.4580061
8.110074,0.25144503,0.36647493,0.5775394,0.45902386
8.120074,0.2509221,0.36683834,0.5773906,0.45902586
8.130075,0.25083354,0.36631086,0.5773748,0.4588107
8.140075,0.25056356,0.36686137,0.57714134,0.45876998
8.150076,0.25163147,0.36702067,0.57785153,0.45848075
8.160075,0.25062332,0.36714637,0.57707256,0.45908016
8.170078,0.25194478,0.3667337,0.57774854,0.45865232
8.180077,0.25149712,0.36663187,0.5768795,0.45860732
8.190075,0.2513378,0.36712766,0.577002,0.45858076
8.200076,0.25150278,0.3663075,0.5775946,0.45867306
8.210088,0.25163504,0.36674234,0.5772751,0.45878538
8.220078,0.25126657,0.36715922,0.5773865,0.45931622
8.230077,0.25066864,0.36749396,0.5774588,0.45875454
8.240075,0.25005847,0.36716878,0.57736146,0.45874316
8.250076,0.2508752,0.36725667,0.5775785,0.4591496
8.260074,0.25114316,0.367579,0.57720256,0.45851523
8.2700815,0.25127834,0.366803,0.5778473,0.45933098
8.280077,0.25163928,0.36745113,0.57759994,0.45834497
8.290074,0.25169304,0.3675357,0.5774643,0.45893332
8.300093,0.25086942,0.36753306,0.5776121,0.45830053
8.310075,0.25093937,0.36741573,0.57755893,0.45890164
8.320075,0.25111836,0.36700737,0.57746613,0.45876014
8.330075,0.25165528,0.36683872,0.577474,0.4591239
8.340073,0.25146022,0.36722547,0.5769573,0.45804346
8.3500805,0.25137952,0.36710477,0.5772469,0.45855063
8.36008,0.25144124,0.36776838,0.5776216,0.4589905
8.370079,0.25137764,0.36630744,0.57657063,0.4593774
8.380077,0.2515642,0.3671189,0.57715213,0.45934844
8.390075,0.25194192,0.3664884,0.57760245,0.45727894
8.400091,0.25185308,0.3672504,0.577935,0.46031165
8.410074,0.25117132,0.36723515,0.5782093,0.45665836
8.4200735,0.25159213,0.3670765,0.5774903,0.45800433
8.430075,0.2508299,0.36768976,0.5776155,0.45829675
8.440075,0.2519268,0.3668505,0.5781353,0.4592864
8.450075,0.2510579,0.3684966,0.5774928,0.45864376
8.4600725,0.25128207,0.36868906,0.5774954,0.45903417
8.470078,0.25117776,0.36607903,0.5774338,0.45873746
8.480077,0.2506711,0.36652148,0.5774741,0.45888472
8.490098,0.25150728,0.36727077,0.5782312,0.4584081
8.500083,0.25032684,0.36748457,0.57780975,0.45826256
8.510076,0.25216937,0.36688328,0.57778686,0.45837888
8.520074,0.2512806,0.36681423,0.57791775,0.45880237
8.530074,0.250446,0.3668901,0.5777009,0.45877376
8.540085,0.2529787,0.36712784,0.57730585,0.45905223
8.550078,0.24967656,0.36699948,0.577949,0.45909628
8.560074,0.25194147,0.36706543,0.57789236,0.458348
8.570082,0.25249848,0.36766535,0.5786477,0.45866996
8.580075,0.25054795,0.36683562,0.57757723,0.45814365
8.590076,0.2514496,0.36716035,0.57817906,0.45833609
8.600099,0.25148758,0.36770958,0.5774964,0.45837805
8.610107,0.25090545,0.36790934,0.57852167,0.4584308
8.620085,0.25127596,0.36738825,0.5771487,0.45829833
8.630076,0.25163633,0.3680442,0.5778303,0.45836788
8.640074,0.25102088,0.36736268,0.57720315,0.45840973
8.650076,0.2514794,0.3672669,0.5776018,0.45799503
8.660077,0.25171638,0.3674853,0.57750756,0.45842642
8.670077,0.25137845,0.36733148,0.57732165,0.45819336
8.680076,0.2521641,0.3671796,0.577983,0.45877668
8.690075,0.25209382,0.36753967,0.5780756,0.4590171
8.700131,0.25157493,0.36715218,0.5785543,0.458606
8.710075,0.25109917,0.3668976,0.57833946,0.45877296
8.720075,0.25149977,0.3672981,0.5775884,0.45881495
8.730075,0.25081828,0.3667926,0.57819307,0.45894328
8.740072,0.2513158,0.36790195,0.57789654,0.4594747
8.750073,0.2509247,0.36711589,0.5788511,0.4586439
8.760073,0.25090423,0.36711276,0.5779087,0.45938364
8.770077,0.251113,0.36717495,0.5767357,0.45860142
8.780074,0.25097823,0.36656198,0.57684666,0.45802587
8.790073,0.25175872,0.36685666,0.57761985,0.45829275
8.800111,0.25055018,0.36705133,0.57875896,0.45883882
8.810075,0.25167978,0.3673021,0.57735527,0.45806444
8.820073,0.25141504,0.36787164,0.57800215,0.45928195
8.830075,0.25165364,0.36786938,0.5782879,0.45984486
8.840075,0.25126112,0.36780083,0.57853675,0.4588711
8.850075,0.2516723,0.3686063,0.5789705,0.4588322
8.860074,0.25087318,0.36687434,0.57784563,0.45785004
8.870081,0.2519069,0.36726198,0.5784215,0.458745
8.880076,0.2511163,0.3669158,0.57891583,0.45851034
8.890074,0.25212604,0.36796254,0.57964027,0.45885792
8.900108,0.25152713,0.36756107,0.5791842,0.45857093
8.91008,0.25075293,0.367299,0.57778746,0.4588175
8.920074,0.2511099,0.36690414,0.57870317,0.45881838
8.930076,0.2509734,0.3669537,0.5774391,0.45865038
8.940074,0.2516078,0.36769179,0.57979256,0.45857707
8.950075,0.25086758,0.3672338,0.57759297,0.45824444
8.960073,0.252904,0.36736315,0.57705635,0.4586175
8.970081,0.25143477,0.36740744,0.57958776,0.458565
8.980076,0.25223196,0.36764857,0.5789169,0.4593485
8.990076,0.2521875,0.36786523,0.57933205,0.45791215
9.00011,0.25200015,0.3679371,0.5796539,0.45701775
9.010076,0.25134182,0.36732543,0.5788384,0.45924002
9.020073,0.2516717,0.367774,0.5789738,0.46028462
9.030075,0.25095767,0.3679283,0.5793539,0.45833957
9.040088,0.25197196,0.3688329,0.5796146,0.4597876
9.050078,0.2512412,0.36593983,0.5789925,0.45770267
9.060073,0.25185922,0.36673704,0.57945067,0.45971647
9.070076,0.25101376,0.36897823,0.57978415,0.4580005
9.080073,0.25158942,0.36742905,0.57887244,0.45916843
9.090075,0.25078553,0.36830786,0.5789628,0.458723
9.100097,0.2519702,0.3668758,0.5790186,0.45930684
9.110073,0.25153503,0.3668576,0.5798576,0.45902985
9.120075,0.25116706,0.36702886,0.57933176,0.4586283
9.130075,0.25135592,0.36822864,0.57988054,0.45888975
9.140076,0.25187194,0.36773995,0.57916087,0.45802966
9.150075,0.25136077,0.3672956,0.5802212,0.45894492
9.160072,0.25218502,0.3677058,0.5799723,0.45923617
9.170074,0.25169793,0.36846608,0.57998,0.45937696
9.180076,0.2512531,0.3676112,0.5794523,0.4593103
9.190076,0.2514218,0.36833486,0.58035785,0.4589355
9.20009,0.25152376,0.36646155,0.5796508,0.458536
9.210079,0.25192323,0.36704925,0.5801605,0.45924768
9.220073,0.252044,0.36725372,0.57940006,0.45814157
9.230073,0.25133812,0.3671632,0.57990444,0.45916766
9.240073,0.25202268,0.36812678,0.58012587,0.45895344
9.250075,0.25098288,0.3677107,0.58067614,0.45881492
9.260075,0.2517204,0.36732644,0.57986397,0.45911348
9.270074,0.2513876,0.36755848,0.5797438,0.4594507
9.280073,0.25214332,0.36766046,0.5800189,0.4584107
9.290075,0.2517967,0.36775395,0.5801896,0.45918706
9.300093,0.2520718,0.3674032,0.580173,0.45931852
9.310077,0.2520515,0.36740136,0.5804309,0.45924017
9.320075,0.25212663,0.36809075,0.5805365,0.45931357
9.330074,0.25106907,0.3677233,0.5798974,0.4598636
9.340075,0.25273377,0.3670725,0.5805769,0.4596372
9.350074,0.25233567,0.36742634,0.5806426,0.45963255
9.360075,0.2524454,0.36671978,0.5805457,0.45962286
9.370073,0.25204843,0.3678933,0.58068025,0.4595567
9.380075,0.2518289,0.36777133,0.58025116,0.4593098
9.390075,0.2523627,0.36750475,0.58086747,0.45992616
9.400073,0.25115284,0.36765027,0.5806148,0.4593033
9.410074,0.2524067,0.36753008,0.5806044,0.4593857
9.420075,0.2515408,0.36731732,0.58025753,0.45987904
9.430076,0.2520092,0.36830142,0.5809864,0.45885187
9.440073,0.25244567,0.36783966,0.579784,0.45942217
9.450075,0.25228873,0.36797428,0.579959,0.45928603
9.460075,0.25246778,0.36780882,0.5825523,0.4593783
9.470074,0.25249875,0.3673728,0.5818092,0.46033925
9.480075,0.25215244,0.3679975,0.57943076,0.4599679
9.490073,0.2525796,0.3686222,0.58265007,0.45981959
9.500074,0.25218755,0.36789185,0.58120346,0.46043321
9.510075,0.2516686,0.36788443,0.58028597,0.45946297
9.520073,0.25191063,0.36823738,0.5801293,0.4603024
9.530075,0.2520335,0.36800742,0.58200306,0.46018416
9.540083,0.25167057,0.36718678,0.58157486,0.46188557
9.550078,0.25138998,0.3677396,0.58154917,0.4586442
9.560073,0.25174046,0.36764175,0.58098066,0.46163982
9.570078,0.2513709,0.36756968,0.5810933,0.45961317
9.580076,0.25157803,0.36716413,0.58128047,0.45955512
9.590074,0.252872,0.36839563,0.5813964,0.45998734
9.600074,0.25208455,0.36719832,0.5815158,0.45968962
9.610073,0.25122046,0.3673946,0.5818934,0.4602764
9.620075,0.25182608,0.36738613,0.5814183,0.46041533
9.6300745,0.2518481,0.36737067,0.5813221,0.4601527
9.640073,0.2522581,0.3674204,0.58163136,0.4605024
9.650076,0.25108162,0.36753207,0.58185405,0.46027392
9.660074,0.2516699,0.3678388,0.58222616,0.4610901
9.670074,0.25182328,0.36810684,0.5814872,0.46030495
9.680076,0.2517362,0.36728597,0.5818421,0.46012667
9.690077,0.25193906,0.36716563,0.5820904,0.45971072
9.700076,0.25107902,0.3669317,0.581728,0.45986557
9.710073,0.25171643,0.36822662,0.5816134,0.45969826
9.720073,0.2512662,0.36748996,0.58198386,0.46021858
9.730075,0.25124925,0.3679723,0.58253324,0.46068567
9.740075,0.2522635,0.3672349,0.5817798,0.46041113
9.750075,0.25202084,0.3685405,0.58302784,0.4603983
9.760074,0.25209066,0.36808378,0.5819056,0.46071967
9.770075,0.25245884,0.36819693,0.58267003,0.4607745
9.780075,0.25199673,0.3672888,0.5830327,0.46080738
9.790075,0.2527178,0.368163,0.5831089,0.46075374
9.800075,0.25172687,0.3679069,0.5820916,0.46059257
9.810075,0.2514742,0.36830565,0.5830702,0.46160686
9.820074,0.25200674,0.36806458,0.5827249,0.460803
9.830073,0.25226918,0.3676423,0.5829112,0.46057165
9.840075,0.25194985,0.368281,0.5825675,0.46060467
9.850075,0.25221592,0.3678794,0.5827209,0.46098387
9.860073,0.25212017,0.36839226,0.58291405,0.4613637
9.870073,0.25179783,0.36884448,0.5828401,0.46104977
9.880074,0.25259173,0.36830664,0.5824092,0.46164644
9.890077,0.24927019,0.36814395,0.5825411,0.46112326
9.900086,0.25134295,0.3682681,0.5833293,0.460736
9.910078,0.2518991,0.36767802,0.5830362,0.46125802
9.9200735,0.252389,0.36873174,0.5837026,0.4605996
9.930076,0.25216663,0.369042,0.582815,0.4609809
9.940072,0.252375,0.3684935,0.58309174,0.46140406
9.950074,0.25205365,0.36833254,0.58270216,0.46130875
9.960075,0.25186628,0.3681647,0.5827447,0.4620455
9.970075,0.2511084,0.36766216,0.58373475,0.46142876
9.980073,0.2511912,0.3674897,0.5830764,0.46104026
9.990074,0.2517355,0.36832574,0.5829292,0.4611254
10.000083,0.25183463,0.36746725,0.5837011,0.4615048
10.010079,0.25210595,0.36741424,0.584042,0.46138763
10.020077,0.25204447,0.36762324,0.5839018,0.4613148
10.030077,0.25166255,0.36845475,0.5839508,0.46171153
10.040081,0.25180396,0.36757407,0.5838159,0.4610343
10.050078,0.25245544,0.3678616,0.58390963,0.46218053
10.060076,0.2519284,0.36739144,0.5837408,0.46233994
10.070081,0.25254762,0.3682904,0.58353513,0.46225673
10.080078,0.25216523,0.3676169,0.58405256,0.46183866
10.090075,0.2523227,0.3677844,0.5840811,0.46172443
10.100075,0.2526908,0.36806852,0.5841715,0.4623607
10.110097,0.2516387,0.3679866,0.58459574,0.46162736
10.120073,0.25083876,0.3671948,0.5855898,0.46206826
10.130076,0.25103247,0.36668494,0.5854698,0.46216327
10.140076,0.25070897,0.36669022,0.58245146,0.46181524
10.150076,0.25048974,0.36697164,0.5850459,0.4617267
10.160075,0.25152788,0.36754623,0.5837024,0.46183953
10.170079,0.25121158,0.36690325,0.5844081,0.4617446
10.180079,0.25072163,0.36692485,0.5845783,0.46186972
10.190074,0.25113413,0.36741167,0.5842537,0.46226344
10.200074,0.2526723,0.3686381,0.58347476,0.46256325
10.210076,0.25218353,0.36815822,0.5837962,0.46241164
10.220072,0.2527513,0.3687232,0.5840383,0.4627883
10.230075,0.25210467,0.3681876,0.584826,0.46212742
10.240073,0.25241074,0.3688827,0.58648944,0.46191543
10.250076,0.2520485,0.3678377,0.5844694,0.462662
10.260074,0.25170928,0.36810213,0.5835905,0.4622004
10.270081,0.2521757,0.36834183,0.585654,0.46266663
10.280078,0.25218022,0.36844322,0.5863721,0.46264404
10.290076,0.25239423,0.368418,0.5859748,0.46290812
10.300076,0.25248283,0.368375,0.5850117,0.46297497
10.310073,0.25270823,0.36801633,0.5853167,0.4629633
10.32009,0.2518764,0.36886176,0.5855442,0.46209943
10.330076,0.2527369,0.36846066,0.5856249,0.46275026
10.340075,0.25226045,0.36779395,0.5840687,0.46248513
10.350076,0.25216988,0.36874276,0.5851701,0.46355653
10.360073,0.25151753,0.36769235,0.5848114,0.46266645
10.370077,0.25251094,0.36871806,0.5849323,0.4626127
10.380076,0.2525571,0.36826745,0.58450115,0.4629288
10.390076,0.25308812,0.3687335,0.5853185,0.46355537
10.400074,0.2518928,0.36743078,0.5860175,0.46305272
10.410074,0.25153154,0.3682412,0.5859186,0.46339372
10.42008,0.25219014,0.3679862,0.5857319,0.4626775
10.430073,0.25208208,0.367975,0.5860093,0.46383658
10.440075,0.2521518,0.36801958,0.58562183,0.4637319
10.450075,0.25239515,0.36843818,0.58602816,0.46321818
10.460074,0.25183022,0.36848024,0.5857012,0.4633162
10.470078,0.25194812,0.3686175,0.585842,0.46335098
10.480073,0.25310752,0.36818928,0.58582556,0.46307665
10.490073,0.25237578,0.36851865,0.58524615,0.46338332
10.500074,0.25266087,0.36868072,0.5847253,0.46325827
10.510076,0.25237796,0.3677129,0.5863627,0.46314707
10.520081,0.2526859,0.3687189,0.586913,0.46390784
10.530074,0.25241095,0.3682741,0.58688956,0.46355984
10.540089,0.25271204,0.36799592,0.583899,0.46359217
10.550086,0.25208944,0.36833414,0.5864639,0.46395993
10.56008,0.2530574,0.36880428,0.5865177,0.46375138
10.570082,0.25261128,0.36833617,0.58552355,0.46373647
10.580075,0.25240985,0.36802027,0.5859381,0.46395704
10.590076,0.25231692,0.36778948,0.58618844,0.4644942
10.600074,0.25202906,0.36840865,0.586577,0.463725
10.6100855,0.25229955,0.36830246,0.586382,0.46430826
10.620103,0.2521393,0.36731178,0.58606476,0.4637204
10.630076,0.25276613,0.36822635,0.58579636,0.46427578
10.640075,0.25243405,0.36770225,0.5854384,0.4635261
10.650076,0.25255096,0.36876422,0.5861413,0.46378046
10.660073,0.2523188,0.36915296,0.58636695,0.46429217
10.670074,0.25232294,0.3682765,0.58622926,0.46388108
10.680076,0.25231397,0.36817983,0.5863556,0.46401796
10.690076,0.25252414,0.36918274,0.5865553,0.46437356
10.700073,0.2521027,0.3679953,0.58628345,0.463983
10.71008,0.25301567,0.36838052,0.5871607,0.46316472
10.720076,0.25307113,0.36878863,0.5871148,0.4641215
10.730077,0.25195765,0.36819756,0.58656967,0.46471533
10.740075,0.25216717,0.3687363,0.5867517,0.4650411
10.750078,0.25216758,0.36848763,0.5865597,0.46379656
10.760072,0.2518293,0.3683132,0.5867623,0.46419913
10.770078,0.25254947,0.3686672,0.5870598,0.46406016
10.780074,0.25180918,0.36859,0.5869629,0.46441224
10.790074,0.2521081,0.3687985,0.58721995,0.46430662
10.800076,0.2531817,0.36848885,0.58705103,0.46425068
10.810074,0.252024,0.36829922,0.5870343,0.4641631
10.820073,0.25229934,0.3686489,0.5863468,0.46465504
10.830076,0.25262678,0.3683082,0.58763343,0.46417272
10.840073,0.25299516,0.3680963,0.58758444,0.46472022
10.850076,0.25295508,0.368285,0.5873127,0.46460667
10.860075,0.25242424,0.36866945,0.58720845,0.46448714
10.870073,0.25227615,0.36877015,0.58709395,0.4649008
10.880074,0.2518781,0.36862695,0.5871607,0.46515706
10.890076,0.25249526,0.36811608,0.5872388,0.4647485
10.90009,0.2525247,0.368719,0.5872106,0.46452126
10.910081,0.25279418,0.36861813,0.58681124,0.46411407
10.9200735,0.25264955,0.36867023,0.5868792,0.46539763
10.930076,0.25245,0.3680638,0.58730006,0.46449766
10.940075,0.2526966,0.3692497,0.58688784,0.4646802
10.950075,0.2530449,0.3689882,0.58726275,0.46601614
10.960083,0.25256667,0.36908227,0.58757764,0.4654782
10.970088,0.25312862,0.3686344,0.5875508,0.46498722
10.980078,0.2528877,0.3684049,0.58747286,0.46546045
10.990077,0.2523705,0.36892074,0.5879615,0.46502468
11.000083,0.25238273,0.36754185,0.5869687,0.4658209
11.010077,0.25271547,0.3684316,0.58717906,0.46544656
11.020076,0.25266176,0.36924484,0.58777344,0.4653843
11.030074,0.25324965,0.36861086,0.58696216,0.4649721
11.040104,0.252384,0.3684022,0.5883075,0.46509153
11.050078,0.25215888,0.36824903,0.5872311,0.46527877
11.060074,0.25286627,0.36783,0.58705485,0.46515232
11.070081,0.25248855,0.3688579,0.58760107,0.46513352
11.080076,0.25240195,0.3686953,0.58773834,0.4647639
11.090075,0.25284705,0.36862397,0.5872655,0.46499604
11.100075,0.25276303,0.36871147,0.5874101,0.4656335
11.110076,0.2519484,0.36845794,0.5875619,0.46550515
11.120075,0.25280648,0.36842278,0.5873245,0.46535665
11.130074,0.25231144,0.3683711,0.5878332,0.4652971
11.140075,0.25343394,0.3691107,0.5878394,0.46451423
11.150075,0.2521288,0.36812845,0.5880641,0.46518216
11.160075,0.25248328,0.3693711,0.5879939,0.4655234
11.170077,0.2521679,0.36856255,0.58789676,0.46520832
11.180075,0.25215012,0.36882517,0.58775103,0.46586367
11.190075,0.25232634,0.368491,0.5874404,0.46493223
11.200075,0.25271595,0.36825565,0.5874258,0.46529996
11.210083,0.25304124,0.36821526,0.58728737,0.46545577
11.220076,0.2523703,0.3681205,0.587214,0.46530062
11.230075,0.25242186,0.36835945,0.5876224,0.46486527
11.240073,0.2522005,0.3689132,0.5873763,0.4658378
11.250075,0.25256032,0.3690398,0.58814967,0.46658105
11.260075,0.25238004,0.36898276,0.5873406,0.46500546
11.270079,0.25288355,0.3690159,0.58789206,0.4657397
11.280075,0.25254384,0.3684803,0.5876321,0.46562463
11.290073,0.2530761,0.36915323,0.5877234,0.46562058
11.300076,0.25209033,0.36809412,0.58710843,0.46563292
11.310076,0.2535317,0.36946103,0.58760184,0.4657132
11.320073,0.25348625,0.3688477,0.5877156,0.46541712
11.330075,0.25324458,0.3692453,0.5878512,0.46615538
11.340075,0.2526494,0.36947834,0.5878154,0.46563393
11.350072,0.25202742,0.3695826,0.58799195,0.46543393
11.360075,0.25295633,0.369052,0.5875358,0.46571717
11.370078,0.25278485,0.36951372,0.5876072,0.46521872
11.380076,0.25324816,0.3685708,0.588413,0.46564573
11.390076,0.25280768,0.3685392,0.58660823,0.46571648
11.400073,0.25297055,0.36887622,0.5889294,0.4654034
11.410075,0.25313544,0.36906895,0.5863141,0.4653461
11.420074,0.25365826,0.36917356,0.5895398,0.4655719
11.430076,0.2531101,0.36920956,0.58624357,0.4655179
11.440075,0.2531308,0.3694224,0.58917445,0.466395
11.450074,0.2529395,0.3686796,0.5863008,0.465255
11.460076,0.25330546,0.36972904,0.5867898,0.46496883
11.470079,0.2531818,0.3694971,0.58815557,0.46439964
11.480076,0.25273064,0.36955515,0.5880643,0.46702516
11.490075,0.25301296,0.37006158,0.5878533,0.4640853
11.500075,0.25267458,0.36925757,0.58786684,0.46382496
11.510075,0.2523794,0.37000263,0.58708024,0.46523643
11.520072,0.2533957,0.36920914,0.58740395,0.46662587
11.530081,0.25291073,0.36867023,0.5878197,0.46616837
11.54011,0.24959615,0.36903363,0.5873919,0.46525946
11.55008,0.25261176,0.3684836,0.587805,0.4658387
11.560074,0.25223017,0.3685128,0.587804,0.46546137
11.57008,0.25242713,0.36949188,0.58787316,0.46611974
11.580077,0.25171393,0.36860391,0.5872833,0.46597677
11.590073,0.25274664,0.3696928,0.587409,0.46638843
11.600074,0.2529768,0.36890438,0.58723897,0.46553108
11.610081,0.25287795,0.36899439,0.5877123,0.46560314
11.620076,0.25294313,0.3685584,0.58763987,0.46574256
11.630096,0.25277314,0.36926648,0.5880714,0.46557865
11.640074,0.2525428,0.36899397,0.5865812,0.46595758
11.650076,0.25289086,0.36878172,0.5870793,0.46566847
11.660072,0.25262046,0.36735848,0.58786017,0.46592805
11.670087,0.25261378,0.36874875,0.58769923,0.4656112
11.6800785,0.25282377,0.36896425,0.58745444,0.4652413
11.690075,0.2526473,0.3688902,0.5873258,0.46630025
11.700143,0.25308856,0.36911002,0.58716184,0.46512836
11.710075,0.25345498,0.36872846,0.58708066,0.4653894
11.720074,0.25320795,0.36984834,0.58713406,0.46629986
11.730099,0.2534456,0.3691142,0.5878389,0.465707
11.740076,0.25320968,0.36935893,0.5873573,0.46605486
11.750075,0.25279546,0.36962855,0.5868486,0.4662616
11.760075,0.2533523,0.3694673,0.5871052,0.46632206
11.770075,0.25388727,0.36998728,0.58694786,0.46536466
11.780076,0.25382125,0.36966467,0.586801,0.46685365
11.790075,0.25267166,0.36916968,0.5863452,0.46527618
11.800076,0.25306273,0.36906573,0.5866417,0.46602866
11.810074,0.25355053,0.3692699,0.58754605,0.46579418
11.820074,0.25373062,0.3694425,0.5873447,0.46556735
11.830091,0.2537917,0.3696558,0.58676726,0.4652623
11.840075,0.25266019,0.36902192,0.58706975,0.4661522
11.850076,0.2528213,0.36970374,0.5875113,0.4655139
11.860072,0.2533404,0.36954847,0.5872731,0.46574128
11.870073,0.25401643,0.36973217,0.58628774,0.46576923
11.880074,0.25286397,0.3689751,0.58658016,0.46594867
11.890078,0.2528888,0.3693592,0.5866858,0.4656538
11.900087,0.25255564,0.36903426,0.5867007,0.46596983
11.91008,0.2531161,0.36911866,0.58662295,0.46534413
11.9200735,0.25304738,0.3692969,0.58596027,0.4659977
11.930092,0.2526571,0.36890242,0.5865875,0.46602058
11.940074,0.25319278,0.36925754,0.58649385,0.46604285
11.950076,0.25268194,0.3692241,0.58697563,0.4663063
11.960093,0.25042087,0.36927208,0.586133,0.4659568
11.970085,0.25307772,0.36946562,0.5865149,0.4652706
11.980074,0.2523284,0.36912334,0.58633256,0.46525574
11.990073,0.25231233,0.36834937,0.58603626,0.46539795
12.00008,0.25303447,0.36827424,0.5876105,0.46592787
12.0100765,0.25257555,0.36907652,0.5861433,0.46591347
12.020076,0.25373307,0.3695521,0.58564925,0.46594873
12.030094,0.2524105,0.3695546,0.5857551,0.46622953
12.040101,0.25047246,0.36867794,0.5862688,0.46604928
12.05008,0.25229183,0.36928776,0.5858469,0.46545964
12.060076,0.25302958,0.36866966,0.5862362,0.46627697
12.070075,0.25278333,0.36999613,0.58551556,0.465881
12.080075,0.25349087,0.36934736,0.58528465,0.46519777
12.090075,0.2526524,0.36916906,0.5861326,0.46624535
12.100074,0.25371537,0.368802,0.5856506,0.46588293
12.110075,0.25333378,0.368971,0.5858847,0.4656898
12.120074,0.25398526,0.3699038,0.586478,0.46567518
12.130094,0.25263685,0.36955583,0.5849261,0.46550176
12.140076,0.2530003,0.36942706,0.58549744,0.4657018
12.150074,0.2536199,0.36961427,0.58490646,0.46614772
12.160075,0.25289595,0.36947897,0.58578795,0.4659422
12.17008,0.25419152,0.3704802,0.5861385,0.46601632
12.180077,0.2528139,0.36939445,0.58539176,0.46565673
12.190073,0.25380123,0.36959755,0.5858601,0.46603075
12.200075,0.2537184,0.36949015,0.5852914,0.4657403
12.21009,0.25288835,0.36981866,0.5847233,0.4653959
12.220078,0.25390118,0.3693635,0.58471775,0.46542585
12.230096,0.25345266,0.3693128,0.58510995,0.46556255
12.240074,0.25290725,0.36864978,0.58518606,0.46600044
12.250075,0.25332192,0.3696024,0.58484983,0.46595183
12.260074,0.2537897,0.36963063,0.5849931,0.4655936
12.270075,0.25388592,0.36928752,0.5848774,0.46474648
12.280076,0.2532794,0.36959442,0.5848598,0.46536893
12.290073,0.2531221,0.36994186,0.5848084,0.46583307
12.300075,0.25308108,0.3695986,0.58492494,0.46476805
12.310076,0.25299987,0.36905766,0.58465743,0.46549636
12.320074,0.25358298,0.36966866,0.5848564,0.46522713
12.3300905,0.2528686,0.3690136,0.5850648,0.46553975
12.340073,0.25330576,0.36992586,0.5848459,0.46512935
12.350075,0.2529532,0.36994308,0.58397555,0.46547997
12.360075,0.2533678,0.36931697,0.58519584,0.46637496
12.370073,0.25287297,0.369879,0.5843209,0.46593478
12.380074,0.25243592,0.36944896,0.5848411,0.46617532
12.390074,0.25339597,0.36956286,0.5844759,0.4657306
12.400075,0.2525047,0.3690988,0.58420485,0.4658077
12.410074,0.25292608,0.36958134,0.5843335,0.4653045
12.420075,0.25394493,0.36925936,0.5840655,0.46509236
12.430082,0.25341055,0.36928838,0.5845152,0.46503636
12.440074,0.2527203,0.3693065,0.5842813,0.46511963
12.450075,0.2536095,0.36983123,0.5837298,0.4651868
12.4600725,0.25269666,0.3697175,0.5837638,0.4653192
12.470075,0.2540373,0.3700392,0.58514684,0.46533832
12.480071,0.2530623,0.3692653,0.585833,0.46511203
12.490073,0.25470012,0.3696952,0.5826961,0.46559754
12.500074,0.25363576,0.36990306,0.5836039,0.46529788
12.510075,0.25364575,0.3699493,0.5838174,0.4655334
12.520074,0.25393465,0.36918312,0.5827937,0.46532017
12.530072,0.25389147,0.36981732,0.5839025,0.46582124
12.540085,0.25284362,0.3678188,0.5831581,0.4651044
12.550081,0.2533382,0.36934206,0.58322126,0.46550885
12.560074,0.25316224,0.36953261,0.58303666,0.4651934
12.570075,0.25378415,0.37008473,0.5835183,0.4648423
12.580073,0.25355187,0.36977488,0.5833255,0.46490106
12.590075,0.2532983,0.37003335,0.58365005,0.4652871
12.600073,0.25347638,0.3697075,0.5831891,0.46459192
12.610075,0.25373796,0.3697363,0.582839,0.46523726
12.620074,0.2534825,0.36998567,0.5834597,0.46543974
12.630075,0.25334942,0.36987492,0.58348256,0.46542162
12.640073,0.25272116,0.37019238,0.5826144,0.46534666
12.650073,0.2531102,0.3694894,0.5821561,0.46465087
12.660075,0.2542952,0.3708515,0.5827051,0.4644235
12.670075,0.2538043,0.3703304,0.58273166,0.46464753
12.680077,0.25308385,0.3696805,0.58252895,0.46480528
12.690073,0.253623,0.37043467,0.5823257,0.4647555
12.700073,0.2521819,0.36920086,0.5827288,0.46492547
12.710073,0.25341937,0.3696645,0.5817405,0.46531287
12.720073,0.25388196,0.36979997,0.5820553,0.46534935
12.730076,0.25366095,0.36979982,0.5819396,0.4648753
12.740075,0.25246137,0.36963347,0.58212703,0.4649609
12.750074,0.2542512,0.36983374,0.58205026,0.46519497
12.760075,0.25360546,0.36972252,0.58157295,0.46507868
12.770074,0.25334266,0.37007257,0.58206487,0.46456072
12.780075,0.25349036,0.36986113,0.58172995,0.46459603
12.790072,0.2534829,0.3699204,0.5819413,0.46481538
12.800075,0.25262067,0.36993113,0.581564,0.46441945
12.810076,0.25402606,0.36975023,0.5813434,0.4644096
12.820072,0.253455,0.3696818,0.5813428,0.46481872
12.830075,0.25384188,0.3700374,0.5822426,0.46478403
12.840074,0.25293618,0.37023687,0.5812608,0.4651018
12.850074,0.2526793,0.3703274,0.5815751,0.46520704
12.860075,0.2537652,0.36938697,0.58118796,0.46436208
12.870074,0.25344163,0.36942056,0.58103067,0.46429646
12.8800745,0.2533753,0.36931238,0.5818878,0.46498084
12.890073,0.2532098,0.36766928,0.5809237,0.46424988
12.900085,0.2521771,0.36897388,0.58123505,0.46364963
12.910078,0.25215027,0.36930725,0.58111686,0.46579581
12.920073,0.25202462,0.36921874,0.58081114,0.46697715
12.930076,0.25300977,0.3692465,0.580539,0.4643652
12.940073,0.25300068,0.36915746,0.58080554,0.46571898
12.950076,0.25224558,0.36928695,0.58086437,0.46542966
12.960073,0.25299475,0.36959636,0.5809374,0.46537617
12.970076,0.25359127,0.36992514,0.5809947,0.46456692
12.980074,0.25405812,0.37019178,0.58058417,0.46372378
12.990076,0.25352105,0.36937484,0.58049756,0.46404105
13.000086,0.25316468,0.36947647,0.579988,0.464046
13.010077,0.25315285,0.37035012,0.58046263,0.46347222
13.020077,0.2540367,0.3696278,0.58022463,0.4635475
13.030077,0.2534822,0.37087503,0.5799427,0.46383616
13.040087,0.25383937,0.36727223,0.5801025,0.46352407
13.050082,0.25343505,0.37037623,0.58029073,0.464814
13.060075,0.25416383,0.3696824,0.58006877,0.46342558
13.070075,0.2536367,0.37093136,0.5798255,0.46390754
13.080073,0.25341228,0.36983705,0.5796547,0.46412227
13.090074,0.25339717,0.36995465,0.5791901,0.46455452
13.100076,0.25266182,0.36979097,0.5801173,0.4642197
13.110074,0.25379723,0.36996308,0.57963115,0.4641822
13.120074,0.253212,0.3701354,0.5797269,0.46377647
13.130074,0.25386304,0.36990038,0.57927746,0.46383658
13.140094,0.25312534,0.37019214,0.57980734,0.4644702
13.150076,0.25380805,0.3699263,0.57941854,0.46398333
13.160075,0.25320762,0.3697573,0.57897127,0.463266
13.170074,0.2529248,0.3703681,0.57921165,0.46385476
13.180073,0.25391525,0.36973038,0.5792877,0.46364996
13.190075,0.25391552,0.3698903,0.57893807,0.4640397
13.200074,0.25391805,0.37018168,0.57895994,0.46374214
13.210088,0.25361386,0.3694217,0.5791087,0.4635055
13.220082,0.25419855,0.37028292,0.57883835,0.46392956
13.230077,0.25249642,0.36958024,0.578129,0.46356586
13.240072,0.2542139,0.37004754,0.57801676,0.46321052
13.250074,0.252941,0.3698608,0.5793172,0.4632295
13.260075,0.25332645,0.37045762,0.5788008,0.46340704
13.270078,0.25348485,0.37024128,0.5786863,0.46333152
13.280078,0.2542743,0.3702853,0.5793272,0.46392313
13.290075,0.254468,0.3703732,0.5790453,0.46334314
13.300073,0.25408143,0.37125492,0.57921016,0.4633787
13.310073,0.25365296,0.3704854,0.5783446,0.46404487
13.320075,0.25394458,0.37025967,0.577927,0.46257907
13.330075,0.25328484,0.36965504,0.57771456,0.46369487
13.340075,0.2538659,0.36990166,0.57860154,0.462032
13.350075,0.25363714,0.37039128,0.5785068,0.46313822
13.360075,0.25349855,0.36945242,0.57745916,0.46268982
13.370079,0.25329128,0.37098932,0.57804257,0.4635723
13.380076,0.25408244,0.36976656,0.5781115,0.4633701
13.390074,0.25398254,0.37049878,0.5780846,0.4630639
13.400075,0.25411505,0.3702686,0.57821196,0.4626687
13.410075,0.25413525,0.37002242,0.5777046,0.46272343
13.420073,0.25437874,0.3704137,0.5779045,0.4626226
13.430075,0.25410745,0.37066028,0.5777811,0.46322554
13.440074,0.2535545,0.36970592,0.57812196,0.4627746
13.450075,0.25332266,0.37042817,0.57791024,0.46293214
13.460074,0.25342268,0.37056097,0.5783324,0.4630723
13.470081,0.2535016,0.36990646,0.5779343,0.4633132
13.480077,0.25339353,0.37003738,0.5774663,0.46303463
13.490073,0.2537358,0.3704382,0.5775636,0.4632656
13.500075,0.25388774,0.3713614,0.5775161,0.46297038
13.510075,0.25404203,0.36960152,0.57751673,0.46284828
13.520074,0.25370413,0.370257,0.57709694,0.46250525
13.530075,0.25318447,0.37074336,0.5773874,0.4625683
13.540084,0.25376952,0.3709784,0.57760394,0.46239802
13.550083,0.25378433,0.3697497,0.57729524,0.46276098
13.560074,0.25345334,0.37023753,0.577052,0.46267453
13.57008,0.25381112,0.36991313,0.5777392,0.46275032
13.580079,0.25352913,0.370595,0.5777636,0.46252674
13.5900755,0.25385857,0.36989444,0.57729596,0.46196347
13.600076,0.2536776,0.370292,0.57787246,0.4630464
13.610073,0.25423083,0.37043485,0.5771305,0.46196547
13.620073,0.25386027,0.37041992,0.5770052,0.46275932
13.630076,0.25264716,0.37007165,0.57645905,0.46267346
13.640075,0.25381097,0.37014273,0.57733065,0.4621511
13.650075,0.2533328,0.37066823,0.5766744,0.4627092
13.660073,0.2543193,0.37054643,0.5762652,0.4621266
13.67008,0.2546589,0.37069088,0.5775732,0.4624242
13.680076,0.2534431,0.3709291,0.57714176,0.4622781
13.690073,0.2541548,0.37118205,0.577113,0.46224087
13.700076,0.25380298,0.37036276,0.57674116,0.46207193
13.710077,0.25428942,0.37080544,0.57689536,0.46261218
13.720076,0.25378758,0.37036547,0.57731926,0.46170437
13.730074,0.25412226,0.37058938,0.5772246,0.4622908
13.740074,0.2538529,0.3702406,0.5761249,0.46138725
13.750092,0.25420475,0.3705821,0.57906264,0.46197683
13.7600765,0.25398433,0.3705051,0.5753122,0.46235463
13.77008,0.25422806,0.37131765,0.5774517,0.46174398
13.780075,0.2536776,0.37037247,0.57830787,0.4613944
13.790072,0.25331563,0.37076697,0.5771291,0.4615911
13.800076,0.25330842,0.37170887,0.5771873,0.46114695
13.810076,0.2539167,0.37038994,0.5769448,0.4618353
13.820074,0.2546964,0.3711681,0.5773475,0.462608
13.830074,0.25369418,0.37047458,0.57670116,0.46151942
13.840074,0.25375623,0.37161413,0.57774276,0.45984152
13.850078,0.2544498,0.37062633,0.5772519,0.4620892
13.860076,0.25408813,0.369873,0.5773219,0.4607753
13.870077,0.25444603,0.36938915,0.5774214,0.46206778
13.8800745,0.25401634,0.3724426,0.57673186,0.46163243
13.890081,0.25376558,0.37048912,0.57735986,0.46141845
13.900089,0.25241613,0.37003425,0.5766198,0.4616062
13.910078,0.25292215,0.37115437,0.5772854,0.4617741
13.9200735,0.25396535,0.36987254,0.5771641,0.4616886
13.930077,0.25447103,0.37069425,0.57696575,0.4609261
13.940077,0.25397483,0.37042663,0.5774259,0.46150696
13.950094,0.25376678,0.3707079,0.5775185,0.4612464
13.960076,0.25289476,0.3696856,0.576819,0.46117106
13.970074,0.25315812,0.37066016,0.5771821,0.46100184
13.980074,0.25495145,0.37068608,0.5769076,0.46046704
13.990074,0.25430983,0.37094426,0.57715,0.46157134
14.00008,0.252802,0.3699306,0.5771175,0.4607687
14.0100765,0.2533718,0.3707404,0.5773255,0.46095115
14.020075,0.25332314,0.37075186,0.5771129,0.4609795
14.030076,0.25415447,0.37099993,0.57761407,0.4613348
14.040085,0.25428346,0.3704799,0.5769473,0.4605021
14.050106,0.2541984,0.37006018,0.57693714,0.46140847
14.060075,0.25413093,0.37075454,0.5776451,0.46133113
14.070084,0.25481787,0.37107024,0.57710695,0.46091634
14.080079,0.25342217,0.37085676,0.57709914,0.46090692
14.090075,0.25301445,0.3710619,0.57788503,0.46044278
14.100073,0.254539,0.37135082,0.5769972,0.46092618
14.110076,0.25405586,0.370451,0.5777981,0.46047884
14.120075,0.25418338,0.37074703,0.57762605,0.4599339
14.1300745,0.25384545,0.37004888,0.5779921,0.46054333
14.140074,0.25378063,0.3715838,0.57806057,0.46035177
14.150076,0.2545318,0.37161893,0.5780959,0.46074134
14.160072,0.25457612,0.37105015,0.57731134,0.46092334
14.170079,0.2542619,0.37116957,0.577499,0.46074256
14.180078,0.254411,0.37124503,0.57830864,0.46110448
14.190076,0.25404721,0.3704383,0.5779788,0.4603792
14.200073,0.25421172,0.37177235,0.57825595,0.46136835
14.210089,0.25403112,0.37070104,0.5776311,0.46001342
14.220079,0.2542764,0.3703377,0.5781761,0.46108136
14.230074,0.2532135,0.37111834,0.5777133,0.4606
14.240073,0.25403816,0.37155795,0.5777244,0.46021792
14.250075,0.25446203,0.36972767,0.5782351,0.46009916
14.260074,0.25378308,0.3709905,0.5782453,0.4596863
14.270075,0.25441754,0.371312,0.57826775,0.4601276
14.280075,0.2541455,0.37066573,0.5782064,0.46076176
14.290076,0.2539822,0.3712878,0.578183,0.46082208
14.300075,0.25508922,0.37106463,0.5782257,0.45993024
14.310077,0.25449628,0.37032548,0.57921904,0.46017936
14.320074,0.25368646,0.3705133,0.5787048,0.45914212
14.330073,0.2544035,0.37076646,0.5785136,0.46043482
14.3400755,0.25465044,0.3709438,0.5787765,0.4592578
14.350077,0.25413617,0.3716529,0.5786989,0.45978746
14.360074,0.25388312,0.36992833,0.578293,0.45975944
14.370075,0.25392318,0.37098393,0.57864696,0.4598235
14.380073,0.25380665,0.37122014,0.5778346,0.4601444
14.390074,0.2539854,0.3708374,0.5777253,0.45977846
14.400075,0.25480404,0.37135035,0.5797615,0.46014738
14.410074,0.25408736,0.37053388,0.58020914,0.45965648
14.420076,0.25384235,0.37089568,0.5783732,0.45936093
14.430075,0.25413057,0.3709459,0.58015,0.4594203
14.440075,0.254666,0.37107453,0.5802141,0.4591218
14.450073,0.25456145,0.371251,0.58079565,0.45980534
14.460075,0.2554442,0.3718162,0.5799039,0.4600956
14.470075,0.25417662,0.37087023,0.5794169,0.46013513
14.480076,0.25432643,0.3709424,0.5800963,0.45968845
14.490074,0.2544573,0.37141162,0.57955074,0.4594729
14.500073,0.25451508,0.37223133,0.579748,0.46000922
14.510075,0.25449532,0.37134457,0.5795055,0.45926356
14.520075,0.25450492,0.37067264,0.57956815,0.45981252
14.530075,0.25397876,0.37170473,0.57979596,0.4592483
14.540084,0.25498042,0.37165248,0.5804171,0.45920235
14.550082,0.2533803,0.3713489,0.5796217,0.45989698
14.560077,0.254326,0.3708718,0.58019185,0.45898378
14.570076,0.2547733,0.372156,0.58005726,0.45938143
14.580075,0.2544285,0.3714357,0.5788553,0.45914838
14.5900755,0.25440565,0.37114385,0.581235,0.45918024
14.600074,0.25514743,0.3705648,0.581256,0.45984346
14.610076,0.2545294,0.37154135,0.58063483,0.45891497
14.620073,0.25438023,0.37076718,0.5793564,0.4594121
14.630075,0.2540026,0.37125087,0.58031726,0.45943817
14.640075,0.25449404,0.37036386,0.58173746,0.45944306
14.650074,0.25507706,0.37161538,0.58017594,0.46007794
14.660094,0.25478607,0.37118086,0.58122003,0.45981893
14.670074,0.2541842,0.371341,0.5813248,0.45919827
14.680076,0.2539893,0.37166423,0.58115214,0.45768306
14.690074,0.25379974,0.37139595,0.5816654,0.4604327
14.700075,0.25451183,0.37070704,0.5803404,0.45938143
14.710077,0.2539998,0.37113753,0.5816874,0.4588229
14.720074,0.2542307,0.37133133,0.58196366,0.45884633
14.730074,0.25402218,0.37076926,0.58199227,0.45884028
14.740074,0.25470036,0.37116224,0.5822092,0.45918176
14.750074,0.25444964,0.3716269,0.5814797,0.45840454
14.760092,0.25428838,0.37140825,0.5823066,0.45895278
14.770077,0.2538624,0.37104765,0.5814581,0.45860085
14.780076,0.25433215,0.37138465,0.58228004,0.4587011
14.790073,0.2543336,0.37075695,0.58241826,0.45879614
14.800075,0.2543128,0.37147453,0.582683,0.45880994
14.810074,0.25374463,0.37130377,0.58223116,0.45845363
14.820075,0.25456497,0.37122056,0.58308655,0.4585098
14.830075,0.25394598,0.37125522,0.5825927,0.45886353
14.840075,0.25416055,0.37073636,0.58254457,0.45835388
14.850076,0.25548604,0.3720312,0.58318007,0.45870623
14.860078,0.25443313,0.37153566,0.58277243,0.45901936
14.870074,0.25444707,0.37237477,0.5841278,0.45892993
14.880075,0.25421736,0.3710616,0.58357084,0.4583772
14.890073,0.25467825,0.37186286,0.58321136,0.45863128
14.900084,0.2546321,0.37178612,0.5828753,0.45784292
14.910077,0.25502327,0.37192416,0.5838972,0.45928803
14.920073,0.25426975,0.3717266,0.5834647,0.45877197
14.930074,0.25448653,0.3724004,0.5838809,0.45814732
14.940076,0.25506473,0.3715187,0.58362293,0.45849407
14.950073,0.2549324,0.37134275,0.58501625,0.45894775
14.960106,0.25472128,0.37149033,0.5839638,0.45849845
14.970076,0.2546401,0.37110665,0.584815,0.45766386
14.980074,0.25403148,0.37217727,0.5842516,0.45821166
14.990075,0.25560412,0.37170425,0.5841332,0.45815855
15.000085,0.25463623,0.37127066,0.58565575,0.4577343
15.010077,0.25395188,0.37077668,0.5848033,0.4587853
15.020076,0.25492916,0.371346,0.5853947,0.4589331
15.030077,0.25434643,0.3713953,0.5851856,0.4575423
15.040086,0.25403532,0.37183782,0.5852776,0.45812708
15.050087,0.2542667,0.37081993,0.5855293,0.45843974
15.0601,0.25500438,0.37193388,0.58561593,0.45837632
15.070083,0.25512972,0.37169203,0.58504474,0.4579824
15.080077,0.25445062,0.37158754,0.5856465,0.45825958
15.090074,0.25405097,0.37132266,0.5859822,0.45863023
15.100073,0.25427583,0.3709364,0.58612937,0.4583895
15.110073,0.25439602,0.37059614,0.5853612,0.45786124
15.120075,0.25429907,0.37091228,0.5865317,0.45790887
15.130075,0.25383407,0.37188762,0.5867579,0.45744848
15.140074,0.25440755,0.371213,0.5872665,0.45816496
15.150076,0.25532886,0.37139,0.58562785,0.45769843
15.160072,0.2545649,0.37155825,0.58542037,0.45818418
15.170079,0.25505385,0.37153664,0.58636683,0.45789695
15.180078,0.2540469,0.3717372,0.5866866,0.45802754
15.190076,0.25439656,0.37156188,0.58768713,0.45780432
15.200075,0.25464338,0.37121865,0.5872488,0.45739254
15.210079,0.25423083,0.37266046,0.5872448,0.45739755
15.2200775,0.25496206,0.37161973,0.58678645,0.45797944
15.230076,0.25485787,0.37151524,0.5878467,0.45791835
15.240073,0.2550817,0.37093788,0.58699256,0.4577888
15.250076,0.25444105,0.37199762,0.5871354,0.45777616
15.260074,0.254924,0.37175795,0.5877132,0.45818016
15.270081,0.2540292,0.37073055,0.5876823,0.4574689
15.280078,0.25415298,0.37218466,0.5882005,0.4580288
15.290074,0.2546195,0.37190437,0.5881847,0.4581882
15.300075,0.2554125,0.3718727,0.58806086,0.4573503
15.310077,0.25443536,0.3716808,0.58811945,0.45694554
15.320076,0.25450355,0.37201926,0.5883164,0.4578473
15.330075,0.25434268,0.3717802,0.58952886,0.4578517
15.340073,0.2549864,0.37223205,0.58940357,0.45794228
15.350075,0.2550572,0.37140125,0.5887446,0.45757985
15.360075,0.25550652,0.37147006,0.5890323,0.4576045
15.370077,0.25394747,0.37166733,0.5895304,0.457853
15.380078,0.25493264,0.3718956,0.5893066,0.45788023
15.390075,0.2546626,0.3719212,0.58897114,0.4576502
15.400075,0.2544766,0.3723867,0.5906468,0.4575965
15.410073,0.25506473,0.37205103,0.58950007,0.457642
15.420075,0.25497964,0.3717108,0.59000003,0.4580602
15.430075,0.25405326,0.37173724,0.5905765,0.45732853
15.440074,0.25541204,0.3718808,0.58983743,0.45746917
15.450075,0.25459072,0.37158495,0.5895559,0.45808077
15.4600725,0.25456813,0.37185377,0.5901362,0.45827147
15.470079,0.25500926,0.3722873,0.5908834,0.45787463
15.480077,0.25408706,0.37110698,0.5900644,0.45781463
15.490076,0.2549763,0.37212273,0.59075177,0.45805284
15.500075,0.2551113,0.3718267,0.59098047,0.45752382
15.510076,0.25523898,0.37223202,0.59134185,0.45830584
15.520076,0.25464416,0.3725121,0.5909113,0.45759162
15.530073,0.2543387,0.37256438,0.5913421,0.45791894
15.540085,0.2540056,0.37243444,0.5915305,0.45796865
15.550083,0.25438273,0.37110195,0.59158653,0.45818782
15.560077,0.25441384,0.37139586,0.59139276,0.45828545
15.570083,0.25444242,0.37108898,0.5913751,0.4581832
15.580078,0.25448138,0.37194753,0.59126055,0.45756438
15.5900755,0.2535175,0.37180752,0.5927572,0.45786858
15.600074,0.25547183,0.3722464,0.5924338,0.45754963
15.610076,0.25501114,0.3715226,0.5928903,0.4575964
15.620077,0.2550783,0.37211362,0.59211767,0.45776066
15.630076,0.25526834,0.3720578,0.5924862,0.4576319
15.640074,0.2550541,0.37176087,0.592284,0.4582545
15.650074,0.2541822,0.37199444,0.5927732,0.45810965
15.660075,0.25414538,0.37203062,0.5938375,0.45771307
15.670074,0.25441843,0.37083218,0.5942414,0.45757067
15.6800785,0.25400734,0.37073693,0.5914032,0.45746535
15.690076,0.25375095,0.37100816,0.59436065,0.45812705
15.700072,0.25359535,0.37237212,0.5939113,0.45972005
15.710078,0.2534211,0.37126833,0.5932619,0.45663247
15.720077,0.25364646,0.3709115,0.5932311,0.45924297
15.730076,0.25367886,0.37128577,0.5940165,0.45925832
15.740075,0.25554746,0.3712587,0.59373695,0.4581791
15.750075,0.25441295,0.37200946,0.5934997,0.45776653
15.760076,0.25427574,0.37200946,0.59446716,0.45773563
15.770079,0.2556704,0.37229538,0.59467363,0.45758784
15.780076,0.254176,0.37199748,0.5942784,0.458494
15.790075,0.25520533,0.37272367,0.59455,0.4581998
15.800076,0.25437024,0.3726994,0.5942557,0.45835316
15.810076,0.25469866,0.37234393,0.59564626,0.45838898
15.820073,0.25455892,0.37188113,0.59534323,0.45838442
15.830075,0.2551294,0.37258723,0.59516525,0.45839858
15.840075,0.25510758,0.37181222,0.5951637,0.4591396
15.850076,0.25494352,0.37267062,0.5952344,0.45804128
15.860073,0.25501263,0.37216324,0.5950111,0.45829993
15.870079,0.25455236,0.37151763,0.5955477,0.45821077
15.880076,0.25452447,0.3722063,0.5953841,0.45843437
15.890087,0.25509685,0.37166947,0.5967743,0.45835218
15.900091,0.25449827,0.37126902,0.594177,0.45828357
15.910079,0.25432083,0.37130392,0.59466535,0.45824388
15.920074,0.25467575,0.37158614,0.59692585,0.45759764
15.930074,0.25408527,0.37214315,0.5969562,0.45813987
15.940073,0.25454244,0.37273422,0.596303,0.45811054
15.950076,0.25454026,0.3722433,0.5964351,0.458304
15.960073,0.2546201,0.3716871,0.5967055,0.45874602
15.970079,0.25455093,0.3716561,0.5960885,0.45833552
15.980077,0.25593367,0.37265337,0.59725446,0.4585366
15.990076,0.25536835,0.37198058,0.5971042,0.457698
16.00009,0.25467938,0.3717419,0.5991811,0.45865357
16.01008,0.25445423,0.37274647,0.59680814,0.45811594
16.020075,0.25463223,0.37209833,0.5979895,0.45843947
16.030075,0.25507122,0.3722123,0.59718245,0.45815054
16.040087,0.2546614,0.3724886,0.5975435,0.45831734
16.050083,0.2542834,0.3724845,0.5982895,0.45813975
16.060078,0.2545311,0.37247968,0.59924394,0.45888215
16.070074,0.25504836,0.3723674,0.59980273,0.45853648
16.080076,0.25458857,0.37148663,0.6000322,0.4587093
16.090076,0.25461626,0.3719242,0.5989406,0.4582737
16.100073,0.25524884,0.3717891,0.5997432,0.45808756
16.110075,0.25535896,0.37230715,0.5987926,0.45850578
16.120075,0.25474155,0.3726119,0.5983128,0.45840493
16.130074,0.2551698,0.37256482,0.5978957,0.45738733
16.140076,0.25542647,0.37216946,0.5980099,0.45920503
16.150076,0.25565162,0.37273738,0.5992612,0.45942962
16.160074,0.25482506,0.37192506,0.5988136,0.46051222
16.170074,0.25481266,0.37245947,0.5991713,0.45924166
16.180073,0.254917,0.37214154,0.59894866,0.4599269
16.190077,0.25422576,0.37211722,0.59911996,0.4588259
16.200075,0.25477907,0.3725617,0.5985816,0.45860013
16.210085,0.25494146,0.3722375,0.6004343,0.458951
16.22008,0.25510252,0.37203047,0.6012742,0.4593375
16.230074,0.2552911,0.37261403,0.59765506,0.45860997
16.240072,0.254855,0.37210312,0.60080177,0.45921585
16.250074,0.25534734,0.3724349,0.6009991,0.45894814
16.260075,0.25470978,0.3726283,0.60137564,0.45984125
16.270075,0.2545897,0.3727187,0.60072136,0.4587112
16.280073,0.25515616,0.37309104,0.5989791,0.45876363
16.290073,0.25431895,0.3726502,0.5997528,0.4592241
16.300074,0.25529507,0.3715483,0.6006638,0.45905894
16.310076,0.25514662,0.37218624,0.600334,0.45874316
16.320074,0.25536543,0.37258974,0.600856,0.4594712
16.330074,0.25468224,0.37272093,0.60046786,0.45821437
16.340075,0.25499663,0.37154806,0.6010183,0.46039245
16.350073,0.25529248,0.3733022,0.6006186,0.4594095
16.360075,0.25462455,0.37065613,0.6010152,0.4594812
16.370073,0.25522268,0.37121442,0.6014849,0.46039736
16.380075,0.2555667,0.37346548,0.6010726,0.45857704
16.390072,0.2553545,0.37309784,0.60125804,0.4596465
16.400072,0.2553926,0.371719,0.6008036,0.45869413
16.410074,0.25531736,0.37147865,0.60150516,0.45958924
16.420074,0.25384694,0.3730295,0.60194314,0.45899674
16.430075,0.25436652,0.37265477,0.6011371,0.45955616
16.440073,0.25461185,0.3729364,0.6019863,0.45882615
16.450075,0.2552076,0.37352556,0.60259277,0.45929387
16.460073,0.25529626,0.3725077,0.6025295,0.45961258
16.470074,0.25493562,0.37308675,0.60248023,0.45935953
16.480074,0.2556987,0.37281954,0.6021864,0.45972708
16.490074,0.2552895,0.37209177,0.60257316,0.46013337
16.500074,0.25542507,0.37268427,0.6023593,0.4597897
16.510075,0.25492436,0.37227732,0.60321647,0.4597403
16.520073,0.2554057,0.3735641,0.6024174,0.45940214
16.530075,0.25490606,0.37265375,0.6028667,0.45939627
16.540087,0.25445828,0.37284708,0.60241085,0.4595411
16.550085,0.25467205,0.37254226,0.6030158,0.46038172
16.560076,0.2549488,0.37305045,0.60360944,0.45923612
16.570099,0.25510967,0.3724054,0.6031403,0.45958248
16.580076,0.25389346,0.37239876,0.60319227,0.46008968
16.590075,0.25521028,0.37227568,0.60368174,0.46033734
16.600075,0.25494543,0.37258565,0.60352355,0.45924714
16.610075,0.25419194,0.37285188,0.6038275,0.46011233
16.620075,0.2538447,0.37225646,0.6035983,0.45993695
16.630075,0.25477672,0.37277758,0.60285497,0.46024582
16.640074,0.2551694,0.37289417,0.6033781,0.4600648
16.650076,0.25481564,0.37289697,0.60405385,0.4601348
16.660074,0.25420782,0.3724622,0.60431826,0.4598649
16.67009,0.2554404,0.37244093,0.604174,0.45981848
16.680077,0.25541094,0.37286317,0.60455585,0.46070072
16.690073,0.25502467,0.3729667,0.60419804,0.460065
16.700075,0.255506,0.37275714,0.60376203,0.46012264
16.710073,0.25482592,0.37250033,0.6042379,0.4602797
16.720076,0.25512812,0.37292293,0.60456085,0.46025205
16.730074,0.25546852,0.37281564,0.60486406,0.46091017
16.740076,0.25473985,0.3721532,0.60444033,0.45998347
16.750074,0.25528714,0.37335598,0.6053481,0.46012065
16.760075,0.2551552,0.37255034,0.6049799,0.46013212
16.77009,0.25595805,0.3726067,0.604556,0.46004945
16.780075,0.2559074,0.37231812,0.60500014,0.46075124
16.790075,0.25503808,0.3727034,0.60502046,0.46033934
16.800074,0.2556186,0.3735322,0.6046968,0.45957422
16.810076,0.25489268,0.37267,0.6064736,0.46010083
16.820074,0.25567535,0.3733474,0.60547715,0.46033558
16.830072,0.25515944,0.3732689,0.6051583,0.46050966
16.840075,0.25477454,0.37251744,0.605585,0.4604573
16.850075,0.2553584,0.37267986,0.6056747,0.46066427
16.860073,0.25631005,0.372703,0.60619706,0.4609167
16.870077,0.25567326,0.37309185,0.6056483,0.4608843
16.880074,0.25588512,0.37367424,0.60591376,0.4604453
16.890076,0.25489146,0.3730878,0.60627174,0.4607584
16.900085,0.25513616,0.37316248,0.6059592,0.4607425
16.91008,0.25542128,0.37214124,0.60600615,0.46118593
16.920074,0.2550736,0.3728463,0.6058323,0.4606218
16.930073,0.25520545,0.37362596,0.60654044,0.46104193
16.940075,0.2550536,0.3734204,0.6062146,0.46069965
16.950073,0.2546891,0.3729503,0.6060731,0.4610362
16.960075,0.25549847,0.3722046,0.6060954,0.46101376
16.970098,0.25561592,0.3737047,0.60645497,0.4612643
16.980076,0.2547359,0.37269402,0.6069338,0.4610669
16.990093,0.2553705,0.37314257,0.6066158,0.4612479
17.00009,0.2550818,0.37280074,0.60548615,0.4606834
17.010078,0.25489497,0.37328446,0.6074892,0.46071574
17.020075,0.25499687,0.3723054,0.6058238,0.46121523
17.030075,0.25530252,0.373826,0.6081659,0.46129754
17.040087,0.25355127,0.37293604,0.60703814,0.46141085
17.050087,0.25501135,0.37319365,0.6073491,0.4616347
17.060076,0.25389647,0.3726923,0.6086532,0.4617151
17.070097,0.25514174,0.3726756,0.6071341,0.46166286
17.080074,0.25465274,0.373108,0.6085348,0.461251
17.090075,0.25511992,0.37274313,0.60801435,0.46047324
17.100075,0.2554379,0.37257513,0.60756874,0.46142444
17.110073,0.2551422,0.37311903,0.6077909,0.4622895
17.120073,0.25546017,0.3729848,0.60806876,0.46115124
17.130075,0.2552145,0.37398335,0.6081619,0.46011737
17.140076,0.25605705,0.37419313,0.6081445,0.46169764
17.150074,0.2546679,0.3738205,0.6075316,0.46033952
17.160076,0.25498942,0.3738091,0.6084545,0.46042204
17.170088,0.2560218,0.37309182,0.6075332,0.4618054
17.180075,0.2566092,0.37376708,0.6084352,0.4615774
17.190073,0.25579017,0.37340826,0.608686,0.46177685
17.200075,0.25569797,0.37339312,0.60832006,0.4619094
17.210073,0.25441685,0.37236822,0.6077473,0.46137175
17.220074,0.25554004,0.37301603,0.60900134,0.462539
17.230074,0.25613296,0.37343207,0.60825485,0.46231332
17.240072,0.2552669,0.3732757,0.60815966,0.46194017
17.250074,0.25500867,0.3730205,0.6083656,0.46124554
17.260075,0.25505155,0.37443823,0.60819626,0.46202677
17.270079,0.25587064,0.37370056,0.60813737,0.46231064
17.280075,0.25645438,0.37299627,0.608108,0.4621168
17.290075,0.2551752,0.37363145,0.60805285,0.46247312
17.300074,0.25559774,0.37307328,0.60899144,0.46235046
17.310072,0.25587142,0.37311038,0.6091771,0.46269983
17.320074,0.2553357,0.37317717,0.60852134,0.4621653
17.33008,0.2558155,0.3739799,0.60911506,0.4631323
17.340076,0.25544032,0.37349316,0.60879827,0.46299785
17.350077,0.25606066,0.37421542,0.6098541,0.4623427
17.360073,0.25570002,0.37355384,0.60903025,0.4623219
17.370094,0.2548456,0.37335506,0.609876,0.46294078
17.380074,0.25564846,0.37294534,0.60910153,0.46218157
17.390076,0.2553624,0.3731363,0.6092316,0.46225277
17.400074,0.25518265,0.37307125,0.6092913,0.46220434
17.410074,0.25538567,0.37287995,0.6094501,0.46260536
17.420074,0.25592777,0.37371922,0.60964674,0.4629874
17.430073,0.25591132,0.37370062,0.6091559,0.46241164
17.440075,0.25550258,0.37295768,0.6097891,0.4631033
17.450075,0.2552673,0.37318802,0.60964143,0.46253422
17.460075,0.25556517,0.37352392,0.60998636,0.4622542
17.47008,0.25464562,0.3736555,0.6094873,0.46319604
17.480074,0.2555564,0.3739046,0.61006886,0.46282977
17.490074,0.25494477,0.3730743,0.6095051,0.46260136
17.500074,0.2555178,0.37325314,0.60960215,0.46280152
17.510077,0.2551915,0.3730766,0.6098549,0.46296093
17.520075,0.25514805,0.37343693,0.60993207,0.46329403
17.530075,0.2558599,0.37348956,0.6096406,0.46220157
17.540077,0.25376537,0.37194505,0.61077636,0.4627749
17.550085,0.25538227,0.3729469,0.60934293,0.46345088
17.560076,0.25433886,0.37257978,0.60890806,0.46338812
17.570099,0.25597748,0.37332222,0.61147857,0.46353853
17.580076,0.25594682,0.3735652,0.6117976,0.46322143
17.590075,0.25519684,0.3739465,0.6099313,0.46350092
17.600073,0.25552145,0.373819,0.60868996,0.46298152
17.610075,0.255459,0.37355828,0.61158717,0.46328732
17.620075,0.25536233,0.37311816,0.6105408,0.462879
17.630077,0.25633937,0.37377667,0.6096354,0.46258906
17.640074,0.2553839,0.37293217,0.61090577,0.46298468
17.650074,0.2559709,0.37398693,0.61049354,0.46376267
17.660076,0.25532058,0.37362257,0.60994816,0.46327507
17.670092,0.25503483,0.37340063,0.61061454,0.46411642
17.680077,0.2561472,0.37331623,0.6106464,0.46366605
17.690073,0.25513992,0.3734355,0.61059827,0.46373677
17.700075,0.25630516,0.3742023,0.6098693,0.46369815
17.710075,0.25545442,0.37332723,0.6100574,0.4641447
17.720072,0.25635257,0.3731359,0.6107114,0.4641919
17.730074,0.25521302,0.37474525,0.6098912,0.4634785
17.740076,0.25659707,0.37341523,0.6100982,0.46346268
17.750074,0.25611818,0.37351125,0.6110243,0.46402445
17.760075,0.25642765,0.37392387,0.61084485,0.4638632
17.770088,0.25575706,0.37389466,0.61043966,0.46475866
17.780075,0.25640324,0.37371126,0.61136854,0.46429276
17.790073,0.25436005,0.37377307,0.61075634,0.46371156
17.800076,0.25514162,0.37365678,0.6114701,0.46404263
17.810076,0.2554144,0.37298512,0.6109064,0.4643105
17.820074,0.25609332,0.37266776,0.610769,0.46421415
17.830074,0.25574246,0.37354228,0.6113275,0.46404135
17.840084,0.2558079,0.373878,0.6111891,0.46413803
17.850079,0.25530073,0.37391114,0.61150974,0.4640499
17.860075,0.25491992,0.3724936,0.6110536,0.46416643
17.870098,0.25556472,0.37383762,0.6116714,0.4643638
17.880075,0.25568956,0.3742635,0.61104435,0.46390462
17.890074,0.25496417,0.37299418,0.6118115,0.46474323
17.900095,0.2553352,0.37360457,0.61163515,0.4635739
17.91008,0.25512978,0.37389216,0.6111673,0.46494025
17.920074,0.25513104,0.3737808,0.6113613,0.46466663
17.930075,0.25603038,0.37362093,0.611802,0.46505496
17.940073,0.25505537,0.37297827,0.61139864,0.4648328
17.950075,0.25585648,0.37383497,0.6111836,0.46466464
17.960081,0.25372016,0.37137544,0.6112998,0.46438813
17.97012,0.2559911,0.37344852,0.61137545,0.46483487
17.98008,0.25584713,0.37385032,0.6114137,0.46449977
17.990074,0.25522092,0.37379754,0.61104935,0.46499953
18.000088,0.2548912,0.3722946,0.61124706,0.46463934
18.01008,0.2556741,0.37360325,0.6113742,0.46503282
18.020077,0.2562297,0.37359667,0.6118779,0.46489167
18.030073,0.2559348,0.37449577,0.6116326,0.46539313
18.040081,0.25418505,0.37292814,0.61144817,0.46496323
18.050085,0.2548875,0.3734733,0.6113016,0.46485227
18.060078,0.25453913,0.37317032,0.61163837,0.46568418
18.07008,0.25467262,0.37382975,0.6120591,0.46531826
18.080076,0.25536084,0.373638,0.611823,0.46530503
18.090076,0.25521088,0.3734705,0.6133404,0.46499816
18.100075,0.25585288,0.37347835,0.61155736,0.46504384
18.110075,0.25587806,0.3737592,0.61216253,0.4655509
18.120075,0.25567055,0.37370172,0.6120679,0.4655613
18.130075,0.25576806,0.3732708,0.61264503,0.46588287
18.140076,0.2550595,0.3736652,0.6112165,0.46566087
18.150074,0.2548951,0.3741637,0.6123427,0.4652064
18.160074,0.25592044,0.3731417,0.6120713,0.46546784
18.170078,0.25573567,0.3735539,0.61162525,0.46567696
18.180077,0.25492343,0.37393126,0.611704,0.46562603
18.190075,0.25520882,0.3747362,0.6128068,0.46580613
18.200073,0.2560106,0.37376308,0.61148345,0.46527207
18.210075,0.25549915,0.3740768,0.6117016,0.46546566
18.220078,0.25524393,0.37401497,0.61244935,0.46488804
18.230083,0.25645712,0.3743793,0.61264604,0.46621504
18.240076,0.2554628,0.37341392,0.6123325,0.46624324
18.250074,0.25561073,0.3741293,0.6123997,0.46574014
18.260075,0.25574958,0.37387833,0.61155605,0.46605772
18.270079,0.2559584,0.37360153,0.61189836,0.46627417
18.280098,0.25554347,0.37381896,0.61247325,0.46574113
18.290077,0.25610438,0.37366152,0.61198944,0.46592325
18.300076,0.25577325,0.3741532,0.6118415,0.4657808
18.310076,0.25571713,0.37374717,0.6117731,0.46625915
18.320072,0.25652027,0.37433186,0.61209667,0.46641776
18.330076,0.25597173,0.37383255,0.6117914,0.46619135
18.340075,0.2564129,0.3748432,0.61264867,0.46599886
18.350075,0.25622958,0.37400547,0.612181,0.46609706
18.360075,0.2558823,0.37473896,0.6122863,0.46693322
18.370079,0.2555319,0.37431613,0.6124475,0.46585715
18.380075,0.25608003,0.3746648,0.6124343,0.46591023
18.390074,0.25535378,0.37427425,0.6113487,0.46593907
18.400076,0.2561137,0.3740858,0.612387,0.46725258
18.410076,0.25544652,0.37421557,0.61158764,0.46585792
18.420074,0.2557688,0.3730634,0.61240625,0.4668682
18.430075,0.2549301,0.37312973,0.6117862,0.46627486
18.440071,0.25508955,0.37284568,0.6116226,0.46621424
18.450073,0.25449926,0.3737404,0.6115562,0.46645105
18.460075,0.25506613,0.37258515,0.6121025,0.4667207
18.470078,0.25537777,0.3742538,0.6120566,0.46649835
18.480076,0.25535923,0.37306893,0.6116191,0.46635723
18.490076,0.25374293,0.3739743,0.61218476,0.46692604
18.500074,0.252969,0.374022,0.6115652,0.4667419
18.510073,0.25563097,0.37452412,0.6121947,0.46696395
18.520075,0.255544,0.37474155,0.6117366,0.46671033
18.530075,0.25617138,0.3749806,0.61213946,0.4665469
18.540073,0.25506487,0.37318134,0.6122097,0.46629876
18.550085,0.2554569,0.37327173,0.61194134,0.46743262
18.560078,0.2543724,0.3740096,0.6119458,0.46756774
18.570087,0.25530827,0.37394533,0.61213744,0.46700808
18.580078,0.25496066,0.37311757,0.6119408,0.46660826
18.590076,0.25561178,0.37452236,0.6115484,0.46687835
18.600073,0.25630397,0.3743178,0.61289215,0.4666345
18.610077,0.25523424,0.37420988,0.6115379,0.4678396
18.620075,0.25600365,0.3739483,0.6118846,0.46755114
18.630074,0.25538328,0.37434083,0.6117361,0.4671213
18.640076,0.25535396,0.37433353,0.61215216,0.4675493
18.65007,0.255399,0.37424734,0.6114141,0.4669587
18.660076,0.2560317,0.37454343,0.61232495,0.46698758
18.67008,0.25561965,0.37379238,0.6117728,0.46766287
18.680075,0.25650138,0.37482694,0.6122391,0.4677396
18.690094,0.2555617,0.37443677,0.6119747,0.4679279
18.700077,0.25649548,0.37452942,0.6122318,0.46837586
18.710081,0.25605875,0.37402472,0.6120602,0.4677132
18.720078,0.25467,0.37494704,0.6122115,0.46734628
18.730076,0.25668523,0.37400013,0.61212146,0.4673859
18.740076,0.25558782,0.37440455,0.61200297,0.4672623
18.750074,0.25562975,0.3745797,0.6116893,0.46808612
18.760075,0.2559192,0.37477455,0.6124066,0.46795204
18.770079,0.2560592,0.37431008,0.612344,0.46767843
18.780077,0.2563759,0.37401998,0.6116206,0.46763888
18.790092,0.25653028,0.3744102,0.61220765,0.4682842
18.800074,0.2565397,0.37413406,0.6122353,0.4684264
18.810074,0.25635839,0.37451068,0.6124733,0.4678496
18.820076,0.25579646,0.37389264,0.61280316,0.46752062
18.830074,0.2563867,0.37512618,0.6120433,0.46861833
18.840075,0.2556863,0.37422094,0.6114126,0.46833262
18.850075,0.25637943,0.37482405,0.61218524,0.4680482
18.860075,0.25570944,0.37451196,0.61209804,0.4675823
18.870077,0.25579944,0.37477916,0.6118479,0.46797436
18.880077,0.2565033,0.37462538,0.61120635,0.46749455
18.890081,0.2558449,0.37450722,0.6119379,0.4682853
18.900085,0.25632593,0.37418723,0.61209327,0.46882826
18.910078,0.25541675,0.37499052,0.61191386,0.46825576
18.920073,0.2558319,0.37447035,0.6116484,0.46809316
18.930077,0.25659993,0.3742527,0.6122015,0.46810645
18.940075,0.25587592,0.3748063,0.6115504,0.46858278
18.950075,0.25595304,0.37384397,0.61205107,0.46852762
18.960083,0.25591758,0.3747647,0.6128187,0.4687559
18.97008,0.25573114,0.37469038,0.6133324,0.46817815
18.980078,0.2561512,0.3746055,0.6106539,0.4687929
18.990074,0.2553098,0.37409633,0.6104627,0.46902555
19.000088,0.2556689,0.37440315,0.611565,0.46842232
19.010078,0.25549313,0.37480724,0.6112972,0.46883804
19.020075,0.25600418,0.37479642,0.6124364,0.46864337
19.030075,0.2549061,0.3747185,0.6120557,0.46846998
19.040071,0.25474507,0.37321737,0.61239207,0.46805033
19.050087,0.25510746,0.37456122,0.6117364,0.46942505
19.060076,0.25589046,0.37320888,0.61106837,0.46977943
19.070076,0.25595617,0.37512282,0.6114083,0.4704409
19.080072,0.25583085,0.3744015,0.6117078,0.46996227
19.090076,0.2561925,0.37523097,0.61155444,0.47030103
19.100077,0.25601667,0.37521017,0.61174744,0.4678106
19.110073,0.2558214,0.3760817,0.6120127,0.46789446
19.120075,0.25611228,0.37539455,0.6111166,0.46863225
19.130075,0.2576389,0.37443855,0.6126555,0.46903932
19.140076,0.2562165,0.37480682,0.6119347,0.4690386
19.150074,0.25556082,0.3751431,0.61165607,0.46940577
19.160072,0.2555414,0.37519178,0.61173135,0.46908554
19.170074,0.25670442,0.37438247,0.6111275,0.46979722
19.180075,0.2553176,0.37492985,0.6112926,0.4691174
19.190075,0.2567075,0.37437847,0.6120028,0.46885565
19.200075,0.25591442,0.37403962,0.6114912,0.46946436
19.210085,0.25625557,0.3747007,0.6115638,0.46929747
19.220078,0.25659212,0.3752142,0.6114328,0.46946624
19.230074,0.25556564,0.37466627,0.6116569,0.46928656
19.240076,0.25723797,0.37556535,0.6114716,0.46928898
19.250074,0.25632995,0.37508997,0.6111082,0.46919593
19.260075,0.25708973,0.37517327,0.6114515,0.46968362
19.270077,0.25513524,0.3750594,0.6113001,0.46970707
19.280073,0.25596696,0.37485477,0.61165506,0.469495
19.290075,0.25617206,0.37490812,0.61139524,0.4697877
19.300072,0.255979,0.3748684,0.6118263,0.4697407
19.310076,0.25577256,0.37521595,0.6114653,0.4698761
19.320072,0.2558488,0.37491184,0.6118342,0.46942642
19.330074,0.25576225,0.37430504,0.6101303,0.4698205
19.340075,0.25620857,0.37419826,0.6102826,0.46964908
19.350073,0.25555712,0.37460977,0.61222214,0.4696115
19.360075,0.2560542,0.37501732,0.6122148,0.46962988
19.370073,0.2563355,0.37530324,0.6125003,0.4693653
19.380075,0.25574276,0.37577555,0.61146677,0.46971595
19.390076,0.25597152,0.3754656,0.611615,0.47004676
19.400072,0.25612274,0.37488014,0.6108754,0.47013965
19.410074,0.2563531,0.3754042,0.61141896,0.47047976
19.420074,0.25600874,0.37476316,0.61136943,0.4698922
19.430075,0.25638598,0.37516838,0.6114135,0.4701672
19.440075,0.2551534,0.37444192,0.6108642,0.47017744
19.450075,0.25622872,0.37509292,0.61160254,0.46993634
19.460073,0.2558013,0.37535167,0.6111974,0.46961913
19.470072,0.25606808,0.37405807,0.61098605,0.47029665
19.480074,0.25672975,0.3747877,0.61106974,0.47028553
19.490074,0.25560635,0.3745242,0.6108752,0.469861
19.50008,0.25638017,0.3747146,0.61131984,0.46988466
19.510075,0.2569499,0.37470722,0.61087304,0.46983075
19.520073,0.2567167,0.3760156,0.6111048,0.4697506
19.530075,0.25578034,0.37476656,0.6106286,0.47082138
19.540075,0.25641438,0.3747063,0.6118368,0.4702561
19.550085,0.25552425,0.37511715,0.6116642,0.47095314
19.560078,0.25591737,0.37443408,0.6107173,0.4702139
19.570082,0.25593138,0.37521347,0.61092204,0.47038037
19.580078,0.25669414,0.37556967,0.6103503,0.47008297
19.590075,0.25697088,0.37482733,0.6106398,0.4699908
19.600096,0.25569043,0.3751138,0.6105935,0.46998352
19.610075,0.2557295,0.37539038,0.61083764,0.46993873
19.620075,0.2562372,0.37503642,0.6114169,0.47064656
19.630075,0.2563195,0.3750983,0.6108043,0.47068918
19.640074,0.2565365,0.3754052,0.61064065,0.4706451
19.650074,0.2561348,0.37476847,0.6102342,0.4704114
19.660074,0.25665563,0.37613752,0.61067367,0.47059137
19.670074,0.2566415,0.37543285,0.6108047,0.47034764
19.680077,0.2554585,0.37541392,0.61114377,0.4708613
19.690073,0.256265,0.37555474,0.6108882,0.47099036
19.700092,0.25608772,0.37403393,0.61064416,0.47015464
19.710073,0.25638837,0.37552944,0.6111294,0.47123182
19.720078,0.25632408,0.3748331,0.6103511,0.47100314
19.730076,0.25640556,0.37563482,0.6108548,0.4705019
19.740076,0.25618628,0.3745962,0.61172324,0.47048378
19.750076,0.25655356,0.3752194,0.6113359,0.4711776
19.760073,0.2564615,0.375265,0.61116695,0.47080356
19.770077,0.25615662,0.37576544,0.6098218,0.4706737
19.780073,0.25637206,0.37552106,0.6092322,0.47044638
19.790077,0.25609607,0.37522325,0.6126214,0.4708469
19.80009,0.25605834,0.37496096,0.61001563,0.47101855
19.810076,0.25644377,0.37549374,0.6124032,0.47110024
19.820074,0.2560756,0.375168,0.60851365,0.47122693
19.830074,0.2561344,0.3749856,0.61144465,0.47044373
19.840076,0.2564169,0.37522024,0.61016494,0.47024482
19.850077,0.25612712,0.37507406,0.6110266,0.47125435
19.860075,0.2565818,0.3760609,0.61107147,0.4706972
19.870073,0.2562423,0.375377,0.6102631,0.4706612
19.880074,0.2572289,0.37501115,0.61079496,0.47077686
19.890074,0.25632802,0.3753204,0.6106598,0.47081462
19.900112,0.25583667,0.374947,0.61082006,0.4716087
19.910082,0.25508282,0.37506717,0.61075544,0.47168034
19.920076,0.25565326,0.37499425,0.6106712,0.4719927
19.930077,0.2562587,0.37510696,0.6100437,0.47037774
19.940075,0.25594002,0.37506148,0.6102931,0.47087544
19.950073,0.25589046,0.37485182,0.61048514,0.470413
19.96008,0.2564258,0.37483644,0.6099117,0.471272
19.970074,0.25583166,0.3760365,0.61025316,0.47160438
19.980074,0.25626555,0.3750579,0.6103435,0.4708437
19.990076,0.25655738,0.3755266,0.61036336,0.47118944
20.000103,0.2564151,0.37505135,0.6105355,0.47116303
20.01008,0.2575422,0.37640038,0.6099892,0.4712886
20.020077,0.25664005,0.37450203,0.6094293,0.47090286
20.030077,0.2573113,0.37523186,0.610831,0.47155347
20.040075,0.25600654,0.37439433,0.60981613,0.47113782
20.050087,0.2562266,0.374994,0.60970587,0.47193673
20.060076,0.25661585,0.37549838,0.6109645,0.47155285
20.070084,0.2565969,0.37513414,0.6105092,0.47088522
20.08008,0.2565965,0.37522945,0.61005867,0.4710659
20.090075,0.25616047,0.37528968,0.6096153,0.47199792
20.100096,0.25620255,0.37602443,0.6102618,0.471213
20.110073,0.25668928,0.37505886,0.6096319,0.4711193
20.120073,0.2566165,0.37542498,0.6094855,0.47101614
20.130075,0.2559935,0.3754853,0.61020577,0.4717751
20.140074,0.2562083,0.3748114,0.6099527,0.47170377
20.150074,0.2565605,0.37460312,0.6103028,0.47105885
20.160074,0.2573092,0.37573907,0.61065435,0.4715721
20.170078,0.25613937,0.37449202,0.61029553,0.47122803
20.180077,0.25685048,0.37498346,0.61058205,0.47133607
20.190077,0.2563919,0.37484562,0.6094707,0.47177655
20.200094,0.2564262,0.375802,0.6101676,0.4715523
20.210075,0.2565236,0.37516478,0.6102643,0.47156298
20.220083,0.25599986,0.37496582,0.61013305,0.47138312
20.230078,0.25611252,0.37570497,0.61088896,0.47157848
20.240074,0.25638595,0.37503025,0.6105606,0.47130647
20.250076,0.25620311,0.3754875,0.60909766,0.47111535
20.260075,0.2563826,0.37616482,0.6095598,0.4713758
20.27008,0.2560404,0.37558547,0.6100509,0.47189674
20.280075,0.2567593,0.375631,0.61020184,0.47133982
20.290075,0.2568622,0.37585193,0.6098884,0.4710003
20.300095,0.25751457,0.37528765,0.6101202,0.4723574
20.310074,0.25758982,0.3755482,0.6098857,0.4714099
20.320076,0.256608,0.3754253,0.6102102,0.47152278
20.330074,0.25672692,0.37649044,0.6103958,0.4722138
20.340076,0.25628963,0.37571946,0.6099327,0.4712775
20.350077,0.25682086,0.37590688,0.60962814,0.47094882
20.360073,0.2570533,0.37557977,0.6098434,0.47127298
20.370079,0.25643632,0.37591577,0.6102233,0.4715982
20.380075,0.25673002,0.3753494,0.60976505,0.47198156
20.390076,0.25629938,0.37591696,0.6101624,0.47182998
20.40009,0.25680876,0.37567946,0.61051357,0.47174746
20.410076,0.25655827,0.37522122,0.6098259,0.4723214
20.420074,0.25647855,0.37498584,0.6099047,0.471833
20.430073,0.2566475,0.37588245,0.60940045,0.4716165
20.440075,0.25745663,0.37585607,0.60976434,0.47204563
20.450075,0.25656328,0.37507832,0.60955673,0.47163278
20.460075,0.25739154,0.3761379,0.6099334,0.47277465
20.47009,0.25636503,0.37618956,0.60894245,0.47163022
20.48008,0.25663882,0.37570053,0.6097591,0.47241527
20.490074,0.2557586,0.37531567,0.6099762,0.4721046
20.500097,0.25671664,0.3751323,0.60928035,0.4713787
20.510078,0.25677708,0.37551522,0.60950077,0.47148827
20.520077,0.2563656,0.3743863,0.60963726,0.47179076
20.530075,0.25630033,0.3752059,0.6096037,0.47187763
20.540075,0.25626737,0.376001,0.6093128,0.47178233
20.550089,0.255686,0.3753369,0.60971105,0.47264382
20.560078,0.2567279,0.37468058,0.60939324,0.47245383
20.570076,0.25665414,0.37568122,0.6094732,0.47191438
20.580076,0.25564834,0.37546137,0.6096756,0.47131434
20.590076,0.2566644,0.37587798,0.6095442,0.47186342
20.600075,0.25609893,0.3759388,0.6097935,0.4718996
20.610075,0.25748378,0.3755595,0.6105123,0.47184747
20.620071,0.2562936,0.37553713,0.60942084,0.4716685
20.630075,0.25613907,0.3760784,0.6095266,0.47187454
20.640076,0.256986,0.37597114,0.60985464,0.47170517
20.650074,0.25603113,0.37571356,0.60997766,0.47208592
20.660074,0.25659713,0.3748636,0.6096335,0.4717162
20.670078,0.2561822,0.37560245,0.6099062,0.47207388
20.680077,0.2569047,0.37601927,0.608785,0.47183937
20.690075,0.25642082,0.3757223,0.6098051,0.47193074
20.700075,0.25709146,0.37554806,0.60895365,0.47172484
20.710081,0.25654724,0.37589142,0.60982466,0.47176084
20.720076,0.25662336,0.37675864,0.6095511,0.4717557
20.730076,0.25674474,0.37655675,0.6097078,0.47149155
20.740076,0.2575726,0.3761807,0.6092257,0.471926
20.750078,0.2568234,0.3762038,0.6094193,0.4716515
20.760075,0.2566013,0.37652877,0.6089743,0.4717443
20.770082,0.25632742,0.37522256,0.6097325,0.47232243
20.780077,0.2575326,0.375957,0.6100549,0.47252515
20.790075,0.25552842,0.37564206,0.609648,0.4717946
20.800076,0.25696605,0.37680364,0.61033773,0.47220802
20.810076,0.257573,0.37592846,0.60972464,0.47185466
20.820076,0.25661358,0.37637645,0.60980976,0.4719885
20.830076,0.2557687,0.37569952,0.60952854,0.47139427
20.840073,0.25772133,0.37644392,0.6088942,0.47193664
20.850075,0.25661868,0.37675998,0.60889536,0.4724617
20.860075,0.25688028,0.37660348,0.60889786,0.47095183
20.870079,0.256686,0.37650535,0.60934925,0.47191998
20.880077,0.25589278,0.37579715,0.6089876,0.47157726
20.890076,0.25627163,0.37565982,0.6092993,0.47261402
20.900084,0.25576323,0.3757279,0.6093092,0.4724496
20.91008,0.2568815,0.3756659,0.60966915,0.47250685
20.920074,0.25605384,0.37515083,0.6096913,0.4714829
20.930077,0.25643763,0.3765384,0.6092613,0.4721524
20.940077,0.25597733,0.37599704,0.6090427,0.472541
20.950073,0.25784498,0.37610015,0.6098754,0.47227705
20.960073,0.25656587,0.3762917,0.60904974,0.47220415
20.970081,0.25621274,0.37597027,0.6096902,0.47194457
20.980078,0.2566549,0.37612525,0.60886383,0.47193286
20.990076,0.25646517,0.37565812,0.60907596,0.47175017
21.000088,0.2564753,0.37567213,0.60984546,0.47190878
21.010078,0.25647202,0.37590107,0.60965174,0.4718112
21.020077,0.2564693,0.3758655,0.6096809,0.47120687
21.030075,0.2569753,0.37652948,0.6098748,0.47191608
21.040075,0.25632256,0.3762799,0.60997933,0.47246093
21.050108,0.25422952,0.37639773,0.60952115,0.47179678
21.06008,0.25663185,0.37526613,0.61011976,0.472727
21.070078,0.2568778,0.37599123,0.60975933,0.47192532
21.080074,0.25732595,0.37613273,0.609537,0.47206587
21.090075,0.25726143,0.37595737,0.6097486,0.47203833
21.100075,0.25674108,0.3764545,0.609469,0.47171417
21.110075,0.2565135,0.37709084,0.6099416,0.47219798
21.120073,0.2563664,0.3765186,0.60898614,0.471814
21.130077,0.25629145,0.37580952,0.6100773,0.47258484
21.140076,0.2574105,0.37642163,0.60768044,0.47155246
21.15007,0.25672376,0.37599248,0.6090256,0.47184494
21.160076,0.25697482,0.3764269,0.61100537,0.4721672
21.170073,0.25788257,0.37658316,0.60824823,0.47227228
21.180075,0.25682628,0.3758356,0.6104362,0.47186854
21.190075,0.2556772,0.37543848,0.6097866,0.4716266
21.200073,0.25558344,0.3727405,0.60955286,0.4717348
21.210093,0.25556496,0.3760475,0.6095773,0.47207716
21.22008,0.25533676,0.37546334,0.6096368,0.47138458
21.230076,0.25555393,0.376094,0.60989636,0.47157216
21.240076,0.25574604,0.3748994,0.60893565,0.47170064
21.250074,0.25571346,0.37633514,0.6090426,0.47222838
21.260075,0.25549504,0.3758823,0.6096857,0.471984
21.270079,0.25571322,0.3751019,0.60926205,0.47215328
21.280079,0.25635996,0.3770307,0.609717,0.47325754
21.290075,0.25635433,0.37821865,0.60886145,0.47290203
21.300076,0.257113,0.37387905,0.6088911,0.4721427
21.310076,0.25682387,0.37493178,0.609658,0.4727811
21.320074,0.25626618,0.37560284,0.6097859,0.47238824
21.330076,0.2567241,0.37415522,0.60955125,0.4716948
21.340075,0.25797978,0.3763964,0.60973835,0.472152
21.350075,0.25593156,0.3764761,0.6097752,0.4712815
21.360075,0.25730044,0.37695426,0.61013067,0.4718032
21.370079,0.25662273,0.3762212,0.6097842,0.471874
21.380075,0.25689077,0.3763409,0.6099611,0.4722806
21.390074,0.25678286,0.3760527,0.60941267,0.47159597
21.400074,0.25684458,0.37727648,0.60981053,0.47196856
21.410082,0.25681207,0.3767575,0.6090425,0.4717443
21.420074,0.2571012,0.37617344,0.6083957,0.4719163
21.430075,0.25701687,0.37615553,0.61098355,0.47257286
21.440071,0.25707695,0.3762043,0.6100727,0.472851
21.450073,0.25672215,0.37568477,0.6102769,0.47220138
21.460075,0.25620785,0.37626025,0.6091552,0.47180292
21.470078,0.25751358,0.37658098,0.61126894,0.471732
21.480078,0.25731257,0.37596583,0.61024284,0.47179043
21.490076,0.2570731,0.37685952,0.6109641,0.47188678
21.500074,0.25682953,0.37669736,0.6106811,0.47251037
21.510073,0.25789824,0.37663803,0.6103979,0.4719491
21.520075,0.25712958,0.37719542,0.60990936,0.47397992
21.530075,0.25716695,0.37680045,0.6099221,0.47131866
21.540075,0.25726268,0.3767381,0.610257,0.47092068
21.550085,0.2564883,0.3771701,0.6101455,0.47331825
21.560078,0.25645614,0.3766872,0.61020947,0.4727418
21.570084,0.25666335,0.37691343,0.60945,0.4733065
21.58008,0.25686786,0.3765652,0.6116461,0.47197613
21.590076,0.2569433,0.37602776,0.6103012,0.47186062
21.600075,0.25683996,0.37695774,0.6110993,0.4718507
21.610075,0.256984,0.37610856,0.61088216,0.47184384
21.620073,0.25692183,0.3770621,0.6106264,0.47221813
21.630074,0.2571149,0.37683937,0.6104639,0.47181812
21.640076,0.2569575,0.37793672,0.6101914,0.47160003
21.65007,0.25643232,0.37709334,0.6096778,0.47282022
21.660074,0.25751102,0.37708,0.6096955,0.47235215
21.670078,0.2565007,0.3763166,0.61010385,0.4731434
21.680075,0.25719148,0.3766078,0.60993534,0.47385845
21.690075,0.25705007,0.37650725,0.6099875,0.47036737
21.700075,0.25680456,0.3783874,0.609901,0.4717036
21.710081,0.25702098,0.37769637,0.6097086,0.47316003
21.72008,0.25686523,0.37768984,0.60990494,0.47146767
21.730076,0.25669777,0.37639305,0.6104744,0.4722258
21.740072,0.25703713,0.37789214,0.60995024,0.47223532
21.750074,0.25678024,0.37657806,0.610391,0.4715183
21.760075,0.25643644,0.37490004,0.61003286,0.47205538
21.770077,0.25758293,0.37606624,0.61043835,0.4719725
21.780077,0.25660488,0.37635306,0.6104285,0.47238898
21.790075,0.25745055,0.37708423,0.60996664,0.47246218
21.800074,0.2571301,0.3755844,0.60994625,0.4720895
21.810076,0.25620747,0.37690136,0.6100291,0.47199968
21.820072,0.25842607,0.37679988,0.60999924,0.47126392
21.830076,0.2569504,0.37678722,0.60993445,0.47179428
21.840076,0.2569428,0.37709346,0.61012715,0.4719153
21.850075,0.25674134,0.37761933,0.6101908,0.4716669
21.860075,0.25728744,0.3766137,0.61054754,0.47115856
21.870077,0.25692594,0.37726697,0.61074144,0.47257292
21.880074,0.2567932,0.37668148,0.61014104,0.4717516
21.890076,0.25812873,0.37811473,0.6103688,0.47216988
21.9001,0.25716692,0.37587667,0.60975134,0.4714462
21.910086,0.25613257,0.37705284,0.6104456,0.4717761
21.920074,0.2576128,0.3768731,0.6102915,0.47123
21.930077,0.25753638,0.37584367,0.61024034,0.4714274
21.940077,0.25705442,0.37756738,0.61047536,0.4721872
21.950075,0.25684404,0.37811902,0.6103497,0.47235504
21.960073,0.25700614,0.37697008,0.6106599,0.4716036
21.970078,0.25713274,0.37704736,0.6104455,0.47214383
21.980076,0.2571246,0.3772473,0.610923,0.47181478
21.990074,0.25678372,0.37666354,0.6100327,0.47172526
22.000084,0.25712702,0.37618482,0.61077213,0.4718061
22.010077,0.25658837,0.37723377,0.61079025,0.47148573
22.020098,0.25655922,0.37711105,0.61022705,0.47180274
22.030077,0.25734338,0.37732413,0.6106676,0.4715807
22.040073,0.25727767,0.37672487,0.61097735,0.4720526
22.050085,0.25691336,0.3767458,0.6107218,0.4716041
22.06008,0.25695542,0.37667024,0.61044306,0.47176844
22.070082,0.2571537,0.37711957,0.6101673,0.47167856
22.080078,0.25604454,0.37609157,0.6106648,0.47207174
22.090076,0.25673562,0.3770109,0.61022705,0.4715137
22.100075,0.25621065,0.3763325,0.61053085,0.47155592
22.110073,0.25728694,0.3769453,0.61172456,0.4715138
22.120098,0.2570085,0.3760042,0.6116236,0.47232312
22.130075,0.25728616,0.3771103,0.609648,0.47122505
22.140076,0.25678152,0.37676173,0.60892123,0.47146106
22.150074,0.25732377,0.37691605,0.60928804,0.47104606
22.160074,0.25672817,0.3772606,0.6127153,0.47136462
22.170078,0.25654826,0.3771505,0.61013794,0.47197536
22.180079,0.25711256,0.37651002,0.61118,0.47026315
22.190077,0.25673178,0.37771478,0.6097682,0.47125632
22.200075,0.25673002,0.37710485,0.61091346,0.47143796
22.210075,0.2568553,0.37741417,0.611541,0.4722312
22.220097,0.25706577,0.3762752,0.610997,0.47156724
22.23008,0.2568707,0.37665927,0.6108165,0.47300506
22.240074,0.2571898,0.37747163,0.6114115,0.47109222
22.250076,0.25620887,0.3772096,0.6117683,0.4712936
22.260077,0.25767258,0.37753683,0.61124176,0.4724731
22.270079,0.25728452,0.37759918,0.61092466,0.47243255
22.280075,0.25717422,0.37833375,0.6107665,0.472389
22.290075,0.25660598,0.378388,0.6113338,0.47097173
22.300076,0.25754628,0.37698954,0.61143583,0.47162315
22.310074,0.25702628,0.37789974,0.6110673,0.47234607
22.320093,0.25755325,0.3773227,0.6099423,0.47110966
22.330076,0.25757033,0.377412,0.61270046,0.4713746
22.340076,0.25759456,0.3779158,0.61253536,0.47103214
22.350073,0.2577002,0.37680396,0.6116572,0.47154483
22.360075,0.2571227,0.3776057,0.6110329,0.47173423
22.370075,0.25722057,0.37790236,0.61148983,0.47155768
22.380077,0.25747767,0.37671927,0.61105543,0.47123328
22.390074,0.2570698,0.37785023,0.6108257,0.47130167
22.400072,0.2572713,0.3774101,0.6120962,0.4701206
22.410076,0.25776204,0.37827873,0.61192566,0.47004965
22.42009,0.25667804,0.3754429,0.6117497,0.4696971
22.430077,0.25788042,0.3775861,0.61173636,0.4710253
22.440075,0.25753948,0.37805155,0.6119623,0.47111812
22.450075,0.25724182,0.37721404,0.6119363,0.47013593
22.460075,0.2566353,0.377734,0.61198664,0.4729408
22.47008,0.25693682,0.3780884,0.61135894,0.4699709
22.480076,0.25711533,0.37857765,0.6125038,0.4717688
22.490074,0.25654897,0.37557682,0.6124935,0.4717136
22.500076,0.2575324,0.3770684,0.61296266,0.4714439
22.510077,0.25764623,0.3790051,0.61256516,0.4705371
22.520079,0.25699157,0.37841257,0.61238676,0.47156805
22.530075,0.25789127,0.37825707,0.61206913,0.47147894
22.540075,0.257605,0.37812653,0.6126857,0.47173166
22.550087,0.25696865,0.37696266,0.612318,0.4709621
22.56008,0.25723052,0.37795198,0.61177015,0.47170597
22.57008,0.25643983,0.37705058,0.6117989,0.47070083
22.580076,0.25693163,0.3771345,0.61487883,0.4713726
22.590075,0.25795513,0.37711442,0.6142059,0.4717165
22.600075,0.25700483,0.37759912,0.61231256,0.47156027
22.610077,0.25704527,0.37663144,0.61329365,0.4712088
22.620092,0.25659907,0.37698305,0.613771,0.47151574
22.630077,0.25774375,0.37705696,0.61236554,0.47110048
22.640076,0.25759035,0.3779506,0.6121741,0.47022492
22.650074,0.25755003,0.3780151,0.6124894,0.47232935
22.660076,0.2580133,0.37770328,0.61345935,0.47299883
22.67008,0.2579859,0.37808228,0.61284477,0.46975818
22.680077,0.256929,0.3783282,0.61289513,0.4705464
22.690073,0.25816405,0.37767482,0.61344063,0.4711969
22.700075,0.2566989,0.37906128,0.61273104,0.46963933
22.710077,0.2578316,0.37817606,0.61291546,0.4717659
22.720098,0.25747663,0.3768119,0.613566,0.47199398
22.730074,0.25802273,0.37613776,0.61301285,0.471356
22.740074,0.25761583,0.37923452,0.61334443,0.4707321
22.750076,0.25725123,0.37688398,0.6133777,0.47154093
22.760075,0.25701335,0.37695104,0.61297876,0.47130147
22.770079,0.2574177,0.37679106,0.6133144,0.47109726
22.780077,0.256685,0.37858072,0.6135985,0.4708318
22.790075,0.25887942,0.3772527,0.61374015,0.47128826
22.800076,0.25846443,0.37688822,0.61469823,0.4710225
22.810072,0.25780132,0.37761676,0.61416733,0.47082013
22.820082,0.25726637,0.3772712,0.6142859,0.47090396
22.830076,0.25667992,0.37726626,0.6143265,0.46985808
22.840073,0.25869095,0.37792554,0.6139568,0.47054455
22.850075,0.25702986,0.3782999,0.6141268,0.47051397
22.860071,0.2580312,0.3779528,0.6145822,0.47106287
22.870075,0.25688386,0.37794262,0.6138211,0.47099942
22.880077,0.25712025,0.3782767,0.6136892,0.47039834
22.890076,0.25801337,0.37819785,0.61463124,0.47089112
22.900087,0.2573974,0.37815282,0.6150191,0.47107738
22.91008,0.25795996,0.3776714,0.61416066,0.47092837
22.920094,0.2570613,0.37704283,0.61496675,0.4715114
22.930075,0.25683707,0.37734795,0.61381805,0.47106865
22.940073,0.25710285,0.37779617,0.6140356,0.47059342
22.950075,0.25742316,0.37732214,0.61438465,0.4701767
22.960083,0.257097,0.37734312,0.6146706,0.47054148
22.97008,0.25706622,0.37712723,0.6145805,0.47076532
22.980076,0.2572276,0.37743393,0.61418897,0.47117177
22.990076,0.2580703,0.37774536,0.615192,0.47047552
23.000086,0.25685108,0.37681127,0.61438644,0.47088656
23.010077,0.25735965,0.3776778,0.6152656,0.4708571
23.020098,0.25702387,0.37772933,0.6147068,0.47045895
23.030077,0.25679484,0.37783542,0.6151564,0.47165248
23.040075,0.2582803,0.37746397,0.6150286,0.47063506
23.050085,0.25789803,0.37757576,0.61558473,0.47110915
23.060078,0.2568629,0.3768306,0.61537975,0.4703565
23.070074,0.25770977,0.37807545,0.6157582,0.47088894
23.080076,0.2573427,0.37811035,0.6151897,0.4702423
23.090076,0.2575668,0.37871897,0.61510265,0.47043523
23.100073,0.2567694,0.37735447,0.61515814,0.47073483
23.110073,0.2575453,0.377507,0.61491877,0.4706379
23.120094,0.25746208,0.37746048,0.6151466,0.47059792
23.130077,0.2572322,0.37762377,0.61492103,0.47084868
23.140076,0.25848517,0.3784344,0.61579525,0.4705817
23.150074,0.25730547,0.377989,0.6161642,0.47054863
23.160076,0.25776994,0.37841472,0.6155052,0.47040385
23.170074,0.25725177,0.37763822,0.6169453,0.470835
23.180075,0.25744838,0.37830114,0.61638576,0.4709711
23.190073,0.25795922,0.37809017,0.61468303,0.4704245
23.200075,0.25774127,0.37807724,0.617327,0.47053355
23.210075,0.257999,0.37750828,0.6145715,0.47075334
23.220074,0.2573274,0.37776434,0.61774087,0.47168627
23.230072,0.25745744,0.3783787,0.6152739,0.47078323
23.240074,0.2580913,0.37825942,0.6162043,0.47078523
23.250074,0.2570161,0.37830594,0.61559683,0.46985805
23.260075,0.2568342,0.3774046,0.6159408,0.47013015
23.270075,0.25742984,0.37758267,0.61635536,0.46998912
23.280075,0.25752676,0.37771165,0.61622864,0.4701023
23.290073,0.25814602,0.3781257,0.61673826,0.47042647
23.300076,0.2574608,0.37746137,0.61633885,0.47039133
23.310076,0.25768965,0.37855253,0.6171443,0.47081444
23.320074,0.25696588,0.37748328,0.617597,0.47002405
23.330076,0.2582804,0.37823716,0.61731225,0.47069895
23.340073,0.25734103,0.37743828,0.6168471,0.47018778
23.350073,0.25766695,0.37769794,0.6172595,0.47056383
23.360075,0.2576204,0.37784684,0.6169392,0.4699991
23.370073,0.25759283,0.37786162,0.6174977,0.47109786
23.380075,0.25752217,0.3772871,0.6174503,0.4700328
23.390074,0.25795,0.37801293,0.6172607,0.47030705
23.400074,0.25749463,0.3779463,0.61741143,0.47057375
23.410074,0.2570033,0.37804893,0.616587,0.47036162
23.420074,0.2573764,0.37754986,0.6175391,0.47031692
23.430077,0.25809157,0.3780922,0.61699075,0.47055894
23.440075,0.258022,0.37866688,0.6179975,0.47067758
23.450075,0.25811398,0.37851107,0.6178904,0.46995595
23.460072,0.25772604,0.3787079,0.61741424,0.4711282
23.470074,0.25790745,0.37795937,0.6176226,0.47015402
23.480076,0.25821885,0.37862524,0.6193088,0.4703663
23.490074,0.25780255,0.37818182,0.61904854,0.4698913
23.500076,0.25819904,0.3782281,0.619271,0.4707746
23.510075,0.25733575,0.37839457,0.6163849,0.4707168
23.520075,0.25816846,0.3791811,0.6184751,0.4699458
23.530073,0.25732324,0.37782836,0.6175597,0.47044864
23.540075,0.25817317,0.3782702,0.6182094,0.47051552
23.550085,0.2575372,0.37822014,0.6182757,0.47016075
23.56008,0.2571998,0.37827882,0.6183983,0.47028628
23.570074,0.2572593,0.37833795,0.6197541,0.47001427
23.580074,0.25706276,0.37800896,0.6197041,0.470342
23.590075,0.25777256,0.3786604,0.6188987,0.4704335
23.600075,0.25705108,0.37726542,0.617185,0.47013837
23.610077,0.25807452,0.37891963,0.62102,0.47051388
23.620075,0.2572497,0.37830356,0.61898106,0.47034505
23.630075,0.25809488,0.37843212,0.6179574,0.47003216
23.640076,0.25771528,0.3778841,0.62006384,0.4705322
23.65007,0.25751793,0.37824732,0.6192244,0.46984836
23.660074,0.25707817,0.37819454,0.6198578,0.46946198
23.670073,0.25692883,0.37826568,0.61911136,0.4698357
23.680075,0.25736803,0.37764344,0.6192107,0.47155622
23.690073,0.25762066,0.37854192,0.61948997,0.47178814
23.700073,0.25736445,0.37866193,0.6198428,0.47096428
23.710075,0.25762838,0.37810653,0.6192562,0.47118905
23.720074,0.2580252,0.37872756,0.61982507,0.46977878
23.730074,0.25686243,0.37792107,0.62004066,0.4706455
23.740072,0.25766325,0.38017574,0.62046593,0.4692195
23.750074,0.2578149,0.37958455,0.6197785,0.4706763
23.760075,0.25792465,0.37728623,0.6202841,0.47014347
23.770073,0.2575637,0.37881103,0.62026536,0.46996912
23.780073,0.25750718,0.38032356,0.6201273,0.47088796
23.790075,0.25732306,0.37789068,0.62088436,0.4703084
23.800076,0.25820577,0.37879193,0.62108374,0.4706081
23.810076,0.25746047,0.37901387,0.62036276,0.47032374
23.820072,0.2575416,0.3788119,0.6211647,0.4707492
23.830091,0.25722653,0.37818566,0.6207135,0.46985984
23.840076,0.25794542,0.37800375,0.6209186,0.4703299
23.850077,0.25699407,0.37834996,0.62080306,0.4705635
23.860075,0.2575428,0.37883332,0.6215908,0.47007477
23.870075,0.25727475,0.37827405,0.62096596,0.46950567
23.88008,0.2575274,0.3783527,0.62109417,0.4703914
23.890076,0.2577889,0.37890363,0.6212011,0.47006702
23.900085,0.25715095,0.37799942,0.62216586,0.4702017
23.91008,0.2582288,0.37826166,0.621676,0.47000945
23.920076,0.25732714,0.3781724,0.6210917,0.47014436
23.930075,0.25820747,0.37892765,0.62310183,0.4701913
23.940073,0.2570716,0.37808847,0.62314314,0.46995246
23.950075,0.2578532,0.37858167,0.62329084,0.47057942
23.960077,0.25440282,0.3755744,0.62174475,0.46923435
23.970083,0.25660244,0.37765008,0.62253416,0.4690569
23.980074,0.25617945,0.37734094,0.62209404,0.46988678
23.990074,0.25640193,0.3773307,0.6225469,0.47003672
24.00009,0.25617376,0.37698117,0.62209666,0.46992365
24.010078,0.2562319,0.3773164,0.6225602,0.46993232
24.020077,0.25594714,0.3772212,0.62221617,0.4698205
24.030077,0.25608373,0.3781278,0.6212969,0.46951312
24.040075,0.25669694,0.37806934,0.62272894,0.4700732
24.050087,0.2573141,0.37821612,0.6230722,0.46970215
24.060078,0.25794697,0.37874767,0.6227292,0.46976092
24.070082,0.25782433,0.37785923,0.62315625,0.46980765
24.080078,0.25780377,0.3784648,0.6233005,0.47000444
24.090076,0.25774726,0.37836027,0.62394583,0.4701522
24.100077,0.2571838,0.37857035,0.6233626,0.4694366
24.110075,0.2581192,0.37862107,0.6230339,0.46986872
24.120075,0.25757325,0.3794087,0.6244639,0.4702349
24.130074,0.2578319,0.37813696,0.62344956,0.47001782
24.140097,0.25735334,0.37868932,0.62414026,0.46992773
24.150076,0.25743902,0.37814862,0.62381,0.46988454
24.160074,0.257903,0.37855273,0.62439644,0.46973303
24.170078,0.2574848,0.378265,0.6219998,0.4693689
24.180075,0.2571594,0.37830573,0.6252937,0.4692201
24.190075,0.257228,0.3790858,0.62289,0.46981472
24.200075,0.2574824,0.37835222,0.624491,0.46961525
24.210075,0.2582935,0.3788449,0.6238327,0.4695424
24.220087,0.25720778,0.37814382,0.6248688,0.47012952
24.23008,0.25857338,0.3790566,0.62456274,0.47057903
24.240095,0.25802523,0.37804103,0.62439895,0.47080716
24.250074,0.25852838,0.37905365,0.6250183,0.46824482
24.260075,0.25783512,0.37860465,0.62460846,0.47065318
24.270077,0.25797808,0.37925422,0.6250943,0.46971607
24.280077,0.25811937,0.37836748,0.6246431,0.46907797
24.290075,0.25786045,0.3790165,0.6249159,0.4695756
24.300074,0.2576474,0.37858436,0.62459594,0.46986505
24.310076,0.25812235,0.37862533,0.62530535,0.46989545
24.320076,0.25757062,0.37813455,0.6250822,0.46984756
24.330076,0.25839674,0.37886763,0.6248864,0.46956
24.340092,0.25785825,0.3784858,0.6251337,0.46930614
24.350075,0.25701782,0.3785978,0.62566745,0.4694656
24.360075,0.2581891,0.37892973,0.6255561,0.46964908
24.370077,0.25773722,0.37899843,0.62560356,0.46922398
24.380077,0.2582171,0.37933955,0.62597454,0.46966612
24.390076,0.2581763,0.37883013,0.6254949,0.4696697
24.400076,0.25780293,0.37913877,0.6261397,0.47021797
24.410076,0.25827098,0.37933886,0.6257444,0.46919453
24.420073,0.25773358,0.37926945,0.625858,0.47021723
24.430075,0.2578311,0.3788069,0.6259897,0.46950665
24.440073,0.25761732,0.37857133,0.62640923,0.4702754
24.450075,0.25746223,0.37876627,0.6271163,0.46969828
24.460075,0.2575967,0.3782097,0.6265465,0.46984795
24.47008,0.2574824,0.3786778,0.6267121,0.46883824
24.480076,0.25761235,0.37900987,0.6270434,0.46953872
24.490072,0.2579305,0.37916663,0.6271473,0.46929315
24.500074,0.25774428,0.3788362,0.6265181,0.46990117
24.510075,0.2580967,0.37861934,0.62711734,0.46948588
24.520075,0.25817335,0.37857518,0.62735796,0.4695427
24.530075,0.2574068,0.37940893,0.62771845,0.470153
24.540071,0.25780508,0.37900677,0.6274135,0.4694531
24.550108,0.25630003,0.37907374,0.6276982,0.46945682
24.560078,0.2580132,0.3789384,0.62738425,0.46933392
24.57008,0.25775322,0.3788661,0.6281874,0.46942216
24.580078,0.25765482,0.37879443,0.6277985,0.4696116
24.590076,0.25755113,0.3785891,0.627839,0.46974304
24.600075,0.25747004,0.37893447,0.62768316,0.46924812
24.610075,0.25721297,0.3783681,0.62758017,0.46980268
24.620075,0.2585155,0.37893334,0.62922734,0.46927387
24.630074,0.25851855,0.3798656,0.62781644,0.4690753
24.640076,0.25846606,0.3793844,0.6280066,0.46984783
24.650099,0.25692424,0.37924343,0.6276304,0.46955153
24.660074,0.25785482,0.37959245,0.6289561,0.4693694
24.67008,0.25768712,0.37923762,0.62803537,0.46982086
24.680077,0.25785494,0.37947637,0.6303567,0.46983334
24.690075,0.25818065,0.3790135,0.62813205,0.46915492
24.700075,0.25806153,0.37909707,0.62813556,0.46948034
24.710081,0.25824314,0.37873003,0.628095,0.46933714
24.72008,0.25790843,0.3785803,0.6276036,0.46967906
24.730076,0.25783682,0.37901142,0.62994313,0.46986565
24.740074,0.25816447,0.37898806,0.6301737,0.46949744
24.750093,0.25801423,0.37882745,0.62972295,0.4697606
24.760077,0.2581466,0.37952802,0.63030756,0.46941128
24.770075,0.25853786,0.37901583,0.6287758,0.46925533
24.780073,0.25796834,0.37902057,0.6299976,0.46950495
24.790075,0.25876498,0.37941822,0.6303538,0.46946993
24.800076,0.2583007,0.37851653,0.6299997,0.46924594
24.810076,0.25790757,0.37947634,0.62937534,0.46873084
24.820074,0.2587282,0.3792951,0.6301976,0.46912062
24.830074,0.25793245,0.37900147,0.6298213,0.46934453
24.840075,0.2581425,0.3788599,0.63028973,0.46954083
24.850079,0.25888523,0.37947935,0.6303723,0.46927288
24.860075,0.25712416,0.37913764,0.6308142,0.46956974
24.870075,0.25818798,0.37979004,0.6301097,0.46937123
24.880081,0.2575386,0.37752923,0.6307467,0.46948767
24.890076,0.25742123,0.37902823,0.6318576,0.46939254
24.900085,0.2564912,0.3786524,0.6308508,0.46912205
24.910078,0.2575484,0.3790705,0.63110083,0.4692665
24.920074,0.2577713,0.379482,0.63068604,0.46952716
24.930077,0.2578981,0.37889507,0.6310422,0.46929777
24.940075,0.25760597,0.37898585,0.6305732,0.4692962
24.950092,0.25716218,0.37928134,0.63133335,0.46942216
24.960077,0.25787285,0.37919447,0.63165903,0.46943697
24.970074,0.25746354,0.37899965,0.6317133,0.4687008
24.980074,0.25808552,0.37958592,0.6319568,0.46970832
24.990074,0.25737762,0.37925136,0.6318014,0.46872282
25.000084,0.2572173,0.37949175,0.6308655,0.4693672
25.010077,0.25781488,0.37849972,0.631761,0.47003075
25.020073,0.25836575,0.37909856,0.63193995,0.46872568
25.030075,0.2576704,0.37926736,0.63253,0.46882862
25.040075,0.25810066,0.37932643,0.6325461,0.4695451
25.050144,0.25485513,0.37930542,0.63270676,0.4691574
25.060081,0.25856534,0.37932807,0.6318522,0.46983352
25.070078,0.2582957,0.37999225,0.632196,0.4690155
25.080076,0.25802207,0.3789095,0.63281393,0.4696229
25.090073,0.25789982,0.37991077,0.63339025,0.4690228
25.100075,0.25759143,0.37886685,0.6329671,0.46954015
25.110077,0.25863674,0.37991112,0.63340706,0.46928516
25.120075,0.25837344,0.3797788,0.6328098,0.46916783
25.130075,0.2579096,0.3795237,0.6330274,0.46874306
25.140074,0.257635,0.37925813,0.63351953,0.46865815
25.150091,0.25899565,0.38013542,0.63363403,0.4695944
25.160076,0.25807294,0.37964687,0.6335568,0.46838048
25.170078,0.25834426,0.37975833,0.6337844,0.46925983
25.180077,0.25836527,0.37869462,0.63421154,0.46923503
25.190075,0.25786418,0.3794438,0.6342452,0.4692348
25.200075,0.25752363,0.37947777,0.6337753,0.46885014
25.210075,0.25786972,0.37682536,0.6346816,0.46848598
25.220083,0.25799382,0.37886778,0.63385814,0.46902072
25.230083,0.25750944,0.3791156,0.63503397,0.4692035
25.240076,0.2578802,0.37927705,0.6356971,0.46928445
25.250097,0.25787273,0.3792955,0.6331843,0.46831536
25.260073,0.25780872,0.37963814,0.6346253,0.46855685
25.270079,0.25854868,0.3802126,0.6339984,0.46881765
25.280077,0.2584701,0.3790722,0.6345683,0.4698615
25.290075,0.25757086,0.37911424,0.6345431,0.46826434
25.300076,0.25814694,0.3793427,0.63468546,0.469363
25.310076,0.25835392,0.3794727,0.634635,0.468578
25.320074,0.25890842,0.3803566,0.63585,0.4685665
25.330072,0.25731826,0.37942454,0.6353528,0.4686938
25.340075,0.25740057,0.37912998,0.6349914,0.4686146
25.35008,0.25765094,0.37924206,0.6342947,0.46851027
25.360075,0.2580645,0.37940902,0.635842,0.46939057
25.370079,0.25835225,0.37960368,0.6354543,0.4688152
25.380074,0.25805745,0.37956223,0.63578856,0.4693554
25.390074,0.25817955,0.38003215,0.63547844,0.46891809
25.400072,0.25828668,0.3794101,0.63613206,0.46890402
25.410074,0.2583306,0.37913463,0.6358799,0.4688154
25.420073,0.25869173,0.37940267,0.6362104,0.46938455
25.430075,0.25810927,0.3797184,0.6362282,0.4690186
25.440075,0.25824624,0.37931252,0.6355646,0.46864352
25.450077,0.2584297,0.3794551,0.63660663,0.468976
25.460075,0.2586922,0.3794015,0.6355249,0.46879092
25.470078,0.25890982,0.38015538,0.6366835,0.468983
25.480078,0.2582366,0.3798904,0.63475245,0.4686191
25.490072,0.25781074,0.37979442,0.63845605,0.46854195
25.500072,0.25904593,0.37967145,0.636562,0.46852645
25.510075,0.25784743,0.38009533,0.6363706,0.46880764
25.520075,0.25873655,0.37943032,0.63695073,0.4688885
25.530075,0.2582169,0.37964538,0.6371397,0.46865103
25.540075,0.2580911,0.38017997,0.6371773,0.468243
25.550117,0.25495055,0.37715203,0.63697755,0.46838522
25.560083,0.25823128,0.37988114,0.6378683,0.4692495
25.570078,0.25783277,0.37928018,0.63692796,0.4697521
25.580076,0.2580251,0.3795963,0.63784474,0.46947843
25.590076,0.25775427,0.37937528,0.63746256,0.46874654
25.600075,0.25762236,0.3800618,0.6374987,0.46888244
25.610077,0.25771204,0.37962306,0.6378558,0.46757898
25.620073,0.2588046,0.37991887,0.6375093,0.46858865
25.630074,0.25793114,0.37951353,0.6381386,0.46869013
25.640076,0.25845137,0.37928367,0.6385156,0.4686417
25.650076,0.2575891,0.37988192,0.63801455,0.46836245
25.660076,0.25841713,0.3798854,0.6387953,0.46865326
25.670082,0.25839037,0.37945426,0.63809276,0.46903273
25.680077,0.2574639,0.38023472,0.6388447,0.46874258
25.690073,0.25840098,0.3795804,0.63748556,0.4685158
25.700075,0.25781164,0.38010535,0.6375631,0.4683285
25.710073,0.2568536,0.37975752,0.63845885,0.46881723
25.72008,0.2589351,0.37966862,0.6400119,0.46844223
25.73008,0.2581704,0.38057712,0.63866127,0.4685124
25.740074,0.25803852,0.37987083,0.63960356,0.4682942
25.750076,0.2586451,0.3797653,0.63950497,0.46882638
25.760075,0.25814366,0.37973744,0.63931704,0.46877465
25.770079,0.2591612,0.38091913,0.63941073,0.4683957
25.780077,0.25776932,0.37998977,0.6394478,0.46885172
25.790075,0.25745177,0.37953234,0.6396964,0.46827376
25.800074,0.25813222,0.37909284,0.6401268,0.4686199
25.810074,0.2588187,0.37950954,0.640033,0.46903795
25.820074,0.25875744,0.38000643,0.6393079,0.46821725
25.830074,0.25796655,0.3800411,0.63973653,0.4683625
25.840075,0.25818148,0.37963173,0.6394456,0.46788764
25.850075,0.25781307,0.37946522,0.6399065,0.4687848
25.860071,0.25911132,0.3803842,0.6404502,0.4692596
25.870077,0.25862956,0.37970445,0.6402188,0.46851647
25.880075,0.25893724,0.38002685,0.639842,0.46864495
25.890076,0.2576227,0.38037673,0.64082474,0.46798432
25.9001,0.25594407,0.38000727,0.6410291,0.46824428
25.910086,0.25761607,0.37951905,0.6402952,0.46894524
25.920078,0.25904736,0.37968215,0.6403056,0.4690036
25.930075,0.25801796,0.37989083,0.6409638,0.46834546
25.940077,0.25817558,0.3797977,0.64117223,0.46916288
25.950075,0.25788376,0.380009,0.6406432,0.4682617
25.960075,0.25794238,0.38063955,0.6408553,0.46821752
25.97008,0.25824866,0.37980545,0.6413379,0.46831
25.980074,0.25731435,0.38060713,0.64067364,0.46894553
25.990076,0.25839314,0.38019127,0.6413049,0.4688418
26.000088,0.25785354,0.37921637,0.64097327,0.4681184
26.01008,0.25801915,0.3801499,0.6412745,0.46872163
26.020075,0.2580663,0.37944904,0.64209265,0.4688706
26.030077,0.25845906,0.38064122,0.6411245,0.46846378
26.040075,0.25796196,0.38013804,0.64249617,0.4678778
26.050085,0.25687537,0.3781323,0.64186263,0.46849614
26.060081,0.25753146,0.37965286,0.64230394,0.46900865
26.070074,0.2583006,0.3792316,0.64262646,0.46923175
26.080076,0.25742948,0.38071805,0.64211863,0.46852872
26.090076,0.25841805,0.37969184,0.6423493,0.46848226
26.100073,0.2582017,0.37996745,0.64256096,0.46879256
26.110075,0.25856152,0.38005462,0.64189047,0.46837434
26.120071,0.25833923,0.3798231,0.6432428,0.46950343
26.130074,0.25758296,0.37998334,0.64168966,0.46855694
26.140076,0.25819975,0.37994754,0.6438636,0.46837544
26.150074,0.25809902,0.3800568,0.6433035,0.46843353
26.160076,0.25841382,0.3797748,0.64235747,0.46827927
26.170074,0.257886,0.3803686,0.64443606,0.46845487
26.180077,0.2585386,0.38001335,0.6443021,0.4686619
26.190075,0.2586581,0.37960634,0.6438543,0.4688047
26.200075,0.25905058,0.38006818,0.64405733,0.46822748
26.210085,0.25853097,0.38043216,0.64320266,0.467922
26.220078,0.25892147,0.3806601,0.6427273,0.46893662
26.230076,0.25872177,0.3803961,0.6427227,0.4689331
26.240074,0.25821978,0.38003442,0.64314944,0.46812144
26.250076,0.25898144,0.38069218,0.6428468,0.468461
26.260096,0.25872126,0.38087866,0.64358306,0.46884575
26.270077,0.2585576,0.38080564,0.6431902,0.46835187
26.280073,0.25819367,0.3801115,0.6441815,0.4686278
26.290073,0.25858605,0.38032693,0.6437898,0.46831197
26.300074,0.25825423,0.38048714,0.6438643,0.46885505
26.310076,0.25940666,0.3801563,0.6439033,0.46800488
26.320076,0.2588767,0.3800099,0.6443613,0.46887055
26.330074,0.25839555,0.38085368,0.64452565,0.4684426
26.340073,0.25928533,0.38042864,0.6442054,0.4689141
26.350073,0.25860965,0.38062888,0.644294,0.46865332
26.36008,0.25840354,0.38031784,0.644233,0.46859825
26.370075,0.25803313,0.38063148,0.6444187,0.46831942
26.380075,0.2580181,0.38005123,0.6441502,0.46828464
26.390076,0.25803393,0.38057506,0.64484036,0.4685582
26.400076,0.25796318,0.38006556,0.64498794,0.46805668
26.410072,0.25823668,0.3804358,0.6446954,0.468323
26.420074,0.25790372,0.38004994,0.64460343,0.4685457
26.430077,0.25862014,0.38021252,0.6445299,0.46918568
26.440075,0.2583707,0.3803821,0.6450327,0.46893743
26.450075,0.25799763,0.38023052,0.6458205,0.46872634
26.460072,0.25837082,0.38017023,0.64360154,0.4685767
26.470074,0.25798413,0.3804682,0.6447014,0.46893138
26.480074,0.25801829,0.38022926,0.64547634,0.46921676
26.490074,0.25766033,0.38029528,0.646092,0.46809033
26.500074,0.2579809,0.3803295,0.64626914,0.4685053
26.510077,0.25847062,0.37999484,0.6448324,0.4686314
26.52008,0.2588381,0.38119766,0.64639604,0.46907622
26.53008,0.25817153,0.38023967,0.64599395,0.4690941
26.540075,0.2588953,0.38030794,0.6455044,0.4685369
26.55009,0.25754833,0.37897098,0.646143,0.46819022
26.560081,0.25814867,0.38022196,0.6456756,0.46910483
26.57008,0.25771022,0.37966776,0.6456901,0.46893957
26.580076,0.2582878,0.37968418,0.64557713,0.46923223
26.590076,0.25859618,0.3801375,0.6461576,0.4689739
26.600075,0.2589976,0.38025627,0.6461864,0.4685756
26.610077,0.25878778,0.38114727,0.6462476,0.46881753
26.620071,0.25860524,0.3802509,0.64658403,0.46901605
26.630075,0.2583459,0.3813528,0.64653164,0.46855438
26.640078,0.25783262,0.38041866,0.64671737,0.4690555
26.650074,0.25820392,0.38119245,0.6470034,0.4691068
26.660076,0.25900972,0.38018513,0.6466916,0.46911004
26.670078,0.25838563,0.38115376,0.64713794,0.46876252
26.680075,0.25884002,0.3810786,0.64667296,0.46865034
26.690075,0.25821647,0.38046125,0.6482681,0.46944055
26.700073,0.25857905,0.38057202,0.6472215,0.46843797
26.710075,0.25825888,0.3803696,0.6475695,0.46816894
26.72008,0.25892675,0.38042402,0.6494738,0.46894446
26.730082,0.25700086,0.38017428,0.6471506,0.4675261
26.740076,0.25820625,0.37984994,0.64757705,0.47026768
26.750076,0.25691047,0.38037315,0.6468657,0.47060263
26.760075,0.2575184,0.37998384,0.6474842,0.46784127
26.770075,0.25761598,0.3797853,0.64754134,0.46896324
26.780077,0.257899,0.37983185,0.64773077,0.47020996
26.790075,0.25756508,0.37956285,0.6474699,0.46941912
26.800074,0.257338,0.37991664,0.6473686,0.46931157
26.810076,0.25913915,0.38017216,0.64746326,0.46904755
26.820072,0.25945032,0.38118628,0.64856046,0.4687076
26.830074,0.25748736,0.38033146,0.64807135,0.4690722
26.840075,0.2578147,0.38057634,0.64816934,0.46883705
26.850075,0.25777975,0.3803701,0.648716,0.46906507
26.860075,0.2581085,0.3804214,0.6487164,0.4685844
26.870079,0.2580977,0.38079938,0.6485111,0.4691945
26.880075,0.2584437,0.38034528,0.6487892,0.4689609
26.890074,0.2585314,0.38071403,0.6478815,0.46883485
26.900085,0.25761268,0.38055834,0.64653504,0.46904936
26.910078,0.2577942,0.3812144,0.6503031,0.46928346
26.920073,0.25747028,0.38115078,0.64938754,0.46929336
26.930077,0.25892526,0.380976,0.6493565,0.46934265
26.940073,0.25796857,0.38054836,0.647583,0.46977317
26.950075,0.258612,0.3807772,0.6478067,0.46932688
26.960081,0.25838947,0.380031,0.647759,0.4690972
26.97008,0.25909573,0.38058326,0.64858896,0.46910933
26.980078,0.2587441,0.3801495,0.64936507,0.4683073
26.990076,0.25839132,0.3812123,0.64967173,0.46892238
27.000084,0.2581637,0.38059354,0.64933103,0.46909803
27.010077,0.25870565,0.3804626,0.6494295,0.46882114
27.020077,0.25896993,0.38077065,0.6495642,0.46872443
27.030075,0.25869718,0.38054022,0.6499304,0.46917966
27.040075,0.25916976,0.38118732,0.649484,0.469189
27.050085,0.25891528,0.38062188,0.6503345,0.46834248
27.060081,0.25892925,0.38101023,0.64953375,0.469505
27.070076,0.25834724,0.38121238,0.64945704,0.46875116
27.080076,0.25845984,0.38080087,0.64917123,0.46992156
27.090075,0.25825816,0.3806367,0.64964634,0.46939662
27.100075,0.2581759,0.38062027,0.651203,0.46883193
27.110075,0.25841415,0.38066787,0.6506901,0.46875942
27.120073,0.2586611,0.38078082,0.6503608,0.469479
27.130074,0.25895476,0.38077724,0.65110683,0.4689127
27.140076,0.2585203,0.38086188,0.6509824,0.4696096
27.150076,0.25809574,0.38076428,0.65006584,0.4690822
27.160076,0.25819227,0.38073796,0.650457,0.46938178
27.170076,0.25893703,0.38122714,0.6503774,0.4695088
27.180073,0.25869465,0.38114768,0.6501961,0.46937716
27.190073,0.25865662,0.38104805,0.6504455,0.46908346
27.200075,0.2581603,0.3808733,0.65112716,0.4694121
27.210075,0.2586327,0.38095912,0.6514765,0.46952546
27.220074,0.25859687,0.38124925,0.65103656,0.46869627
27.230076,0.25919217,0.38115013,0.65155894,0.47036514
27.240072,0.25855803,0.3807982,0.65036505,0.46937075
27.250074,0.25818935,0.38160744,0.651115,0.46925807
27.260077,0.25833055,0.38068566,0.65096366,0.46968874
27.270075,0.2584165,0.3809229,0.6515014,0.46964657
27.280073,0.2583452,0.3817378,0.6512848,0.46943593
27.290075,0.25870842,0.38130376,0.65117264,0.4693217
27.300074,0.25833693,0.3808062,0.6508567,0.46979803
27.310074,0.2588707,0.38115427,0.6513316,0.46945834
27.320074,0.2585375,0.38048849,0.65173036,0.46952876
27.330074,0.25793117,0.38115636,0.6508015,0.46980283
27.340075,0.25861588,0.3808429,0.65144855,0.46978477
27.350073,0.2582149,0.38108233,0.65135086,0.46980917
27.360075,0.25944114,0.3810387,0.6515133,0.46976992
27.370073,0.25900552,0.380614,0.65163857,0.46998295
27.380075,0.25856403,0.38133356,0.6518657,0.46966285
27.390072,0.25870922,0.38205418,0.6520418,0.46986288
27.400072,0.25878736,0.38199812,0.6518688,0.46977407
27.410076,0.25920647,0.38094416,0.6522312,0.46957815
27.420074,0.25872862,0.381248,0.6516083,0.47053546
27.430075,0.25811762,0.38106042,0.65209186,0.46966073
27.440073,0.2594551,0.38107103,0.65255195,0.46991533
27.450075,0.25870082,0.38132504,0.65234435,0.4700369
27.460075,0.25842285,0.3808544,0.65270853,0.4695881
27.470074,0.25943995,0.38126692,0.6519576,0.4701847
27.480074,0.25803152,0.38098526,0.65306866,0.4695786
27.490074,0.25913703,0.38081488,0.6523951,0.46933538
27.500074,0.25833768,0.3809161,0.65266556,0.469814
27.510073,0.25898787,0.3814826,0.6530648,0.47026303
27.520073,0.2591098,0.38081297,0.6530067,0.47033164
27.530073,0.25860673,0.38188797,0.6522861,0.4701526
27.540073,0.25836343,0.38089743,0.6530469,0.4695053
27.550083,0.2584632,0.38237607,0.652614,0.47066674
27.560081,0.25808057,0.38063222,0.65217364,0.4703213
27.570078,0.25820354,0.38111955,0.65429884,0.4705
27.580076,0.25792915,0.38119525,0.65364677,0.4700687
27.590076,0.2584001,0.3813602,0.6527262,0.47001883
27.600073,0.25855356,0.38142055,0.6541416,0.47000924
27.610075,0.25886536,0.3809226,0.65174145,0.47001088
27.620073,0.25829908,0.38092104,0.65471554,0.47018898
27.630075,0.2579391,0.38099918,0.6544689,0.470557
27.640074,0.2584819,0.3810831,0.6531758,0.47014517
27.650074,0.25883758,0.3819623,0.65298903,0.47039798
27.660074,0.25856894,0.38086385,0.65405095,0.4701032
27.670076,0.25829685,0.3810873,0.65389556,0.4693966
27.680077,0.25908917,0.38176686,0.65440804,0.47092372
27.690073,0.2586883,0.38080117,0.65326214,0.47085893
27.700075,0.25899762,0.38178968,0.654017,0.4695008
27.710075,0.2583891,0.38099882,0.6543652,0.47039595
27.720076,0.25893068,0.38134727,0.654813,0.47007167
27.730076,0.258679,0.38130975,0.65388596,0.47087803
27.740074,0.25840655,0.38162467,0.65400267,0.47021344
27.750074,0.25919744,0.38098344,0.65437645,0.4708882
27.760073,0.25960428,0.3812935,0.6541446,0.470058
27.770073,0.25835797,0.38158843,0.65400934,0.47029874
27.780075,0.25980818,0.3825011,0.6542004,0.47087252
27.790075,0.2585858,0.38134116,0.6543542,0.47112587
27.800072,0.258352,0.38150445,0.6543784,0.4703494
27.810074,0.25900856,0.3817769,0.65476745,0.47033986
27.820074,0.25850642,0.3821016,0.6545725,0.47084597
27.830076,0.2591013,0.38149878,0.6547611,0.4703842
27.840075,0.2582496,0.3818514,0.6548307,0.47017398
27.850075,0.25988704,0.3817312,0.654355,0.47081843
27.860073,0.25874168,0.38081732,0.65484625,0.47076574
27.870071,0.25871357,0.38230455,0.6546646,0.47054306
27.880074,0.2587384,0.38163134,0.65554595,0.4706172
27.890072,0.2596609,0.38207608,0.6548437,0.47180983
27.900087,0.25918284,0.3814164,0.6550553,0.47032866
27.910082,0.25807998,0.38107768,0.65475947,0.4713893
27.920074,0.25840193,0.38207582,0.6547705,0.4712522
27.930075,0.25772923,0.38123605,0.65442073,0.47041208
27.940075,0.259156,0.38166752,0.65519,0.47016507
27.950073,0.2587682,0.38148925,0.65529287,0.47042236
27.960073,0.25927764,0.38158676,0.65624607,0.47101757
27.970098,0.25975153,0.38147616,0.65603673,0.47072768
27.980072,0.2589444,0.381248,0.65610546,0.47098777
27.990074,0.25879443,0.38099077,0.6556089,0.47061047
28.000082,0.25915697,0.38140315,0.6566479,0.47098047
28.010078,0.25864184,0.38047835,0.656611,0.4712423
28.020075,0.25827625,0.38147837,0.6562199,0.4712353
28.030075,0.2582756,0.38135466,0.6555147,0.4709011
28.040073,0.25854304,0.3821284,0.65648645,0.47113356
28.050083,0.26020002,0.3820518,0.6563886,0.47111088
28.060081,0.2582009,0.38114306,0.6561684,0.4715292
28.07011,0.258711,0.38098612,0.65481657,0.47103122
28.080078,0.25870776,0.381604,0.6577586,0.47124782
28.090075,0.25884178,0.381142,0.65547204,0.47113457
28.100073,0.25897565,0.3812896,0.6562576,0.47125024
28.110075,0.25875938,0.3812289,0.6562945,0.47144043
28.120075,0.2580752,0.38169134,0.65769917,0.47097322
28.130077,0.2583987,0.38144627,0.65749717,0.47111207
28.140074,0.259339,0.3811869,0.6554442,0.4710616
28.150074,0.25968796,0.38162965,0.6576749,0.47118863
28.160072,0.2590488,0.38152787,0.6568331,0.47200987
28.170074,0.25942665,0.38257623,0.6568257,0.47162178
28.180075,0.25923312,0.38107386,0.6576238,0.47068846
28.190075,0.25890097,0.3821274,0.65719765,0.47180626
28.200075,0.25889754,0.38119146,0.6566647,0.47106427
28.210073,0.2586862,0.3814158,0.657566,0.470897
28.220083,0.25895044,0.38153997,0.6575642,0.47162452
28.23008,0.2588005,0.38178062,0.6571119,0.47143486
28.240074,0.25909084,0.3812392,0.65683013,0.4711221
28.250074,0.25915983,0.3823598,0.6568043,0.47148362
28.260073,0.2597546,0.3824056,0.65736604,0.4710764
28.27008,0.25885066,0.3818295,0.6573394,0.4720557
28.280075,0.2595147,0.38177633,0.65943605,0.47209555
28.290073,0.2593546,0.3815426,0.65703046,0.47176853
28.300076,0.25988287,0.3820826,0.6588944,0.4720106
28.310076,0.2588489,0.38228446,0.65558827,0.47191527
28.320074,0.25921226,0.38224143,0.6559682,0.4718526
28.330074,0.2585928,0.38132063,0.65812004,0.4719101
28.340073,0.25847834,0.3822612,0.6592051,0.47169772
28.350075,0.25873148,0.38187164,0.6568149,0.47173005
28.360075,0.25856155,0.38131016,0.6576918,0.47141078
28.370079,0.25863212,0.3815572,0.6582835,0.47183946
28.380077,0.25881258,0.38134038,0.65785277,0.47224995
28.390076,0.25809303,0.38160166,0.6578693,0.47171888
28.400074,0.25946993,0.3821967,0.6586491,0.4725106
28.410072,0.25873953,0.38239303,0.65823615,0.47066766
28.420074,0.25843036,0.3819038,0.6580108,0.4727814
28.430075,0.25908077,0.3814794,0.65835816,0.47330022
28.440075,0.2591359,0.38196415,0.6580023,0.47132242
28.450075,0.2597406,0.3819256,0.6585112,0.47285157
28.460072,0.2583346,0.381446,0.65918446,0.47270215
28.470078,0.25925854,0.38191575,0.6588108,0.4726071
28.480074,0.25910416,0.38218734,0.65860784,0.47164437
28.490076,0.2590644,0.38240707,0.6592561,0.47239208
28.500074,0.25977126,0.3819227,0.6594914,0.47231135
28.510075,0.25897968,0.38173002,0.6595006,0.4724893
28.520075,0.25906095,0.38212535,0.659141,0.47191018
28.53007,0.25926027,0.38161147,0.6582968,0.47229964
28.540073,0.25898877,0.38150904,0.65862924,0.47217688
28.550089,0.2596595,0.3818878,0.65961444,0.4721409
28.560091,0.25881082,0.38259357,0.6604174,0.47258294
28.570082,0.25926644,0.38207704,0.660225,0.472586
28.580072,0.25972226,0.38203153,0.65916616,0.47306868
28.590076,0.25904638,0.3821146,0.65930754,0.4723168
28.600075,0.25937304,0.38210976,0.6602829,0.47227037
28.610075,0.25888398,0.38206506,0.65945876,0.47273007
28.620075,0.25897086,0.38208923,0.65973413,0.4726787
28.630075,0.25885895,0.38250846,0.6599649,0.47188818
28.640074,0.25921875,0.381961,0.65949625,0.47381517
28.650074,0.25942367,0.38263157,0.65918386,0.47330287
28.660072,0.2588206,0.3818211,0.6596847,0.47249895
28.670078,0.2592565,0.38249865,0.65929693,0.47188592
28.680077,0.2586253,0.3821378,0.65923864,0.4724089
28.690075,0.25848117,0.38263756,0.65991473,0.4733572
28.700073,0.2592918,0.3825189,0.65956783,0.47309932
28.710075,0.2597413,0.38213906,0.66048485,0.47296476
28.72008,0.2587898,0.3819097,0.66019374,0.47278357
28.73008,0.25916225,0.38268664,0.66052425,0.47350553
28.740074,0.25916675,0.38271746,0.66047543,0.47333938
28.750072,0.26020193,0.38273704,0.6599736,0.47323933
28.760075,0.25898775,0.3817546,0.66029304,0.47381675
28.770075,0.25925735,0.38239038,0.6600621,0.47331613
28.780077,0.25904015,0.38218844,0.6603634,0.47352812
28.790075,0.25805807,0.382158,0.66004235,0.47360295
28.800074,0.25902635,0.38164183,0.6602298,0.47331184
28.810076,0.25936106,0.38203758,0.66009533,0.4729984
28.820072,0.25880814,0.382,0.6613688,0.47313327
28.830076,0.25896668,0.38231805,0.6607186,0.47294185
28.840075,0.2595633,0.38144493,0.6599316,0.47309333
28.850075,0.25877458,0.3821699,0.6615375,0.4731272
28.860073,0.2590335,0.38263357,0.65882087,0.4737403
28.870075,0.25813586,0.38207012,0.66006863,0.47338513
28.880075,0.25959843,0.3822866,0.6596933,0.47387424
28.890074,0.25867265,0.38161767,0.6594531,0.47314954
28.900091,0.25911283,0.38277194,0.6609762,0.47319528
28.91009,0.25881007,0.38159224,0.66104305,0.4733348
28.920078,0.25928658,0.38271004,0.6612648,0.4734349
28.930079,0.25912422,0.38214952,0.660876,0.47246334
28.940073,0.25936967,0.38256228,0.66070336,0.47322544
28.950075,0.25869063,0.38268974,0.66063046,0.47345683
28.960075,0.25970617,0.38217443,0.6611811,0.4735702
28.97008,0.25923437,0.38250756,0.661473,0.47362417
28.980076,0.25953498,0.3821719,0.66096544,0.47345376
28.990078,0.2585085,0.38242424,0.6616734,0.4740076
29.000088,0.25919902,0.3824101,0.66163915,0.4729223
29.010077,0.25917128,0.38264558,0.66181684,0.47380543
29.020073,0.25904706,0.3822927,0.6620986,0.47330123
29.030077,0.25934026,0.38280606,0.66172856,0.47337097
29.040073,0.25915435,0.38246498,0.66101646,0.4735582
29.050093,0.2587907,0.38229975,0.6617809,0.47394863
29.06009,0.25874707,0.3822303,0.6619117,0.47359833
29.070082,0.25942153,0.3823834,0.6618891,0.4740248
29.0801,0.25973132,0.38226447,0.6617034,0.47323647
29.090073,0.25890118,0.38250613,0.6620546,0.47462037
29.100073,0.25961745,0.38230714,0.66178507,0.47432473
29.110075,0.25876456,0.38237283,0.66146576,0.47413573
29.120075,0.25876015,0.3820428,0.66205543,0.4738845
29.130074,0.25839248,0.38173214,0.66238326,0.47375047
29.140076,0.25899547,0.3823495,0.6619824,0.47354582
29.150074,0.25865158,0.38206688,0.66206986,0.4738517
29.160074,0.2597544,0.38215446,0.6637,0.47380373
29.170073,0.25879282,0.38198972,0.66129583,0.4746448
29.180088,0.259499,0.38206914,0.662884,0.47468194
29.190088,0.25878462,0.38006952,0.66221064,0.47359085
29.20008,0.25944868,0.38242182,0.662475,0.47417584
29.210077,0.25791365,0.38236016,0.66216844,0.4741935
29.220074,0.25857544,0.38214695,0.66245264,0.4747111
29.230074,0.25946575,0.38295177,0.6619182,0.4737252
29.240074,0.25902647,0.3822601,0.6624793,0.4747716
29.250072,0.25910163,0.38174817,0.66226286,0.4740624
29.260075,0.25930023,0.38203764,0.6626744,0.4739272
29.270075,0.25919205,0.38252476,0.663217,0.47390264
29.280094,0.25895613,0.38297665,0.6623476,0.47398245
29.290077,0.25841495,0.38219568,0.66240466,0.47420764
29.300074,0.2593769,0.3825926,0.66324544,0.4740176
29.310074,0.25919124,0.38243505,0.6628682,0.47452006
29.320074,0.2594281,0.38302267,0.663398,0.47461763
29.330074,0.25989723,0.38240343,0.66244704,0.47481674
29.340073,0.25898755,0.38276553,0.6640417,0.47452274
29.350075,0.26028404,0.38327402,0.6613659,0.47394353
29.360075,0.25960305,0.38219088,0.6626316,0.47420186
29.370073,0.2594764,0.3823457,0.6644545,0.474758
29.380081,0.25951064,0.38265008,0.6639796,0.47435987
29.390074,0.25940007,0.3830227,0.6610439,0.4745621
29.400076,0.25936708,0.38291344,0.6624046,0.47454908
29.410074,0.25933,0.38257086,0.66197234,0.4748389
29.420073,0.259617,0.3821581,0.66261935,0.4746667
29.430075,0.2591521,0.3823924,0.6640832,0.47502428
29.440073,0.2587885,0.3827994,0.663832,0.47416782
29.450075,0.25961474,0.38261634,0.66440487,0.47513258
29.460075,0.2598061,0.38278767,0.66258734,0.4746292
29.470076,0.25870702,0.38232353,0.66459846,0.47479305
29.48008,0.26029164,0.38293847,0.6630474,0.47540155
29.49007,0.25929704,0.382464,0.6623057,0.47497123
29.500074,0.25836766,0.38262278,0.6639529,0.4742819
29.510075,0.2584637,0.3820314,0.6640361,0.47455505
29.520075,0.25823504,0.38149542,0.66425675,0.47491968
29.530073,0.2580504,0.38183352,0.66419345,0.47447863
29.540071,0.25806242,0.38217038,0.66448325,0.47477692
29.550428,0.25801215,0.38193843,0.66370124,0.4745189
29.560087,0.25775483,0.38091812,0.66444296,0.47454765
29.570078,0.2577634,0.38142473,0.66408646,0.47469908
29.580128,0.25948778,0.3825445,0.66408664,0.47651333
29.59008,0.25931484,0.38263354,0.66450125,0.47432068
29.600077,0.2592915,0.38229194,0.6638592,0.4740678
29.610077,0.2598861,0.3838063,0.6641655,0.4746463
29.620077,0.25925153,0.38236374,0.663988,0.47356316
29.63008,0.2596267,0.38349432,0.66422176,0.4751036
29.64008,0.2591981,0.38137287,0.66418713,0.47524157
29.650078,0.25955066,0.38272336,0.6654006,0.47465855
29.660072,0.25902158,0.38297758,0.66489,0.47564113
29.670078,0.25975215,0.3825835,0.6644724,0.47555313
29.680119,0.259403,0.38325652,0.66437817,0.47466058
29.690077,0.2592709,0.38398263,0.6641923,0.47520673
29.700075,0.25970405,0.3829946,0.6649176,0.4753944
29.710075,0.25905773,0.3823474,0.66450596,0.47521734
29.720076,0.2595151,0.38264614,0.6646913,0.47577912
29.730074,0.25967976,0.3828509,0.6645726,0.4754859
29.740072,0.25995484,0.38325348,0.6650006,0.47527373
29.750072,0.25982165,0.38301718,0.6640763,0.47498414
29.760075,0.25970864,0.38292134,0.6649906,0.47492543
29.770075,0.2595518,0.38240162,0.66443676,0.47527814
29.780073,0.25905943,0.3827169,0.6646278,0.47579962
29.790075,0.25905347,0.38284913,0.6648875,0.4748999
29.800076,0.25966245,0.38266736,0.6651705,0.47537282
29.810076,0.258762,0.3834145,0.6650013,0.47494522
29.820074,0.26027203,0.38393426,0.6652092,0.47594446
29.830074,0.26002923,0.38351324,0.6651408,0.47519523
29.840075,0.2591042,0.38337424,0.6654722,0.47565615
29.850073,0.2599645,0.38240474,0.66488594,0.4752383
29.860075,0.2590337,0.38286093,0.6649412,0.4751314
29.870075,0.2592221,0.38326222,0.6655148,0.47506496
29.880075,0.2597649,0.38342026,0.6650137,0.47560477
29.890076,0.25954682,0.3829637,0.66565806,0.47537914
29.900095,0.2592393,0.3829087,0.6667753,0.47456476
29.910086,0.25908914,0.3833671,0.6661494,0.4755543
29.920076,0.26001683,0.382377,0.6655194,0.47535425
29.930079,0.25887045,0.38225892,0.665535,0.47560436
29.940075,0.25825414,0.38227317,0.6651799,0.4746702
29.950075,0.26007262,0.3834902,0.66531014,0.47460306
29.960073,0.25938207,0.3831599,0.6658739,0.47509494
29.970081,0.25872132,0.3829001,0.6651081,0.47544375
29.980078,0.25825134,0.3835341,0.66593,0.4754136
29.990099,0.25935936,0.38329884,0.66597605,0.47566617
30.000086,0.25896183,0.38235795,0.66609025,0.4755051
30.010077,0.258815,0.38262743,0.66695637,0.47568452
30.020075,0.2593949,0.38288286,0.6654198,0.47550234
30.030077,0.2592701,0.38257042,0.6659697,0.47490248
30.040075,0.25837123,0.38349503,0.6663738,0.4753827
30.050087,0.2583754,0.38324642,0.6662381,0.47516015
30.060083,0.25912032,0.38236564,0.66666275,0.47587472
30.070086,0.25950012,0.38279715,0.6662781,0.47617817
30.08008,0.25952017,0.38334078,0.66631603,0.4748173
30.090075,0.2585148,0.38259616,0.6659894,0.47547248
30.100073,0.2595734,0.38271865,0.66653305,0.47533733
30.110075,0.25909486,0.3824089,0.6658137,0.47487363
30.120075,0.26030648,0.38310945,0.6660207,0.47539032
30.130075,0.25880972,0.3830622,0.66660947,0.47565234
30.140072,0.25967354,0.38346136,0.6661821,0.4757832
30.150076,0.25897637,0.38292283,0.6660235,0.47614354
30.16007,0.25929546,0.38289946,0.66641265,0.47511318
30.17008,0.25979167,0.38361162,0.66647226,0.47565532
30.180079,0.25959474,0.38300198,0.6664155,0.47564393
30.190077,0.2593852,0.38293263,0.6665166,0.47609603
30.200075,0.259333,0.38296258,0.66656244,0.47617832
30.21008,0.25915208,0.38332856,0.6668435,0.47524363
30.220081,0.25919804,0.38286376,0.6668718,0.47529793
30.23008,0.2595256,0.3839062,0.6675624,0.47582707
30.240076,0.25959697,0.38320908,0.6658159,0.47559637
30.250072,0.2601359,0.383503,0.6670693,0.47563776
30.260073,0.25943938,0.38343292,0.6667494,0.47545466
30.270079,0.25957042,0.38316834,0.6673695,0.47581524
30.280077,0.2592092,0.3833208,0.6650702,0.47485086
30.290077,0.25994763,0.38360214,0.66776943,0.4762485
30.300076,0.25981602,0.38281095,0.66655195,0.476232
30.310074,0.25910324,0.38248715,0.66639596,0.47542986
30.320074,0.25956678,0.38319522,0.6675286,0.47473103
30.330072,0.25905684,0.38376606,0.66681534,0.47539684
30.340075,0.25967592,0.3825269,0.66745025,0.47475907
30.350075,0.2591595,0.38334075,0.66679525,0.47601983
30.360073,0.25968793,0.38316825,0.6669633,0.47613683
30.370075,0.25924942,0.38325045,0.66720444,0.47568655
30.380074,0.2601227,0.38423237,0.667018,0.47476152
30.390076,0.25944075,0.383383,0.6671808,0.47545567
30.400074,0.25977337,0.38332444,0.66842806,0.47602025
30.410076,0.25954494,0.38335356,0.6680754,0.47545224
30.420074,0.25979125,0.38386738,0.6658211,0.47514948
30.430075,0.25914884,0.3837144,0.66894704,0.47508192
30.440073,0.2595207,0.38353795,0.6680113,0.4754464
30.450071,0.25924435,0.38301364,0.66870946,0.47496733
30.460075,0.25946268,0.3835165,0.66909426,0.47598884
30.470078,0.2594592,0.38399345,0.66704714,0.47582346
30.480076,0.25946113,0.38411224,0.6677135,0.47539937
30.490074,0.2596765,0.38289195,0.6679251,0.47561535
30.500072,0.2603303,0.38291323,0.667354,0.47517335
30.510075,0.26012847,0.38345492,0.6673011,0.47541314
30.520071,0.2597464,0.38319242,0.66774005,0.47487772
30.530075,0.2598494,0.3847435,0.66755867,0.47510263
30.540075,0.25937366,0.3836375,0.66780657,0.47479078
30.550081,0.2580158,0.38343582,0.6679007,0.47647226
30.560085,0.25981796,0.38322234,0.6677846,0.4744965
30.570082,0.26023826,0.38368163,0.66787124,0.47473714
30.580076,0.25983492,0.383877,0.6679425,0.47391212
30.590078,0.25933602,0.3825913,0.6674823,0.47564033
30.600075,0.25962168,0.3847544,0.66856056,0.47399276
30.610077,0.25966924,0.38295656,0.66733193,0.4758929
30.620075,0.25919533,0.38306537,0.66806346,0.4751989
30.630075,0.25972322,0.3852627,0.6686155,0.475731
30.640078,0.2593407,0.38245735,0.6684852,0.47501832
30.650076,0.25998548,0.38393208,0.6683341,0.47552487
30.660072,0.25927436,0.383973,0.6682526,0.4753525
30.670078,0.25975448,0.3829498,0.6681095,0.47547644
30.680077,0.2606421,0.384196,0.66864085,0.4754441
30.690075,0.25865772,0.38437587,0.668393,0.47555673
30.700094,0.26017806,0.38440496,0.66895735,0.47517672
30.710075,0.25899825,0.38336852,0.6688605,0.47525904
30.720078,0.25941747,0.383916,0.6691253,0.4755531
30.730076,0.25922775,0.3836807,0.66812336,0.47571766
30.74008,0.25851533,0.38290453,0.66891515,0.47604164
30.750074,0.25975356,0.38345522,0.668018,0.47560427
30.760075,0.259647,0.3828934,0.66876626,0.47513944
30.77008,0.25935376,0.38231197,0.6689374,0.47549173
30.780075,0.25958395,0.3839287,0.66862196,0.47523794
30.790075,0.25953794,0.38361958,0.6686135,0.4754775
30.800093,0.2595694,0.3839247,0.6695371,0.4754024
30.810074,0.25974074,0.38327798,0.66899925,0.47521463
30.820074,0.25948364,0.3834518,0.66882384,0.4749229
30.830074,0.26056477,0.38409135,0.6685488,0.47520274
30.840073,0.25905928,0.383128,0.66922206,0.47496647
30.850073,0.2598603,0.38433856,0.66883683,0.47537702
30.860075,0.2590671,0.38323185,0.66888046,0.47531214
30.870079,0.25996286,0.38390067,0.66939116,0.47548318
30.880075,0.25994262,0.38379848,0.66912615,0.4755162
30.890076,0.25962344,0.3839145,0.6703633,0.47501528
30.900108,0.260257,0.38371673,0.6695408,0.47499087
30.91013,0.25958213,0.383633,0.6695605,0.4756339
30.920073,0.2598254,0.383868,0.66905487,0.47449756
30.930075,0.25979796,0.38393763,0.6667949,0.47573063
30.940075,0.2591092,0.3842266,0.6685119,0.47484934
30.950075,0.259139,0.3835826,0.6683583,0.47505483
30.960073,0.26017123,0.3842799,0.6685917,0.4750102
30.97008,0.2597904,0.3836778,0.6697379,0.47526598
30.980074,0.26055056,0.38404447,0.6681725,0.47513047
30.990076,0.25950247,0.3836152,0.6691936,0.4752713
31.000107,0.25971606,0.38376012,0.6694648,0.4750455
31.010077,0.25915864,0.3837134,0.6689531,0.4749275
31.020077,0.26041365,0.38392013,0.67018473,0.47482458
31.030071,0.25963423,0.38396963,0.6697168,0.47475985
31.040075,0.2595705,0.38361496,0.6693768,0.47433922
31.050081,0.25848126,0.38240466,0.6689164,0.47444144
31.060085,0.2596071,0.3837265,0.6701028,0.4757386
31.070078,0.25984347,0.3834745,0.6696174,0.47460267
31.080072,0.2597839,0.384675,0.6691177,0.4757474
31.090076,0.25968328,0.38388827,0.66989446,0.47410253
31.100096,0.25960162,0.38324475,0.66986495,0.47491264
31.110075,0.25904706,0.38398042,0.6700823,0.47452545
31.120075,0.25929755,0.38423282,0.6696855,0.47446716
31.130074,0.25979236,0.38436913,0.67049885,0.47500357
31.140076,0.2590258,0.38311884,0.6703278,0.47483984
31.150076,0.25972655,0.38371715,0.67015016,0.4749047
31.160074,0.25926605,0.38301232,0.669966,0.47507071
31.170073,0.2602083,0.38411155,0.6695548,0.47456422
31.180073,0.26070568,0.3837274,0.6694091,0.47450522
31.190075,0.259501,0.38343206,0.67087775,0.47472113
31.20009,0.25897878,0.38140544,0.6686939,0.47380278
31.210085,0.2596712,0.38412383,0.6699214,0.47467905
31.220078,0.2588576,0.38357794,0.67000693,0.47449988
31.230074,0.25979143,0.38330257,0.67143255,0.4751045
31.240072,0.25956717,0.38360846,0.6721955,0.47508824
31.250074,0.25986418,0.3837263,0.66984874,0.47459102
31.260075,0.25995713,0.3841517,0.67011124,0.4749979
31.270075,0.25938925,0.3839394,0.6710659,0.47410372
31.280075,0.26044288,0.38398063,0.6710671,0.4744651
31.290075,0.25992224,0.38403487,0.6707087,0.47421736
31.300095,0.26023585,0.38441002,0.67132545,0.47371826
31.310074,0.25973767,0.38448536,0.6705209,0.4739287
31.320076,0.2598055,0.38531938,0.67104083,0.47543395
31.330074,0.25962183,0.38401,0.67097735,0.47430053
31.340075,0.2599727,0.38433275,0.67035717,0.47286797
31.350075,0.2599829,0.38295338,0.67010885,0.4738969
31.360075,0.25974634,0.38443205,0.6707929,0.47274858
31.370073,0.25949386,0.38454095,0.67144686,0.4752688
31.380075,0.26020664,0.3839943,0.6713961,0.47448894
31.390074,0.25983375,0.38367885,0.67113644,0.4739521
31.40008,0.2607929,0.38416588,0.6709216,0.47443658
31.410078,0.25966626,0.38418487,0.67112315,0.4746635
31.420074,0.25947776,0.38486108,0.67152745,0.47430933
31.430079,0.2604862,0.3842753,0.6713241,0.47383478
31.440075,0.25997928,0.38414517,0.67145026,0.47443038
31.450075,0.2595605,0.38427678,0.67120165,0.47468343
31.460075,0.26001593,0.38394463,0.67154866,0.47488597
31.470076,0.2602996,0.38417685,0.67135173,0.47392812
31.480076,0.2597877,0.38416418,0.67090315,0.47423223
31.490074,0.25953564,0.38421625,0.6716019,0.47413638
31.500092,0.25935394,0.38376454,0.6710943,0.47400075
31.510077,0.25915405,0.38421282,0.67203146,0.47393057
31.520075,0.2599451,0.38354152,0.67211837,0.47455156
31.530075,0.2597755,0.38359973,0.6714996,0.47384626
31.54007,0.26052383,0.38313845,0.6714979,0.47377595
31.550074,0.25767407,0.38242608,0.6722394,0.47320494
31.560095,0.25945836,0.38371152,0.6706436,0.47430262
31.570086,0.25911334,0.38379508,0.6709916,0.47403458
31.580078,0.26034194,0.38426104,0.6700682,0.47409374
31.590076,0.25926995,0.383505,0.6721211,0.47384894
31.600096,0.2597407,0.38410836,0.67291635,0.4737636
31.610073,0.25959235,0.3841518,0.67055553,0.47375572
31.620073,0.2596051,0.38441047,0.6718937,0.4730243
31.630075,0.25967404,0.38397673,0.6726017,0.47351944
31.640076,0.25943515,0.38412178,0.67322457,0.4736995
31.650076,0.26010907,0.38346994,0.67138,0.47363997
31.66007,0.25943807,0.38370928,0.6719364,0.4734488
31.670076,0.2595456,0.38412794,0.67074573,0.4734197
31.680075,0.25981382,0.38405657,0.6723776,0.47332254
31.690077,0.2593656,0.38404936,0.6726588,0.47319022
31.70009,0.2597462,0.38416395,0.6723838,0.47331616
31.710075,0.26074404,0.3849266,0.6726909,0.4732564
31.720076,0.26008737,0.38374925,0.67243093,0.4735883
31.730074,0.2604509,0.3851071,0.6731482,0.4725019
31.740074,0.25958285,0.38416713,0.6726724,0.47452372
31.750072,0.26030752,0.38462752,0.6727089,0.4719159
31.760075,0.2597653,0.38447225,0.6723274,0.47255832
31.770075,0.25968266,0.38450852,0.67248046,0.47201777
31.780073,0.25972942,0.3847589,0.67312413,0.47227135
31.790075,0.26002005,0.3840834,0.67263,0.47413647
31.800089,0.26031017,0.38503194,0.6719079,0.47217476
31.810076,0.2596805,0.38611153,0.6724408,0.47366178
31.820074,0.25962067,0.38278162,0.6724394,0.47283995
31.830074,0.2598806,0.38452783,0.6720529,0.47277695
31.840075,0.26029366,0.3844736,0.6726163,0.4734791
31.850073,0.2599919,0.38409504,0.6727301,0.47306925
31.860077,0.2594792,0.38371882,0.6731429,0.4729876
31.870077,0.2596828,0.38406137,0.6721611,0.473161
31.880074,0.25985116,0.38456455,0.672781,0.4728436
31.890076,0.25942978,0.38452846,0.6727034,0.47285804
31.90014,0.25709903,0.38388646,0.6735125,0.47262976
31.910082,0.25938377,0.3835218,0.6728876,0.4727344
31.920076,0.26003048,0.38373697,0.6728759,0.47307906
31.930077,0.25921708,0.3842951,0.6734579,0.47272614
31.940073,0.25968745,0.38431168,0.67345965,0.47254276
31.950075,0.26021585,0.38423905,0.6736832,0.47235003
31.960081,0.25908473,0.38389164,0.6731442,0.47271168
31.970076,0.25942135,0.38457617,0.6735637,0.47268757
31.98007,0.25992745,0.3850826,0.6735797,0.4724392
31.990076,0.26003265,0.38416675,0.67400163,0.47221604
32.000107,0.2592859,0.38448882,0.67331266,0.4718752
32.01008,0.2595518,0.3844478,0.6743602,0.4727959
32.020073,0.25944164,0.3839568,0.6734273,0.4727154
32.030075,0.26021957,0.38491598,0.67364645,0.47247496
32.040077,0.2581675,0.3822326,0.67414397,0.47217453
32.050083,0.25870788,0.3835811,0.6742802,0.47191083
32.06008,0.2596708,0.38401163,0.6739025,0.47249165
32.070087,0.2601557,0.38443884,0.6737782,0.4724486
32.08008,0.2600743,0.38392514,0.6731476,0.4713981
32.090076,0.25987655,0.38411936,0.6740688,0.47297627
32.100098,0.25992832,0.38453808,0.67431295,0.4720425
32.110077,0.25953543,0.38481098,0.6748388,0.47185245
32.120075,0.25919557,0.38470566,0.67517996,0.47213623
32.130074,0.2597203,0.38445678,0.67341703,0.4720883
32.14007,0.25943026,0.38364542,0.67567974,0.4721741
32.150074,0.2604133,0.3843015,0.67242306,0.47281876
32.16007,0.26009828,0.38453138,0.6726313,0.47189513
32.17008,0.259865,0.3849999,0.6734543,0.47179922
32.180077,0.2604416,0.3855619,0.67319006,0.47184992
32.190075,0.25960618,0.384627,0.67465967,0.47145548
32.20009,0.2599417,0.38577148,0.67508614,0.47141585
32.21007,0.2598412,0.38480398,0.67431104,0.4713825
32.22008,0.25991932,0.3851704,0.67473423,0.472325
32.23008,0.259663,0.38455796,0.6747779,0.4715456
32.24008,0.2592717,0.38423446,0.67495155,0.47099188
32.250076,0.2597741,0.384896,0.67434525,0.4702623
32.26007,0.25998715,0.38442925,0.6745268,0.4717647
32.270077,0.25902733,0.38363087,0.6748401,0.4714853
32.28008,0.25918835,0.38412455,0.67441785,0.47041243
32.290077,0.25869775,0.38327387,0.67508185,0.47122067
32.300095,0.25907242,0.38352352,0.674376,0.47141054
32.310074,0.25958043,0.3842679,0.6747284,0.4713052
32.320076,0.25831157,0.38319108,0.6748296,0.47142318
32.330074,0.25896898,0.38423955,0.67496693,0.47131225
32.340073,0.25816676,0.3832546,0.67482996,0.47113243
32.35007,0.2597448,0.38611177,0.67524576,0.47150388
32.36007,0.25963435,0.38449252,0.67480195,0.4715362
32.37008,0.2602525,0.38479075,0.67551833,0.47101432
32.380074,0.26031944,0.3845567,0.67428863,0.47058842
32.390076,0.25950152,0.38464862,0.6753893,0.47154215
32.40008,0.2596853,0.38422322,0.675061,0.4712357
32.41008,0.2595197,0.3850265,0.67591184,0.46985492
32.420074,0.25925007,0.38434076,0.6753462,0.47109297
32.430077,0.2601584,0.38427252,0.6748811,0.47120133
32.440075,0.2602543,0.38522255,0.6751432,0.47110558
32.450073,0.25982633,0.38407677,0.67519456,0.4716141
32.460075,0.26005813,0.3848251,0.6756537,0.47054422
32.470074,0.26030508,0.38507906,0.6743915,0.4713605
32.480076,0.26055166,0.3851611,0.6745876,0.47105926
32.490074,0.26000106,0.38487688,0.6746751,0.47091663
32.500072,0.25998086,0.38538682,0.6752616,0.470496
32.510075,0.26033005,0.3849893,0.67534065,0.47083
32.520073,0.26051438,0.38479966,0.67622054,0.47139716
32.530075,0.26000178,0.38479978,0.6757695,0.4703968
32.540073,0.26051363,0.3851895,0.67610204,0.47061038
32.550076,0.2600062,0.38331404,0.67616194,0.4707739
32.560097,0.2592971,0.38427925,0.6761193,0.47199872
32.57008,0.25984788,0.38438144,0.6758262,0.4707365
32.580074,0.26019943,0.3846256,0.67504984,0.47162187
32.590076,0.2600263,0.38480535,0.675879,0.46876004
32.600075,0.25970772,0.38422456,0.6767495,0.4703721
32.610073,0.2599005,0.3857083,0.67623943,0.47051513
32.620075,0.259727,0.3847918,0.6754868,0.47025767
32.630074,0.26059815,0.38606188,0.6762,0.47081608
32.640076,0.2597089,0.38464803,0.6763904,0.47044855
32.650074,0.26054022,0.38613808,0.6761648,0.46983117
32.660076,0.25983596,0.38513297,0.6764532,0.46981582
32.670074,0.2602363,0.38554168,0.6771354,0.46972138
32.680073,0.26008183,0.38510388,0.6769948,0.47011536
32.690075,0.25936243,0.38413066,0.67685044,0.4697731
32.700073,0.2600704,0.3846232,0.67669386,0.47007552
32.710075,0.25990042,0.3849589,0.67586523,0.47003007
32.720074,0.25897792,0.3851829,0.6763069,0.4701749
32.730076,0.25921592,0.3842914,0.676554,0.46882263
32.74007,0.26084197,0.38518238,0.67630684,0.46990365
32.750072,0.25970933,0.38534415,0.6765243,0.46935108
32.76007,0.2605226,0.38545722,0.6768352,0.46972767
32.770077,0.26011458,0.38506266,0.6763328,0.46997988
32.780075,0.26035014,0.38520417,0.6762075,0.46965516
32.790073,0.26004243,0.38548702,0.67739147,0.4694285
32.800076,0.2607488,0.38512307,0.6757141,0.4700493
32.810074,0.25961784,0.3847334,0.67670494,0.46936908
32.820076,0.25976473,0.3847221,0.67914134,0.46945938
32.830074,0.25998455,0.38534537,0.6776221,0.46933597
32.840073,0.25948423,0.38485336,0.6762464,0.47006333
32.850075,0.2597802,0.38564122,0.6775673,0.469172
32.860073,0.2604656,0.3849963,0.6764526,0.4698466
32.870075,0.26006633,0.38436583,0.67669654,0.4691805
32.880077,0.26021808,0.38489416,0.67699975,0.4692241
32.890076,0.26092392,0.38550696,0.67777944,0.46923485
32.900093,0.26037276,0.38604283,0.6782515,0.46944216
32.91008,0.25961375,0.3858006,0.6773463,0.47004
32.92008,0.26006132,0.38515535,0.6778357,0.46918827
32.93008,0.26083896,0.38552836,0.67643815,0.46940935
32.940075,0.26043218,0.3851046,0.67950517,0.46907482
32.950077,0.25985557,0.38562128,0.6795675,0.46930256
32.96007,0.26012427,0.385772,0.67597723,0.46869203
32.970078,0.26061615,0.38556907,0.677927,0.4688293
32.980072,0.26006472,0.3848647,0.67753476,0.46883678
32.990078,0.26026875,0.38513342,0.67833763,0.4695327
33.00008,0.25979844,0.38498497,0.67835945,0.469138
33.010075,0.259375,0.385153,0.67716587,0.46843347
33.020077,0.26010963,0.38473323,0.6774631,0.46843374
33.030075,0.26056615,0.38532495,0.6780084,0.46885508
33.040073,0.2604443,0.38488626,0.677721,0.46916127
33.050076,0.26020578,0.38450775,0.67868865,0.46911266
33.06009,0.25982943,0.38577124,0.67772347,0.46785042
33.07008,0.25941926,0.38485035,0.6781092,0.46735525
33.080074,0.26023924,0.3859487,0.67809606,0.47027498
33.090076,0.25935134,0.3853155,0.6778724,0.46886048
33.100075,0.25983828,0.38586152,0.67822236,0.468731
33.110123,0.2596696,0.38565877,0.67809,0.46834677
33.120083,0.26087356,0.38630033,0.678916,0.46762264
33.130085,0.26016435,0.38556468,0.6785473,0.46797374
33.140083,0.26041654,0.3854037,0.6786252,0.46770635
33.150078,0.26030326,0.38530007,0.6786458,0.4676442
33.160084,0.2603624,0.38626057,0.6782701,0.46764806
33.170086,0.260373,0.38539755,0.67840564,0.46737728
33.180084,0.2610118,0.38584334,0.67826176,0.46792102
33.190083,0.2598463,0.38497612,0.67862135,0.46786508
33.20008,0.26052952,0.38562128,0.6783385,0.46811792
33.21013,0.26085016,0.38680124,0.6790136,0.46791306
33.22009,0.25981545,0.38485873,0.6789871,0.46787998
33.23008,0.26046667,0.38555285,0.67846674,0.46805692
33.240078,0.25925663,0.3855342,0.67901134,0.46859995
33.250072,0.2606109,0.3856777,0.67945296,0.4685037
33.260075,0.2604866,0.38560784,0.6795225,0.46814427
33.270077,0.2602091,0.38582662,0.67957187,0.46824658
33.28008,0.26023313,0.38568932,0.6795528,0.4687734
33.290077,0.26011994,0.38554442,0.6797446,0.46780556
33.300076,0.26053825,0.3854592,0.6790224,0.46806422
33.310097,0.26073563,0.38600188,0.67937464,0.4675934
33.320076,0.2606057,0.385896,0.67902297,0.46774396
33.330074,0.2604694,0.38549656,0.680064,0.46793595
33.340076,0.26021582,0.38568404,0.67938364,0.4676812
33.350075,0.25991037,0.38501397,0.6795245,0.46723205
33.360073,0.2612311,0.38623443,0.6796154,0.46794885
33.37008,0.26106665,0.38590616,0.67878217,0.4670708
33.380077,0.26110214,0.38557822,0.6796889,0.4679631
33.39007,0.2601698,0.38547266,0.6794034,0.46716014
33.400074,0.26048943,0.38604492,0.68033546,0.46797782
33.41008,0.26082388,0.3862538,0.680029,0.4671545
33.420074,0.26024798,0.38650814,0.6796877,0.46724668
33.430077,0.2603596,0.3855306,0.6791698,0.46748275
33.44007,0.26018998,0.3860406,0.6799108,0.4670188
33.450073,0.2600896,0.3855796,0.67973006,0.46651375
33.460075,0.2605575,0.38580284,0.67944765,0.46730733
33.470078,0.2602991,0.38554975,0.6796463,0.46705833
33.480076,0.2599781,0.3854911,0.6798764,0.46709254
33.490074,0.26027447,0.3856094,0.67980653,0.46698838
33.500076,0.25973842,0.38542587,0.68063384,0.46662396
33.510086,0.26080546,0.38580492,0.6799231,0.46678787
33.520077,0.26041102,0.3849119,0.6796917,0.46759263
33.530075,0.26007184,0.38582343,0.681248,0.467219
33.540073,0.260155,0.38437825,0.6803904,0.46690458
33.550076,0.26044193,0.38536164,0.680869,0.4665947
33.560085,0.2602204,0.38500166,0.67991066,0.46694583
33.570084,0.26078874,0.38528404,0.6800471,0.467421
33.580074,0.2607197,0.38569337,0.6797303,0.46743605
33.590073,0.25953043,0.38490605,0.68040997,0.4666953
33.600075,0.2599973,0.3849969,0.6803089,0.466984
33.610092,0.260496,0.3853956,0.6799877,0.4662275
33.620075,0.26004604,0.385739,0.6808115,0.4665668
33.630074,0.25979462,0.3854326,0.6805141,0.4664834
33.640076,0.26087415,0.38554138,0.68035907,0.46604627
33.650074,0.26054117,0.38465992,0.6801311,0.46617213
33.660076,0.2607601,0.38580975,0.6810808,0.46600688
33.670082,0.26097602,0.38624212,0.68048966,0.46649727
33.680077,0.2607725,0.38632423,0.6806337,0.46639398
33.690075,0.26068813,0.38607457,0.68089855,0.46635553
33.700073,0.26052076,0.38603288,0.6805744,0.46694952
33.710094,0.26069456,0.38576165,0.68013525,0.46591878
33.720078,0.2606385,0.38590324,0.6821087,0.46616605
33.730076,0.26079074,0.38641798,0.6821943,0.46676323
33.740074,0.26028216,0.3855434,0.6798851,0.4662921
33.750076,0.26035506,0.38526213,0.68288535,0.46599787
33.760075,0.26080546,0.38596064,0.6803641,0.46659702
33.77008,0.26028827,0.38582802,0.68047863,0.46589717
33.780075,0.2601366,0.3863868,0.6815338,0.46601117
33.790073,0.26119375,0.38528538,0.6818058,0.46587446
33.80007,0.26024368,0.38529497,0.6821807,0.46564618
33.810074,0.26086,0.38623017,0.68126506,0.46601763
33.820072,0.25964627,0.3848439,0.68162274,0.46607247
33.830074,0.26074517,0.386749,0.6812549,0.46632484
33.840073,0.25925276,0.3856703,0.68112,0.4657315
33.850075,0.26037344,0.38549638,0.6809334,0.4657361
33.860073,0.2602974,0.3861606,0.6809987,0.46590406
33.870075,0.26090738,0.38631368,0.6813435,0.466109
33.880077,0.2599928,0.3858024,0.6815568,0.46520022
33.890076,0.26034746,0.385588,0.6818381,0.46548384
33.9001,0.2602374,0.3852526,0.68210644,0.46508536
33.910088,0.26025984,0.3842303,0.6820872,0.4658657
33.92008,0.2597856,0.38540986,0.6810511,0.46532404
33.930077,0.26006404,0.38529134,0.68324757,0.46532738
33.940075,0.2601496,0.38548175,0.6832618,0.46585956
33.950077,0.26008743,0.38569763,0.6826745,0.46567506
33.96007,0.2607899,0.3858682,0.6825038,0.4657642
33.97008,0.25941235,0.38529423,0.6810831,0.46560746
33.980076,0.26081514,0.385932,0.6812352,0.46549517
33.990074,0.25963494,0.38624826,0.6809878,0.46463484
34.000084,0.26037735,0.38593456,0.68212014,0.46537474
34.01008,0.26069897,0.38520217,0.6819625,0.46497914
34.020077,0.26020068,0.38543913,0.6822755,0.46589452
34.030075,0.2611794,0.38632244,0.6822757,0.46504804
34.040073,0.26025298,0.38560328,0.68227583,0.4650778
34.050076,0.26083562,0.3858311,0.6819291,0.46497753
34.060085,0.26097316,0.38528347,0.6818704,0.4666357
34.070084,0.26057693,0.38584834,0.68274605,0.46586514
34.08008,0.2608226,0.3857508,0.6820022,0.4651583
34.090076,0.26105714,0.38592508,0.6825239,0.46510965
34.100075,0.2604809,0.38573495,0.68268967,0.46449685
34.110073,0.26111192,0.38611913,0.68256897,0.46479222
34.1201,0.2596473,0.38631418,0.6820257,0.46447045
34.130077,0.26042366,0.38672003,0.68274397,0.46496248
34.140076,0.25986728,0.38543844,0.6825508,0.4645211
34.150074,0.2610653,0.38612667,0.6832524,0.4645844
34.16007,0.26049048,0.3856287,0.68236214,0.46506393
34.170082,0.2607877,0.38659817,0.6828328,0.46487266
34.180077,0.261162,0.38556603,0.68238115,0.46428326
34.190075,0.26014498,0.38626716,0.68303835,0.4646453
34.200073,0.26053244,0.38597253,0.68301576,0.4646834
34.210075,0.26052052,0.3858523,0.6832786,0.46410415
34.220104,0.26022163,0.38614157,0.6827243,0.46423364
34.230076,0.26006922,0.38538972,0.68310344,0.46441624
34.240078,0.26025724,0.38603836,0.6824933,0.46489957
34.250076,0.260279,0.38553038,0.68318415,0.46437725
34.260075,0.26086372,0.3859199,0.68260384,0.46494994
34.270077,0.26019403,0.38588065,0.68309397,0.46457398
34.280075,0.2608205,0.3863179,0.68311685,0.46443838
34.290077,0.2605821,0.38565525,0.68310046,0.46447402
34.300076,0.2603188,0.38653424,0.6822328,0.46431288
34.310074,0.26015684,0.38638845,0.68365353,0.4640936
34.32009,0.26020676,0.3860068,0.6828567,0.46510392
34.330074,0.26085997,0.386109,0.682764,0.46372616
34.340076,0.2599635,0.38546476,0.6827941,0.46423918
34.35007,0.25996026,0.38673264,0.6831498,0.46421462
34.360073,0.26072967,0.38659325,0.6832702,0.4641914
34.37008,0.26004216,0.38586,0.6830727,0.46480855
34.380077,0.26060843,0.3866279,0.6839353,0.4638809
34.390076,0.26091737,0.38626486,0.68286973,0.4642714
34.400074,0.25978467,0.38598016,0.6820402,0.46413633
34.410076,0.26071066,0.3863568,0.68541336,0.46407998
34.42008,0.25982442,0.38619703,0.6847727,0.46411583
34.43008,0.26152155,0.3863225,0.68282646,0.46399638
34.440075,0.26060992,0.38530597,0.68424606,0.46381423
34.450077,0.26049694,0.3871818,0.6839346,0.4640307
34.460075,0.26031658,0.38682905,0.6838675,0.46381158
34.470074,0.2605984,0.38647068,0.6840628,0.46428958
34.48008,0.26056927,0.38702273,0.68375146,0.4638305
34.490074,0.2604802,0.38655746,0.68361866,0.46361884
34.500076,0.2602087,0.38593104,0.6837431,0.46345457
34.510075,0.26079914,0.3868284,0.6827936,0.4639104
34.52008,0.26034296,0.38611367,0.6832077,0.46434253
34.530075,0.26029748,0.38628435,0.68387204,0.46514517
34.540073,0.26042566,0.38733536,0.6836137,0.46408287
34.550087,0.259923,0.38573915,0.6838088,0.4645503
34.560097,0.26046872,0.38604254,0.6842139,0.46318364
34.57008,0.25980318,0.38593507,0.68361837,0.46379855
34.58008,0.2601488,0.3867654,0.68412626,0.46343482
34.590076,0.260336,0.38685206,0.68341625,0.46311688
34.60008,0.26091474,0.3865566,0.68424594,0.46351913
34.610077,0.26021594,0.38625178,0.68429637,0.46293306
34.620094,0.25984913,0.38646075,0.68474424,0.46289706
34.630077,0.26010045,0.38642618,0.68342894,0.463416
34.64007,0.2603756,0.38579208,0.6841635,0.46324113
34.650078,0.25998288,0.3859357,0.6853545,0.4632748
34.660076,0.26028848,0.38613847,0.68403697,0.4632571
34.670074,0.2600535,0.38628647,0.6827589,0.46298507
34.680073,0.26015583,0.3866702,0.6853158,0.46336794
34.690075,0.26053664,0.38639757,0.68284005,0.46373475
34.700073,0.26037702,0.3853608,0.684631,0.46298528
34.710075,0.26108265,0.38647842,0.68382925,0.4634031
34.720085,0.25987747,0.38588393,0.68393475,0.4631826
34.730076,0.26070184,0.3865668,0.68459135,0.46326947
34.740074,0.26067042,0.3860733,0.68463063,0.4626348
34.750072,0.26074892,0.38584888,0.6838222,0.46374017
34.760075,0.2600651,0.38629454,0.68437237,0.46324685
34.770073,0.26048222,0.38650647,0.6842829,0.46245834
34.780075,0.26037326,0.3858801,0.68444175,0.4621921
34.790077,0.2603118,0.38610744,0.68466645,0.46119994
34.800076,0.26021662,0.386314,0.68407255,0.46440542
34.810074,0.2599418,0.38603446,0.6846063,0.46278805
34.82009,0.2610559,0.386236,0.68375176,0.46290222
34.830074,0.26101893,0.38581067,0.6845681,0.46269006
34.840076,0.2612014,0.38639385,0.6841368,0.4631497
34.850075,0.26086992,0.38658574,0.684252,0.4627651
34.860073,0.26047355,0.3866024,0.6847293,0.46296582
34.870075,0.2605835,0.38656002,0.6844234,0.46249983
34.880074,0.26157218,0.38698262,0.6840574,0.46288213
34.890076,0.26014438,0.386429,0.68464154,0.4627248
34.900097,0.26005235,0.38714215,0.68479174,0.46270838
34.91008,0.26104745,0.3865119,0.684486,0.46190926
34.9201,0.26102287,0.38695332,0.6845807,0.46268225
34.930077,0.26090136,0.38669953,0.68425304,0.46244612
34.940075,0.26072448,0.38655138,0.6853572,0.4625267
34.950073,0.26113418,0.3862735,0.6861326,0.46228933
34.96008,0.26039693,0.3867029,0.6844168,0.4620937
34.970078,0.26058105,0.38627306,0.6859133,0.4620314
34.980076,0.26032767,0.3862265,0.6848541,0.46244565
34.990074,0.26102194,0.38705435,0.6851892,0.46205634
35.000084,0.26010805,0.38660592,0.6850613,0.46228945
35.01008,0.26064202,0.38668364,0.6853938,0.46227273
35.020096,0.2605184,0.38547698,0.6848072,0.4621953
35.03008,0.25954735,0.38598192,0.6851682,0.46263573
35.040077,0.26011944,0.3855258,0.68452066,0.4626421
35.050076,0.25964537,0.3857838,0.68537366,0.46209306
35.060093,0.2576549,0.38513386,0.6848132,0.46234813
35.07008,0.26155952,0.3854761,0.6855608,0.46248
35.08008,0.25762433,0.38508794,0.6849392,0.46212304
35.09008,0.25987267,0.38625106,0.68476593,0.46238515
35.100075,0.25812575,0.38634735,0.685121,0.46214047
35.110077,0.25968114,0.3838113,0.6851059,0.46209595
35.1201,0.26033112,0.38540736,0.6854504,0.4623929
35.130077,0.2599011,0.38650635,0.6850438,0.46237332
35.140076,0.26046848,0.38652447,0.6852115,0.4620623
35.150074,0.26052278,0.38652906,0.68528473,0.46151787
35.160076,0.26111084,0.38678983,0.6846053,0.46239552
35.17008,0.25983024,0.3864061,0.6849948,0.46161267
35.180077,0.26026708,0.38628626,0.6855985,0.46203932
35.19007,0.26044196,0.38633874,0.6848074,0.4618742
35.200077,0.2610457,0.387069,0.68561476,0.4624614
35.210075,0.26187095,0.38653478,0.68476456,0.46196032
35.220074,0.26142678,0.38691476,0.68550336,0.4616846
35.230072,0.26024067,0.3868388,0.6844272,0.46156436
35.240074,0.26028413,0.38722095,0.6851541,0.4616784
35.250076,0.26033652,0.38697088,0.6852225,0.46188992
35.260075,0.260792,0.38655248,0.6848957,0.46195927
35.27008,0.26056045,0.3870309,0.68534875,0.46155772
35.28008,0.26063928,0.38657194,0.6840497,0.46204707
35.290073,0.26112124,0.38630363,0.68649656,0.46154654
35.300076,0.26063922,0.38673323,0.6854668,0.4624594
35.310074,0.26123846,0.38717777,0.6852264,0.4617341
35.320076,0.26054928,0.38651732,0.68497926,0.4620959
35.330074,0.26146832,0.38739255,0.68530196,0.46151087
35.340073,0.26076856,0.38674065,0.6857611,0.46143305
35.35007,0.26125208,0.3868476,0.6856178,0.46107778
35.360073,0.26023272,0.38647297,0.68484956,0.461579
35.37008,0.26115614,0.38730535,0.68548983,0.46181318
35.380077,0.2608934,0.38684002,0.6858266,0.4618438
35.39008,0.2609713,0.3871763,0.6852664,0.46225774
35.400078,0.26027766,0.3868785,0.6862369,0.46114495
35.410072,0.26063108,0.38649875,0.68553585,0.46090987
35.42007,0.2614219,0.38679487,0.6862109,0.46140972
35.430073,0.2600979,0.3862334,0.6842569,0.46170327
35.440075,0.26120204,0.38659513,0.6845458,0.46174052
35.450073,0.2601672,0.3871244,0.6870159,0.46116087
35.46007,0.2607049,0.3867148,0.68463075,0.46091706
35.47008,0.2603344,0.3865803,0.6873126,0.4610332
35.480076,0.26016834,0.38648385,0.685342,0.46211198
35.490074,0.26020762,0.3869652,0.68577284,0.46091485
35.500076,0.2612494,0.3874175,0.6858703,0.4616594
35.510075,0.26094997,0.38691378,0.68516195,0.46131602
35.520077,0.2609783,0.38693568,0.6856894,0.46134079
35.53007,0.26044846,0.3861127,0.6858929,0.46089646
35.540073,0.2606556,0.38683113,0.68537885,0.4614909
35.550076,0.2608859,0.38695705,0.685139,0.46078712
35.560085,0.26034158,0.38642022,0.6857054,0.4607324
35.570084,0.25985956,0.3873589,0.6855768,0.4619493
35.580074,0.2603933,0.38641128,0.6852864,0.4614505
35.590073,0.26142192,0.3868218,0.68547535,0.46078458
35.600075,0.26076975,0.38727558,0.6859094,0.4609728
35.610077,0.26105008,0.38600037,0.68626,0.46135336
35.620075,0.26056927,0.3867439,0.68494076,0.46233907
35.630074,0.26105255,0.38739425,0.68593305,0.4615746
35.64007,0.26022527,0.38730657,0.686356,0.46141663
35.650074,0.2614113,0.38812354,0.6858413,0.46189213
35.660076,0.2611553,0.3870063,0.6852472,0.4606287
35.670074,0.26107302,0.38675,0.6855651,0.4617869
35.680077,0.2607952,0.3868197,0.6856801,0.46084353
35.690075,0.26092345,0.38788766,0.68572295,0.46143275
35.700073,0.2604864,0.38664037,0.68499935,0.4612176
35.710075,0.2605075,0.38687304,0.68538773,0.46119905
35.720074,0.2606748,0.38675952,0.6850451,0.46122175
35.73009,0.26051497,0.38648275,0.68562746,0.4614397
35.740074,0.26108745,0.38665283,0.68507636,0.46062112
35.750072,0.26067886,0.3872208,0.6858879,0.461141
35.760075,0.2616284,0.38723847,0.6855624,0.46050432
35.770073,0.26069057,0.38714606,0.68458503,0.4611828
35.780075,0.26052308,0.3876518,0.6859339,0.4610647
35.790073,0.26025507,0.38654783,0.6855364,0.46156332
35.800076,0.26090777,0.38741934,0.68602204,0.460503
35.810074,0.2609616,0.38675603,0.6849695,0.46086392
35.820072,0.26087427,0.38751057,0.68516976,0.46154281
35.83009,0.26080918,0.3873395,0.6851886,0.46058914
35.840076,0.26110497,0.3870863,0.68618935,0.46152017
35.850075,0.26011685,0.38644958,0.68530333,0.46081823
35.860073,0.26044825,0.38710138,0.68582,0.4611297
35.87007,0.26112267,0.3864664,0.6856524,0.46026656
35.880074,0.2607713,0.3865637,0.6860225,0.46104404
35.890076,0.2613076,0.38745806,0.6851236,0.46131143
35.900093,0.2603241,0.38532835,0.68485373,0.46066803
35.910088,0.2609144,0.38718703,0.68644357,0.4607064
35.92008,0.26042962,0.3865868,0.6854931,0.46048352
35.9301,0.26096264,0.3861751,0.684931,0.46129692
35.940075,0.2606199,0.386681,0.6843115,0.46089712
35.950073,0.26081246,0.38772035,0.68476814,0.4614408
35.960083,0.2598168,0.38641065,0.6869746,0.4606214
35.970097,0.26045382,0.38693562,0.68509024,0.46075377
35.98008,0.26039663,0.3865085,0.6850245,0.46089017
35.990078,0.26083955,0.38719586,0.68594235,0.46145412
36.000084,0.260814,0.38644892,0.6855937,0.46043962
36.01008,0.26092216,0.38645956,0.6852756,0.46095175
36.020077,0.26024535,0.38695648,0.68549967,0.4603634
36.030098,0.26057982,0.3863395,0.6851195,0.46061766
36.040077,0.26170012,0.38749817,0.68617254,0.46076113
36.050076,0.26061141,0.38756597,0.6855482,0.46033153
36.060085,0.26104242,0.3870331,0.6853969,0.46061522
36.070084,0.2606984,0.3871461,0.68544394,0.46169496
36.08008,0.2611472,0.387237,0.685746,0.4615279
36.090073,0.26147854,0.38733798,0.685616,0.46116185
36.100075,0.26147434,0.38757542,0.6857556,0.460817
36.110073,0.26069948,0.38734788,0.68589383,0.46043977
36.120075,0.26092416,0.38698718,0.684685,0.46129853
36.130074,0.2598269,0.38674268,0.6853435,0.46082914
36.140076,0.26211753,0.387649,0.6859606,0.46059996
36.15007,0.26113155,0.3869744,0.6860551,0.46090418
36.160076,0.26114744,0.3873909,0.6859905,0.4611099
36.17008,0.26072145,0.3872019,0.68603325,0.4604648
36.180077,0.26124808,0.38704202,0.6865205,0.46073046
36.190075,0.26152804,0.38796338,0.6868533,0.46063814
36.200073,0.26080683,0.38675818,0.6871997,0.46075457
36.210075,0.2611027,0.3876637,0.68746483,0.46071446
36.22009,0.26071393,0.38725436,0.6864795,0.46102056
36.230076,0.26075017,0.38748404,0.6851239,0.4602206
36.240074,0.26053977,0.38716584,0.6862669,0.4599657
36.250072,0.2607954,0.387508,0.6845319,0.46060386
36.260075,0.2611513,0.3869686,0.6852074,0.46055558
36.270077,0.26124674,0.38773766,0.68580955,0.4609798
36.280075,0.26101613,0.38705745,0.6858357,0.46093172
36.290073,0.2619666,0.38858098,0.686268,0.46110818
36.30007,0.2609646,0.3868305,0.68534374,0.46041816
36.310074,0.25984833,0.3873905,0.6861483,0.46032968
36.320076,0.26101428,0.3866167,0.68515396,0.459907
36.330074,0.26013318,0.3873459,0.6856147,0.4602493
36.340076,0.26160523,0.3873159,0.68594223,0.4603424
36.350075,0.26107177,0.38653767,0.685361,0.460759
36.360073,0.26147828,0.3871119,0.6855176,0.46104205
36.370075,0.2609048,0.38708335,0.6861449,0.46026888
36.380074,0.26086676,0.38765547,0.6861535,0.46062213
36.390076,0.26140645,0.38728365,0.68602514,0.46058398
36.400074,0.2615631,0.38792244,0.68567896,0.4608381
36.410076,0.2611726,0.3871859,0.68547106,0.4599416
36.42007,0.26090044,0.38755003,0.6860857,0.46064144
36.430077,0.26127306,0.38762808,0.68553096,0.46023887
36.440075,0.26125368,0.38691404,0.6855119,0.46071857
36.450073,0.2608095,0.3875154,0.6851106,0.4609093
36.460075,0.26063108,0.38803524,0.6856983,0.4610543
36.470074,0.26100147,0.3879711,0.68498266,0.46089175
36.480076,0.2617873,0.38737392,0.6858291,0.46132907
36.490074,0.2613609,0.3875605,0.6850041,0.4604227
36.500076,0.26156166,0.38745826,0.68567556,0.46076626
36.510075,0.2610012,0.38792694,0.68551415,0.4614325
36.520073,0.26007414,0.38742796,0.68494546,0.459834
36.530075,0.2614171,0.38774198,0.68748766,0.46046257
36.540073,0.26150063,0.38743153,0.684884,0.46121952
36.550076,0.2611187,0.38757667,0.6853479,0.46028003
36.560085,0.26053593,0.38723254,0.6864369,0.45999867
36.57008,0.2597912,0.38751575,0.68635654,0.4605366
36.580074,0.26043335,0.3871231,0.6862287,0.4605832
36.590073,0.26140413,0.3863663,0.6850315,0.46013418
36.600075,0.26046556,0.38642755,0.6853214,0.4603808
36.610073,0.26070374,0.38743958,0.68575424,0.46074787
36.620075,0.26119354,0.3871349,0.68561524,0.46078137
36.630074,0.26061857,0.38762358,0.68598795,0.45917925
36.6401,0.261274,0.38730448,0.686222,0.45951694
36.650078,0.26100096,0.3874535,0.6859266,0.45933607
36.660072,0.26102313,0.3875821,0.68586826,0.45986912
36.67008,0.26094246,0.38690203,0.68554026,0.45838904
36.680073,0.26141268,0.38841397,0.68555063,0.45955133
36.690075,0.2608702,0.3864773,0.6855736,0.4593396
36.700073,0.2605705,0.38786644,0.6855631,0.46121216
36.710075,0.26079828,0.38661742,0.68550897,0.46018764
36.720074,0.26103967,0.3894089,0.6858736,0.46078715
36.730072,0.26113355,0.38659212,0.6859057,0.46015996
36.740074,0.26098526,0.38700655,0.6856333,0.46054655
36.750072,0.2613368,0.3863809,0.6852104,0.46134815
36.76007,0.2609009,0.38783237,0.68594164,0.46084023
36.770077,0.26116768,0.38672405,0.68572885,0.46071833
36.78007,0.2607997,0.38786682,0.6859459,0.46062994
36.790073,0.26264024,0.38761172,0.68627524,0.46041727
36.80007,0.26076362,0.38796043,0.6852939,0.4602802
36.810074,0.26179156,0.3882023,0.6865771,0.46022737
36.820072,0.2609037,0.38773,0.6851673,0.46045968
36.830074,0.26141083,0.38802576,0.6865106,0.4607921
36.840073,0.26224506,0.38773298,0.68504435,0.46009898
36.85007,0.26160368,0.38805473,0.68644947,0.4608609
36.860077,0.26097515,0.38786802,0.68651545,0.46071142
36.870075,0.26154727,0.3880873,0.6860023,0.46099257
36.880074,0.26124123,0.38762945,0.6864105,0.46064398
36.890076,0.2608332,0.38697463,0.686815,0.46052283
36.90008,0.2615969,0.3872598,0.68561494,0.46069402
36.91008,0.26082465,0.38727352,0.6858558,0.46079963
36.920074,0.2611074,0.38688672,0.68579334,0.45994812
36.930077,0.26065925,0.38673735,0.6860304,0.46073592
36.94007,0.26178086,0.38777816,0.6863425,0.46016696
36.950077,0.2608632,0.387611,0.6861161,0.4611854
36.960075,0.2608331,0.3878258,0.68565094,0.460536
36.970074,0.2605933,0.38808155,0.6857074,0.46072757
36.980072,0.261305,0.38860863,0.68531346,0.4605623
36.990074,0.26183197,0.38766152,0.68543124,0.46065763
37.000084,0.26116952,0.3875056,0.6872622,0.4605704
37.010075,0.26136538,0.38730726,0.6847632,0.46086827
37.020073,0.26137313,0.3880095,0.68601775,0.46058026
37.030075,0.2607702,0.38687578,0.6855081,0.45997936
37.040073,0.26178658,0.38780534,0.68591577,0.4608609
37.050095,0.26100782,0.38733938,0.68568933,0.46008822
37.060085,0.26053572,0.38489452,0.6869699,0.46078077
37.070084,0.26078904,0.38762254,0.6858435,0.46134108
37.080074,0.26099333,0.3873169,0.6857671,0.46070853
37.090073,0.26106876,0.3881532,0.68647444,0.46010807
37.100075,0.26095024,0.3879916,0.686548,0.46074286
37.110077,0.26129118,0.3870132,0.68618053,0.46041277
37.120075,0.26088372,0.38737738,0.6854038,0.4606394
37.130077,0.26174784,0.38773715,0.68554425,0.46072716
37.14007,0.26094133,0.38762432,0.6860353,0.46091664
37.150093,0.26151535,0.387557,0.68556887,0.4602374
37.160076,0.26080912,0.38764068,0.68604296,0.4610602
37.170074,0.26110896,0.38826862,0.6857932,0.46120998
37.180077,0.261273,0.38825992,0.6851493,0.46140146
37.190075,0.26116288,0.38591018,0.6858186,0.46063846
37.200085,0.26143238,0.3879461,0.6859745,0.46050322
37.21008,0.26070967,0.38783363,0.68513894,0.46015996
37.220078,0.26043245,0.38708398,0.6860483,0.4601826
37.230072,0.26130185,0.38831475,0.686105,0.46056446
37.240078,0.26182368,0.3883182,0.6873295,0.46112594
37.250095,0.26110658,0.38763106,0.6851971,0.4602675
37.260075,0.26096272,0.38784903,0.68671656,0.4607662
37.270077,0.26147288,0.38794097,0.68641883,0.4601209
37.280075,0.26196742,0.388715,0.6866008,0.46037307
37.290077,0.26147065,0.3878619,0.6863212,0.46062917
37.300076,0.26206934,0.38845873,0.6864142,0.46076742
37.310074,0.26103577,0.38787067,0.68602604,0.46044505
37.320076,0.2618441,0.38834628,0.68664706,0.46172997
37.330074,0.2607443,0.38812023,0.68657774,0.4605141
37.340076,0.26161006,0.3879333,0.68688893,0.460814
37.35009,0.26155257,0.38750765,0.6861744,0.46049422
37.360073,0.2607524,0.38812545,0.68642956,0.4606034
37.37008,0.26080135,0.38767272,0.6866362,0.46117395
37.380074,0.26071987,0.3877929,0.6861065,0.46058202
37.390076,0.2610519,0.38803166,0.68664175,0.460526
37.400074,0.26082748,0.3878591,0.6866452,0.46045947
37.410072,0.2615912,0.38786224,0.68591124,0.46100667
37.420074,0.2605902,0.38833314,0.6859521,0.46082187
37.430073,0.26148713,0.38833705,0.68757135,0.46070358
37.440075,0.26178846,0.3875483,0.68572325,0.46126747
37.450077,0.26160955,0.38870493,0.68518656,0.46080846
37.460075,0.26113227,0.38800076,0.6877148,0.46074897
37.470078,0.26159954,0.38851792,0.6875992,0.46115202
37.480076,0.2607039,0.387986,0.68753535,0.46102223
37.490074,0.26126188,0.3880175,0.68702394,0.46096382
37.500072,0.2610105,0.3880073,0.6871737,0.46062708
37.510075,0.26182544,0.387706,0.6874021,0.461359
37.520073,0.26128635,0.3874896,0.6857006,0.46037516
37.530075,0.26136258,0.38811263,0.68683434,0.4613641
37.540073,0.26115853,0.38832432,0.6864447,0.46079174
37.55008,0.26147252,0.38824937,0.68662,0.46142477
37.56011,0.25844625,0.38822544,0.68641716,0.46086854
37.570084,0.26125357,0.38714683,0.6869628,0.46182874
37.58008,0.26164463,0.38891184,0.6872525,0.46156052
37.590076,0.26121584,0.38843155,0.68702585,0.46125904
37.600075,0.26152423,0.388341,0.68688196,0.46122903
37.610077,0.2612967,0.3887141,0.68719643,0.46106866
37.62007,0.26214236,0.38886818,0.6861828,0.46071014
37.630074,0.26150504,0.38852996,0.686548,0.46174344
37.640076,0.26129004,0.3884436,0.6867485,0.4615659
37.650093,0.26083082,0.38790262,0.686761,0.46088484
37.660076,0.2611055,0.38853887,0.6865471,0.4604924
37.67008,0.26135015,0.38856792,0.6868094,0.46090624
37.68008,0.26130915,0.38799605,0.68693495,0.46070838
37.690075,0.2613821,0.3880284,0.68657655,0.46105698
37.700073,0.2616058,0.38830808,0.68669486,0.46130115
37.710075,0.26192886,0.3887796,0.6868693,0.46105057
37.720078,0.2611,0.38849765,0.68685776,0.46100855
37.73008,0.26133794,0.38863465,0.68757063,0.46094003
37.740078,0.26127824,0.38783965,0.6868594,0.46107772
37.750095,0.26123562,0.3883175,0.6875711,0.46142724
37.76007,0.261465,0.3876939,0.68656933,0.4613543
37.770077,0.26175115,0.38864198,0.6871797,0.46116078
37.780075,0.26123598,0.38792136,0.68726283,0.4616329
37.790077,0.26143,0.38781995,0.68781924,0.4616014
37.800076,0.25996146,0.3854194,0.6872599,0.46186098
37.810074,0.25982147,0.3868492,0.68738663,0.46167737
37.820072,0.2598062,0.38621327,0.686883,0.46205413
37.830074,0.2601009,0.38612118,0.68670845,0.46082753
37.840076,0.26028496,0.3880782,0.6870796,0.45986086
37.85009,0.26044232,0.38751337,0.68711746,0.46055892
37.860073,0.26008382,0.3867649,0.6875387,0.4604617
37.87008,0.26031905,0.387304,0.68700737,0.46195227
37.880077,0.2608522,0.3877902,0.6877098,0.46129233
37.890076,0.26149452,0.38817596,0.6874063,0.4618005
37.900097,0.26144272,0.38846675,0.687368,0.46149328
37.910084,0.25878158,0.38796237,0.6873656,0.46169376
37.920082,0.26145998,0.38830647,0.6867425,0.46175388
37.930077,0.26147687,0.38806507,0.6872519,0.4619762
37.940075,0.26095355,0.38758713,0.6873539,0.46235
37.950096,0.2613047,0.38816556,0.68799275,0.4621636
37.96007,0.26168418,0.38796544,0.6861329,0.46161407
37.97008,0.2613169,0.38847834,0.6873144,0.46165526
37.980076,0.26098374,0.38806638,0.6854908,0.4613655
37.990074,0.26195553,0.3888143,0.68893,0.46230176
38.000088,0.26104778,0.3878126,0.68805575,0.4617038
38.01008,0.2615105,0.38832715,0.68752456,0.46191457
38.020077,0.26098838,0.38821483,0.68716973,0.46240333
38.030075,0.26122504,0.38844723,0.687517,0.4621565
38.040073,0.26116318,0.38805857,0.6878608,0.46253017
38.0501,0.26111686,0.38904932,0.68716824,0.46256462
38.060093,0.25931662,0.38766044,0.6872598,0.4620344
38.070087,0.26194558,0.38937533,0.68795115,0.46210766
38.08008,0.26175386,0.38807213,0.6875511,0.4623845
38.090073,0.26186064,0.38826472,0.6873176,0.46297976
38.100075,0.26160637,0.388268,0.6877733,0.4623388
38.110077,0.26130506,0.3880789,0.6874268,0.4622838
38.120075,0.26160198,0.38815495,0.6881716,0.46104252
38.130074,0.26143286,0.3890519,0.68772125,0.46230668
38.140076,0.26110098,0.38865015,0.6880651,0.4624478
38.150074,0.26127088,0.38808942,0.68826455,0.4622105
38.160072,0.26167914,0.38817137,0.6883012,0.46274543
38.170082,0.26136637,0.38888386,0.68759125,0.46148083
38.180077,0.26169387,0.38811278,0.6876177,0.46237898
38.190075,0.26133776,0.3889898,0.68820816,0.4625194
38.200073,0.26113302,0.38883272,0.68847454,0.4628128
38.210083,0.2616594,0.38841808,0.68877876,0.46243805
38.220078,0.26226035,0.38823113,0.6879553,0.46195376
38.230076,0.26103017,0.3882483,0.6882235,0.4620235
38.240078,0.26198485,0.38812843,0.6882702,0.46269757
38.250076,0.2616173,0.38846987,0.68778616,0.46268055
38.260075,0.26180157,0.38869014,0.6881796,0.4624492
38.270077,0.26152617,0.38857442,0.68825763,0.46222037
38.28008,0.26144624,0.3885053,0.68736416,0.4629926
38.290077,0.26173276,0.38895908,0.6884054,0.46220988
38.300076,0.2621838,0.38853797,0.6878599,0.4628246
38.310074,0.26222783,0.38839206,0.6878169,0.4621651
38.320072,0.26114693,0.3886441,0.68808764,0.46228036
38.330074,0.26158553,0.38860077,0.6882813,0.46251887
38.340073,0.26138368,0.3888386,0.6880984,0.46238485
38.350075,0.2625634,0.3886054,0.68812305,0.46334815
38.36008,0.2612452,0.3883488,0.6894892,0.463047
38.37008,0.26168257,0.38941282,0.6879964,0.4623486
38.380074,0.26135808,0.3883828,0.6868648,0.4630647
38.39007,0.2614712,0.38882002,0.6895365,0.4625492
38.400074,0.26183888,0.38891593,0.68891287,0.46192282
38.410076,0.26165318,0.38845775,0.6899382,0.46287253
38.420074,0.2617425,0.38925698,0.6874488,0.4631943
38.430073,0.26195034,0.38889176,0.6891811,0.4632535
38.44007,0.26207066,0.38926977,0.687897,0.4630901
38.450073,0.2610087,0.38790977,0.6884446,0.46329403
38.46008,0.2617978,0.388697,0.68882877,0.46357447
38.470078,0.26147148,0.38913646,0.68826646,0.46270835
38.480076,0.26184857,0.38911465,0.68847495,0.4635307
38.490074,0.2617393,0.3890061,0.6883395,0.4636921
38.500076,0.2620722,0.3886738,0.68861264,0.46346053
38.510075,0.26136613,0.38821122,0.6881359,0.46334442
38.520073,0.26233023,0.38925388,0.6888437,0.46425223
38.530075,0.26166683,0.3883716,0.6888342,0.4642828
38.540073,0.26169485,0.38950586,0.6892165,0.4640145
38.550076,0.2609189,0.38782677,0.6882243,0.4632721
38.56008,0.26139525,0.38579863,0.68870085,0.4630676
38.570084,0.2618514,0.38894957,0.6889298,0.46398222
38.580074,0.26131672,0.38812017,0.68815756,0.46340835
38.590073,0.26141876,0.3887361,0.6887577,0.46377972
38.600075,0.26198652,0.38876846,0.68920344,0.4640357
38.610077,0.26063114,0.38881943,0.6888525,0.4641079
38.620075,0.26172444,0.38927403,0.68897986,0.46453863
38.630074,0.26137853,0.38873696,0.6885295,0.46374196
38.640076,0.2612138,0.38864425,0.6881191,0.46333948
38.650074,0.26179686,0.3887018,0.6888075,0.46409118
38.660072,0.26083764,0.38854945,0.68796855,0.4634623
38.67008,0.26252937,0.3893043,0.6885589,0.46378818
38.680077,0.2614311,0.38858637,0.68871754,0.46390873
38.690075,0.26129472,0.3884079,0.68917716,0.4638339
38.700073,0.26192608,0.38899058,0.68744355,0.4634473
38.710075,0.26181975,0.38890442,0.6900134,0.4642089
38.720078,0.26234186,0.38888758,0.6873683,0.46412554
38.730076,0.26211804,0.38852328,0.6890705,0.46411023
38.740074,0.2623359,0.3888838,0.6882389,0.4639745
38.75008,0.26231098,0.38855895,0.6883864,0.4639441
38.760075,0.2620024,0.38937056,0.6887448,0.46452013
38.77008,0.26188043,0.3902642,0.68914336,0.46302003
38.780075,0.26189724,0.38911414,0.68942326,0.46463138
38.790073,0.26149595,0.38957527,0.68842506,0.46424532
38.80007,0.26175928,0.38905513,0.68960786,0.46459755
38.810074,0.26082987,0.38952148,0.6890344,0.46424174
38.820076,0.26294312,0.38893262,0.6889045,0.46480796
38.830074,0.26152092,0.38900897,0.6885352,0.46422687
38.840073,0.26184967,0.388524,0.68902045,0.4650173
38.850075,0.26146227,0.38865823,0.689659,0.4644933
38.860073,0.26159468,0.3884408,0.68817854,0.46470276
38.87008,0.26270542,0.3899177,0.68924904,0.4641183
38.880074,0.26123655,0.38908964,0.68857944,0.46494636
38.890076,0.26211858,0.3888959,0.6886994,0.46467218
38.900085,0.26068634,0.38855717,0.6886512,0.46461794
38.91008,0.26108688,0.38889545,0.68889016,0.46493843
38.920074,0.2611415,0.3897157,0.6891557,0.465202
38.930077,0.26111278,0.38961118,0.68872803,0.46477494
38.940075,0.26064503,0.38889113,0.6887777,0.46503294
38.950077,0.26183593,0.3890044,0.68935037,0.46461353
38.96007,0.2617135,0.38860863,0.6885569,0.4648601
38.970078,0.26285657,0.38959217,0.68895406,0.4653186
38.980076,0.2610993,0.38895088,0.68908066,0.46532598
38.990074,0.26256552,0.3891045,0.68908113,0.4659425
39.000088,0.2605923,0.38755155,0.68971825,0.46502325
39.01008,0.26117632,0.38878012,0.68911,0.46517828
39.020077,0.26175207,0.38949546,0.68943787,0.46499097
39.030075,0.2617207,0.3893439,0.6882236,0.46579418
39.040073,0.26158148,0.38927084,0.6889914,0.46515417
39.050076,0.26146004,0.3887294,0.6894655,0.4655551
39.060085,0.26208654,0.3865317,0.6896642,0.46568015
39.070087,0.2618879,0.38948897,0.6892966,0.46587664
39.08008,0.2617315,0.38932526,0.6897837,0.46580508
39.090076,0.26134512,0.38888994,0.68914425,0.46580508
39.100075,0.26163334,0.388995,0.68918395,0.465782
39.110073,0.26122573,0.38886526,0.6888644,0.46593222
39.12007,0.2624885,0.38982162,0.68933237,0.46593907
39.130074,0.2620431,0.38880664,0.6893615,0.46585914
39.14007,0.26172727,0.3888327,0.6884499,0.46615225
39.150074,0.26147288,0.38975003,0.6885464,0.46565944
39.160072,0.26195934,0.38927588,0.689045,0.46582887
39.17008,0.26188725,0.389542,0.68965673,0.46595025
39.180077,0.26149112,0.388966,0.68886876,0.46507287
39.190075,0.26191932,0.38931027,0.6887832,0.46602333
39.200073,0.26223126,0.38859907,0.6886402,0.4661501
39.210087,0.2619717,0.38936597,0.6896852,0.4665467
39.220074,0.26236507,0.3880223,0.6888992,0.4660192
39.230072,0.26199266,0.3894067,0.6890867,0.46639898
39.240074,0.26214504,0.38939226,0.6887319,0.46586275
39.250076,0.26116687,0.3894568,0.6893277,0.4674627
39.26007,0.262155,0.38937646,0.6885657,0.46692556
39.27008,0.26244494,0.38960046,0.6893895,0.46651894
39.280075,0.26187974,0.3899295,0.6888908,0.46599558
39.290073,0.26214847,0.3893715,0.6899477,0.46693143
39.300076,0.26124695,0.38917956,0.68897164,0.46697173
39.310078,0.26173186,0.38869777,0.6892658,0.4662378
39.320076,0.261834,0.38928118,0.68913096,0.4664884
39.330074,0.26241004,0.38916796,0.6888008,0.46637276
39.340076,0.26165116,0.3886441,0.6892873,0.4665563
39.350075,0.2615723,0.38919652,0.68941766,0.4669227
39.360073,0.2614597,0.38889566,0.68928987,0.46752468
39.37008,0.26202238,0.38901,0.68877286,0.46686754
39.380077,0.26210615,0.3897597,0.6885208,0.4673257
39.390076,0.2613227,0.38919893,0.68930346,0.46728668
39.400074,0.26189032,0.3898687,0.6893042,0.46734053
39.410076,0.26151478,0.38865948,0.68958944,0.46691924
39.420074,0.2622552,0.39006227,0.6893831,0.4673856
39.430073,0.2618504,0.3891286,0.6894357,0.4676685
39.440075,0.26135892,0.38934466,0.68980247,0.46748316
39.450073,0.2612453,0.38905868,0.68881357,0.46654624
39.46007,0.26170865,0.38910556,0.68898124,0.4675799
39.470078,0.26155183,0.38923308,0.68911403,0.46729258
39.480076,0.26200908,0.38882086,0.68981624,0.4672804
39.490074,0.26178557,0.3903745,0.6893639,0.46664312
39.500076,0.2615187,0.38910505,0.6891834,0.46722648
39.510075,0.2629782,0.3895489,0.68911994,0.4673109
39.520073,0.2632522,0.3897991,0.6900572,0.46781206
39.530075,0.26240727,0.38998586,0.68948585,0.46790883
39.540073,0.26201487,0.38914326,0.68907624,0.46802318
39.550076,0.2617248,0.38986647,0.6904852,0.46763417
39.560085,0.26194078,0.3888939,0.68974066,0.46771815
39.570084,0.26254827,0.38952973,0.6898048,0.46820188
39.58008,0.2614118,0.3894786,0.68938416,0.46803766
39.590073,0.26251724,0.3894789,0.68938434,0.46903455
39.600075,0.26148403,0.38955706,0.68858653,0.46844602
39.610077,0.2613887,0.38895965,0.68896365,0.46797502
39.620075,0.26200122,0.38893113,0.6896397,0.4686079
39.630077,0.26201704,0.3895558,0.68970287,0.46842417
39.64007,0.26226282,0.3897837,0.68961734,0.46869937
39.650074,0.26149598,0.38923252,0.6890178,0.46841162
39.660072,0.26162657,0.38934985,0.68947554,0.46905386
39.6701,0.26193646,0.38952932,0.6893443,0.46867454
39.680077,0.26232266,0.3897997,0.6896932,0.4684296
39.690075,0.26176566,0.38951528,0.6895005,0.46845403
39.700073,0.262784,0.38993493,0.68959403,0.468834
39.710075,0.2620235,0.38989288,0.6894761,0.4687206
39.720074,0.26104394,0.38976097,0.68921953,0.46845898
39.730076,0.26253974,0.38878796,0.68927777,0.46936163
39.740074,0.2612901,0.38897973,0.68940836,0.46888232
39.750072,0.26196644,0.38951468,0.68990785,0.46886373
39.760075,0.26178506,0.3889433,0.6904712,0.4687763
39.770092,0.26179734,0.3894495,0.6872751,0.46857816
39.780075,0.2617786,0.38962564,0.6910937,0.46959546
39.790077,0.2625778,0.38983834,0.69028777,0.46976668
39.80007,0.2620916,0.3895521,0.69098586,0.46923748
39.810074,0.26224956,0.38994232,0.68965507,0.4696364
39.820076,0.26197177,0.3894962,0.6891566,0.4693266
39.830074,0.2624144,0.38946253,0.6893384,0.46927077
39.840076,0.2617395,0.3898369,0.6890045,0.46975002
39.850075,0.26197624,0.389872,0.6894426,0.46999484
39.86008,0.2619355,0.38910142,0.6888783,0.46917126
39.870094,0.2617724,0.38945594,0.6896389,0.4687142
39.880074,0.26165083,0.38901415,0.68919903,0.46856728
39.890076,0.26168734,0.38934016,0.689602,0.47118944
39.90008,0.26144668,0.38761023,0.68953615,0.469728
39.91008,0.26154894,0.38895187,0.689281,0.46874875
39.920074,0.26197505,0.38866922,0.68945557,0.46834582
39.930077,0.26149645,0.3892345,0.6896395,0.4692875
39.940075,0.26252055,0.38958508,0.6895571,0.47006395
39.950073,0.2625172,0.38929808,0.68936706,0.47026223
39.96008,0.26266834,0.38973308,0.68933254,0.4706725
39.970097,0.2619215,0.39009503,0.6896303,0.4702538
39.980076,0.2623715,0.3894786,0.68955815,0.47025272
39.990074,0.26203287,0.3899104,0.6891507,0.47073737
40.000076,0.2616256,0.38913384,0.68919516,0.47039172
40.01008,0.2615768,0.38896254,0.6892008,0.4702041
40.020077,0.2617748,0.38980862,0.6890776,0.4710757
40.030075,0.26247096,0.3897582,0.6891518,0.47104603
40.040077,0.26195523,0.38960227,0.6893919,0.4706103
40.050076,0.2615825,0.3891896,0.68879145,0.4705406
40.060085,0.26268885,0.39010236,0.68995696,0.47088686
40.070103,0.26223058,0.3896524,0.68927395,0.47038192
40.080074,0.26180342,0.38987502,0.68927425,0.47075057
40.090076,0.26219153,0.38978735,0.6894599,0.4709475
40.100075,0.26228347,0.38971967,0.68960625,0.47028333
40.110077,0.26221853,0.39028955,0.6893361,0.4717291
40.12007,0.26187348,0.3900139,0.6889222,0.47081336
40.130077,0.262384,0.39027882,0.6896096,0.47122112
40.14007,0.2618518,0.38979667,0.68934923,0.47103256
40.150074,0.26201215,0.39003378,0.6896204,0.4712931
40.160076,0.26226434,0.38932288,0.6886267,0.47144887
40.17008,0.26245603,0.3900758,0.6893623,0.47250926
40.180073,0.26121628,0.3897405,0.6886166,0.47103098
40.19007,0.26128954,0.38958892,0.6895504,0.47176877
40.200073,0.26181278,0.38982928,0.6892679,0.47193083
40.210075,0.2623599,0.38976768,0.689128,0.47190255
40.22008,0.26206368,0.38933653,0.68853694,0.4717629
40.230076,0.26216552,0.38954365,0.68910676,0.47211015
40.240074,0.26235712,0.38893312,0.68930185,0.4717054
40.250072,0.26235533,0.3898689,0.6892688,0.47126395
40.260075,0.26248,0.39052728,0.6890333,0.4711603
40.270077,0.26221037,0.3890647,0.6893386,0.47188628
40.280075,0.26172352,0.3898025,0.6889465,0.47187215
40.290077,0.26283383,0.3897442,0.68928784,0.47259936
40.300076,0.26301026,0.39029768,0.6894826,0.47167486
40.310074,0.26305673,0.3897603,0.68914896,0.47216457
40.320076,0.2625212,0.3902917,0.6896398,0.4721299
40.330074,0.26255852,0.39088216,0.68909585,0.47236764
40.340076,0.26234534,0.39009845,0.68945765,0.47209346
40.350075,0.26241612,0.39002523,0.68880165,0.47251034
40.360073,0.26188436,0.3894132,0.68928707,0.4731993
40.370075,0.2624323,0.38988698,0.6891392,0.47276226
40.38008,0.2625581,0.38978562,0.6887027,0.47250444
40.390076,0.26243246,0.3903451,0.6889425,0.4726864
40.400074,0.26124388,0.38916138,0.68885577,0.4729796
40.410072,0.26255813,0.39008424,0.68929994,0.47287965
40.420074,0.2622256,0.38953122,0.6889486,0.47238517
40.430073,0.26302114,0.3903573,0.6895462,0.47299793
40.440075,0.26223084,0.38990963,0.69011414,0.4726235
40.450073,0.26251712,0.39034012,0.68943954,0.47326365
40.460075,0.26208308,0.389654,0.69121164,0.47314656
40.470078,0.26145875,0.3902555,0.69129485,0.47316816
40.480072,0.2617203,0.3902625,0.6897041,0.47336903
40.490074,0.26201504,0.38987324,0.6883254,0.47329068
40.500076,0.2625804,0.39025056,0.6880656,0.47364667
40.510075,0.2620142,0.3904476,0.6886487,0.4729557
40.520073,0.26244646,0.38935238,0.6888497,0.47335386
40.530075,0.26219413,0.3898498,0.68961084,0.47382963
40.540073,0.26169643,0.38993087,0.68837446,0.47429892
40.55007,0.26239347,0.39024562,0.6891008,0.47395167
40.560085,0.2626285,0.38983402,0.6895124,0.47203684
40.570087,0.2612611,0.388873,0.6890473,0.4744476
40.580074,0.26140234,0.38858297,0.68858343,0.474728
40.590076,0.26097658,0.38872045,0.68965226,0.47397178
40.600075,0.26073515,0.389894,0.68884695,0.47317484
40.610077,0.26113608,0.38888335,0.6891524,0.47389373
40.620075,0.26189074,0.38934153,0.6892623,0.4744515
40.630074,0.26092,0.38895404,0.6883071,0.47377813
40.640076,0.26122892,0.3885402,0.6888367,0.47418624
40.650074,0.26137114,0.39168873,0.688358,0.47493377
40.660072,0.2617672,0.38949314,0.68865514,0.47410017
40.670074,0.2619323,0.38904575,0.6886765,0.47396138
40.680077,0.2620196,0.3895095,0.68826723,0.47463697
40.690075,0.2628195,0.38993374,0.6885994,0.47498572
40.700073,0.2625358,0.390354,0.6881145,0.47435707
40.710075,0.2623777,0.39017004,0.6891236,0.47452754
40.720074,0.2627594,0.38963288,0.6887925,0.4748247
40.730076,0.26276568,0.39046732,0.6887568,0.47446308
40.740074,0.2619597,0.39012533,0.6878177,0.47474283
40.750072,0.26285404,0.3899493,0.68836147,0.4747508
40.76007,0.26217303,0.3898536,0.68773335,0.47404286
40.770077,0.2624238,0.39037785,0.68864214,0.47499987
40.780075,0.2623317,0.3905909,0.6882125,0.4756818
40.790073,0.26223105,0.39013946,0.68886137,0.47482964
40.80007,0.26231292,0.38976756,0.68835485,0.47538942
40.810074,0.262633,0.39122137,0.68803006,0.4757008
40.820076,0.2625787,0.39012673,0.68893194,0.4750128
40.830074,0.2619952,0.39085826,0.6885175,0.475455
40.840073,0.2625021,0.3902042,0.6878783,0.47510678
40.850075,0.262895,0.38967356,0.6894557,0.4751153
40.860073,0.2624648,0.3904602,0.6874652,0.4756364
40.87007,0.2626521,0.38992226,0.689813,0.47536823
40.880074,0.2624429,0.39016768,0.69068825,0.47600028
40.890076,0.26243225,0.39010265,0.68688256,0.4758915
40.90008,0.26285544,0.39098066,0.68695664,0.47573003
40.91008,0.26182872,0.39008668,0.68870896,0.47570664
40.920074,0.2624251,0.39029065,0.6887319,0.4758723
40.930077,0.26150447,0.3902648,0.68877107,0.47561708
40.940075,0.2626873,0.38987526,0.68884706,0.47526056
40.950073,0.2623048,0.38981053,0.6886514,0.47633716
40.960075,0.26267037,0.38993713,0.6890504,0.4754447
40.970078,0.26253247,0.3907062,0.68809396,0.47619247
40.980076,0.2624848,0.39005157,0.6882923,0.47606385
40.990074,0.26226503,0.39014903,0.68817043,0.4755081
41.00008,0.26213825,0.39037153,0.6876691,0.47595018
41.010075,0.2619924,0.38941723,0.68950194,0.47684452
41.020077,0.26215747,0.38983345,0.68921214,0.4760769
41.030075,0.26330763,0.39041996,0.6883973,0.4769444
41.040073,0.26181328,0.38998264,0.6884176,0.47616163
41.050076,0.26250643,0.39053145,0.6883617,0.47708964
41.060085,0.26254046,0.38971773,0.6885869,0.47644433
41.070087,0.2633376,0.39082277,0.68871397,0.4763544
41.08008,0.26344657,0.38998857,0.6888395,0.47744223
41.090076,0.26265782,0.39065206,0.6892933,0.47694564
41.100075,0.26243144,0.39079583,0.68896073,0.4766249
41.110073,0.26213244,0.39034715,0.69054186,0.4763179
41.120075,0.26248166,0.38994017,0.68777585,0.4767827
41.130074,0.2625685,0.39025053,0.6870015,0.47630006
41.140076,0.26253542,0.39049366,0.68971896,0.4767963
41.150074,0.2620026,0.39085895,0.6872037,0.47728276
41.160072,0.2625162,0.39009553,0.6887215,0.47707456
41.170074,0.262436,0.39033008,0.6878974,0.4774636
41.180077,0.26301995,0.39055482,0.68863857,0.47701252
41.190075,0.2619358,0.3901462,0.68825203,0.47741428
41.200073,0.26284954,0.3902331,0.68890244,0.47730207
41.21008,0.2619067,0.38999116,0.68820363,0.47796598
41.220074,0.26330602,0.39069003,0.6889786,0.47742152
41.230076,0.26237807,0.3907406,0.6881103,0.47754344
41.240074,0.2629872,0.39026275,0.68832535,0.4773824
41.250072,0.2627124,0.39040026,0.6879396,0.47660327
41.260075,0.26254153,0.38982677,0.68818104,0.47767702
41.270073,0.26337364,0.39081421,0.6880921,0.47800303
41.280075,0.26250842,0.3895513,0.6876721,0.47737035
41.290073,0.2623201,0.38996992,0.6877503,0.47762957
41.300076,0.26299703,0.39052945,0.6875659,0.47808886
41.310074,0.26271364,0.390646,0.6873866,0.47798556
41.320076,0.26304254,0.39017844,0.6882315,0.47807777
41.33007,0.26241153,0.3905736,0.68799365,0.47854027
41.340073,0.2625405,0.38967013,0.68810993,0.47772872
41.350075,0.26251748,0.39099056,0.688525,0.47822872
41.360073,0.26222196,0.39003646,0.6876396,0.4780653
41.370075,0.26242185,0.39064085,0.68848336,0.47854236
41.380074,0.2630161,0.39047357,0.68833965,0.4783146
41.390087,0.26216775,0.39043692,0.68822056,0.4778807
41.400074,0.2628109,0.39088926,0.6884293,0.47852838
41.410076,0.2627872,0.38983968,0.6879693,0.47869167
41.420074,0.26243633,0.39041823,0.68782127,0.47865558
41.430073,0.2626567,0.39074993,0.6879055,0.47904718
41.440075,0.26304,0.39086732,0.68794835,0.47879794
41.450073,0.2622933,0.39084902,0.68765557,0.47890997
41.460075,0.26331717,0.39147365,0.68821704,0.47935468
41.470074,0.26328084,0.39061657,0.68786323,0.47924042
41.480076,0.2632858,0.3915433,0.6882098,0.47910678
41.49009,0.26286376,0.39060044,0.6878292,0.47898042
41.500072,0.26356024,0.39148816,0.6879994,0.47903088
41.510075,0.26294643,0.38996392,0.6873398,0.47903824
41.520077,0.26305217,0.39027318,0.68812263,0.47899643
41.530075,0.26191804,0.39107502,0.6886362,0.47929147
41.540073,0.26305,0.39065915,0.688416,0.47901213
41.550076,0.2634789,0.3913465,0.6879616,0.4793168
41.560085,0.26190412,0.3908214,0.68797344,0.4789469
41.570084,0.2624552,0.39081046,0.6873111,0.47951564
41.58008,0.262174,0.3902663,0.6877077,0.4797524
41.5901,0.26283076,0.39026457,0.68792987,0.4798085
41.600075,0.26296687,0.39177707,0.6880501,0.47855434
41.610077,0.2620585,0.390879,0.6875997,0.47998792
41.62007,0.26280054,0.39102334,0.6885355,0.47949246
41.630074,0.2630009,0.39074385,0.6879699,0.47964653
41.640076,0.26238105,0.3910767,0.6886881,0.47966227
41.650074,0.26307186,0.39093456,0.6876976,0.47962394
41.660076,0.26299244,0.390149,0.68893456,0.4795633
41.670074,0.2623805,0.39125827,0.6880849,0.4803355
41.680073,0.26274458,0.38991103,0.6879765,0.4797257
41.690075,0.2625408,0.3908306,0.6875111,0.4803599
41.700073,0.2628473,0.3903685,0.68764025,0.4794889
41.710075,0.2619001,0.3902185,0.6881146,0.48019773
41.720074,0.2629738,0.3903288,0.6881581,0.48032054
41.730076,0.26232597,0.3911177,0.68858755,0.47965425
41.740074,0.2627306,0.39091972,0.68789464,0.4799825
41.750072,0.26313296,0.39101395,0.6879879,0.48029694
41.76007,0.26315695,0.39057907,0.6886383,0.4804729
41.770077,0.26264971,0.3905899,0.68799716,0.47988862
41.780075,0.2634375,0.39048213,0.68742585,0.48044398
41.790073,0.2623168,0.3904629,0.6877861,0.480512
41.80007,0.2630381,0.3911163,0.6882195,0.48071536
41.810074,0.26264015,0.39016858,0.68800855,0.48052192
41.820076,0.26234424,0.3907911,0.6883703,0.4807668
41.830074,0.2624209,0.38983163,0.68889993,0.48089308
41.840073,0.2623456,0.3902935,0.6876767,0.4808614
41.850075,0.26350558,0.39120838,0.6883846,0.4801676
41.860073,0.26298735,0.3903776,0.68812597,0.4805311
41.870075,0.26290023,0.39066795,0.6879863,0.48122215
41.880074,0.26321238,0.3907899,0.6878549,0.48084986
41.890076,0.2627449,0.3910863,0.68845063,0.48064852
41.900085,0.26292405,0.3909801,0.68752974,0.48033285
41.91008,0.26271245,0.3913716,0.68835807,0.48187098
41.920074,0.2624477,0.38932553,0.6880013,0.48089996
41.930077,0.26329064,0.39051986,0.68855727,0.48135167
41.940075,0.26302424,0.39047736,0.6872424,0.48061073
41.950073,0.2635786,0.39121738,0.68936986,0.48082697
41.960075,0.26280254,0.39007965,0.69020486,0.48024285
41.970108,0.26071274,0.38951403,0.6903808,0.4814001
41.980083,0.26267034,0.39056948,0.68850845,0.48071894
41.990074,0.26254886,0.39038152,0.6901052,0.48096928
42.000088,0.2629476,0.39114636,0.6894993,0.4811121
42.01008,0.26248473,0.39096153,0.68872774,0.48094678
42.020077,0.26266292,0.39121345,0.6875548,0.4812251
42.030075,0.26226732,0.39083663,0.6879882,0.48076367
42.040073,0.2626362,0.39093798,0.6881814,0.48143122
42.050076,0.26317734,0.39058688,0.68810266,0.48111635
42.060093,0.26260716,0.3912259,0.6876841,0.4815757
42.070084,0.26227236,0.39065433,0.6886211,0.48294473
42.080074,0.26274347,0.39092728,0.6888624,0.48168465
42.090076,0.26271495,0.39113882,0.6882471,0.48143095
42.100075,0.26349366,0.39209005,0.6883877,0.48070312
42.110077,0.26278752,0.3908567,0.6889535,0.4816318
42.120075,0.2626049,0.39049256,0.6887211,0.48035884
42.130074,0.26266062,0.39048094,0.6881808,0.4824333
42.140076,0.2624816,0.39154387,0.6885425,0.48301393
42.150074,0.26271734,0.39217615,0.6887993,0.4820847
42.160076,0.26219687,0.3908468,0.6884559,0.48143184
42.170074,0.26294678,0.38985515,0.6883537,0.4817276
42.180073,0.2621666,0.39099267,0.68854547,0.48249465
42.190075,0.26303172,0.3908892,0.6889746,0.48150024
42.200092,0.26316643,0.39052555,0.6881271,0.48195434
42.210075,0.2631727,0.39029896,0.68850136,0.48246422
42.220074,0.26271543,0.39086524,0.68791693,0.4824284
42.230076,0.26285538,0.39161375,0.6883191,0.4828742
42.240074,0.26285717,0.39064777,0.6886856,0.48174918
42.250072,0.26385766,0.39128363,0.68876785,0.48229098
42.260075,0.26280043,0.39137566,0.68811893,0.4823851
42.270073,0.26278847,0.39133736,0.68794715,0.48220742
42.280075,0.26271084,0.39103615,0.6884672,0.48208532
42.290073,0.26274478,0.39179003,0.68850595,0.4820124
42.30009,0.2627129,0.39139798,0.68844044,0.482019
42.310078,0.26255366,0.389836,0.68813664,0.481926
42.320072,0.26303828,0.39130467,0.68805724,0.48250628
42.330074,0.26311144,0.39078817,0.6891606,0.48259625
42.340073,0.2634814,0.39118338,0.6883489,0.48252448
42.350075,0.2631427,0.3905843,0.6871523,0.48251233
42.360073,0.2633221,0.39107376,0.6884983,0.48275688
42.370075,0.26284346,0.3912627,0.6870234,0.48315117
42.380074,0.26336634,0.39110857,0.68808216,0.48258784
42.39007,0.26258072,0.39078602,0.68868965,0.4830519
42.40008,0.26291573,0.39134935,0.68905175,0.4834262
42.410076,0.26253855,0.39102963,0.6885504,0.4825481
42.420074,0.2625542,0.39211956,0.68905157,0.48249316
42.430077,0.26280823,0.39086574,0.6888132,0.48284686
42.44007,0.26335883,0.39091143,0.68854827,0.48272124
42.450073,0.26282686,0.39095318,0.68860555,0.48301554
42.460075,0.26290503,0.39104167,0.6885148,0.48307782
42.470074,0.2625661,0.39099658,0.6889618,0.4840733
42.480076,0.26312894,0.3908531,0.6889716,0.48259202
42.490074,0.26234594,0.39152044,0.6890482,0.4830393
42.500072,0.26291525,0.3909578,0.6898053,0.48299545
42.51008,0.26296434,0.392105,0.6890718,0.48289388
42.520073,0.26289845,0.39058465,0.6887319,0.48253182
42.530075,0.26364428,0.39120507,0.688857,0.48358825
42.540073,0.26243764,0.39082342,0.68855655,0.4827045
42.550076,0.2625247,0.39163432,0.6893253,0.4836307
42.560085,0.26161888,0.3912555,0.6880505,0.4831064
42.570084,0.2625763,0.39128205,0.68915,0.48469174
42.58008,0.26259437,0.38996542,0.6891596,0.48377928
42.590076,0.26208442,0.39085677,0.68873036,0.48350343
42.600075,0.2632041,0.39078304,0.688807,0.48376176
42.610077,0.26265672,0.39062002,0.687975,0.48350847
42.620075,0.262049,0.39013895,0.688794,0.48294702
42.630074,0.26261687,0.39144108,0.6886281,0.4840544
42.640076,0.2632954,0.39093238,0.68930894,0.48347697
42.650074,0.2628851,0.3903639,0.68929887,0.48334497
42.660072,0.2628836,0.391225,0.6884032,0.48385122
42.670074,0.2630325,0.39106998,0.6886609,0.4841785
42.680073,0.26344168,0.3913852,0.6894136,0.48395595
42.690075,0.26360717,0.39123538,0.68874127,0.48371923
42.700073,0.26313263,0.39154792,0.68904185,0.48369876
42.710075,0.26339278,0.3913878,0.68875337,0.48405623
42.720074,0.2627868,0.39165992,0.68962467,0.4841454
42.730076,0.2628774,0.39104554,0.6899913,0.48408392
42.740074,0.2629364,0.39133912,0.68989015,0.48375916
42.750072,0.26328936,0.3912864,0.6903052,0.4835978
42.760075,0.2629598,0.3907429,0.6881206,0.48406404
42.770077,0.26246646,0.39127603,0.6877638,0.48429438
42.78007,0.26315442,0.39191285,0.68829346,0.48427397
42.790073,0.2630626,0.39206398,0.6898481,0.48459885
42.80007,0.26235223,0.39094356,0.6892844,0.48404217
42.810074,0.2631475,0.39093268,0.68927974,0.48469904
42.82007,0.2629264,0.39125243,0.6890582,0.48321322
42.830074,0.26307136,0.3918491,0.6895653,0.48427138
42.840073,0.2630749,0.39086565,0.6887061,0.48403823
42.850075,0.26385042,0.3916181,0.6892789,0.4852073
42.860073,0.26255092,0.3915245,0.6890808,0.48491955
42.87007,0.26239952,0.39055613,0.6887284,0.48440054
42.880074,0.26264656,0.39014134,0.6888589,0.48298785
42.890076,0.26260966,0.39137524,0.6888165,0.48445988
42.900085,0.26286125,0.39094114,0.689183,0.4841731
42.910076,0.26179454,0.39092553,0.6882195,0.48477772
42.920074,0.2629239,0.39100486,0.68938005,0.48399368
42.930077,0.26233053,0.39130467,0.68949544,0.4841174
42.940075,0.26285115,0.39113978,0.68895775,0.48465666
42.950077,0.26269424,0.39094156,0.68860346,0.48393777
42.96007,0.26275694,0.39100206,0.68922704,0.48509994
42.970074,0.26260644,0.39060855,0.6887568,0.4845165
42.980076,0.2638289,0.39193937,0.68886447,0.48450583
42.990074,0.26253954,0.39121908,0.68934447,0.48439822
43.000088,0.2634256,0.3916274,0.68925065,0.48490372
43.010075,0.2630211,0.39053264,0.68859446,0.48543105
43.020073,0.26303706,0.39107162,0.68915635,0.4847795
43.030075,0.26346195,0.39105985,0.6883485,0.4850114
43.040073,0.26393437,0.39042497,0.6896164,0.48453268
43.050076,0.26330447,0.39183936,0.6893425,0.48468974
43.060093,0.26094896,0.390379,0.6886457,0.48435983
43.070087,0.26315832,0.39130253,0.6891956,0.4852847
43.08008,0.26314548,0.39032185,0.6874436,0.48533693
43.090073,0.262733,0.3913435,0.6875071,0.48491323
43.100075,0.26329967,0.39087898,0.6895003,0.48531276
43.110073,0.2639737,0.39197868,0.6877482,0.48461786
43.120075,0.26397458,0.39131194,0.6882475,0.48412824
43.130074,0.26328218,0.39155808,0.6872059,0.4845315
43.140076,0.26269558,0.39176106,0.68948925,0.48467985
43.150078,0.26395324,0.39165926,0.6888594,0.48493096
43.160072,0.2636076,0.39149165,0.68873775,0.4848614
43.170074,0.26327497,0.39152738,0.68832254,0.48520538
43.180077,0.26319975,0.3913797,0.68755794,0.48463002
43.190075,0.26321396,0.3912811,0.6886799,0.48541474
43.200073,0.26372087,0.3908593,0.6887994,0.48501912
43.21009,0.26266146,0.39063993,0.68864864,0.4853838
43.22008,0.26323622,0.39129907,0.6891649,0.48437703
43.230076,0.26266247,0.3910795,0.6886386,0.4848556
43.240074,0.26323503,0.39121792,0.6884398,0.4856273
43.250076,0.2635524,0.39134866,0.6894104,0.48461932
43.260075,0.263179,0.39130217,0.68958473,0.485378
43.270077,0.26389244,0.3915132,0.6880318,0.4849353
43.280075,0.2630294,0.39124689,0.6882177,0.48519748
43.290073,0.26340163,0.3908947,0.69009006,0.48507327
43.300076,0.2638046,0.39214987,0.68853116,0.4852697
43.310097,0.263068,0.39138332,0.68744564,0.48541293
43.320072,0.26277637,0.39140585,0.69009423,0.48510826
43.330074,0.26304424,0.39124632,0.6872216,0.48535573
43.340073,0.26159543,0.39075103,0.6884092,0.48531312
43.350075,0.26197672,0.39079636,0.68832207,0.48516175
43.360077,0.2621634,0.38981086,0.688529,0.4848463
43.370075,0.2621245,0.39069566,0.68817466,0.48519012
43.380074,0.26215652,0.39062294,0.6887649,0.4847365
43.390076,0.26228857,0.39060327,0.6884772,0.48501128
43.400074,0.26190865,0.38983467,0.6886215,0.48497224
43.41009,0.26223052,0.39048472,0.6885731,0.48539117
43.420074,0.26287362,0.39086315,0.68901527,0.48564708
43.430073,0.26479965,0.39143887,0.6887365,0.4848529
43.440075,0.26293477,0.39098,0.68821824,0.48518124
43.450073,0.26423466,0.39265922,0.6882777,0.48538822
43.460075,0.26302987,0.39124677,0.68794733,0.48538342
43.470074,0.26339182,0.391471,0.6880984,0.48583326
43.480076,0.26310703,0.3922089,0.68765646,0.48537987
43.490074,0.26256466,0.39162573,0.68829125,0.48494887
43.500076,0.264168,0.39150938,0.688228,0.48522416
43.51009,0.26334828,0.39137602,0.6881388,0.48437318
43.520073,0.26373404,0.39194888,0.68764925,0.48479143
43.530075,0.26389712,0.3918953,0.6879078,0.4845264
43.540073,0.26335976,0.39144728,0.6879926,0.48546493
43.550076,0.2639222,0.3914721,0.68825674,0.48485672
43.560078,0.2623679,0.39075416,0.6878801,0.48517445
43.570084,0.26305544,0.3915631,0.68832403,0.48541626
43.580074,0.26324928,0.39063072,0.6882543,0.48521948
43.590073,0.26272056,0.39206722,0.68842334,0.48480624
43.60007,0.26357192,0.3920464,0.68829167,0.48526168
43.610096,0.26343152,0.39135584,0.68711364,0.48527643
43.620075,0.26258639,0.39156023,0.68812793,0.48507798
43.630074,0.26301134,0.3915939,0.6885665,0.48490888
43.64007,0.26301306,0.39158112,0.68714416,0.48527497
43.650074,0.2637102,0.3915234,0.6879437,0.484945
43.660072,0.26288098,0.3916012,0.6880701,0.48509485
43.670074,0.2628215,0.3911394,0.6875433,0.48516983
43.680077,0.26389953,0.39256683,0.68713856,0.48557127
43.690075,0.26303113,0.3917426,0.687667,0.4846878
43.700073,0.26307985,0.39137718,0.6875855,0.48487118
43.71007,0.26327863,0.39192772,0.68763906,0.4851297
43.720074,0.26292598,0.39158076,0.68825114,0.48487708
43.730076,0.26349062,0.3930501,0.68702483,0.4851606
43.740074,0.2637288,0.39146918,0.68669814,0.48626366
43.750076,0.2633041,0.39242983,0.6859004,0.48526356
43.760075,0.26299092,0.39131203,0.68859965,0.48519692
43.770073,0.26303133,0.3917476,0.688269,0.485406
43.780075,0.26385584,0.39187762,0.6862495,0.4850578
43.790073,0.26286498,0.3919172,0.68820596,0.48495212
43.800076,0.26306698,0.3916617,0.6872031,0.48491985
43.810074,0.263392,0.3912069,0.68713737,0.48502427
43.820072,0.26330894,0.39132476,0.6871582,0.48568135
43.83007,0.26410523,0.39139816,0.6872561,0.48556092
43.840076,0.26407108,0.39220715,0.6882385,0.4843742
43.850075,0.26363477,0.39162746,0.686946,0.4855798
43.860073,0.26363227,0.39271027,0.68794894,0.48441243
43.870075,0.26290298,0.3913415,0.6876762,0.48475698
43.880074,0.26337245,0.3927241,0.6875645,0.48494494
43.890076,0.26316696,0.3909617,0.68741894,0.48587295
43.900093,0.26402333,0.392494,0.68689615,0.4849178
43.910084,0.26346207,0.39110705,0.68723094,0.4857269
43.92008,0.26289687,0.39208037,0.68715155,0.485682
43.930073,0.26288489,0.39224273,0.68729913,0.4857964
43.940075,0.26323226,0.391123,0.68834394,0.48524785
43.950073,0.26363635,0.39170483,0.6861594,0.48517668
43.96008,0.26308492,0.3918878,0.6855775,0.48580256
43.970074,0.26266623,0.39148524,0.6885884,0.4853971
43.980072,0.26310584,0.39234355,0.6859379,0.48557913
43.990074,0.26332995,0.39179516,0.6881351,0.4856332
44.000084,0.26358017,0.39084953,0.6870712,0.48577088
44.01008,0.2634967,0.39234108,0.6880995,0.4854031
44.0201,0.26383215,0.39197397,0.68759626,0.4852416
44.030075,0.2633773,0.3925977,0.6869468,0.48581684
44.040073,0.2634561,0.39197803,0.68677145,0.48520926
44.050076,0.26395348,0.3919655,0.6875833,0.48532125
44.060074,0.26182738,0.39015654,0.6871138,0.4836953
44.070084,0.2632431,0.39188734,0.6870415,0.48609167
44.080074,0.26226288,0.39149886,0.68671554,0.48456818
44.090076,0.26338413,0.3916764,0.6869863,0.48651978
44.100075,0.26317492,0.39214757,0.6863456,0.48394012
44.110077,0.26357096,0.39177305,0.6870166,0.4843095
44.12007,0.26294795,0.3915099,0.68693376,0.4849908
44.130074,0.2639687,0.39174142,0.6867667,0.48587942
44.140076,0.26315966,0.39202684,0.6870966,0.48589823
44.150074,0.26353392,0.39093083,0.68722767,0.4853428
44.160076,0.26353732,0.39214623,0.6875069,0.4858377
44.170074,0.2632474,0.3917863,0.68666375,0.48558143
44.180077,0.26459163,0.39230585,0.6878075,0.48596793
44.19007,0.26350778,0.39186728,0.6873557,0.4854474
44.200073,0.26399586,0.39229196,0.68719876,0.48625195
44.210083,0.26315418,0.39142653,0.6866076,0.4857112
44.220078,0.26396713,0.39204383,0.6870209,0.48637828
44.230103,0.26450917,0.39180213,0.6872221,0.48590866
44.240074,0.26403385,0.3912453,0.6868634,0.4865764
44.250076,0.26330993,0.39125153,0.68694335,0.48495302
44.260075,0.26411927,0.39224347,0.68724364,0.4848031
44.270077,0.2639282,0.39228827,0.68670654,0.48578936
44.280075,0.263879,0.39287037,0.6866717,0.48596656
44.290077,0.26408842,0.39186344,0.6864722,0.48581722
44.300076,0.26375377,0.392565,0.68576807,0.4855081
44.310074,0.26402617,0.39204288,0.68704665,0.4855867
44.320076,0.2639587,0.39204037,0.6861888,0.48601106
44.330082,0.2645401,0.39268613,0.68662,0.48553452
44.340073,0.26380417,0.39161745,0.6867754,0.4857339
44.350075,0.26400578,0.3922091,0.6877829,0.48649642
44.360073,0.26348382,0.39127532,0.68672985,0.48596287
44.37008,0.26336974,0.39247388,0.68672603,0.48643476
44.380077,0.26374957,0.3917789,0.6871362,0.48570073
44.390076,0.26406687,0.39181554,0.68659073,0.4866405
44.400074,0.26370904,0.3919497,0.6868751,0.48615006
44.410076,0.26352403,0.39150468,0.68712145,0.48556072
44.420074,0.26360554,0.39252177,0.6873249,0.4864992
44.430073,0.26375288,0.39286035,0.6866206,0.48580453
44.440075,0.26325715,0.3913633,0.68707836,0.48618892
44.450073,0.26296425,0.39266884,0.68700063,0.48642915
44.460075,0.26442635,0.39238197,0.68689686,0.48620695
44.470078,0.26388523,0.39209569,0.68668395,0.48579395
44.480076,0.26347888,0.39221996,0.6871594,0.48579678
44.490074,0.26334274,0.39178824,0.6872422,0.48652473
44.500076,0.2638202,0.39209384,0.6873137,0.48585403
44.510075,0.26348165,0.391655,0.68738544,0.4857501
44.520073,0.2633069,0.39295974,0.6876465,0.4865336
44.530075,0.26461545,0.39170393,0.685838,0.48646778
44.54008,0.2630607,0.39148888,0.6887033,0.48659074
44.55007,0.26374024,0.39154658,0.6848664,0.4865728
44.560074,0.26218235,0.3910771,0.6864901,0.4859407
44.57009,0.26300648,0.39167398,0.6882956,0.48659232
44.580082,0.26346973,0.39155176,0.68876386,0.48652244
44.590076,0.26373082,0.3914672,0.68616855,0.48642737
44.60007,0.2630266,0.39213064,0.6867413,0.4869832
44.610073,0.2641541,0.39220625,0.68668276,0.48721766
44.620075,0.26289308,0.39143145,0.68814737,0.48701945
44.630074,0.2649005,0.3925492,0.68583506,0.4866752
44.640095,0.26316482,0.3922593,0.687173,0.48659927
44.650074,0.26423937,0.392318,0.68887436,0.48641664
44.660076,0.26315477,0.39263272,0.6844605,0.4863339
44.67008,0.2642866,0.39251944,0.6889089,0.48720753
44.680077,0.2644869,0.39223275,0.68791914,0.48692927
44.690075,0.26396838,0.392622,0.685795,0.48693174
44.700073,0.26409248,0.39222187,0.68693066,0.48671457
44.710075,0.26372197,0.39271283,0.68634886,0.48696962
44.720074,0.26331142,0.39214063,0.68744224,0.48667833
44.730083,0.26456812,0.39228073,0.6868392,0.48722333
44.740097,0.26393083,0.39211085,0.6869487,0.48658016
44.75008,0.26373738,0.39234072,0.68735534,0.4871645
44.760075,0.2639039,0.39202973,0.6869461,0.48648664
44.770077,0.26373827,0.39255086,0.6872283,0.48781183
44.78008,0.2644744,0.39222622,0.6878971,0.48828775
44.790073,0.26387763,0.39193183,0.68753064,0.48538786
44.800076,0.2637566,0.3920154,0.68703276,0.4876499
44.810074,0.2638466,0.39334774,0.68741846,0.4875076
44.820076,0.26392344,0.39321986,0.687885,0.48823717
44.830074,0.2630347,0.39293534,0.6867465,0.48703435
44.840073,0.26353955,0.39050257,0.68762845,0.48711598
44.850075,0.26336682,0.39166045,0.68759614,0.48743567
44.860073,0.26317847,0.39179987,0.6871049,0.48704815
44.87008,0.26433855,0.3926999,0.68710023,0.48727053
44.880077,0.264645,0.39185736,0.6878061,0.48734725
44.890076,0.26329178,0.3924947,0.68738806,0.48750952
44.900085,0.26354328,0.39176714,0.6878673,0.48606545
44.910088,0.26330194,0.3929444,0.68840766,0.48704353
44.920074,0.26391166,0.3917614,0.68675333,0.48715165
44.930073,0.26488662,0.39209768,0.68806297,0.48763037
44.940075,0.26426297,0.39188954,0.68769073,0.48738873
44.950077,0.2639319,0.3930767,0.6873313,0.48741254
44.96007,0.26405078,0.39175683,0.68750614,0.4872372
44.970078,0.2637751,0.39223623,0.6871786,0.48726493
44.980076,0.263739,0.3917841,0.6872267,0.48800683
44.990074,0.26355937,0.39266127,0.6879715,0.4875814
45.000088,0.26307696,0.39167744,0.6878276,0.48725948
45.010075,0.26364866,0.39169642,0.68782324,0.48770717
45.020077,0.26364556,0.39189562,0.687992,0.48779336
45.030075,0.2642966,0.39145672,0.68767655,0.48786905
45.040073,0.264114,0.39255697,0.6883672,0.48784822
45.050095,0.26355496,0.39259946,0.6879859,0.48720908
45.060074,0.26451007,0.3917319,0.6871661,0.4882802
45.07009,0.26374558,0.3919402,0.6868918,0.48827702
45.08008,0.2634173,0.3922485,0.688771,0.48791292
45.090076,0.26359183,0.3920542,0.68802273,0.4878485
45.100075,0.2638298,0.3923144,0.68808824,0.4882275
45.110073,0.2634639,0.39191172,0.6881948,0.48751625
45.120075,0.26439095,0.39273986,0.68763465,0.4883975
45.130074,0.26387948,0.39247638,0.68739474,0.4877958
45.140076,0.26355588,0.39268112,0.6873898,0.48827228
45.150074,0.26436877,0.39216772,0.6874499,0.48760465
45.160072,0.26385286,0.39193675,0.6877004,0.48836693
45.17008,0.263599,0.39208564,0.68823844,0.48811018
45.180088,0.26417112,0.39189246,0.68814546,0.48806876
45.190086,0.26355016,0.39238268,0.6877535,0.4883894
45.200077,0.26455435,0.3916559,0.6881551,0.48873398
45.210075,0.2640581,0.392818,0.68743134,0.48829427
45.220074,0.26378772,0.39137584,0.6877383,0.48763493
45.230083,0.26312232,0.3930191,0.68879414,0.48803526
45.240078,0.2637437,0.39170483,0.68798614,0.4882921
45.250072,0.26296455,0.39222535,0.6883358,0.4887059
45.260075,0.26400155,0.3922915,0.68787676,0.48874095
45.270073,0.26486707,0.39259416,0.6883994,0.48870197
45.280075,0.26337227,0.392252,0.6881197,0.48814803
45.290077,0.26414356,0.3930376,0.6877882,0.48832044
45.300076,0.26354882,0.3926344,0.6869365,0.48878697
45.310074,0.26353386,0.3929781,0.6866665,0.48879477
45.320072,0.26429388,0.39251214,0.68667215,0.48908424
45.330074,0.2640187,0.3914374,0.6872118,0.48885092
45.340073,0.26343006,0.39200822,0.6873809,0.4889826
45.350075,0.26382023,0.39202985,0.6873492,0.48869535
45.36009,0.26417747,0.3926258,0.68704283,0.4896201
45.370075,0.263705,0.39264655,0.68802756,0.48887503
45.380074,0.26425692,0.39247197,0.6904167,0.48917523
45.39007,0.26341215,0.39261225,0.6858186,0.48897898
45.400074,0.26339868,0.39226678,0.6887681,0.4893016
45.410076,0.26340884,0.39204124,0.6894712,0.48937824
45.420074,0.26397285,0.39315474,0.68866754,0.4897547
45.430073,0.2641006,0.39226308,0.68787783,0.48907512
45.44007,0.26405603,0.39239287,0.6885304,0.4899498
45.450073,0.2642378,0.39280224,0.68821067,0.4893351
45.46008,0.26410082,0.39298385,0.6887528,0.48952404
45.470074,0.26371226,0.39252377,0.6884307,0.4887689
45.480076,0.26411375,0.39278603,0.6884044,0.49025485
45.490074,0.26421833,0.39302918,0.68831813,0.48909047
45.500072,0.26436487,0.39269832,0.68860525,0.48950088
45.51007,0.2646356,0.3929286,0.6883255,0.49117687
45.520073,0.2636778,0.39215118,0.68799996,0.49111092
45.530075,0.26471886,0.39319918,0.6884453,0.49080908
45.540073,0.26416987,0.39225316,0.68893284,0.488933
45.550076,0.26438755,0.39181376,0.68869877,0.4905618
45.56007,0.26386446,0.39345396,0.68881685,0.4894797
45.57009,0.26394597,0.39247236,0.68857145,0.49016765
45.58008,0.263797,0.39154467,0.6878498,0.49005717
45.590076,0.26411143,0.3924453,0.6883762,0.4900488
45.600075,0.2647445,0.39204243,0.6887358,0.49062407
45.610077,0.26343918,0.391808,0.68849313,0.48984426
45.620075,0.26322955,0.3932826,0.6886142,0.49097872
45.630074,0.26399314,0.3922463,0.6888308,0.4897882
45.640076,0.26342273,0.39254346,0.68750316,0.4897673
45.650074,0.26365545,0.39269435,0.6896111,0.4905909
45.660072,0.26453605,0.39279103,0.6877929,0.49096137
45.670074,0.26374337,0.39229462,0.6901692,0.49029633
45.680073,0.2638392,0.39333242,0.6869856,0.49028936
45.690075,0.26403072,0.3920047,0.6907375,0.49036375
45.700073,0.264012,0.3927594,0.68973714,0.49032748
45.710075,0.264063,0.39226082,0.688227,0.49044502
45.720074,0.26427376,0.39262244,0.68914855,0.49044827
45.730072,0.26392925,0.3926076,0.68878955,0.49062067
45.740074,0.26356244,0.3923456,0.6890158,0.491124
45.750072,0.2637762,0.39159018,0.6885137,0.4900948
45.760075,0.2638675,0.39283293,0.6888046,0.4908795
45.770073,0.26416907,0.39249757,0.68854284,0.49076018
45.78007,0.26445916,0.39275452,0.6881693,0.48928115
45.790073,0.26409423,0.3930676,0.68859595,0.48868862
45.800076,0.2637597,0.39445978,0.6887795,0.49162844
45.810074,0.26405907,0.39303252,0.6886507,0.4918904
45.820076,0.2638203,0.39175907,0.6885052,0.489595
45.830074,0.26561272,0.39273483,0.68893766,0.4905332
45.840073,0.2640726,0.39299417,0.6882402,0.4911884
45.85007,0.26429042,0.3929046,0.689402,0.49129888
45.860073,0.2646664,0.39290884,0.68811756,0.49101463
45.870075,0.26477265,0.39336634,0.68935204,0.49129272
45.880074,0.2648114,0.3932132,0.68836105,0.4905102
45.890076,0.26362,0.3923757,0.6885867,0.49171066
45.90008,0.26450032,0.3931876,0.68846166,0.49090827
45.910084,0.26372135,0.39273477,0.6894418,0.49152818
45.920082,0.26338485,0.39249244,0.68895453,0.49136364
45.930077,0.26426688,0.39272985,0.68921745,0.4920678
45.940075,0.264319,0.39238867,0.68947476,0.49222553
45.950077,0.26397565,0.39300302,0.687969,0.4919538
45.960075,0.26460704,0.39276174,0.68900037,0.49132827
45.970078,0.2643562,0.3931504,0.6887741,0.49114814
45.980076,0.26447415,0.39314643,0.690458,0.49167883
45.990074,0.2637117,0.3926054,0.68972796,0.49195325
46.000084,0.26471126,0.39254522,0.69027936,0.49262947
46.01008,0.26359093,0.3925847,0.68713385,0.49157196
46.020073,0.26430494,0.39288425,0.6900357,0.49208322
46.030075,0.26377887,0.3922687,0.6899818,0.4910709
46.040073,0.26393688,0.39270687,0.6871988,0.49189186
46.050076,0.26418358,0.3928479,0.6878674,0.4917195
46.060078,0.26413938,0.39309174,0.68941396,0.4920973
46.07009,0.26345083,0.39204824,0.6887521,0.49272346
46.08008,0.2642398,0.3923351,0.6891013,0.49189088
46.090073,0.26420113,0.3929242,0.6890199,0.4920431
46.100075,0.26414257,0.3923392,0.6881625,0.4922081
46.110073,0.26298776,0.39158338,0.68955404,0.49229056
46.120075,0.26330313,0.3914925,0.6905865,0.4919996
46.130074,0.26342347,0.39167246,0.6873453,0.49256903
46.14007,0.26342988,0.39151624,0.69100636,0.49281022
46.150074,0.26329407,0.39207417,0.688764,0.4924647
46.160072,0.2627398,0.39197892,0.69018966,0.49172506
46.17008,0.26298046,0.39200515,0.69012296,0.49211344
46.18008,0.26292017,0.3919036,0.6888569,0.49211508
46.190075,0.2638073,0.39243305,0.6909386,0.4927312
46.200073,0.26382235,0.39290524,0.6899519,0.49203458
46.210075,0.26501426,0.39302498,0.689536,0.49225602
46.220074,0.26422393,0.39249572,0.689823,0.4922522
46.230076,0.26463205,0.3921763,0.68882555,0.4924098
46.240074,0.2645241,0.3925862,0.68978876,0.4909769
46.250072,0.2640464,0.39226723,0.6889406,0.49320143
46.260075,0.26481363,0.39363295,0.689505,0.49246466
46.270073,0.26414397,0.39304304,0.68842864,0.49291715
46.280075,0.26501575,0.39336222,0.6895937,0.4926744
46.290073,0.26395264,0.39312837,0.69015115,0.4913594
46.300076,0.2649423,0.3938626,0.68977284,0.49135205
46.310074,0.26421478,0.3932587,0.6895699,0.49458477
46.320072,0.26375005,0.3931864,0.6897983,0.4931382
46.330074,0.26402226,0.39252302,0.6892309,0.49341854
46.340076,0.26374504,0.39305472,0.68954515,0.49287617
46.350075,0.2638446,0.39298877,0.6897168,0.49308962
46.360073,0.26433992,0.39325145,0.6899856,0.49276504
46.370075,0.26448664,0.39268067,0.6899288,0.49423623
46.380074,0.26414007,0.39308628,0.6900428,0.49311936
46.39007,0.26416603,0.39250898,0.69032794,0.49304134
46.400074,0.26405063,0.39327243,0.68995017,0.49354154
46.410076,0.26485828,0.39406022,0.68993115,0.4932305
46.420074,0.26425424,0.39322957,0.6898113,0.49316388
46.430073,0.2649661,0.39383975,0.6903343,0.49351066
46.440075,0.26432297,0.39279276,0.6899772,0.49324
46.45007,0.26405004,0.39349872,0.68978006,0.49312758
46.460075,0.26379868,0.3932508,0.6897666,0.49394563
46.470074,0.26529908,0.3931413,0.690054,0.49386892
46.480076,0.26400492,0.39304087,0.690169,0.49335304
46.490074,0.26436853,0.3927313,0.6900909,0.49396357
46.500072,0.26442602,0.3926679,0.690218,0.49430755
46.510075,0.26467732,0.39306164,0.68983126,0.4933201
46.520073,0.26380146,0.39240906,0.689053,0.4930844
46.530075,0.26392645,0.39288202,0.69210535,0.49446097
46.540073,0.26445815,0.39295536,0.69002736,0.49356496
46.55007,0.2640863,0.3927045,0.69026184,0.49458164
46.560074,0.26433495,0.39366478,0.6906519,0.4939385
46.570084,0.26386222,0.39224908,0.6910013,0.49439365
46.58008,0.26419342,0.3931223,0.6912758,0.49468306
46.590076,0.26399854,0.39263985,0.6905994,0.49411187
46.600075,0.26394033,0.39318287,0.69048434,0.49423417
46.610073,0.2636358,0.39277232,0.69029146,0.49411952
46.62007,0.26400268,0.39376116,0.69140786,0.49383524
46.630074,0.26480246,0.39299655,0.6914602,0.49434426
46.64007,0.26507863,0.3923008,0.69034505,0.4946699
46.650074,0.2635868,0.39360014,0.6912119,0.49424827
46.660076,0.26420924,0.39420977,0.69082326,0.4941246
46.670074,0.2641236,0.3928935,0.6909924,0.4941337
46.680077,0.26394048,0.3926628,0.6905757,0.4944516
46.69007,0.2646606,0.3935273,0.6907775,0.4944269
46.700073,0.26457426,0.39251032,0.6909634,0.4946715
46.710075,0.2646371,0.3935441,0.69190776,0.49520427
46.720074,0.26458624,0.39297104,0.69129217,0.4944629
46.730076,0.26451954,0.39324266,0.691992,0.49470899
46.740074,0.26400724,0.3924445,0.692827,0.49496293
46.750076,0.26505625,0.39374122,0.69346744,0.4946855
46.760075,0.26481113,0.3931322,0.69140315,0.49558347
46.770073,0.2649003,0.39333352,0.6920774,0.49546352
46.780075,0.26490623,0.39314434,0.69083256,0.49557865
46.790077,0.2644892,0.39298525,0.691159,0.4960354
46.800076,0.264402,0.3928822,0.6911482,0.49445918
46.810074,0.26430863,0.39268664,0.6918184,0.4948809
46.820076,0.2642656,0.3928087,0.69171536,0.4954107
46.830074,0.26459265,0.39397827,0.6920249,0.495454
46.840073,0.26392907,0.39342234,0.6917495,0.49531293
46.850075,0.2643744,0.39259335,0.69120383,0.49466154
46.860073,0.26531205,0.39383757,0.6916088,0.49502048
46.87008,0.26376033,0.39327252,0.69057906,0.49549454
46.880074,0.26445055,0.39303228,0.6916545,0.49518865
46.890076,0.26370475,0.39316186,0.6925179,0.49424365
46.90008,0.26433918,0.39342737,0.69305044,0.4957723
46.91008,0.26423636,0.3933432,0.69283086,0.49603552
46.92008,0.2641081,0.3929131,0.6902729,0.49595883
46.930073,0.26397583,0.39322525,0.69247925,0.49521866
46.940075,0.26394588,0.39310303,0.6914112,0.49615288
46.950073,0.26413012,0.39312991,0.69309944,0.4959155
46.96007,0.2651162,0.39294824,0.69252604,0.49600703
46.970097,0.26382768,0.3929015,0.6928923,0.49592233
46.980072,0.26398775,0.3928678,0.69173837,0.49598223
46.990074,0.2648358,0.3935688,0.69178736,0.49610063
47.00008,0.2643083,0.39140967,0.6920984,0.49628216
47.010075,0.26557806,0.3932483,0.6925256,0.49690583
47.020077,0.26421767,0.39362642,0.69258857,0.49559218
47.030075,0.26569912,0.39412886,0.6929788,0.49488193
47.040073,0.26514497,0.39291278,0.6924908,0.49567422
47.050076,0.26500562,0.3936688,0.69305915,0.4978119
47.060074,0.26520932,0.39356178,0.692048,0.49560934
47.070137,0.26238155,0.39242983,0.69281226,0.49602264
47.080082,0.26401186,0.39349923,0.6934059,0.4958463
47.090073,0.26498938,0.39267033,0.6927249,0.4963045
47.100075,0.26460257,0.39269674,0.69370216,0.49601078
47.110073,0.26483724,0.3935683,0.6938852,0.4960106
47.12007,0.2642501,0.3932866,0.69277436,0.4964901
47.130077,0.26442885,0.39270413,0.6910041,0.49650696
47.140076,0.26505506,0.39374873,0.6929071,0.49595812
47.150074,0.26482844,0.39315283,0.69309825,0.49622062
47.160072,0.26542848,0.39368752,0.69482434,0.49639368
47.170074,0.26434427,0.39291114,0.6941884,0.49659592
47.180073,0.2650978,0.39406344,0.6931304,0.4965076
47.190075,0.26446205,0.3932867,0.69251746,0.49661052
47.200073,0.2646834,0.39350975,0.6940359,0.49663952
47.210075,0.26487535,0.39341354,0.69364715,0.49600616
47.220078,0.26445684,0.39348674,0.6938401,0.4975805
47.230076,0.26426908,0.3926357,0.69324744,0.49539855
47.240074,0.2644709,0.3920926,0.6937806,0.4957199
47.250076,0.2638382,0.39323142,0.6937186,0.49700674
47.260075,0.26479837,0.39345494,0.6933211,0.49746564
47.270073,0.26430812,0.39328924,0.6940651,0.49890542
47.280094,0.26464555,0.39351547,0.69362164,0.49608856
47.290073,0.26481885,0.3936511,0.69376814,0.4963948
47.300076,0.263926,0.39319485,0.694467,0.49679995
47.310074,0.2654594,0.39333045,0.6933701,0.49735326
47.320076,0.26473695,0.3929842,0.6940396,0.497665
47.330074,0.2649047,0.3934353,0.6941313,0.49813825
47.340073,0.26476595,0.39347067,0.6939208,0.49815533
47.350075,0.26458222,0.3940029,0.694301,0.49693385
47.360077,0.2654473,0.39115193,0.6938568,0.4976085
47.370075,0.26399148,0.39361137,0.6952379,0.4957076
47.380093,0.26458302,0.39319202,0.6946533,0.4968733
47.390076,0.26439106,0.39244616,0.6940758,0.49800116
47.400074,0.26473725,0.39259306,0.69402605,0.49824032
47.41007,0.26501846,0.3934788,0.6946461,0.4967589
47.420074,0.2643192,0.3920735,0.6946384,0.49736878
47.430073,0.26541972,0.39475584,0.6940764,0.4974385
47.440075,0.26543006,0.3918701,0.69477034,0.4970465
47.450073,0.26454422,0.3949894,0.6942365,0.4973633
47.46007,0.2649731,0.3938388,0.69495696,0.49786094
47.470074,0.2647414,0.39418718,0.6945031,0.49800757
47.480072,0.26545665,0.39332473,0.69483703,0.49826863
47.490074,0.2657941,0.39327946,0.6941744,0.49738035
47.500076,0.26364708,0.39380655,0.69436544,0.49751297
47.510075,0.26653352,0.39314255,0.6941774,0.49746597
47.520073,0.26599884,0.393908,0.6950904,0.49780497
47.53007,0.2655317,0.39331684,0.69512916,0.49813795
47.540073,0.26465762,0.3931336,0.69492924,0.4979445
47.550076,0.26527688,0.394046,0.69513726,0.49763486
47.560074,0.26528156,0.39411873,0.69475144,0.49808213
47.570084,0.26439065,0.39294314,0.6954565,0.49891603
47.58008,0.26435718,0.3926255,0.6942994,0.49750137
47.590076,0.26468533,0.39362288,0.69533825,0.49801186
47.600075,0.2649612,0.3932577,0.69493407,0.49804863
47.610077,0.26564625,0.3936719,0.69592744,0.49783662
47.620075,0.26413667,0.39334556,0.6951331,0.4976746
47.630074,0.2654882,0.39348155,0.695131,0.49812353
47.640076,0.26505765,0.3929447,0.69538385,0.4981117
47.650074,0.2648366,0.39373577,0.695373,0.4981179
47.660076,0.26459047,0.39322105,0.6954718,0.49904844
47.670074,0.26424277,0.3928426,0.6953977,0.4989228
47.680077,0.26476115,0.39284226,0.6952257,0.4980788
47.690075,0.26433674,0.39345604,0.69604236,0.4984959
47.700073,0.26500213,0.39314696,0.6947011,0.4983055
47.710075,0.26486224,0.39366335,0.6947494,0.49854437
47.720074,0.26451895,0.39322266,0.694762,0.49848238
47.730076,0.26466745,0.3929536,0.6967117,0.49895307
47.740074,0.26460952,0.3938995,0.6951732,0.49898702
47.750076,0.2648656,0.39388886,0.6933582,0.4986231
47.76007,0.26539692,0.39337733,0.69502807,0.49901807
47.770073,0.26515594,0.3930753,0.6958433,0.4983515
47.780075,0.2645987,0.3938453,0.6962373,0.4988132
47.790077,0.26534563,0.39279172,0.69536126,0.4986805
47.800076,0.2650289,0.3944169,0.69534796,0.49918133
47.810074,0.26477847,0.3932757,0.6956193,0.49904072
47.820072,0.26524392,0.39327893,0.69565487,0.4989774
47.830074,0.26528245,0.3932143,0.69530785,0.4992712
47.840073,0.26465222,0.39285877,0.6956845,0.49781156
47.850075,0.26594153,0.3938599,0.69563246,0.49946043
47.860073,0.26519874,0.393422,0.6955656,0.49923387
47.87008,0.26494867,0.39313164,0.6955627,0.49900272
47.880077,0.2651162,0.39312792,0.69532764,0.49903178
47.890076,0.26530358,0.39347872,0.6958439,0.498598
47.900105,0.26236624,0.3942457,0.6959832,0.49857262
47.910084,0.26564002,0.39390418,0.69582987,0.4993139
47.92008,0.26408905,0.3935042,0.6960377,0.49892032
47.930073,0.26457718,0.39366025,0.6957787,0.49904796
47.940075,0.26512572,0.3932289,0.69564843,0.49845847
47.950077,0.26539928,0.39390004,0.6955634,0.49917826
47.960083,0.26443282,0.39353693,0.6962001,0.49869418
47.9701,0.26425308,0.39357856,0.69706905,0.4993055
47.98008,0.2648548,0.39344472,0.6977064,0.49912828
47.990074,0.26483163,0.39331338,0.69664794,0.49861175
48.000084,0.26494202,0.39346975,0.6948344,0.49903682
48.01008,0.26429853,0.39383483,0.6941192,0.4993543
48.020077,0.2642451,0.3932357,0.6973238,0.49924862
48.030075,0.26528436,0.39368987,0.6964369,0.49873012
48.040077,0.26546103,0.39330602,0.69483167,0.4990226
48.050076,0.2644109,0.39383,0.69465667,0.4994608
48.060074,0.26580963,0.39386284,0.69482726,0.49946716
48.070095,0.2641496,0.39315236,0.6961626,0.49978507
48.080082,0.26565737,0.39352766,0.6965902,0.49978837
48.090073,0.2649088,0.3937167,0.6964444,0.49874905
48.100075,0.26475757,0.39333615,0.6963697,0.49958727
48.110077,0.26427683,0.3933399,0.69573736,0.4996818
48.120075,0.26473168,0.3929699,0.69589597,0.50020874
48.130074,0.26422903,0.39323485,0.6964696,0.49872735
48.140076,0.26461026,0.39308766,0.69619983,0.5003709
48.150074,0.26500088,0.39289594,0.695897,0.49960732
48.160076,0.26460847,0.39363322,0.6964138,0.49826047
48.170074,0.26480815,0.3938018,0.6965433,0.50090545
48.180073,0.26478925,0.39381373,0.69631386,0.4986055
48.190075,0.26544294,0.3929951,0.69591135,0.49784172
48.200073,0.2650286,0.39451924,0.6960384,0.49878004
48.210075,0.26532733,0.3951273,0.6965362,0.50020164
48.22008,0.26455894,0.39140755,0.69666183,0.49991754
48.230076,0.26527876,0.3926902,0.6964717,0.50026333
48.240074,0.264787,0.39486733,0.695796,0.499735
48.250072,0.26527068,0.39463603,0.69642884,0.50008374
48.260075,0.2650485,0.39250556,0.69629294,0.5000545
48.270073,0.26451293,0.39354587,0.69613904,0.4999536
48.280075,0.2655932,0.3939798,0.6957738,0.49924827
48.290077,0.2648834,0.39302924,0.6964859,0.5000324
48.30007,0.26504603,0.3934881,0.695413,0.49933463
48.310074,0.26514766,0.39386734,0.69588387,0.4993183
48.320076,0.26456597,0.39333913,0.69539714,0.49982145
48.330074,0.26537946,0.3939004,0.6962849,0.50030655
48.340073,0.2655663,0.3943195,0.6966036,0.49977595
48.350075,0.26503786,0.39408085,0.69562495,0.5006506
48.360073,0.26579544,0.3936059,0.6956914,0.50078773
48.370083,0.26450792,0.3941258,0.69617134,0.49968743
48.38008,0.26576895,0.39435744,0.69669235,0.50009024
48.390076,0.2652432,0.39316627,0.69604796,0.5000352
48.400074,0.26551783,0.39450404,0.6963674,0.50089836
48.410076,0.26465788,0.39380527,0.696147,0.49965617
48.42007,0.26481652,0.3939951,0.6965556,0.50033224
48.430073,0.26475084,0.39357573,0.6953297,0.500775
48.440075,0.26516825,0.39372128,0.69618845,0.500521
48.450073,0.2651924,0.39302292,0.6963748,0.5004184
48.460075,0.26476732,0.39364883,0.69622475,0.4999223
48.470078,0.2649546,0.39330512,0.69563836,0.5004105
48.480076,0.2646461,0.39422378,0.695875,0.49993363
48.490074,0.26565596,0.39374685,0.69582236,0.50022703
48.500076,0.26444477,0.39366078,0.696261,0.50083756
48.510075,0.264944,0.39401257,0.6964584,0.50106853
48.520073,0.26465616,0.3932363,0.6963648,0.50036013
48.530075,0.26519248,0.39353618,0.6950582,0.50071174
48.540073,0.26469302,0.3936912,0.696527,0.49983644
48.550076,0.2649893,0.39423215,0.69635856,0.4999707
48.560074,0.26438743,0.39296058,0.6952232,0.500144
48.570103,0.26468447,0.39345512,0.69651574,0.5005372
48.580082,0.26471186,0.39368325,0.69554526,0.50137126
48.590103,0.2651119,0.39329824,0.6952838,0.5004487
48.600075,0.26555428,0.3939913,0.6952201,0.50094235
48.610073,0.2646372,0.3942419,0.6964218,0.4993832
48.620075,0.26559505,0.3941671,0.6961072,0.49851844
48.630074,0.26570153,0.39353102,0.6961028,0.49953416
48.640076,0.26542264,0.3937744,0.6958242,0.4990593
48.650074,0.26517028,0.39457634,0.6957796,0.5010851
48.660072,0.2653927,0.3934121,0.69521517,0.5003617
48.670082,0.26547033,0.39316058,0.69511694,0.50109875
48.680077,0.2655188,0.39349306,0.69549257,0.5007608
48.69009,0.26503226,0.39333573,0.6954455,0.5002614
48.700077,0.26565537,0.3925466,0.69575685,0.50070417
48.710075,0.26555467,0.3931882,0.69509345,0.500619
48.720074,0.26526484,0.3938885,0.696128,0.5004946
48.73008,0.26604095,0.3942427,0.69547564,0.5003353
48.740078,0.2645706,0.39368838,0.69532585,0.50049555
48.750076,0.26356998,0.3936058,0.69559884,0.5005612
48.76008,0.2655401,0.39343295,0.69498163,0.5008154
48.770077,0.26470372,0.39350522,0.69508123,0.50040597
48.780075,0.26519036,0.39340493,0.6951189,0.5004034
48.790092,0.2652658,0.39404592,0.69517034,0.50056595
48.800076,0.2647272,0.39362887,0.6950616,0.5001369
48.810074,0.2660583,0.39412618,0.69561446,0.5010124
48.82008,0.26323935,0.3928212,0.69536626,0.4987465
48.830082,0.26534012,0.39379972,0.69496036,0.50097585
48.840073,0.26484212,0.3934556,0.6948963,0.500732
48.850075,0.2653604,0.39378542,0.6950106,0.5014844
48.86008,0.26546285,0.39298683,0.69485223,0.49994025
48.87008,0.26524058,0.39397562,0.6954565,0.5006423
48.880077,0.26351517,0.39232093,0.69467956,0.5005268
48.8901,0.26417994,0.39245033,0.69537294,0.5011901
48.900105,0.2638121,0.3931744,0.6935297,0.50059617
48.910084,0.26447463,0.3933813,0.69327366,0.50072694
48.92008,0.26344848,0.3927694,0.69528496,0.5007419
48.930077,0.26371294,0.39273056,0.6946272,0.5004844
48.940075,0.26380515,0.39348263,0.6938344,0.5002388
48.950073,0.26316434,0.39238575,0.69456017,0.50119793
48.960075,0.26550788,0.39416894,0.6935725,0.501397
48.97008,0.26443753,0.3935094,0.69579244,0.50058115
48.980076,0.26508078,0.39431584,0.6936215,0.50086474
48.990097,0.26461813,0.39389333,0.6948748,0.50098056
49.00009,0.26519987,0.39379507,0.6940235,0.50091714
49.01008,0.2647033,0.39334342,0.6946502,0.501295
49.020073,0.26589507,0.39341876,0.69521797,0.50112635
49.030075,0.26548174,0.39419448,0.6952401,0.5010022
49.040073,0.26552355,0.39407828,0.6924377,0.5004655
49.050076,0.26500005,0.39389884,0.69211334,0.50152755
49.060074,0.265148,0.39372554,0.6946014,0.5006298
49.0701,0.26478037,0.39397416,0.694888,0.50037533
49.08008,0.26477024,0.39392808,0.6953751,0.5012651
49.0901,0.26530346,0.39464572,0.6928961,0.5010589
49.10008,0.26437032,0.39400035,0.6924135,0.49999034
49.110073,0.26533234,0.3944982,0.6932968,0.5010344
49.120075,0.26537368,0.3946319,0.69357204,0.50097233
49.130074,0.265401,0.39485723,0.69332755,0.50096136
49.14007,0.26523587,0.39408126,0.6935006,0.5014686
49.150074,0.2651484,0.39350954,0.6933912,0.50150394
49.160072,0.26482067,0.39371583,0.6936514,0.49885643
49.170074,0.26454484,0.3942659,0.6937473,0.50183445
49.180077,0.26521507,0.39436203,0.6935477,0.49988708
49.19009,0.2654255,0.39419866,0.69283354,0.5026602
49.200073,0.2658412,0.39409927,0.69260204,0.500685
49.21007,0.26545805,0.39392066,0.69242007,0.49920475
49.220074,0.26503396,0.39510444,0.6933611,0.5016607
49.230076,0.26513356,0.3953682,0.69332534,0.50051475
49.240074,0.2656826,0.39684126,0.69261074,0.50082815
49.25008,0.265592,0.39217126,0.6928712,0.5006563
49.26008,0.2652681,0.3942134,0.6929871,0.5006345
49.270077,0.2650124,0.39348543,0.69291025,0.5010025
49.28007,0.26484004,0.39358142,0.6927328,0.5011916
49.290096,0.26538455,0.39415604,0.69245553,0.50126916
49.300076,0.26534906,0.39416242,0.6930843,0.5017208
49.310078,0.26503277,0.39405674,0.69231266,0.5008893
49.320072,0.265421,0.39433044,0.69246584,0.5007648
49.330074,0.26483753,0.39396337,0.6924701,0.50042236
49.340076,0.2650712,0.39468548,0.6921951,0.5012629
49.350075,0.26524523,0.39347574,0.6907149,0.5006608
49.360073,0.26535168,0.3940268,0.6927649,0.50079685
49.370075,0.26561087,0.39397752,0.69023615,0.5011217
49.380074,0.2652157,0.39446497,0.6919164,0.50070316
49.39007,0.26591372,0.39433163,0.69281536,0.50025845
49.400074,0.26555198,0.39350528,0.6932083,0.5006776
49.410076,0.2659283,0.39390925,0.6906496,0.5006777
49.420074,0.2650059,0.39428714,0.6916924,0.50039005
49.430073,0.26625258,0.39437371,0.69124514,0.5013092
49.440075,0.26559833,0.39528346,0.69161206,0.50032204
49.450073,0.26637176,0.3947435,0.69189394,0.5014618
49.460075,0.2657533,0.39375934,0.69094074,0.5011834
49.470074,0.2660057,0.39436826,0.69092345,0.5006587
49.480072,0.26545495,0.39438578,0.6909878,0.50170445
49.490074,0.265434,0.39494297,0.6911127,0.49980772
49.500072,0.26543507,0.39426798,0.69075084,0.49969736
49.510075,0.26544195,0.39407483,0.6912391,0.50053245
49.520077,0.26530245,0.3936794,0.6905432,0.50058657
49.530075,0.2653033,0.3937876,0.6904074,0.5003274
49.540073,0.26582602,0.39419648,0.6905799,0.5001907
49.550076,0.2648084,0.39445356,0.6906,0.50087583
49.560074,0.26626554,0.39483282,0.69091773,0.50101066
49.570126,0.26509625,0.3947841,0.6902706,0.5002947
49.580082,0.26522157,0.39412647,0.69044936,0.50100684
49.590073,0.26610515,0.3951444,0.6900479,0.5005462
49.600075,0.26532337,0.3946229,0.68990326,0.5001898
49.610077,0.2654616,0.39387155,0.6904661,0.50053275
49.620075,0.26454532,0.39413404,0.69007546,0.50149417
49.630077,0.26516744,0.39401054,0.6902432,0.50062585
49.640076,0.2664774,0.3940481,0.68995154,0.5003477
49.650078,0.2649221,0.39344525,0.6906335,0.5008499
49.660076,0.26455376,0.39397505,0.6902186,0.5005202
49.670074,0.2653059,0.3936656,0.6895539,0.5005309
49.680077,0.2648701,0.39349854,0.6905403,0.5005499
49.690075,0.26658216,0.39487833,0.68904656,0.50088143
49.700092,0.26480293,0.39358607,0.69124246,0.50071055
49.710075,0.26541644,0.3935366,0.6902266,0.50065345
49.720074,0.2655594,0.39344317,0.68864566,0.5008938
49.730072,0.2655676,0.39367646,0.6905665,0.5008947
49.740074,0.26569077,0.3942396,0.68827623,0.50030553
49.750076,0.26574892,0.39481896,0.6897148,0.50037503
49.760075,0.26493612,0.3939766,0.68890965,0.50016636
49.770073,0.26502052,0.39449158,0.68905234,0.5006137
49.780075,0.2648527,0.3935408,0.68892497,0.50016695
49.790073,0.2658156,0.39390925,0.68779093,0.49977005
49.80009,0.2652898,0.39428374,0.6888034,0.501252
49.810074,0.2658452,0.3936695,0.6883755,0.50006884
49.820076,0.26546678,0.39401215,0.68773556,0.5000192
49.830074,0.26549202,0.3943196,0.68848306,0.5007854
49.840073,0.26602748,0.39470354,0.6887882,0.500274
49.850075,0.26600218,0.3949496,0.68814254,0.49997512
49.860073,0.26571545,0.3946975,0.688778,0.5008286
49.870075,0.26545417,0.39432853,0.68862,0.5002864
49.880077,0.26605737,0.39427572,0.6881582,0.4997736
49.89007,0.26669306,0.39377356,0.6871881,0.5001201
49.9001,0.26526275,0.39489558,0.6881237,0.5000995
49.910084,0.26540363,0.39475328,0.6878486,0.4999329
49.920074,0.2655663,0.39384776,0.6880983,0.4997959
49.930077,0.2651333,0.39443487,0.6883669,0.50027406
49.940075,0.26574823,0.39314583,0.6873939,0.4996729
49.950077,0.26535568,0.39410073,0.68715185,0.50004447
49.960075,0.26535937,0.39463878,0.68687135,0.5005356
49.970078,0.26531968,0.39411038,0.6878835,0.49984005
49.980072,0.26561013,0.39431995,0.68753064,0.49993762
49.990074,0.2665048,0.3942173,0.6872484,0.49984255
50.000088,0.26443595,0.39413363,0.6871644,0.499082
50.010075,0.26559052,0.3945484,0.687066,0.5005786
50.020077,0.26506996,0.3941394,0.68780357,0.50058866
50.030075,0.26511434,0.3942552,0.6873447,0.4999958
50.040073,0.2659562,0.3946448,0.68709326,0.5003867
50.050076,0.26546326,0.39407256,0.6868562,0.50032353
50.060074,0.26633185,0.39475527,0.6863423,0.50021
50.070103,0.26514506,0.3946428,0.6857379,0.50080466
50.08008,0.26548114,0.39487058,0.6865049,0.5000061
50.090073,0.26508325,0.39412186,0.6865863,0.49904513
50.100075,0.2656023,0.39378121,0.68645734,0.49866313
50.110077,0.26484868,0.39412296,0.6861568,0.4985886
50.120075,0.26508516,0.39424825,0.68591964,0.49911654
50.13007,0.26513532,0.39328918,0.6866662,0.5003814
50.14007,0.26607448,0.3934667,0.68689775,0.49939913
50.150074,0.26576614,0.39386517,0.68661535,0.49976602
50.160072,0.2654559,0.39319813,0.6860256,0.49977913
50.170082,0.26505992,0.39557186,0.68588173,0.5001365
50.180077,0.26614806,0.39446083,0.68622607,0.49962008
50.190075,0.26593348,0.39295194,0.6864115,0.49994096
50.200073,0.26614597,0.39410582,0.68616587,0.49981317
50.210075,0.2648015,0.39396253,0.6864244,0.49978822
50.220078,0.2648154,0.3942736,0.68568957,0.4997331
50.230076,0.2646759,0.39437538,0.68556577,0.49885598
50.240074,0.26553276,0.39400858,0.68551314,0.49962556
50.250072,0.26546553,0.39504406,0.6853917,0.4996016
50.26007,0.26483804,0.39444053,0.6857979,0.4994539
50.270073,0.26574218,0.39434433,0.68566096,0.4997873
50.28007,0.26583925,0.39440462,0.6853549,0.49963227
50.290073,0.26615313,0.39493975,0.68525785,0.49972084
50.300076,0.2663562,0.3940356,0.6853256,0.49896312
50.310074,0.266608,0.39411288,0.6848185,0.4997465
50.320076,0.2659467,0.39434174,0.6845951,0.4990049
50.330074,0.26585308,0.39495707,0.6853195,0.49946424
50.340076,0.26616552,0.39467221,0.6845635,0.49960303
50.35007,0.26606333,0.39478967,0.68484664,0.499046
50.360073,0.2657359,0.39426276,0.684466,0.49937284
50.370075,0.26536354,0.39451382,0.68466294,0.49867308
50.380077,0.26490608,0.3945012,0.6843658,0.49889278
50.39007,0.2653644,0.3939505,0.6847106,0.49882483
50.400074,0.26609308,0.3937041,0.68465763,0.4992507
50.410072,0.26552135,0.39430794,0.6848095,0.49899855
50.420074,0.26591828,0.3936747,0.68476444,0.49898484
50.430073,0.26646745,0.39413565,0.6835362,0.4992583
50.440075,0.26589733,0.3944634,0.6837996,0.4988656
50.450073,0.26535198,0.39479214,0.68409365,0.49903205
50.460075,0.26559925,0.39433885,0.68463856,0.4993908
50.47007,0.2659363,0.39434528,0.6832857,0.499421
50.480076,0.26562396,0.394815,0.6846628,0.49879804
50.490074,0.2656235,0.39448807,0.6836397,0.49821776
50.500076,0.2655796,0.3942864,0.68453455,0.49930403
50.510075,0.2659009,0.39451876,0.68399715,0.49940228
50.520073,0.26555893,0.39470375,0.68356586,0.49891722
50.530075,0.2654843,0.3943869,0.6846842,0.4986902
50.54008,0.26529327,0.39367014,0.6830442,0.49892533
50.550076,0.2652769,0.3945323,0.6831835,0.49872312
50.560074,0.26597872,0.39407983,0.68277043,0.49853048
50.570133,0.26410973,0.39382562,0.6831132,0.49879682
50.580086,0.26498073,0.39388713,0.68415874,0.49902874
50.59008,0.26609433,0.39413694,0.68190104,0.4992529
50.600075,0.26529524,0.39478925,0.68186635,0.49884233
50.610077,0.2662243,0.3945449,0.6819298,0.49837393
50.620075,0.26635066,0.3948872,0.68339336,0.49871254
50.630077,0.26675922,0.39483067,0.6848628,0.4985064
50.64007,0.26562613,0.39412704,0.6836059,0.49876285
50.650074,0.26630232,0.3950957,0.6817948,0.49865824
50.660076,0.26650786,0.39412516,0.6829734,0.49754715
50.670074,0.26573187,0.39432347,0.6815572,0.49833336
50.680077,0.2663114,0.39439747,0.68291825,0.4999993
50.690075,0.26591048,0.39438495,0.68226194,0.49945715
50.700073,0.26597175,0.39441922,0.68205875,0.49892613
50.71007,0.26534688,0.3947693,0.68142897,0.49816358
50.720074,0.2662281,0.3947404,0.68298763,0.49766412
50.730076,0.2655054,0.3946489,0.68173575,0.4989719
50.740074,0.26629496,0.39495125,0.68225825,0.49816638
50.750076,0.26551053,0.39442024,0.6815201,0.4984977
50.760075,0.2663239,0.39534345,0.68204397,0.49826834
50.770073,0.26509038,0.39470926,0.6821549,0.4980966
50.78007,0.26606253,0.3944997,0.68140465,0.49799642
50.790073,0.26511997,0.3942855,0.68127924,0.49849626
50.80007,0.2664759,0.3946304,0.6815501,0.498477
50.810074,0.26615795,0.39420444,0.6811599,0.4978514
50.820076,0.2661033,0.39453486,0.6822036,0.49846283
50.83007,0.26579797,0.39429906,0.6817127,0.49825177
50.840073,0.26591176,0.39513725,0.68183553,0.49834353
50.850075,0.26571396,0.39425114,0.6811515,0.4984628
50.860073,0.26488245,0.39477885,0.6807572,0.49754858
50.870075,0.26614726,0.39475414,0.68160665,0.49775806
50.880074,0.26653704,0.39473087,0.6806233,0.49831688
50.890076,0.2660091,0.39540046,0.68275267,0.49824935
50.900105,0.26577044,0.39495587,0.6823518,0.49787492
50.91008,0.266259,0.39464605,0.6814783,0.49793938
50.92007,0.2653423,0.39427096,0.6799278,0.49791133
50.930077,0.26602834,0.3943748,0.6804036,0.49823868
50.940075,0.26548687,0.3940384,0.679678,0.49760282
50.950073,0.2652935,0.39468384,0.68160915,0.49864507
50.960075,0.26541123,0.3941881,0.6807251,0.49781466
50.970074,0.2659933,0.39449552,0.6807992,0.4982759
50.980072,0.26579395,0.39420277,0.68015784,0.49717763
50.990074,0.2663034,0.39418373,0.68048185,0.49789962
51.00008,0.26563674,0.39412293,0.6803693,0.49797913
51.01008,0.26534578,0.39468497,0.6795896,0.49776962
51.020073,0.26587424,0.3950994,0.6799276,0.498097
51.030075,0.26644915,0.39495757,0.68052256,0.49709776
51.040077,0.26589993,0.3946991,0.68044823,0.4981639
51.050076,0.26612833,0.39438117,0.6796941,0.49755678
51.060074,0.26619434,0.39571357,0.680602,0.49761093
51.070137,0.26381242,0.3947358,0.6800097,0.49769625
51.080086,0.26633963,0.39472634,0.6797409,0.4982851
51.09009,0.26529527,0.39397198,0.6797465,0.4981873
51.10008,0.26530635,0.39474392,0.679624,0.4970274
51.110096,0.26597974,0.3944089,0.6785706,0.4972952
51.12007,0.2663149,0.39421543,0.67796004,0.49704877
51.130074,0.26623178,0.3945142,0.679189,0.49762347
51.14007,0.26604307,0.39386234,0.6783672,0.49750224
51.150078,0.26587313,0.3941368,0.67839044,0.49703163
51.160076,0.2662249,0.39518484,0.67908883,0.497049
51.170074,0.26612118,0.39453882,0.67847055,0.4975522
51.180073,0.2654964,0.39471555,0.67890507,0.49631166
51.19007,0.2664797,0.39448383,0.67925924,0.4977094
51.200077,0.26552874,0.39493373,0.6786744,0.49668574
51.210094,0.26616722,0.39514244,0.6790869,0.49603927
51.220078,0.26530823,0.39500207,0.67804545,0.49772447
51.230076,0.26603323,0.3953475,0.6795303,0.49694732
51.240074,0.2657216,0.39472133,0.67906284,0.49708465
51.250072,0.266456,0.39482796,0.678756,0.4972301
51.260075,0.26587138,0.39421767,0.6787797,0.49682888
51.270073,0.26589376,0.39468992,0.6780755,0.49724254
51.28007,0.26516637,0.39483267,0.6781202,0.49727184
51.290073,0.26554728,0.3944239,0.67828095,0.4976254
51.300076,0.26521224,0.394098,0.678436,0.49727947
51.31009,0.26580334,0.394695,0.6781701,0.49714616
51.320076,0.266321,0.39454958,0.677675,0.4970903
51.330074,0.26540327,0.39461216,0.677809,0.49672893
51.340076,0.26665142,0.3954988,0.67791647,0.49711156
51.350075,0.2663184,0.39493027,0.6779243,0.49697682
51.360073,0.26625386,0.39457184,0.6780159,0.496713
51.370075,0.2658054,0.39512908,0.6777672,0.4966964
51.380074,0.26655763,0.3952742,0.6771988,0.4971276
51.390076,0.2657849,0.39458835,0.6780368,0.49707666
51.400074,0.26634142,0.39554772,0.6786056,0.4971601
51.41008,0.26601496,0.39479348,0.6760807,0.49646658
51.420074,0.26555398,0.39518708,0.67706096,0.49647707
51.430073,0.26646492,0.3948686,0.6757646,0.4967042
51.440075,0.26630104,0.39465594,0.67557234,0.49696386
51.450073,0.2662673,0.3954729,0.67628706,0.4959419
51.460075,0.2659871,0.39480254,0.6760384,0.496445
51.470074,0.2667984,0.39569893,0.676716,0.4965523
51.480072,0.26685315,0.39484528,0.677061,0.4970848
51.490074,0.26655307,0.39477396,0.67746085,0.4957833
51.500072,0.2658306,0.39462796,0.67666507,0.49650976
51.51007,0.26594892,0.39475876,0.67672986,0.49661434
51.520073,0.26640525,0.39464593,0.6762964,0.49657568
51.530075,0.26678026,0.39537418,0.6767035,0.49691102
51.540073,0.26585752,0.39517006,0.67649484,0.49586844
51.55007,0.26602063,0.3942582,0.67680126,0.4967834
51.560074,0.2657988,0.39533052,0.67571944,0.49619707
51.570107,0.26305023,0.39273375,0.6763795,0.49616304
51.58009,0.26633373,0.39439628,0.67663527,0.49646312
51.59008,0.26529157,0.39457834,0.6757485,0.4962637
51.600075,0.2655784,0.39507276,0.67536384,0.496247
51.610077,0.26627234,0.39448828,0.6764301,0.49640772
51.620075,0.26652992,0.39495462,0.67587376,0.49530068
51.630077,0.2664578,0.39460525,0.6767802,0.4959367
51.64007,0.26462767,0.39416596,0.67593044,0.49567637
51.650074,0.26493108,0.39380553,0.67607623,0.49597022
51.660076,0.2655666,0.39205775,0.67659557,0.49644366
51.670074,0.26431814,0.39353278,0.6752984,0.49531987
51.680073,0.26541546,0.39388934,0.6766107,0.49608687
51.690075,0.2645927,0.3947323,0.6757514,0.4944061
51.700073,0.2658076,0.39365768,0.6761356,0.49743533
51.710075,0.2647845,0.39418295,0.67572474,0.4957252
51.720074,0.2650808,0.39405805,0.6756185,0.4952632
51.730076,0.26555982,0.3947856,0.6758954,0.4954176
51.740074,0.26580408,0.39494216,0.67510843,0.4956449
51.750076,0.26670793,0.3947667,0.676153,0.49613088
51.76007,0.26579803,0.39415026,0.6759605,0.49560103
51.770073,0.2659021,0.39612046,0.6749974,0.49555647
51.78007,0.26642838,0.39533406,0.67504066,0.49574453
51.790073,0.2656503,0.39476132,0.6748606,0.4957677
51.800076,0.26609772,0.39469668,0.67566895,0.49525505
51.810074,0.26663828,0.39596292,0.6754799,0.49534506
51.820076,0.26588222,0.3951876,0.6745167,0.49546596
51.83007,0.2667393,0.39471287,0.6747981,0.49540743
51.84007,0.26613656,0.39507765,0.6749936,0.49583924
51.850075,0.26630586,0.3957471,0.6753038,0.49527183
51.860073,0.26608434,0.39418426,0.67424875,0.49530846
51.870075,0.26632655,0.39538103,0.67478937,0.4948289
51.880077,0.26633063,0.3948987,0.67442024,0.4953808
51.890076,0.2657209,0.3953439,0.6745425,0.49479502
51.900105,0.2655498,0.39516437,0.67415637,0.49533132
51.910084,0.2661568,0.39480108,0.67424685,0.49464113
51.92008,0.26647985,0.395392,0.67431504,0.49455428
51.930077,0.26575193,0.39454445,0.6739834,0.49508667
51.940075,0.2664605,0.39470476,0.67419064,0.4950376
51.950077,0.265968,0.3948454,0.6738957,0.4945974
51.96008,0.26623327,0.39543477,0.6737667,0.4948677
51.97007,0.26638913,0.39528146,0.6741745,0.49443135
51.980072,0.26616484,0.3948147,0.6744409,0.49459067
51.990074,0.2664178,0.39472786,0.6740577,0.4947141
52.000088,0.26603472,0.39567414,0.6740293,0.49520722
52.010075,0.2661543,0.39487186,0.6732043,0.4948461
52.020096,0.2658778,0.39543557,0.6738917,0.4940784
52.030075,0.2664356,0.39471406,0.67374927,0.4946228
52.040073,0.26594067,0.39505732,0.6736943,0.4941949
52.050076,0.26626667,0.39456564,0.67359555,0.49394152
52.060074,0.26581794,0.3950638,0.6731013,0.49500278
52.070103,0.2660793,0.39267626,0.6727487,0.49462512
52.08009,0.26597065,0.3942958,0.67381495,0.4945673
52.090076,0.26659045,0.3948725,0.67312145,0.49482626
52.100075,0.26633584,0.39470318,0.67239773,0.49424976
52.110077,0.26587665,0.39496243,0.6722699,0.49453402
52.120075,0.26615244,0.3955351,0.67478824,0.4946259
52.130074,0.26727912,0.39510956,0.6732488,0.49420914
52.140076,0.26601365,0.39518413,0.67537653,0.49459866
52.150074,0.26599303,0.3954426,0.6719634,0.49375004
52.160076,0.26618454,0.39452454,0.67300755,0.49445236
52.17008,0.266985,0.39462873,0.6739819,0.49448568
52.180077,0.26622027,0.3948632,0.67303073,0.4939761
52.19008,0.2658396,0.39500383,0.6736848,0.4935479
52.200073,0.26628444,0.39444673,0.67296815,0.4936721
52.210075,0.26613167,0.39537308,0.67259645,0.49298605
52.220074,0.2669879,0.3959692,0.67227656,0.49416247
52.230076,0.26577574,0.39443868,0.673002,0.49337077
52.240074,0.26607642,0.39567363,0.6732197,0.4935041
52.250072,0.26637587,0.39527524,0.6726439,0.49405196
52.260075,0.26623872,0.39485344,0.6729164,0.49353752
52.270073,0.26634595,0.39516452,0.6717755,0.4940988
52.28007,0.26624575,0.39472118,0.6729697,0.4938734
52.290073,0.26576817,0.395051,0.6720206,0.4928751
52.300076,0.26637736,0.3950662,0.6717692,0.4932537
52.310078,0.2663193,0.39494762,0.6713911,0.493385
52.320076,0.2664401,0.39561114,0.67248744,0.49275777
52.330074,0.26650152,0.3950636,0.67195016,0.49255455
52.340076,0.26736993,0.39567125,0.67214745,0.49345347
52.350075,0.26619393,0.39570308,0.6726363,0.49348602
52.360073,0.2658695,0.39490345,0.6728086,0.49318522
52.37008,0.26649836,0.39534333,0.6732222,0.49291387
52.380077,0.26625305,0.3949353,0.67315453,0.49301702
52.390076,0.2667069,0.39523232,0.67091495,0.49257585
52.400074,0.26602283,0.3951907,0.6737529,0.49240252
52.410076,0.26588887,0.395324,0.67222786,0.49252853
52.42007,0.26671508,0.39593714,0.6724039,0.49238327
52.430073,0.26679817,0.39524513,0.671141,0.49316594
52.440075,0.26575422,0.39501616,0.67272496,0.4923979
52.450073,0.26679337,0.39530244,0.67246413,0.4928809
52.460075,0.2658877,0.39481506,0.6725643,0.49228653
52.470078,0.26707616,0.39530513,0.6713011,0.4927359
52.480076,0.2662155,0.39529178,0.6718905,0.4920564
52.490074,0.26580623,0.3953986,0.67075765,0.49273562
52.500076,0.26574793,0.39507505,0.67204344,0.49229252
52.510075,0.26649183,0.39519,0.6714753,0.49216148
52.520073,0.26717797,0.39477935,0.671993,0.49224666
52.530075,0.26632634,0.3950854,0.67190313,0.49217388
52.540073,0.26642203,0.39527482,0.6709525,0.4918744
52.550076,0.26589018,0.39498672,0.6719666,0.49170047
52.560074,0.26682815,0.3951849,0.6699942,0.49204206
52.570103,0.26641268,0.39415744,0.6711731,0.49193573
52.58009,0.26631063,0.39501753,0.6704469,0.49187222
52.59008,0.26635903,0.39485684,0.671253,0.49152467
52.600075,0.26640058,0.39550644,0.671663,0.49127516
52.610073,0.26667756,0.39505076,0.6712552,0.49120912
52.62007,0.2672328,0.3953782,0.6716423,0.49215528
52.630077,0.26616347,0.39463633,0.6711643,0.49123284
52.640076,0.26657334,0.39560342,0.6711256,0.48996636
52.650078,0.26636964,0.3951452,0.6720772,0.4904024
52.660072,0.2657494,0.39430317,0.6706729,0.49182993
52.670074,0.26690766,0.39505574,0.67147124,0.49088734
52.680077,0.265829,0.39277768,0.6709572,0.489006
52.690075,0.2666679,0.39556345,0.67156994,0.49136725
52.700073,0.26586288,0.3952147,0.6712308,0.49125403
52.710075,0.2666955,0.39534917,0.6714851,0.49168012
52.720074,0.267231,0.39521322,0.6712202,0.49072075
52.730076,0.26687965,0.39472204,0.6723439,0.49134612
52.74008,0.26634327,0.39541772,0.67155075,0.49032792
52.750076,0.2663827,0.39557284,0.6709234,0.4909014
52.760075,0.2664943,0.39476,0.6709454,0.49096435
52.770077,0.2674188,0.39585486,0.67188716,0.4904173
52.780075,0.26629224,0.39529338,0.6716511,0.4898689
52.790077,0.26644033,0.39518204,0.67158467,0.4909334
52.800076,0.26626045,0.39437377,0.6702881,0.4903361
52.810074,0.26639012,0.3954279,0.67137307,0.48985115
52.820072,0.26644224,0.39452046,0.671108,0.49044532
52.83009,0.2656783,0.3953414,0.6708719,0.49104774
52.840076,0.26608568,0.39578873,0.6714718,0.49053037
52.850075,0.26579636,0.395334,0.6710005,0.49049908
52.860085,0.26650268,0.3953288,0.6711535,0.48908922
52.87008,0.26649982,0.3948663,0.6709242,0.4900417
52.880077,0.26617607,0.39462337,0.6716062,0.48992202
52.890076,0.2668899,0.39518717,0.67131126,0.48967144
52.9001,0.26646465,0.3960502,0.6705907,0.48939055
52.910076,0.26564303,0.39522654,0.6708336,0.4898785
52.920074,0.2661917,0.39480534,0.669596,0.48988616
52.930096,0.2667372,0.39504853,0.6718363,0.48965037
52.94008,0.2665522,0.39452255,0.67088073,0.48890924
52.950073,0.2657174,0.39520586,0.67045623,0.48903853
52.960075,0.26581132,0.395552,0.6711594,0.48919854
52.97008,0.26656097,0.39584914,0.67033064,0.48836872
52.980076,0.265636,0.3949139,0.67092013,0.48902398
52.990078,0.2666578,0.3953488,0.6703848,0.4891454
53.000084,0.26554674,0.39436924,0.67112875,0.4891362
53.010075,0.2673644,0.39486936,0.67097116,0.48959243
53.020073,0.26728633,0.39498225,0.6710786,0.4889277
53.030075,0.2663835,0.39564505,0.6718153,0.4888334
53.040073,0.2665794,0.39577606,0.67069197,0.48849517
53.050076,0.26678303,0.395491,0.67128646,0.4886235
53.060074,0.26721293,0.3959111,0.67063403,0.4890628
53.0701,0.2665653,0.39587423,0.67081994,0.4887126
53.08009,0.26575473,0.394403,0.6709866,0.48900163
53.090076,0.26642752,0.39515498,0.67030656,0.48867247
53.100075,0.26668677,0.3951703,0.67033935,0.48786125
53.110073,0.26634172,0.39506406,0.6712833,0.48782754
53.120075,0.26632327,0.39526427,0.6705065,0.4878635
53.130077,0.2664514,0.39523503,0.6718713,0.4877799
53.14007,0.26654044,0.39579964,0.67211336,0.4881119
53.150074,0.2663741,0.39533046,0.6692271,0.48777768
53.160076,0.2669768,0.39572218,0.6733359,0.48787412
53.170082,0.26649055,0.3949906,0.6724385,0.488127
53.180073,0.2675321,0.39510804,0.669451,0.48745292
53.190075,0.26645777,0.39573097,0.67198443,0.48727486
53.200073,0.2673416,0.3951871,0.6710707,0.4874973
53.210094,0.266449,0.394809,0.671618,0.48770213
53.220085,0.26619303,0.39591497,0.6708186,0.48766312
53.23008,0.26624835,0.3948799,0.67137,0.48702404
53.24007,0.2662997,0.3948303,0.6708836,0.487617
53.250076,0.26680773,0.3957126,0.6710137,0.48723727
53.260075,0.26693177,0.39494517,0.6713553,0.4857585
53.270077,0.26641247,0.3951746,0.6717324,0.48865747
53.280075,0.265958,0.39516017,0.6720056,0.4850508
53.290073,0.26641163,0.39590678,0.67191005,0.4857189
53.300076,0.26686415,0.39431486,0.67089915,0.48597488
53.310074,0.26646087,0.39568943,0.67131764,0.4870257
53.320076,0.26696876,0.39520395,0.6715577,0.48583087
53.330074,0.26763198,0.39461386,0.67133325,0.48631302
53.340073,0.266317,0.39552385,0.6718257,0.48686218
53.350075,0.26682246,0.394749,0.67102456,0.48652157
53.360073,0.26673648,0.39321825,0.6719679,0.48628587
53.37008,0.26659733,0.39478314,0.67189384,0.48623905
53.380077,0.2655569,0.3956116,0.671987,0.48586544
53.390076,0.266394,0.3948476,0.67158216,0.48543698
53.400074,0.26556486,0.39556926,0.67150426,0.48524764
53.410072,0.26713812,0.39583224,0.67210627,0.48599732
53.420074,0.26578045,0.3954589,0.67147505,0.4856792
53.430073,0.26654586,0.39513114,0.67201525,0.48555854
53.44008,0.2677288,0.39665204,0.6723389,0.48560098
53.450073,0.26697773,0.39568302,0.6724741,0.4853635
53.460075,0.26653275,0.39602146,0.6722904,0.48542556
53.470078,0.26413795,0.3952068,0.6728575,0.48580423
53.480076,0.26681584,0.39552578,0.67219716,0.486332
53.490074,0.2661418,0.39541566,0.6723821,0.48526436
53.500076,0.26734832,0.3955494,0.67318046,0.48534745
53.510075,0.2668081,0.39536083,0.67232543,0.4845816
53.520073,0.2666991,0.3961234,0.6721402,0.48563936
53.530075,0.26626626,0.39539653,0.672318,0.48433843
53.54008,0.26654077,0.3955226,0.6723465,0.48471442
53.55007,0.26688406,0.3947741,0.6715653,0.48542342
53.560074,0.26638263,0.3952107,0.6726972,0.48471808
53.570095,0.26639763,0.39572343,0.6723052,0.48422754
53.58009,0.26664433,0.3951623,0.67208976,0.48494783
53.590076,0.2662521,0.39511493,0.6721888,0.48429617
53.60007,0.26577598,0.39574134,0.67204493,0.48400864
53.610073,0.26692453,0.39548916,0.6749352,0.4837622
53.62007,0.26622865,0.39523172,0.67440385,0.48390496
53.630074,0.26679817,0.39616734,0.67318314,0.4836126
53.640083,0.2667698,0.39513645,0.6731825,0.4839202
53.650074,0.26692393,0.39555633,0.6732647,0.48410654
53.660072,0.26641607,0.3954314,0.6739166,0.4834374
53.67008,0.2661114,0.395333,0.6732316,0.48395926
53.680077,0.26706624,0.39488274,0.6730033,0.48317856
53.690075,0.26636043,0.39532384,0.6732335,0.4828555
53.700073,0.26665083,0.39500493,0.6728257,0.48402143
53.710075,0.26705736,0.39561993,0.67313915,0.48321658
53.720074,0.2669543,0.39545774,0.67327696,0.4830869
53.730076,0.26671845,0.3956758,0.6732294,0.48292795
53.74008,0.26641402,0.39606598,0.6735845,0.4832428
53.750072,0.26638898,0.39523312,0.6746491,0.48276368
53.760075,0.26749733,0.3962377,0.6732866,0.48346218
53.770073,0.26617026,0.3958054,0.6735391,0.4821969
53.780075,0.26705998,0.39561948,0.67375374,0.48249233
53.790073,0.26655197,0.39555874,0.67383623,0.4818874
53.800076,0.2674262,0.39619806,0.6750028,0.4827318
53.810074,0.26674226,0.39528507,0.6736641,0.48282573
53.820076,0.26633286,0.39540958,0.67406595,0.48251817
53.830074,0.26749882,0.39545763,0.6748788,0.48197588
53.840073,0.26684037,0.396007,0.6743715,0.4822249
53.850075,0.26727557,0.39528862,0.6734965,0.48181874
53.860073,0.26661545,0.39541888,0.6731513,0.4816298
53.870075,0.26737306,0.39629418,0.67560095,0.48143175
53.880077,0.26635402,0.39559206,0.6755993,0.48188967
53.89007,0.26728526,0.39558214,0.67462915,0.48228076
53.900078,0.26637617,0.39615968,0.6757063,0.48063773
53.910084,0.26647237,0.3954699,0.67513597,0.4822523
53.92009,0.26624942,0.39468998,0.67486227,0.48132265
53.93008,0.2663943,0.39555064,0.6740266,0.48207307
53.940075,0.26629338,0.39515257,0.67436194,0.48085362
53.950077,0.2669838,0.39557287,0.6744359,0.48208472
53.96008,0.26695633,0.39516377,0.6747347,0.48085013
53.97008,0.26647443,0.39577743,0.67490405,0.4814542
53.98008,0.26643866,0.3956469,0.6744727,0.480884
53.990074,0.26609865,0.39627033,0.67493635,0.48055053
54.000076,0.26603672,0.39560542,0.6747706,0.48024905
54.01008,0.26665318,0.39543635,0.6742684,0.48069882
54.020077,0.2668687,0.39505416,0.67525005,0.4804886
54.030075,0.2662713,0.39526457,0.6760457,0.4808092
54.040077,0.26668364,0.39598098,0.6766735,0.48043725
54.050095,0.26598313,0.39547294,0.67530704,0.48021585
54.060074,0.2673461,0.39593983,0.67570984,0.48019105
54.0701,0.2669436,0.39564183,0.6758718,0.47961327
54.080093,0.26690498,0.39527744,0.676603,0.48077825
54.09008,0.26661843,0.39627004,0.6749927,0.48068106
54.100075,0.2665956,0.39588252,0.6754641,0.47989058
54.110073,0.26606148,0.39587408,0.6752573,0.47956517
54.12007,0.2670054,0.39536434,0.6761049,0.4797915
54.13007,0.2670104,0.3950496,0.67570263,0.47967568
54.140076,0.26645443,0.39529473,0.67566305,0.47966936
54.15008,0.26710704,0.39512473,0.6758593,0.48027828
54.160072,0.26634854,0.39534828,0.6762083,0.47930428
54.170074,0.26789394,0.3959696,0.6757602,0.47925258
54.180077,0.2666001,0.39552185,0.6757274,0.47940737
54.190075,0.26749817,0.3954037,0.67605144,0.47865108
54.200073,0.26673403,0.3950355,0.6758959,0.47868887
54.210075,0.26695532,0.39549178,0.67738056,0.47893012
54.220085,0.2670297,0.3959483,0.6760456,0.47819182
54.230076,0.26668638,0.39618957,0.67678064,0.479335
54.240074,0.2673753,0.39532807,0.67625445,0.47898296
54.25009,0.26750335,0.39663932,0.6754952,0.4789021
54.260075,0.2671009,0.39525875,0.6760911,0.4781273
54.270077,0.26699653,0.39589262,0.67614657,0.4785018
54.28007,0.26730222,0.39635405,0.6761472,0.4783746
54.290073,0.26681468,0.3955126,0.67603254,0.47817934
54.30007,0.26707953,0.3964865,0.6763644,0.47889844
54.310078,0.26725492,0.39615232,0.67615145,0.47804952
54.320076,0.266682,0.3963746,0.67609864,0.47829166
54.330074,0.26698938,0.39565018,0.67659277,0.47774985
54.340073,0.26762745,0.39558446,0.67733973,0.47723386
54.35008,0.26766312,0.3956488,0.6767033,0.47776848
54.360073,0.26670462,0.39715326,0.6765155,0.47810915
54.370075,0.26695347,0.39545307,0.6758075,0.47735807
54.380077,0.26744828,0.39637947,0.67707723,0.4783059
54.390076,0.26683092,0.39609262,0.67630714,0.4774156
54.400074,0.26669085,0.39687774,0.677001,0.47758335
54.410076,0.26557058,0.39483213,0.6781613,0.47748375
54.42007,0.26559323,0.39481974,0.6767892,0.47702384
54.430073,0.26591793,0.3944543,0.67600334,0.47727802
54.44007,0.26544997,0.39474544,0.67571855,0.47664976
54.45009,0.26502535,0.3956255,0.676678,0.47735095
54.460075,0.26557416,0.39402866,0.6769274,0.47613245
54.470078,0.26560003,0.3943563,0.6770859,0.47670376
54.480076,0.26642242,0.3950502,0.67731375,0.4765058
54.490074,0.2663715,0.39476135,0.67788684,0.47614798
54.500072,0.26693925,0.39622146,0.67675996,0.47637495
54.510075,0.2675015,0.3956476,0.6775009,0.47579736
54.520073,0.26706985,0.39589608,0.6769729,0.47602054
54.530075,0.26742268,0.3953898,0.67697173,0.4761082
54.540073,0.2669225,0.3959152,0.6768513,0.476251
54.55008,0.26723576,0.39607537,0.67728734,0.47731563
54.560074,0.266821,0.3945329,0.6776419,0.47638306
54.5701,0.2671012,0.395388,0.67716813,0.47478107
54.58009,0.2666856,0.3960978,0.67782474,0.47751263
54.590084,0.26650575,0.39542708,0.6773207,0.4756437
54.60008,0.26728457,0.39633244,0.6769441,0.47684076
54.610073,0.26741818,0.3963929,0.67786777,0.47539678
54.620075,0.26757526,0.39522097,0.677137,0.47612005
54.630074,0.2667357,0.3965651,0.67770356,0.47568643
54.640076,0.26705477,0.39607185,0.67833865,0.4754377
54.65008,0.2666776,0.39596763,0.67684454,0.4751715
54.660072,0.26705834,0.39675745,0.67786056,0.47552654
54.67008,0.26668754,0.39604944,0.6771785,0.4753089
54.680073,0.267513,0.39458603,0.67760205,0.47601506
54.690075,0.26699278,0.3960276,0.67760336,0.47453806
54.700073,0.26739073,0.3962275,0.678344,0.47644487
54.710075,0.2665439,0.39581126,0.677334,0.47576246
54.720074,0.26723847,0.39613166,0.6777122,0.47692573
54.730072,0.2672426,0.39548352,0.67682934,0.47459877
54.740074,0.26718503,0.3965496,0.67768985,0.47373694
54.75009,0.2669866,0.39576536,0.67761964,0.47413027
54.760075,0.2673004,0.39716807,0.6777931,0.47477156
54.770077,0.2678034,0.39716965,0.6779538,0.47445914
54.780075,0.2667959,0.39448264,0.6777581,0.47402656
54.790077,0.26687008,0.39481804,0.6783095,0.47404516
54.800076,0.26643786,0.39646855,0.6776708,0.4741648
54.810074,0.2676308,0.39586544,0.6780129,0.47430936
54.820076,0.26658857,0.3949646,0.6777489,0.47367164
54.830074,0.26858762,0.39585108,0.6780156,0.4741584
54.840073,0.2664208,0.3957386,0.67795616,0.47376767
54.85008,0.26929805,0.3964439,0.67819107,0.47458085
54.860073,0.26829135,0.39594966,0.67802733,0.47368115
54.870075,0.2658125,0.39592546,0.67770916,0.47346115
54.880074,0.26616192,0.3958126,0.6775574,0.47341883
54.890076,0.26662067,0.39565858,0.67810094,0.4739639
54.900097,0.26736015,0.39626804,0.67806464,0.47304314
54.910076,0.2669291,0.39576635,0.67781544,0.47358945
54.920074,0.2677362,0.39507172,0.6774818,0.4732176
54.930077,0.26672396,0.39553544,0.6774955,0.4729115
54.940075,0.26683035,0.3956629,0.6786752,0.4732928
54.95008,0.2680815,0.39577013,0.67751414,0.47306988
54.96007,0.26737204,0.3960161,0.67823845,0.47285548
54.970074,0.26752177,0.39577687,0.67807716,0.4727169
54.980076,0.26739874,0.39597273,0.67865676,0.47299975
54.990074,0.2676512,0.39534184,0.67787707,0.47273478
55.00009,0.26837635,0.39593443,0.67899156,0.47263917
55.01008,0.26689896,0.395245,0.678839,0.47259516
55.020073,0.26701522,0.39565542,0.6769441,0.47232583
55.030075,0.26736698,0.39688212,0.67717177,0.47226954
55.040073,0.26675195,0.39623186,0.6787951,0.4723177
55.050095,0.26729926,0.3967611,0.6793529,0.47199172
55.060074,0.26696074,0.3958972,0.67713004,0.47242537
55.070103,0.26817897,0.3960813,0.67686605,0.47253224
55.08009,0.2668815,0.39545938,0.6789697,0.47179872
55.09008,0.26660398,0.3961032,0.6784539,0.47244617
55.10008,0.26774487,0.39609247,0.67843735,0.47198293
55.110077,0.26751694,0.39581153,0.6782647,0.47205368
55.120075,0.2667781,0.3955898,0.678507,0.47186735
55.130074,0.2671185,0.39630774,0.6781125,0.47183952
55.14007,0.26678726,0.39542115,0.6781294,0.4711741
55.150093,0.26767436,0.39737502,0.6783802,0.47199568
55.16007,0.2668929,0.39531288,0.67847234,0.47101054
55.170074,0.26696727,0.3961108,0.67887914,0.47135824
55.180073,0.26722586,0.39648536,0.67774075,0.47066754
55.190075,0.26726857,0.39656115,0.6784458,0.47162363
55.200073,0.2675014,0.39671054,0.67829937,0.4707895
55.210075,0.2660038,0.39598218,0.6784754,0.47097343
55.220074,0.26691705,0.39558685,0.6782016,0.4706212
55.230083,0.26735228,0.396084,0.6785337,0.47105208
55.240078,0.26688412,0.39605188,0.678307,0.4705157
55.250095,0.26741824,0.39603406,0.6782155,0.47063327
55.260075,0.26713154,0.39631236,0.67834395,0.4713094
55.270073,0.26721048,0.3962946,0.6777016,0.47036484
55.28007,0.26702318,0.39524716,0.67826223,0.47091085
55.290073,0.26724285,0.39584488,0.6780044,0.47056797
55.300076,0.26773676,0.39630136,0.67831403,0.47028026
55.310074,0.2667653,0.39572293,0.67810977,0.47014022
55.320076,0.26671606,0.39552158,0.6791616,0.470174
55.330074,0.2668768,0.39596978,0.677895,0.4704691
55.340073,0.26691955,0.39644545,0.6781179,0.47129893
55.35007,0.2673669,0.39636755,0.67797303,0.47012603
55.360077,0.2669357,0.39566848,0.6784743,0.47010317
55.370075,0.26783773,0.3962758,0.67829376,0.47015518
55.380074,0.26733094,0.3957751,0.6788688,0.46983013
55.390076,0.26781303,0.3961626,0.67853695,0.46964577
55.400074,0.2680774,0.39573628,0.6787811,0.46925128
55.410072,0.2678596,0.39685032,0.67875373,0.46981603
55.420074,0.26740846,0.3960349,0.6786187,0.4691863
55.430077,0.2676754,0.39612833,0.67908716,0.46974987
55.440075,0.2670862,0.395409,0.6789162,0.46943432
55.450073,0.2676118,0.39614323,0.67797244,0.47011995
55.460075,0.2672093,0.3958767,0.6783497,0.46947277
55.470074,0.26669535,0.39651334,0.67883664,0.46917826
55.480076,0.26687026,0.3966037,0.67874783,0.468939
55.490074,0.2673614,0.3962145,0.67820066,0.469011
55.500072,0.26760986,0.39646557,0.67850125,0.46853542
55.510075,0.26857707,0.3962244,0.6780977,0.46894976
55.520073,0.26746795,0.39613903,0.67819476,0.46878454
55.530075,0.26748118,0.39627647,0.6778053,0.4679244
55.540073,0.26752546,0.3965965,0.67901415,0.46845615
55.55007,0.26787576,0.39677936,0.6797449,0.46852458
55.560074,0.2684735,0.3963645,0.6792773,0.4688262
55.57065,0.26680982,0.39576343,0.67833847,0.4685092
55.58009,0.26720107,0.3965153,0.67899776,0.46833476
55.59008,0.26731637,0.39638788,0.67847997,0.46827334
55.600075,0.2674772,0.39600804,0.67715657,0.46856228
55.610077,0.26713464,0.39618242,0.6782241,0.4680034
55.62007,0.2666137,0.39594278,0.67822427,0.46806556
55.630074,0.26666346,0.39524803,0.6786914,0.46748894
55.640076,0.26649603,0.3959917,0.67782605,0.46772
55.650074,0.26682708,0.39604676,0.6782766,0.4679499
55.660072,0.2672245,0.39555338,0.67845494,0.46817434
55.670074,0.26767537,0.39592662,0.6784432,0.46773326
55.680073,0.26727957,0.39599285,0.6781057,0.4674754
55.690075,0.26756978,0.3967785,0.67814326,0.46733478
55.700073,0.26820245,0.3964787,0.6780675,0.46736762
55.710075,0.26837152,0.39662707,0.67849725,0.46736032
55.720074,0.26696363,0.3963898,0.6782417,0.46716318
55.730072,0.26737282,0.39699078,0.6782606,0.4675151
55.740074,0.26716787,0.3963859,0.6776929,0.46740797
55.750076,0.26789796,0.39661622,0.67880046,0.46739858
55.760075,0.26735714,0.39573786,0.6778892,0.467245
55.770073,0.26678127,0.39627534,0.67815036,0.4671165
55.780075,0.2673484,0.39630497,0.67820525,0.46667948
55.790073,0.2681046,0.39590287,0.678292,0.46618095
55.80007,0.2672343,0.39653668,0.67844826,0.4663455
55.810074,0.26769215,0.3965005,0.67816216,0.46695244
55.820076,0.26753458,0.39669296,0.67753804,0.46655688
55.830074,0.26719114,0.3966114,0.6780622,0.46606618
55.840073,0.26763785,0.39642736,0.67651105,0.46632904
55.850075,0.2679709,0.39614367,0.6797873,0.46628633
55.860073,0.26754853,0.39678878,0.6797585,0.46634173
55.870075,0.2672863,0.3954834,0.6788848,0.4658958
55.88008,0.26675367,0.39425436,0.6784281,0.46586907
55.89008,0.26654342,0.39650938,0.6778828,0.46619362
55.90005,0.26706898,0.39609328,0.6779552,0.4659357
55.91008,0.2667027,0.39659998,0.67809904,0.4665705
55.92009,0.2670805,0.3955865,0.6785569,0.4660466
55.930073,0.26656535,0.39558017,0.67780554,0.4657382
55.940075,0.26784313,0.39630604,0.6779285,0.4657147
55.950073,0.26705158,0.3961423,0.67813236,0.46523258
55.9601,0.26712754,0.39582795,0.6781754,0.4649855
55.970074,0.2673253,0.39659587,0.6787819,0.46514472
55.980076,0.26717883,0.39628947,0.67843425,0.4652347
55.990074,0.2673359,0.39657465,0.67821854,0.46556693
56.00009,0.26731986,0.39611518,0.6776344,0.4649623
56.010075,0.26724812,0.39629567,0.67818505,0.4647762
56.020077,0.26693025,0.3960501,0.67719525,0.46483237
56.030075,0.267131,0.39655152,0.6775054,0.46482608
56.040073,0.26679158,0.3963717,0.67775834,0.4644943
56.050076,0.26829743,0.39642558,0.6780508,0.46479028
56.060093,0.26719925,0.39621806,0.67812854,0.464741
56.070137,0.26761818,0.396483,0.6782252,0.46552694
56.080097,0.26715142,0.39532155,0.67853475,0.46425164
56.09008,0.26765102,0.39593276,0.67727304,0.46509582
56.100075,0.2672676,0.39556175,0.6781723,0.46468186
56.110077,0.2674166,0.3957534,0.67855096,0.4645369
56.12007,0.26773608,0.39625877,0.67757666,0.46384242
56.130077,0.267161,0.39580184,0.6775152,0.46390718
56.140076,0.26779974,0.39687756,0.6778546,0.4640214
56.150078,0.26740426,0.39578998,0.67771876,0.46346462
56.160095,0.26776302,0.3964385,0.6781819,0.4647199
56.170074,0.26690897,0.39629167,0.6768641,0.46407178
56.180077,0.26832554,0.3962811,0.6781326,0.46394002
56.190075,0.2676625,0.3956787,0.67844313,0.46295753
56.200073,0.26786813,0.39734337,0.67643887,0.46425387
56.210075,0.26752612,0.3965947,0.6774092,0.4635681
56.220074,0.26547045,0.3968257,0.6778664,0.46419832
56.23008,0.2676738,0.39676553,0.67569035,0.46354333
56.240074,0.26740488,0.39654472,0.6758408,0.4634743
56.250072,0.26720423,0.3970108,0.6777686,0.46272904
56.260094,0.26769796,0.39658156,0.6761018,0.46349046
56.270073,0.2685243,0.39606354,0.6763751,0.46337774
56.28007,0.26771447,0.39621753,0.6771044,0.46316358
56.290073,0.26737022,0.39675796,0.6772007,0.4634514
56.300076,0.26734254,0.3965128,0.67720574,0.46317038
56.310074,0.26783225,0.39643398,0.6771721,0.4634619
56.320072,0.26743242,0.3964871,0.67757916,0.46392727
56.330074,0.26804405,0.396554,0.67713606,0.46376592
56.340073,0.2674389,0.3966681,0.6765358,0.46347284
56.35007,0.26853147,0.39729783,0.6768534,0.46426857
56.36008,0.26695427,0.39624095,0.6767265,0.4608983
56.370075,0.2673839,0.3969143,0.67686725,0.4630091
56.380077,0.26692438,0.39608464,0.6760933,0.46231005
56.39007,0.26757985,0.3957326,0.6776377,0.46161512
56.400074,0.26726878,0.39630613,0.67658764,0.46232727
56.410072,0.2670702,0.396188,0.6775099,0.46257463
56.420074,0.2674057,0.3965311,0.6770556,0.46126756
56.430077,0.26833618,0.39616972,0.67603445,0.46226394
56.440075,0.26815358,0.39696458,0.6774219,0.4616674
56.450073,0.26725963,0.3955144,0.6768135,0.4620398
56.46007,0.2675753,0.39668208,0.6767498,0.46200925
56.470078,0.26786822,0.39641517,0.67672217,0.4620487
56.480072,0.26710594,0.39629415,0.67654896,0.46165907
56.490074,0.26835316,0.39653337,0.6763327,0.4613722
56.500072,0.2672513,0.39707732,0.6768785,0.46179268
56.510075,0.26634458,0.39584026,0.67641604,0.46145043
56.520073,0.26759,0.3966967,0.6767798,0.46212763
56.53007,0.26759267,0.39695233,0.6773076,0.46132442
56.540073,0.26729786,0.3956386,0.6776007,0.46089178
56.55007,0.2672668,0.39646137,0.67747104,0.4610238
56.560074,0.26667693,0.39631125,0.6755196,0.46140176
56.570084,0.26672608,0.3961925,0.6754578,0.45785695
56.580093,0.26874548,0.3964642,0.6771614,0.45914137
56.590076,0.2683728,0.39744493,0.6771925,0.46129528
56.600075,0.26662323,0.3960963,0.6760993,0.46079046
56.610077,0.26801717,0.39625645,0.6770746,0.46030146
56.620075,0.26735666,0.39634985,0.67648435,0.46101394
56.630074,0.26788458,0.3966078,0.6762066,0.46096998
56.640076,0.26737878,0.3958882,0.67573774,0.46055928
56.650074,0.2682377,0.39641562,0.6756421,0.46038115
56.660072,0.26738802,0.3960287,0.6757904,0.46001986
56.670074,0.26744646,0.3961377,0.678023,0.46060884
56.680077,0.267936,0.39638832,0.6757973,0.46050066
56.690075,0.26811817,0.39676347,0.67741984,0.46038723
56.700073,0.26759785,0.39671454,0.675122,0.46007437
56.710075,0.26783055,0.39630562,0.67486125,0.45986584
56.720074,0.26825887,0.39655423,0.6763028,0.4602466
56.730072,0.26743498,0.39696172,0.6771539,0.4604986
56.740074,0.2678588,0.3975722,0.6759051,0.45949867
56.750076,0.26807153,0.39685947,0.67593277,0.46025938
56.760075,0.26836395,0.3965937,0.6754107,0.45994142
56.770073,0.26760307,0.396815,0.67583144,0.45973548
56.780075,0.26739407,0.3967284,0.6760556,0.4592243
56.790073,0.267776,0.39681524,0.67530173,0.45947483
56.800076,0.26809058,0.39681703,0.6757673,0.4601733
56.810074,0.26770997,0.39648694,0.6754441,0.4592687
56.820072,0.26784688,0.39613578,0.6752245,0.46124846
56.830074,0.267485,0.3953648,0.67564464,0.4580374
56.840073,0.26739416,0.39730904,0.6752492,0.457258
56.850075,0.26761502,0.39502382,0.6748139,0.46025378
56.860073,0.26743346,0.39712742,0.6754961,0.45911214
56.870075,0.26793352,0.39630577,0.6753893,0.4585427
56.880074,0.26784518,0.39601335,0.674962,0.4591697
56.89007,0.2678727,0.39636284,0.67567617,0.45917767
56.90008,0.2683619,0.39637426,0.67531264,0.45882562
56.910076,0.26741746,0.39682934,0.67524076,0.4591561
56.920074,0.2673926,0.39636144,0.6747165,0.45834717
56.930077,0.26784343,0.39721882,0.6748834,0.45914236
56.940075,0.2677175,0.3964416,0.67484087,0.45855725
56.950077,0.2674258,0.39710173,0.67492396,0.45896447
56.960075,0.26690596,0.39642343,0.675364,0.45832837
56.970078,0.26804933,0.39654875,0.67434806,0.4579298
56.980076,0.26826188,0.3959064,0.6748677,0.45839375
56.990074,0.26781878,0.39677358,0.67504793,0.45750105
57.00008,0.26751113,0.39594096,0.67496294,0.45791605
57.010075,0.2669183,0.39619008,0.67601293,0.45836753
57.020077,0.2678934,0.39653113,0.67482585,0.4576526
57.030075,0.26729664,0.39678705,0.67422575,0.45785013
57.040073,0.26877832,0.3971409,0.6752494,0.4579533
57.050076,0.26809585,0.39716396,0.6759745,0.45768178
57.060074,0.26768595,0.39690274,0.6732724,0.4577561
57.07008,0.26615134,0.39489982,0.6754754,0.4569599
57.080086,0.26771012,0.39602792,0.6745564,0.45775986
57.090076,0.26756445,0.39674124,0.6745484,0.45741466
57.100075,0.2679971,0.3967415,0.6741654,0.45748076
57.110073,0.26719403,0.3964966,0.6733852,0.45679817
57.120075,0.2675493,0.3964065,0.6740981,0.45726755
57.130074,0.26752838,0.39672095,0.6758823,0.4573561
57.140076,0.26720348,0.39666525,0.67379004,0.45722264
57.150078,0.26807404,0.39667317,0.6744122,0.45719156
57.160072,0.26715904,0.39672393,0.6749439,0.4571115
57.170074,0.26783097,0.3969514,0.6753971,0.45698902
57.180073,0.2665161,0.39633697,0.67408115,0.45692497
57.190075,0.26698127,0.39612737,0.6745033,0.45707804
57.200073,0.26578152,0.3957076,0.67389643,0.45646778
57.21008,0.2664909,0.39575925,0.6742129,0.4564983
57.220074,0.2662223,0.39527586,0.6744249,0.45641464
57.230076,0.26699927,0.39698416,0.6735841,0.45660052
57.240074,0.26600116,0.39585504,0.67401516,0.45623767
57.250076,0.2669681,0.395804,0.6743866,0.4563055
57.26007,0.26786646,0.39565837,0.6740775,0.45560536
57.270077,0.2679956,0.39706168,0.6735823,0.455409
57.28007,0.26776403,0.39623907,0.6737359,0.4543124
57.290077,0.2672844,0.39787418,0.6737352,0.45722976
57.300076,0.26806203,0.39775047,0.6738418,0.45556584
57.310074,0.2676703,0.39612085,0.67435676,0.4559682
57.320076,0.26811403,0.3952739,0.6730262,0.45577294
57.33007,0.26799345,0.39727107,0.67329603,0.45571116
57.340076,0.26862392,0.39594206,0.67402273,0.45626158
57.350075,0.26730013,0.396691,0.6736425,0.4562603
57.360073,0.26793197,0.39670718,0.67327446,0.45612103
57.370075,0.26799434,0.39608988,0.67349976,0.4555827
57.380074,0.2677207,0.39739117,0.67365843,0.45604944
57.39007,0.2675046,0.39669198,0.67327577,0.45542023
57.400074,0.26828778,0.39728415,0.6733884,0.45568696
57.410076,0.26676956,0.39740708,0.67300886,0.45535317
57.420074,0.26723626,0.397137,0.6736754,0.45529944
57.430073,0.26823765,0.3971573,0.67341805,0.45489004
57.440075,0.26687795,0.3965419,0.67301804,0.45570794
57.450073,0.26830822,0.39643344,0.6733676,0.45504507
57.460075,0.26756215,0.39686576,0.6734066,0.45519084
57.470074,0.26780975,0.39659396,0.67262435,0.45514095
57.480076,0.26789558,0.39700967,0.67385817,0.45499605
57.49007,0.2680538,0.39686924,0.6731856,0.45550597
57.500072,0.2678431,0.39684626,0.6735802,0.45551917
57.510075,0.26850343,0.39714172,0.6735197,0.45523196
57.520073,0.26770392,0.3963612,0.6746651,0.45496842
57.530075,0.26842153,0.39771998,0.67512816,0.45529452
57.540073,0.26706156,0.3978959,0.67392164,0.45458382
57.550076,0.2678866,0.396676,0.67378527,0.45520332
57.560074,0.26745433,0.3970983,0.67224455,0.4544523
57.570072,0.2671027,0.39529195,0.6727028,0.45437557
57.580082,0.2664528,0.39653096,0.6723999,0.45493507
57.590076,0.26759753,0.39622843,0.67237353,0.4540478
57.60007,0.26785058,0.39618817,0.6723465,0.45494884
57.610073,0.26754546,0.39628172,0.67258,0.45438948
57.62007,0.26829198,0.39655027,0.67276317,0.45435718
57.630074,0.2679667,0.39705446,0.67201465,0.45423752
57.640076,0.26807895,0.39720193,0.6726613,0.45419577
57.650074,0.2676749,0.3962136,0.6727763,0.45442963
57.660076,0.26820257,0.39721835,0.6726082,0.4538512
57.670074,0.26733193,0.39612937,0.67207134,0.45407057
57.680073,0.26851407,0.39760396,0.6718342,0.45376346
57.69007,0.26819545,0.39670077,0.67143285,0.45410782
57.700073,0.26789972,0.39748493,0.6721816,0.45356467
57.710075,0.26774114,0.39661416,0.6723621,0.45398083
57.720074,0.26814443,0.3965039,0.67279,0.45395058
57.730076,0.26882342,0.39694303,0.67231536,0.45377398
57.740074,0.2679483,0.39720526,0.67195714,0.4538144
57.750076,0.26798117,0.39598015,0.6734959,0.45407647
57.760075,0.2684342,0.39701504,0.67286956,0.45392606
57.770073,0.2684552,0.39618117,0.67119753,0.45326918
57.780075,0.26788127,0.39690277,0.67273986,0.45325896
57.790073,0.26807106,0.39804772,0.67129916,0.45392793
57.800076,0.26796672,0.39733872,0.67220724,0.45272094
57.810074,0.26797953,0.3971002,0.6714647,0.4534273
57.820072,0.26797727,0.3970021,0.67200595,0.45334074
57.830074,0.26878524,0.3976593,0.6715144,0.45278856
57.840076,0.26810697,0.39691612,0.6714131,0.45289734
57.850075,0.26772237,0.3970879,0.671504,0.4531374
57.860073,0.26831242,0.39654517,0.6713781,0.4526892
57.87007,0.26833808,0.3964832,0.67197293,0.45392877
57.880074,0.2685512,0.3969105,0.67157054,0.4532766
57.890076,0.2678219,0.3971682,0.6718334,0.45224535
57.90008,0.2680745,0.39735627,0.6714409,0.45264816
57.91008,0.26781383,0.39580864,0.6715362,0.45306522
57.92008,0.26750535,0.3970427,0.6711678,0.4528821
57.930077,0.26791462,0.39706588,0.6714045,0.452645
57.940075,0.26804852,0.39716697,0.6716824,0.4523724
57.950073,0.2673923,0.39770082,0.67088616,0.45275432
57.960075,0.26831228,0.39730188,0.67159855,0.45294338
57.970078,0.26833415,0.39696336,0.6706951,0.45276493
57.980072,0.2686383,0.39767945,0.6713594,0.45212796
57.990074,0.26706722,0.39681253,0.6712701,0.45242864
58.000084,0.26808944,0.39651957,0.6711706,0.45214874
58.010075,0.2678652,0.39648533,0.6708929,0.45182413
58.020077,0.2668843,0.39632797,0.67109114,0.45211065
58.030075,0.2680811,0.39668578,0.6707333,0.45173496
58.040073,0.26727244,0.39648303,0.67156845,0.4520438
58.05007,0.2680616,0.3964863,0.67068946,0.45213848
58.060074,0.26798826,0.39657485,0.6710424,0.45199838
58.070072,0.2683462,0.39508986,0.6710597,0.4514071
58.080086,0.2676066,0.3965287,0.6710621,0.45166177
58.090076,0.2671991,0.39643282,0.67078847,0.45181236
58.100075,0.26723993,0.3964885,0.67018837,0.4517201
58.110077,0.2679589,0.39743277,0.67193395,0.45184404
58.120075,0.26833487,0.39690754,0.67014974,0.4519631
58.130077,0.26887244,0.39723673,0.6720192,0.45166576
58.140076,0.2681596,0.39693102,0.66837645,0.45118073
58.150074,0.26808864,0.39787185,0.6719148,0.45232975
58.160076,0.26821226,0.3968087,0.6683975,0.45152536
58.170074,0.26897305,0.39740083,0.670899,0.4509685
58.180073,0.26865777,0.39736196,0.67005455,0.45141768
58.190075,0.26854298,0.39699963,0.6710187,0.4513322
58.200073,0.2673932,0.39719132,0.6698752,0.45104697
58.210075,0.26817077,0.39709082,0.6701107,0.45162612
58.220078,0.26827654,0.39694735,0.66955125,0.45167857
58.230072,0.26847395,0.39772138,0.6703996,0.45053378
58.240074,0.26785818,0.39720124,0.6695528,0.451085
58.250072,0.26793754,0.39726526,0.67040217,0.4510074
58.260075,0.268653,0.39762902,0.66969347,0.45141605
58.270073,0.2683544,0.39646155,0.67008156,0.45026362
58.280075,0.26834598,0.39732108,0.6696764,0.44951537
58.290073,0.2675878,0.39583012,0.6696658,0.45224598
58.300076,0.26846695,0.3984822,0.67019314,0.45229548
58.310074,0.26806164,0.39648587,0.6692494,0.44979498
58.320076,0.26809564,0.39793414,0.6696139,0.45113418
58.330074,0.26846716,0.39722973,0.66919434,0.45088717
58.340073,0.26815662,0.39778942,0.6696755,0.4507026
58.350075,0.2681795,0.39722192,0.67003876,0.45044544
58.360073,0.2678619,0.39762735,0.66963583,0.45012894
58.370075,0.26839942,0.39762846,0.66940004,0.450235
58.380074,0.26797724,0.39673394,0.669068,0.4510228
58.390076,0.26874033,0.39714587,0.6699372,0.45038456
58.400074,0.26785135,0.39668646,0.6695702,0.4500095
58.410072,0.26821578,0.39740658,0.6701009,0.45042953
58.420074,0.26775494,0.39739344,0.66920704,0.45022595
58.430073,0.26810625,0.3968873,0.6700645,0.45025593
58.440075,0.26778567,0.39733538,0.6687979,0.44973516
58.450077,0.26861653,0.3976455,0.6691653,0.4501873
58.46007,0.26830873,0.39672816,0.6694982,0.44994864
58.470074,0.26827553,0.39757344,0.6698792,0.44988146
58.480072,0.26792905,0.39709556,0.6674438,0.44967628
58.490074,0.2678927,0.3971637,0.6680188,0.4500329
58.500072,0.2675974,0.3970029,0.66951615,0.45029262
58.510075,0.26807028,0.3965463,0.66743475,0.4501607
58.520073,0.26838595,0.39715797,0.6698067,0.4493996
58.53007,0.26789197,0.3971194,0.6698088,0.4501781
58.540073,0.26769426,0.3971333,0.6698477,0.44937536
58.55008,0.26750052,0.39707235,0.66962004,0.4496648
58.560078,0.2693157,0.39723814,0.6690317,0.44977358
58.570076,0.26898673,0.39683506,0.66877776,0.45002759
58.580086,0.26848513,0.3974767,0.6687134,0.45006475
58.590076,0.26782316,0.39652088,0.66839725,0.44990036
58.600075,0.26876524,0.39747417,0.66850525,0.44954008
58.610077,0.2675856,0.39688438,0.66864616,0.44929108
58.620075,0.2679235,0.39764404,0.66803646,0.4496922
58.630074,0.26802325,0.39757246,0.66788644,0.44940588
58.640076,0.26825917,0.39694798,0.6684445,0.4490267
58.650074,0.268327,0.39719623,0.66849875,0.44872108
58.660076,0.26866823,0.39770728,0.6682042,0.45008487
58.67008,0.26863486,0.3975322,0.66845775,0.44888902
58.680073,0.26845902,0.39789176,0.66793704,0.44875118
58.690075,0.26790988,0.3973393,0.66774124,0.44885832
58.700073,0.2678575,0.3972429,0.66832453,0.4490053
58.710075,0.26822037,0.39781842,0.66861635,0.44882807
58.720074,0.26885742,0.39680493,0.66824454,0.44877332
58.730076,0.26836032,0.39722392,0.6692067,0.44907814
58.740078,0.26812306,0.39747575,0.6678477,0.4489074
58.750076,0.26898298,0.39765957,0.66790456,0.44859698
58.760075,0.26827103,0.39743537,0.6674445,0.4490101
58.770073,0.26799107,0.3971651,0.6676823,0.44819677
58.780075,0.26808503,0.39714673,0.6670929,0.44891828
58.790073,0.2676078,0.39683023,0.666806,0.4490809
58.800076,0.26795736,0.39723855,0.6675478,0.44830665
58.810074,0.2679314,0.3972306,0.66848075,0.4480534
58.820072,0.26818117,0.39722615,0.66728425,0.44834015
58.830074,0.2677527,0.39752087,0.66735387,0.44740537
58.840076,0.26884854,0.39778203,0.66780555,0.4484324
58.850075,0.26849216,0.39674485,0.6666987,0.44789132
58.860073,0.2684448,0.39783174,0.66764593,0.44887292
58.87008,0.26855317,0.39690226,0.6671537,0.44829702
58.880077,0.2690203,0.39720905,0.6673719,0.44806576
58.89007,0.2682528,0.39776996,0.66753644,0.44831258
58.900085,0.26834652,0.3975736,0.66722333,0.44806802
58.910076,0.2680142,0.3960079,0.667371,0.44874874
58.920074,0.2673948,0.3973931,0.66707635,0.44823498
58.930077,0.26839975,0.39736542,0.66787726,0.44797814
58.94007,0.2679827,0.39671636,0.66660124,0.4473705
58.950073,0.26710132,0.3976284,0.66695595,0.44710952
58.960075,0.2681809,0.39705765,0.6671236,0.44802985
58.970097,0.2689871,0.39689314,0.66685027,0.4480778
58.980076,0.26832432,0.39679888,0.6658449,0.44758525
58.990074,0.26901096,0.39747277,0.66656715,0.44729495
59.000084,0.26831222,0.3970472,0.6679929,0.44750047
59.010075,0.26807973,0.39786965,0.6680713,0.4474313
59.020073,0.26841792,0.3969113,0.66825545,0.4472574
59.030075,0.2685335,0.39838305,0.666334,0.44827056
59.040073,0.26836017,0.39722323,0.6674211,0.4469905
59.050076,0.26888385,0.39762035,0.66546273,0.447358
59.060074,0.26818255,0.39707586,0.6656136,0.44735247
59.070095,0.2683048,0.39732322,0.666177,0.4472717
59.08009,0.26853067,0.3959272,0.6657321,0.44777635
59.090076,0.2672726,0.39705318,0.6663927,0.44764623
59.100075,0.2680578,0.39730793,0.66629714,0.44692236
59.110077,0.2684261,0.39720798,0.6653906,0.44690537
59.120075,0.26798236,0.39720255,0.6652582,0.44761997
59.130074,0.26910648,0.3975141,0.6657608,0.44715768
59.140076,0.2685919,0.39770398,0.66611373,0.44737887
59.150074,0.26842895,0.39703584,0.6661049,0.44703877
59.160076,0.26796582,0.39722934,0.6660274,0.44730806
59.170097,0.2680308,0.39779592,0.6667516,0.44695675
59.180084,0.2677978,0.397292,0.66726154,0.4472237
59.19008,0.26791722,0.39693552,0.667657,0.4470024
59.200073,0.26820013,0.39672598,0.6643568,0.4465962
59.210075,0.2679107,0.3972533,0.6671035,0.44640052
59.220078,0.26817203,0.39781594,0.6639365,0.4467455
59.230076,0.26823893,0.39667806,0.66585386,0.44641328
59.240074,0.2681514,0.39712372,0.66616946,0.44657612
59.25007,0.26721272,0.39716867,0.66446847,0.44669166
59.260075,0.26800165,0.39727053,0.6646503,0.44701812
59.270073,0.26765612,0.39707923,0.664712,0.44655293
59.280075,0.26856682,0.3978021,0.66537106,0.4464306
59.290073,0.26842052,0.3976729,0.66546315,0.44663122
59.30007,0.26808068,0.3972503,0.665405,0.44635418
59.310074,0.26818293,0.39765057,0.6642776,0.44691902
59.320076,0.26797757,0.3969601,0.6648424,0.44709957
59.330074,0.26857942,0.39730555,0.664368,0.44649744
59.340073,0.26769468,0.39717782,0.6652136,0.44566905
59.35007,0.2683245,0.39750522,0.6647021,0.44655028
59.360077,0.2683253,0.3971889,0.6643731,0.4465618
59.37007,0.26865774,0.3970487,0.66481227,0.44612208
59.380074,0.26772794,0.39721772,0.6640589,0.4475166
59.39007,0.2690757,0.3983593,0.6645407,0.44600275
59.400074,0.26871616,0.39811864,0.6647114,0.4442823
59.410076,0.2683569,0.39926842,0.6641297,0.44766206
59.420074,0.2683705,0.3963988,0.6639536,0.444913
59.430077,0.26848024,0.39937174,0.66413575,0.4465047
59.440075,0.26854065,0.39686316,0.66489166,0.44556755
59.450073,0.26856565,0.39574653,0.66422606,0.44516748
59.460075,0.26930016,0.39667493,0.6642494,0.4455764
59.470074,0.26804885,0.3983721,0.66412175,0.4459657
59.480076,0.26805088,0.39770222,0.6645747,0.44569895
59.49007,0.2685515,0.39809513,0.6638265,0.4458505
59.500076,0.26800984,0.3983212,0.6634144,0.44582358
59.510075,0.26700318,0.3971927,0.66392255,0.44552732
59.520073,0.26944044,0.39798513,0.66430086,0.44582084
59.530075,0.2671844,0.39764905,0.66357136,0.4452169
59.540073,0.2692843,0.39708355,0.66300255,0.44567114
59.550076,0.26898098,0.39698026,0.66367066,0.4453414
59.560074,0.26843527,0.39721334,0.6637803,0.4456719
59.570076,0.26932308,0.39761332,0.66307837,0.4456907
59.58009,0.26843184,0.3970728,0.66374964,0.44609815
59.590076,0.2680248,0.39771,0.66402483,0.4461139
59.600075,0.2685275,0.39686128,0.66262156,0.44509557
59.610073,0.26838133,0.39766252,0.66326857,0.44490516
59.620075,0.2680835,0.39715075,0.66391474,0.44548297
59.630074,0.26908416,0.39719042,0.66341406,0.44556317
59.640076,0.2680191,0.39704463,0.6632245,0.44505855
59.650078,0.26863343,0.39758685,0.6636041,0.4460367
59.660072,0.2685372,0.39761427,0.6634542,0.44518003
59.670074,0.26832712,0.397307,0.6639692,0.44496173
59.680096,0.26863876,0.3972933,0.66203475,0.44522935
59.690075,0.26829016,0.39778388,0.6616996,0.44465297
59.700073,0.2688646,0.39705256,0.66268104,0.44533557
59.710075,0.2681646,0.39771116,0.6637146,0.44487208
59.720074,0.26787454,0.3972487,0.6635542,0.4447294
59.730072,0.26808164,0.3973511,0.66408575,0.4450416
59.740078,0.26839724,0.39801115,0.6624958,0.44510663
59.750076,0.26813394,0.3970372,0.6627621,0.445544
59.760075,0.2691592,0.398017,0.66224927,0.4450778
59.770077,0.2688136,0.39769703,0.66289514,0.4450599
59.78009,0.2687835,0.39848566,0.66266686,0.44496635
59.790073,0.2690067,0.3980078,0.662486,0.44546044
59.800076,0.2693465,0.3971926,0.6628454,0.44423214
59.810074,0.2687469,0.3980041,0.6623112,0.44487327
59.820076,0.2684739,0.3971902,0.6624825,0.4447611
59.830074,0.26788157,0.3980121,0.661523,0.44449174
59.840076,0.26816276,0.39767495,0.6615543,0.44415253
59.85007,0.2682249,0.3976649,0.6615479,0.4446489
59.860077,0.26812506,0.3977028,0.6618053,0.44423145
59.87007,0.26853672,0.3973936,0.66193223,0.4445658
59.880093,0.26815954,0.3979742,0.6616747,0.4443337
59.890076,0.26871875,0.39772794,0.66192573,0.44453776
59.900085,0.26861635,0.39741695,0.66172683,0.44512925
59.91008,0.26842135,0.39750224,0.66186935,0.44501027
59.92008,0.2678054,0.39697108,0.6613268,0.44473863
59.930077,0.2682403,0.39762527,0.66199386,0.44407687
59.940075,0.26748887,0.39673734,0.66105616,0.44382682
59.950077,0.2672865,0.39748544,0.66238505,0.44425532
59.960087,0.26725715,0.3973622,0.6608271,0.44397965
59.970078,0.26775265,0.39636916,0.66122276,0.44393077
59.980072,0.26680452,0.39652434,0.661205,0.44344604
59.990074,0.26692587,0.39611393,0.6610262,0.44414267
60.000084,0.26699454,0.39572835,0.6614365,0.44388476
60.01008,0.26692608,0.39686665,0.66079205,0.44334745
60.020073,0.26717955,0.3966944,0.6607037,0.4441243
60.030075,0.26855797,0.39807495,0.6609004,0.4439738
60.040073,0.26839742,0.39820835,0.66036814,0.443469
60.050076,0.26836,0.39803115,0.6610509,0.4436785
60.060074,0.26839554,0.39856356,0.6609588,0.4438609
60.070076,0.26739746,0.3975512,0.66108364,0.44388878
60.08009,0.2683431,0.3972761,0.66016984,0.44430858
60.090076,0.268237,0.39709884,0.65985394,0.44486144
60.10007,0.26855633,0.39749548,0.6610512,0.44381297
60.110073,0.26854903,0.39779457,0.66054946,0.44370055
60.120075,0.2687489,0.39721054,0.6601266,0.44347954
60.130074,0.26889306,0.39717123,0.6601497,0.4439569
60.14007,0.26832932,0.39721212,0.659883,0.44335717
60.150074,0.26846278,0.3973656,0.6606922,0.4437987
60.160072,0.26892778,0.39850795,0.65963525,0.44403395
60.170074,0.2681943,0.39727387,0.6594478,0.44299057
60.180077,0.26868486,0.3976086,0.6597169,0.4433103
60.190075,0.26841184,0.39815724,0.66029507,0.44267362
60.200073,0.2687977,0.39729562,0.6596901,0.44330177
60.210075,0.2687138,0.39902067,0.66030854,0.4437466
60.220078,0.2684662,0.39775014,0.6598355,0.4430097
60.230076,0.26890537,0.39820486,0.6595855,0.44350883
60.240074,0.26845142,0.39672992,0.6597846,0.4427279
60.250076,0.2685908,0.39830223,0.6600996,0.4432139
60.260075,0.26872084,0.39834207,0.65942454,0.4430035
60.270077,0.2694168,0.39782158,0.6596457,0.44358835
60.280075,0.26862273,0.3974581,0.6598742,0.44333538
60.290073,0.26888064,0.39777762,0.6592398,0.44271
60.300076,0.26912346,0.3981113,0.6588502,0.44267538
60.310074,0.26927722,0.39815143,0.6586586,0.44304815
60.320076,0.26878288,0.39815313,0.6585273,0.4430036
60.330074,0.26878083,0.39786467,0.6586863,0.44234446
60.340076,0.26955488,0.3983805,0.65901446,0.44319445
60.350075,0.268326,0.39841312,0.65899116,0.44277692
60.360073,0.26920694,0.39868635,0.6589282,0.4425394
60.370075,0.26798216,0.39729574,0.6587215,0.4425462
60.380074,0.26899424,0.39808887,0.6590319,0.44286352
60.39007,0.26834854,0.3976195,0.6580529,0.44205877
60.400074,0.26951203,0.39798948,0.65921724,0.44314656
60.410076,0.26922637,0.39825073,0.6581654,0.4424701
60.420074,0.26912227,0.3972239,0.65807706,0.44258982
60.430073,0.26894674,0.39805624,0.65849924,0.4426841
60.440075,0.26842365,0.39820328,0.65738416,0.44252717
60.450073,0.26848334,0.39780697,0.6575934,0.442536
60.460075,0.26899448,0.3981905,0.6569964,0.44241363
60.470074,0.26896065,0.3979242,0.65687203,0.44212934
60.480076,0.26812246,0.39799005,0.6582853,0.44235998
60.49009,0.26930267,0.39771977,0.65653366,0.44307196
60.500072,0.26839602,0.3975924,0.6565368,0.44227755
60.510075,0.2694833,0.39865366,0.6576014,0.4427812
60.520073,0.26860738,0.3978151,0.6586499,0.4416095
60.530075,0.26862127,0.39853948,0.65778136,0.4421708
60.540073,0.26828116,0.39733493,0.65722764,0.4420772
60.55007,0.26891196,0.39772588,0.6573625,0.44210312
60.560074,0.26914543,0.3978381,0.6580821,0.4416292
60.570072,0.2693441,0.39787698,0.65688056,0.44213906
60.580082,0.2690785,0.39717814,0.6572682,0.44206634
60.5901,0.26774558,0.3984377,0.6571876,0.4427432
60.60008,0.2687753,0.39715242,0.65624255,0.44255275
60.610073,0.2690986,0.39902726,0.65786797,0.44252077
60.62007,0.2682985,0.39773232,0.6576603,0.4419976
60.630074,0.2686847,0.39786568,0.6566956,0.4423257
60.64007,0.2683612,0.39808342,0.65624404,0.441808
60.650078,0.26892966,0.39796895,0.6554564,0.4417635
60.660076,0.2704521,0.39825043,0.65615886,0.44163802
60.670074,0.2682113,0.3982478,0.6574117,0.4414631
60.680077,0.2694274,0.3983531,0.6564176,0.44183666
60.690075,0.26884586,0.39807317,0.65603274,0.44181103
60.700073,0.2693875,0.3988757,0.65593624,0.44175857
60.710075,0.26953393,0.3979956,0.65634596,0.44158292
60.720074,0.26926914,0.3980124,0.6571869,0.44147822
60.730076,0.26907283,0.39794356,0.6562534,0.44136915
60.740074,0.26868653,0.39794385,0.65621084,0.44152358
60.750072,0.26897603,0.39824912,0.65621376,0.4413348
60.760075,0.26873147,0.39655495,0.6559123,0.44213003
60.770077,0.2689181,0.39763188,0.65576726,0.441063
60.780075,0.26885465,0.3973689,0.65602964,0.44112697
60.790073,0.26876852,0.39835605,0.6558577,0.4414436
60.80007,0.2691981,0.39787403,0.65596074,0.4409006
60.810074,0.26902434,0.39802292,0.6560097,0.441993
60.820076,0.26759255,0.39826626,0.6555976,0.44069952
60.830074,0.26894233,0.39881685,0.6565199,0.44149116
60.840076,0.2686302,0.39788437,0.6553813,0.44098994
60.850075,0.26898727,0.39808846,0.65529954,0.44095278
60.860073,0.2691548,0.39771664,0.65556103,0.44035515
60.87007,0.26853848,0.39788505,0.65421176,0.4411173
60.880074,0.2691519,0.39729276,0.6564344,0.4413182
60.89007,0.26885793,0.39835477,0.6556995,0.44101778
60.900085,0.2687031,0.39790782,0.6532809,0.44152722
60.910076,0.26868573,0.39805523,0.65550977,0.44107774
60.920128,0.2690029,0.398059,0.65405375,0.44197094
60.930077,0.26870528,0.39771217,0.653823,0.44071534
60.940075,0.26896873,0.39858145,0.6556443,0.4410309
60.950077,0.2685153,0.39771974,0.65447384,0.44081897
60.96007,0.27003023,0.39830688,0.6548434,0.44141915
60.970074,0.26907718,0.3976233,0.6547367,0.4413642
60.98008,0.26916906,0.39844218,0.6548487,0.44096193
60.990074,0.2686963,0.39825496,0.6541805,0.43948168
61.00008,0.26891655,0.3977996,0.65432197,0.43965074
61.01008,0.2687524,0.39751637,0.65432805,0.44038376
61.020073,0.26909956,0.39831117,0.6545595,0.44059107
61.030075,0.26929423,0.39752588,0.6543521,0.44029498
61.040073,0.26850635,0.39806765,0.6531719,0.44014493
61.05007,0.26809043,0.39803797,0.6539163,0.4406252
61.060074,0.26913002,0.39946428,0.65387386,0.44014978
61.070076,0.26930714,0.39727077,0.65435785,0.4397067
61.080086,0.26849988,0.3984063,0.6535773,0.44004738
61.090076,0.2685196,0.3979675,0.65492725,0.44033095
61.100094,0.26896366,0.3979708,0.6547083,0.44028962
61.110073,0.26885432,0.39877054,0.6527301,0.44026142
61.120075,0.26947513,0.39811084,0.65467584,0.44017598
61.130074,0.26893017,0.3983266,0.65205127,0.43986195
61.140076,0.26829797,0.39761215,0.6548506,0.44010562
61.150074,0.26870096,0.39871255,0.6539529,0.44041127
61.160076,0.26911384,0.39758033,0.6533719,0.43943754
61.170074,0.26865917,0.39850307,0.6536191,0.43914783
61.180077,0.26862478,0.3979305,0.65306884,0.43985417
61.190075,0.26885185,0.3979028,0.6538734,0.43979952
61.2001,0.26879904,0.3962369,0.65298903,0.43974918
61.21008,0.26901886,0.39814356,0.6533344,0.43924588
61.220074,0.26893973,0.39756316,0.6529607,0.44035214
61.230076,0.26843986,0.39757383,0.652287,0.44024315
61.240074,0.2686936,0.39672953,0.65326524,0.44171044
61.250076,0.26897687,0.3970728,0.6521067,0.43868327
61.260075,0.26913834,0.3994933,0.6526631,0.43947425
61.270073,0.26909474,0.3979883,0.6530779,0.43908697
61.280075,0.26921996,0.39809164,0.6527465,0.4399489
61.290073,0.26903626,0.39824635,0.6530052,0.4390098
61.30007,0.2695706,0.39787325,0.65206045,0.43922144
61.310078,0.26891902,0.39808938,0.65272367,0.4389676
61.320076,0.26907325,0.39772332,0.65146905,0.43942532
61.330074,0.2688707,0.3981837,0.65213376,0.43969274
61.340073,0.2687379,0.39868402,0.6530084,0.43960342
61.350075,0.2689725,0.39794093,0.6506225,0.4388723
