elapsed_time_sec,ss1,ss2,ss3,ss4
2.556e-06,2.4923174,2.4979615,2.505615,2.4892168
0.011888159,2.4957902,2.5158021,2.4947176,2.5167058
0.02008972,2.4911423,2.5382679,2.503754,2.515768
0.030312436,2.5167913,2.5182438,2.506186,2.5335455
0.040085327,2.524329,2.514038,2.5122411,2.5259604
0.050588068,2.508718,2.532628,2.5351477,2.5364366
0.060093194,2.5307114,2.5327644,2.5432749,2.5472705
0.07008527,2.5099049,2.5394058,2.5364554,2.5645785
0.08007556,2.5153217,2.5439982,2.5654793,2.5660114
0.0900659,2.5227206,2.532062,2.5411386,2.5784914
0.10006437,2.532793,2.537606,2.574594,2.5866585
0.110062525,2.536621,2.5364854,2.5808854,2.58751
0.120062664,2.5208285,2.5639007,2.5935895,2.598479
0.13006209,2.5675764,2.5648267,2.5775225,2.616161
0.1400628,2.5502892,2.5529528,2.6015358,2.6068218
0.1500614,2.546438,2.5809827,2.6057577,2.6228886
0.16006127,2.5584319,2.5919728,2.5964959,2.6413083
0.17006324,2.5426643,2.586687,2.6161523,2.6367564
0.18006256,2.5710957,2.5783262,2.6014009,2.6237097
0.19006103,2.563017,2.5912929,2.6126425,2.6451929
0.20006235,2.5613701,2.5988705,2.627598,2.6504972
0.21008097,2.5765321,2.607097,2.6372669,2.6650574
0.22008324,2.5632157,2.595537,2.6286652,2.6733546
0.23008193,2.5834076,2.605168,2.6391795,2.676441
0.24008065,2.5612676,2.6139092,2.6712036,2.6875615
0.25006527,2.5724523,2.6097481,2.6573327,2.6807997
0.2600633,2.5726776,2.6344776,2.6712034,2.697709
0.27006355,2.612782,2.638819,2.6561084,2.711424
0.28006148,2.594896,2.6296449,2.6852543,2.6886833
0.290062,2.6014047,2.6427844,2.687365,2.7282653
0.30006287,2.596263,2.6297424,2.684106,2.7234302
0.31006184,2.6198788,2.6287937,2.6988516,2.7341409
0.32006112,2.5909498,2.6471303,2.6963756,2.7402723
0.3300623,2.6132524,2.6393948,2.7055037,2.7552912
0.3400613,2.5732415,2.6298816,2.7043293,2.7698
0.35019282,2.6069517,2.6441386,2.717346,2.7589731
0.36008748,2.6306193,2.6762462,2.7310123,2.7730706
0.37008116,2.6115718,2.6713269,2.710117,2.776829
0.38006833,2.618028,2.6688328,2.7288659,2.7886229
0.39007992,2.625512,2.6800828,2.737731,2.784221
0.40008757,2.6129816,2.665498,2.7530875,2.802586
0.4100794,2.62473,2.7005394,2.7631624,2.7970939
0.42006963,2.6565917,2.7019393,2.7408073,2.8051865
0.43008536,2.6420517,2.707681,2.7515833,2.806437
0.44008493,2.6287284,2.6920967,2.7539916,2.8216584
0.45007458,2.645217,2.7143292,2.7637138,2.8284943
0.46007884,2.6625736,2.7208557,2.7717335,2.8397968
0.47007698,2.642035,2.720999,2.7823021,2.8383777
0.48008886,2.6748788,2.7260914,2.7900763,2.8344278
0.49008223,2.6302924,2.7078872,2.7894042,2.849845
0.50007504,2.6554701,2.7239058,2.790882,2.853871
0.51008075,2.6641026,2.7256668,2.8133283,2.8398788
0.520064,2.6507006,2.7310936,2.7901,2.866596
0.5300823,2.6646895,2.7363284,2.8121018,2.848004
0.5400843,2.6646557,2.754329,2.824418,2.8712604
0.55007815,2.6738677,2.7292328,2.8190575,2.8938675
0.56007683,2.6829743,2.7489533,2.8040907,2.8877406
0.57006544,2.66634,2.7667277,2.8226538,2.896397
0.5800816,2.6682098,2.7480283,2.8365953,2.8870342
0.5900843,2.6904984,2.759834,2.849844,2.9061024
0.60007745,2.6754184,2.7826097,2.8402703,2.9231246
0.6100857,2.709949,2.7847643,2.841557,2.901955
0.6200641,2.666378,2.800454,2.854826,2.9234831
0.63007665,2.6930273,2.818013,2.8464427,2.9231834
0.6400837,2.6908085,2.7876344,2.862195,2.9219134
0.6500778,2.699384,2.7992883,2.877936,2.9137146
0.6600777,2.715897,2.7921686,2.860235,2.9240258
0.670063,2.7250636,2.771817,2.866008,2.9140735
0.6800909,2.722021,2.8013468,2.8557527,2.9650593
0.69008404,2.7101824,2.799335,2.8781772,2.9408498
0.70007235,2.7031887,2.802783,2.8895102,2.9541082
0.71008056,2.7330444,2.8129559,2.888667,2.9563498
0.72006404,2.7311673,2.809102,2.8947623,2.937189
0.73008245,2.7356343,2.8124502,2.910858,2.9493477
0.74007684,2.7308085,2.8138027,2.9112325,2.9516346
0.7500756,2.717061,2.8110628,2.9060016,2.9500225
0.76006746,2.721701,2.81864,2.8967524,2.9588132
0.77006394,2.7257292,2.8238916,2.90931,2.9567542
0.7800626,2.732195,2.8409734,2.8997376,2.968174
0.7900625,2.7246108,2.8364081,2.9246893,2.9577012
0.8000625,2.7440994,2.8263202,2.9385948,2.9754193
0.8100648,2.738935,2.8626273,2.9275641,2.9732397
0.8200623,2.753229,2.8567262,2.925769,2.9711132
0.8300631,2.7521894,2.8412673,2.939282,2.979003
0.840061,2.7738616,2.8514192,2.9282277,2.9867115
0.8500758,2.768542,2.8743362,2.933951,3.0029948
0.8600791,2.767904,2.8754137,2.9628425,2.9838026
0.870084,2.731468,2.8600945,2.9301605,2.9670796
0.88007945,2.7375505,2.876636,2.9466689,3.006433
0.8900684,2.777524,2.8551161,2.9459813,2.9906662
0.90006256,2.769478,2.8670626,2.9642441,2.9782102
0.9100621,2.7529335,2.8742998,2.9523053,3.0015419
0.9200602,2.7865834,2.879596,2.9677095,3.0034115
0.93006253,2.7675683,2.8866444,2.9497998,2.997585
0.94006205,2.7795246,2.9005396,2.9629543,2.9879663
0.95006317,2.786404,2.9046216,2.9423952,2.9927847
0.96006113,2.787571,2.8795002,2.9754527,3.0101743
0.9700618,2.7805784,2.8972294,2.9703114,3.011234
0.98008263,2.7715013,2.8960736,2.9564314,3.0102851
0.99022996,2.7851343,2.9052217,2.9728045,2.9918845
1.0000812,2.7861261,2.911632,2.9736192,2.9766445
1.0100904,2.806885,2.9010174,2.9779036,2.9918118
1.0201744,2.799299,2.9255579,2.9744704,2.997582
1.0300938,2.7860708,2.9164793,2.989539,3.0005116
1.0400877,2.8028648,2.9152884,2.9761624,2.9960124
1.0500793,2.819118,2.9084318,2.988335,2.9929662
1.0600677,2.800573,2.8941429,2.9765043,2.9968789
1.0700631,2.8157456,2.9187958,2.9899583,2.9979286
1.080062,2.8007088,2.9213183,2.9949799,3.0113754
1.090062,2.8186438,2.9371247,2.9826033,2.9842525
1.1006861,2.8002043,2.9215236,2.9866505,2.9979413
1.1101599,2.8086848,2.9199486,3.0023181,2.9845388
1.1200949,2.8268564,2.914916,2.9882863,2.9993162
1.1300881,2.826935,2.9246209,2.9949856,2.994955
1.1400774,2.8312178,2.9352992,2.9911451,2.9783232
1.1500676,2.8305173,2.9409559,2.994902,2.9990425
1.1600953,2.8430386,2.9375758,2.9980302,2.9805229
1.1700898,2.8310483,2.9520268,2.985695,2.9839773
1.1811672,2.8259122,2.9588923,2.9830863,2.9730163
1.1900896,2.8481698,2.955959,2.9825244,2.977883
1.2000792,2.8462505,2.9333723,2.9986856,2.9742715
1.2100841,2.8549116,2.9588313,2.9983037,2.9742787
1.2200739,2.8523433,2.9571428,3.0083776,2.978581
1.2300712,2.8492005,2.9613726,3.003058,2.972849
1.2400668,2.8486679,2.9560087,3.0026574,2.9682224
1.2500744,2.8535998,2.95885,2.9973726,2.9579184
1.2600735,2.854482,2.9580061,2.994816,2.9718208
1.2700806,2.8622103,2.9611604,3.0194845,2.9574044
1.2800767,2.8698275,2.9798691,2.984917,2.9542623
1.2900643,2.8732688,2.9775476,3.0072138,2.937906
1.3000623,2.8673475,2.9672866,3.0067518,2.9402874
1.3100622,2.8684924,2.969674,3.024209,2.9509492
1.3200607,2.8728294,2.9607213,3.0100794,2.9406278
1.3300617,2.8680563,2.9852757,3.0054355,2.9192681
1.340061,2.8767,2.9810824,3.005218,2.9164505
1.3500618,2.877275,2.983832,2.9946423,2.936928
1.3600627,2.872005,2.9819117,2.995001,2.9007854
1.3700615,2.8893433,2.9836733,3.0061116,2.9138985
1.3800619,2.8619478,2.9850056,3.0094433,2.9144392
1.3900619,2.9082701,2.9630582,2.9812675,2.8936396
1.4000616,2.8777494,2.9820008,2.991694,2.9146996
1.4100597,2.88573,2.9681926,2.9864783,2.8995693
1.4200616,2.8952832,2.9775949,3.0002334,2.8782697
1.4300624,2.9132087,2.9724126,2.9852724,2.8950987
1.4400616,2.8940392,3.003079,2.966514,2.8897214
1.4500618,2.887806,2.9986284,2.981335,2.884156
1.460061,2.8958383,2.9913723,2.985599,2.8854184
1.4700627,2.9079816,2.9815106,2.9818323,2.8652103
1.4800597,2.8912394,2.9869,2.975787,2.8521454
1.4900624,2.9070756,2.9727788,2.966438,2.852284
1.5000608,2.9172163,2.9955685,2.9652214,2.848432
1.510062,2.9148562,3.0018556,2.9632251,2.829479
1.5200616,2.9006352,3.00242,2.963737,2.8361921
1.5300645,2.903556,3.009071,2.9467366,2.8496785
1.5400652,2.9156294,2.9977345,2.9634879,2.8204193
1.5500615,2.8996067,3.0108416,2.9617608,2.8052456
1.5600619,2.9317546,3.0024176,2.9551234,2.8046758
1.5700617,2.9191148,2.9920177,2.9783273,2.8118382
1.5800614,2.9113321,2.986775,2.9670937,2.7960827
1.5900621,2.926297,3.004992,2.9556875,2.7845452
1.6000621,2.9226553,3.0026596,2.9615881,2.8043933
1.6100619,2.9089968,2.9991577,2.9319947,2.7920108
1.6200616,2.9126291,3.007609,2.9427814,2.7860715
1.630074,2.9363027,2.988307,2.9237828,2.7899578
1.6400677,2.9194012,3.0105267,2.9373467,2.7634823
1.6500628,2.9356823,3.002562,2.9352198,2.752597
1.660062,2.9329367,2.99843,2.9371943,2.7466755
1.6700613,2.938353,2.991156,2.9132705,2.7630122
1.6800612,2.9518495,2.9970078,2.93674,2.7458088
1.6900841,2.942704,2.9895258,2.9294407,2.7263854
1.7000856,2.9198813,2.9961393,2.9176733,2.7347229
1.7100822,2.952454,2.9969926,2.9127426,2.7229528
1.7200639,2.941687,3.004659,2.9279914,2.711308
1.7331554,2.9361172,2.9878988,2.9029834,2.6885607
1.7400863,2.9278646,3.0083208,2.9141114,2.6854374
1.7500792,2.9487145,3.0184696,2.904079,2.6988683
1.7600801,2.953582,3.0075474,2.8776245,2.691548
1.7701602,2.948042,2.997169,2.9035838,2.6746705
1.780081,2.9473448,3.0007787,2.8732147,2.6745865
1.7900828,2.943738,3.005168,2.8831089,2.6511793
1.8001477,2.9417815,2.9878337,2.8877108,2.656044
1.8100826,2.9350958,2.9767845,2.8731966,2.6523612
1.8200883,2.9656327,2.99589,2.8645117,2.6396418
1.8300937,2.9656289,2.993405,2.8805573,2.6155138
1.8400791,2.9734437,2.9981942,2.8750286,2.6323934
1.8500751,2.96359,2.9918437,2.8683543,2.6095152
1.8600843,2.9489472,2.9875386,2.8696027,2.611731
1.8701105,2.9551759,2.9722989,2.8658888,2.6013322
1.8800827,2.9469395,3.011499,2.8426948,2.6060476
1.8900894,2.9678295,2.9968982,2.8580449,2.5702782
1.900073,2.9604669,2.996665,2.8399422,2.56114
1.9100813,2.9785097,2.9893203,2.835807,2.5664666
1.9201044,2.973778,2.996573,2.826817,2.5575595
1.9300854,2.970629,2.996593,2.8359525,2.5568852
1.9400799,2.9900794,2.9900944,2.8277419,2.5508652
1.9500729,2.9647071,2.9822812,2.8249362,2.5393054
1.9600784,2.9627974,2.9909813,2.8275988,2.5248215
1.9700842,2.970684,2.9760547,2.7912436,2.5227685
1.9800828,2.9845257,2.9821,2.7937179,2.5039117
1.9900751,2.9632642,2.9755042,2.7911704,2.52213
2.0000765,2.963971,2.9752045,2.7938905,2.5149472
2.0100791,2.9711607,2.9812567,2.7824144,2.4936492
2.0201025,2.9645052,2.9713235,2.7870216,2.502296
2.0300846,2.967757,2.978131,2.795207,2.4608386
2.0400782,2.9706435,2.9712024,2.7803907,2.4505646
2.0500636,2.987303,2.9586742,2.748383,2.4825053
2.060082,2.9794755,2.9656196,2.7676258,2.433107
2.0701206,2.9498773,2.9631808,2.7682905,2.445851
2.0800812,2.988613,2.96733,2.7642243,2.4266737
2.0900853,2.9927971,2.9708204,2.7494369,2.4368322
2.1000783,2.9843464,2.9430382,2.7423394,2.4148474
2.1101353,2.9659674,2.95204,2.7482533,2.413294
2.1201494,2.9790812,2.9623728,2.709032,2.3974223
2.1300774,2.9919996,2.9436648,2.7119696,2.3989036
2.1400816,2.9857063,2.9611127,2.7068825,2.4118829
2.150082,2.9820755,2.9397042,2.7074535,2.3821516
2.1600866,2.9993987,2.9441874,2.7101345,2.382164
2.170137,2.987703,2.9468765,2.7154334,2.364211
2.180079,2.9876769,2.944879,2.6998181,2.3620703
2.1900814,2.978693,2.947539,2.705434,2.3442745
2.2000787,2.9967964,2.9430318,2.6937027,2.3446898
2.2100859,2.9947543,2.9355242,2.6760423,2.3297367
2.2201316,2.9919624,2.9291162,2.6886806,2.349579
2.230083,2.9837534,2.9203575,2.6767628,2.3282378
2.2407916,3.0089257,2.9137602,2.6557543,2.3118088
2.2500825,2.9958484,2.9220872,2.6521728,2.3122737
2.2600853,2.9843767,2.938101,2.6394858,2.284303
2.2706032,2.9713993,2.926424,2.6406364,2.2921848
2.280081,2.9895387,2.9049718,2.636676,2.287094
2.2912216,3.0039196,2.89654,2.6133413,2.272986
2.3000853,2.999529,2.933586,2.623301,2.2862525
2.3100803,2.9972527,2.9058182,2.6253822,2.2834828
2.3200939,2.987931,2.9074218,2.6273792,2.2540045
2.330075,3.0032392,2.9204197,2.6122239,2.2553432
2.3400946,2.9846153,2.9036994,2.610388,2.2568529
2.3500826,2.9903839,2.9052253,2.5918033,2.2384896
2.360079,3.0041206,2.8957846,2.5939949,2.2138968
2.370083,2.99989,2.8927279,2.584768,2.2307498
2.38007,3.008428,2.898589,2.576287,2.2257245
2.3901572,3.0046253,2.8992093,2.5748014,2.2123723
2.400083,2.990105,2.8775265,2.5521333,2.1987646
2.4100835,3.0032628,2.880758,2.5392792,2.1874173
2.4200666,2.96391,2.8803623,2.5451758,2.2014558
2.43009,3.004996,2.8836682,2.5623202,2.1920207
2.4400835,2.9920564,2.8788304,2.5324328,2.1831024
2.4500797,2.9938223,2.8737445,2.54157,2.1834438
2.4600685,3.0080986,2.8605297,2.528352,2.177961
2.4700649,2.9895098,2.8608248,2.520852,2.151184
2.480062,3.0039103,2.858148,2.503158,2.178142
2.4900627,3.0168219,2.8463976,2.5027869,2.1562686
2.5000618,2.9903018,2.8586261,2.4831867,2.1592097
2.5100615,3.0027683,2.833293,2.5036325,2.1291058
2.5200613,2.9950109,2.861079,2.4748287,2.137158
2.5300622,3.0062022,2.852849,2.4816916,2.1354759
2.5400627,2.9882433,2.8452287,2.4655766,2.1232545
2.5500624,2.9937456,2.8293097,2.4683158,2.1166003
2.5600612,2.99998,2.8352497,2.4639637,2.1200774
2.5700622,2.9896321,2.8426578,2.4523444,2.1154225
2.5800622,2.9969037,2.8249972,2.4641871,2.1169827
2.5900621,2.9849074,2.8259287,2.4370391,2.1025648
2.6000617,3.0054321,2.811758,2.4271872,2.0959647
2.6100626,2.9887245,2.7990737,2.423268,2.0793855
2.6200616,3.0096276,2.8228848,2.4333858,2.0705886
2.6300611,3.0072253,2.80311,2.4102864,2.0839624
2.6400619,3.0081983,2.8347452,2.4158576,2.081421
2.6500616,2.9857078,2.8023512,2.4105675,2.0691874
2.660062,3.0022335,2.8041031,2.3834245,2.067828
2.6700623,2.9918041,2.789133,2.3991396,2.0661957
2.680061,2.9872897,2.798439,2.3986697,2.0645862
2.6903744,2.9947743,2.7818828,2.3726652,2.0453653
2.7000842,3.0028126,2.7909343,2.3684523,2.0534053
2.7100835,2.989895,2.7772377,2.3734832,2.0508022
2.720066,2.9825792,2.769344,2.3701522,2.049255
2.7300818,2.9962761,2.7783759,2.3498507,2.0350735
2.7400846,2.9950192,2.7639644,2.3629477,2.038834
2.7500882,2.9948583,2.7822778,2.3290744,2.0342941
2.760084,2.985085,2.767235,2.3456829,2.0417473
2.7700653,2.998183,2.7446556,2.3469024,2.0245154
2.7800617,3.0015376,2.754458,2.329258,2.0266244
2.7900617,2.9979994,2.744645,2.3050878,2.0309782
2.8000615,3.004862,2.7352054,2.290733,2.0162468
2.8100622,2.990943,2.739139,2.3119714,2.02232
2.8200614,2.9941165,2.7446208,2.285462,2.0191984
2.8300607,2.989586,2.7147717,2.296031,2.009312
2.840062,2.978292,2.7362173,2.3141859,2.0204809
2.8500612,2.9853141,2.7310777,2.292867,2.0225909
2.8600626,2.9890609,2.7174146,2.290465,2.0052474
2.8700614,2.9932675,2.7178285,2.2671459,2.0127733
2.880074,2.9866884,2.7113914,2.2674594,1.9956446
2.8900633,2.9972706,2.7009323,2.2403135,2.0077689
2.9000607,2.9760008,2.7042673,2.2492552,2.0156837
2.910063,2.976498,2.6897078,2.2501533,2.003383
2.9200613,2.9920611,2.6979394,2.2426977,2.0019834
2.930062,2.9660854,2.7051477,2.241623,2.0060525
2.9400623,2.9963162,2.677521,2.2452848,1.9941067
2.950062,2.9723125,2.6893191,2.2222106,1.9978279
2.960062,2.9892895,2.6728454,2.2339835,1.9820676
2.9700637,2.9765656,2.6604795,2.2168114,1.9712756
2.9800642,2.977376,2.6793492,2.2190104,2.0132816
2.990062,2.9710562,2.6493702,2.2056835,1.9991335
3.0000622,2.9513268,2.6612,2.219277,1.9810925
3.0100627,2.9713953,2.6533754,2.2014012,2.0112195
3.0200615,2.968059,2.6466286,2.1894226,2.0006356
3.030062,2.9775054,2.628608,2.1801906,1.9990679
3.0400622,2.9594042,2.6239293,2.196321,1.9970161
3.0500617,2.9580421,2.636671,2.1780903,2.0074492
3.060062,2.9713693,2.649358,2.1872528,1.9959459
3.0700614,2.9830742,2.618543,2.1817093,2.0139263
3.0800614,2.973765,2.6357348,2.182897,2.010405
3.090061,2.9630888,2.601722,2.153854,2.0076847
3.1000614,2.951597,2.6113083,2.1551597,2.0063844
3.1101,2.963677,2.5969641,2.1720562,2.005249
3.120078,2.963103,2.5787618,2.1447709,2.0082548
3.1300807,2.960664,2.5971584,2.131242,2.0171952
3.1400793,2.965949,2.6003664,2.1290119,1.9969603
3.150081,2.9849443,2.5794826,2.1388059,2.0088167
3.1600802,2.9730575,2.5665023,2.1212094,2.0140913
3.1700802,2.9427686,2.578085,2.1218698,2.02712
3.1800795,2.9709373,2.595564,2.118496,2.026275
3.1900787,2.9375706,2.5830488,2.1348743,2.0360107
3.2000787,2.961269,2.5321584,2.12137,2.0175622
3.2101438,2.9558449,2.54415,2.1058552,2.022043
3.2201056,2.9580839,2.5434976,2.1045341,2.0329895
3.2301135,2.957336,2.546597,2.1006882,2.0287724
3.2401059,2.930015,2.5486865,2.0794022,2.030847
3.2501013,2.9571643,2.5353718,2.0645497,2.0433965
3.260115,2.9421122,2.538679,2.0928524,2.0461533
3.2701104,2.9495397,2.5348175,2.091641,2.0452266
3.2800941,2.9554484,2.5084803,2.1027503,2.05797
3.2900867,2.9105594,2.5314937,2.0789628,2.0458233
3.3000853,2.9388685,2.5031726,2.078059,2.0654318
3.3101819,2.9519863,2.5094256,2.0736358,2.0578597
3.3200727,2.9241889,2.5092201,2.071406,2.062651
3.3300707,2.9200513,2.4970253,2.0509899,2.0406425
3.340072,2.955675,2.4771583,2.0650847,2.0717678
3.3500702,2.9523015,2.4915094,2.0463865,2.0649037
3.3600717,2.931125,2.4763496,2.058626,2.068832
3.3700716,2.9310987,2.4822135,2.0430913,2.0926144
3.38007,2.9308667,2.4860637,2.043919,2.0761852
3.39007,2.9286757,2.4769704,2.0441995,2.0791304
3.400074,2.9131935,2.4574666,2.0418544,2.093885
3.4100738,2.926291,2.450776,2.0459547,2.1002936
3.420071,2.9068124,2.4680831,2.0412254,2.0946796
3.4300861,2.9185863,2.4450908,2.0308988,2.1171305
3.4400856,2.9293823,2.4580119,2.0427897,2.1039612
3.450083,2.9088354,2.4522774,2.0459518,2.1216507
3.4600837,2.9141798,2.442121,2.0460827,2.1202924
3.470097,2.9228072,2.4450445,2.031013,2.1209626
3.48009,2.9171252,2.427665,2.024171,2.124746
3.490087,2.9015198,2.4262142,2.0185976,2.1348896
3.5001073,2.8992374,2.4239132,2.0161388,2.1596515
3.5100868,2.9018042,2.4238055,2.0308404,2.1508684
3.520084,2.9411201,2.423215,2.0175998,2.1651452
3.5300868,2.888652,2.418754,2.0008402,2.1532056
3.5400856,2.901556,2.4113307,2.0275598,2.1667914
3.5500863,2.8773649,2.3999152,2.0185823,2.1488128
3.560085,2.8978264,2.3927689,2.0101764,2.1680346
3.5700824,2.890807,2.3728473,2.0215378,2.189955
3.5800858,2.8573365,2.3697565,2.009222,2.206893
3.5900855,2.8671088,2.3786778,2.0110204,2.1998646
3.6000848,2.869864,2.3805768,2.0254042,2.2067332
3.6100938,2.8918405,2.3697064,2.0038052,2.2270324
3.6201124,2.8855546,2.369652,2.0200918,2.2219849
3.6301084,2.8886065,2.3679986,2.0036218,2.2265854
3.6400995,2.866966,2.3640728,2.0012653,2.2533703
3.6500874,2.876206,2.3677466,1.9946946,2.2301629
3.6600866,2.8775892,2.3347986,1.9934176,2.2388654
3.6700876,2.8673391,2.3563173,1.9936811,2.2660685
3.680083,2.871078,2.3278463,2.006663,2.2670953
3.6901155,2.8577135,2.307262,1.9909278,2.2684414
3.7008603,2.8623583,2.3318536,1.9998026,2.2734573
3.7101355,2.8712966,2.3292162,2.014227,2.25806
3.720106,2.8584454,2.3191915,2.0018334,2.2862532
3.730093,2.84416,2.3278577,2.0093422,2.287148
3.7400994,2.8512616,2.308899,1.9905638,2.3059096
3.7500992,2.845096,2.312402,2.0026708,2.297983
3.7600937,2.8422656,2.3082674,2.0056255,2.32513
3.7701027,2.8644748,2.3007753,2.007109,2.3128247
3.7801108,2.8199844,2.2841206,1.9972972,2.3347373
3.7900834,2.8490229,2.2975514,1.9861358,2.3271227
3.8000765,2.8494675,2.2944775,2.0012548,2.3633687
3.8100727,2.8433175,2.2923794,1.983846,2.3441432
3.820072,2.8255992,2.2685606,2.0110846,2.3452916
3.8300726,2.8348615,2.2920647,2.010894,2.3707304
3.8400702,2.820894,2.2570024,2.0135508,2.3911364
3.8500724,2.8260205,2.2677028,2.000729,2.3634644
3.86007,2.8397694,2.2595513,1.9969759,2.4030454
3.8700724,2.8298628,2.2437532,2.011158,2.3974624
3.8800712,2.8150425,2.2617989,2.0123973,2.4166288
3.8900702,2.8068087,2.2666624,2.0113409,2.397011
3.900058,2.8023424,2.2307746,2.0049922,2.4099321
3.9100733,2.8098838,2.2510474,2.0185754,2.4176655
3.9200714,2.803693,2.2393732,2.012216,2.4517474
3.9300697,2.792217,2.2158036,2.0006156,2.435625
3.940086,2.8159611,2.2286282,2.008331,2.4314342
3.9500873,2.7877262,2.2219818,2.0051744,2.4570208
3.9600847,2.8016417,2.2114933,2.0309832,2.453625
3.9700875,2.795683,2.2271702,2.0231495,2.4781086
3.9800816,2.8008754,2.2196922,2.0289657,2.484388
3.9900842,2.8011272,2.198249,2.0296156,2.4901786
4.0000906,2.7819164,2.217393,2.0177212,2.4997988
4.0100927,2.796367,2.209209,2.0438159,2.5079598
4.0200853,2.799003,2.2045124,2.0367014,2.5131786
4.0301094,2.792014,2.1970892,2.0357895,2.5082467
4.040086,2.7634032,2.2037992,2.0367525,2.513149
4.0500817,2.7816994,2.184622,2.0425181,2.5404778
4.0600867,2.7722201,2.1772146,2.0585754,2.5618606
4.0700855,2.777953,2.191461,2.0480032,2.547502
4.080085,2.7874804,2.162931,2.0310645,2.541327
4.090085,2.7568202,2.1738708,2.0418022,2.5659184
4.100087,2.7599225,2.1847026,2.0344594,2.5856783
4.1100907,2.7814002,2.1561563,2.0351348,2.5840693
4.1200805,2.7454338,2.1458457,2.0462158,2.5971699
4.1300864,2.7555628,2.153876,2.0710936,2.631353
4.1401076,2.760332,2.140662,2.0598242,2.6057677
4.1500845,2.7661114,2.1482575,2.075533,2.6007972
4.1600857,2.7598445,2.143319,2.061861,2.6268024
4.170081,2.7466583,2.1410189,2.0430193,2.6297796
4.1800857,2.741287,2.1410115,2.07154,2.636651
4.1900854,2.7336497,2.160931,2.0920703,2.6483433
4.2001133,2.7421536,2.1489618,2.0799563,2.6665742
4.2100997,2.7211268,2.129131,2.0835755,2.6673431
4.2200904,2.7461314,2.135538,2.0722413,2.676498
4.230111,2.722841,2.1400218,2.087721,2.7003567
4.2401867,2.7095926,2.1275802,2.0938437,2.6871655
4.2500997,2.7267995,2.114232,2.0940135,2.7048745
4.2601047,2.7012699,2.111105,2.098833,2.6881135
4.270096,2.7176337,2.1054544,2.098576,2.6967597
4.280078,2.7104218,2.1124477,2.0982535,2.7079027
4.2900796,2.731585,2.1136632,2.118457,2.7379286
4.3000536,2.7056167,2.1084094,2.1168985,2.7172306
4.310084,2.719517,2.1107879,2.1295578,2.7259355
4.3200736,2.7084851,2.1009133,2.1272082,2.7542202
4.3300767,2.7184474,2.1111093,2.134337,2.7628014
4.3400745,2.7024999,2.0981612,2.1301985,2.7482288
4.3501,2.7091043,2.0759828,2.1357067,2.744475
4.360077,2.6991117,2.0970623,2.1397054,2.7809403
4.3700757,2.6765661,2.0912933,2.1426477,2.7768207
4.380077,2.6896281,2.076388,2.1635814,2.7846403
4.390076,2.6970546,2.07565,2.1788824,2.782182
4.4000535,2.6904812,2.0860975,2.1474268,2.7827353
4.410079,2.6934698,2.0658092,2.1679242,2.805988
4.4200773,2.6774182,2.0685918,2.1543558,2.8138053
4.430077,2.6803472,2.0783947,2.1831372,2.8187697
4.440078,2.6797266,2.0777214,2.1830225,2.8087354
4.450077,2.6874113,2.0853617,2.1720395,2.8194423
4.4600825,2.6788807,2.049428,2.19496,2.8394134
4.4700875,2.650815,2.0651357,2.198003,2.8400605
4.480086,2.672875,2.0529706,2.182206,2.843514
4.490086,2.675076,2.0705168,2.200368,2.8466492
4.500088,2.6533325,2.0521924,2.1967335,2.850983
4.5100865,2.6432638,2.0695655,2.2206802,2.871582
4.520085,2.642739,2.053009,2.2223966,2.8746197
4.530083,2.649827,2.0499756,2.2212462,2.8774648
4.5400867,2.6480374,2.0459702,2.2491515,2.8596687
4.550078,2.639978,2.0413494,2.2372024,2.8703454
4.560085,2.6422,2.0476172,2.2294745,2.86848
4.5700846,2.6371465,2.0398116,2.2467635,2.881811
4.580082,2.6351066,2.033792,2.25441,2.8885055
4.5900846,2.632238,2.0480247,2.2560904,2.9042768
4.6000867,2.6446972,2.0280135,2.251335,2.907268
4.6100893,2.6450717,2.0377386,2.2650611,2.896202
4.6200824,2.6167324,2.040495,2.2599785,2.9266045
4.630085,2.6134233,2.0186229,2.2700148,2.9068387
4.6400867,2.6158516,2.028169,2.2823865,2.926722
4.650082,2.6171048,2.025076,2.2907383,2.9288888
4.6600933,2.5937858,2.0221665,2.2839377,2.936106
4.6700864,2.59354,2.0311677,2.305613,2.9385579
4.6800838,2.595074,2.0244741,2.3083117,2.9321363
4.6900992,2.6171186,2.029162,2.3105137,2.9274542
4.7001214,2.6002252,2.0189283,2.3134089,2.9322083
4.713259,2.5968323,2.015041,2.342029,2.9428864
4.720103,2.6083984,2.029609,2.3167002,2.9501514
4.730098,2.5785177,2.0095234,2.3319442,2.9561648
4.740131,2.5780072,2.004714,2.3240495,2.9532714
4.7501116,2.5808704,2.0184045,2.3495402,2.9645252
4.7601013,2.575221,2.024627,2.3620598,2.9393704
4.7700977,2.5756614,2.020932,2.3543344,2.9622543
4.780095,2.548032,2.0090914,2.350122,2.9691021
4.7900953,2.5685875,2.0143936,2.3736258,2.981484
4.8000774,2.5651424,2.0054586,2.3779395,2.970684
4.8100724,2.546752,2.0126603,2.357131,2.9743524
4.8200707,2.5814526,2.0163062,2.3758569,2.9681885
4.8300695,2.5720835,2.0151985,2.3819695,2.9907064
4.840067,2.5428374,2.0317404,2.3880944,2.9746034
4.850071,2.5449142,2.0201945,2.40352,3.0109525
4.860072,2.5328844,2.0189333,2.4277592,2.9715128
4.870081,2.5398598,2.0120695,2.439492,2.991278
4.880081,2.557613,1.9850341,2.4288974,2.9986138
4.8900776,2.5301611,2.006289,2.4429054,2.9997401
4.9000816,2.5370467,1.9958221,2.428852,2.9891887
4.9100842,2.5267594,1.9924567,2.4568172,2.9927099
4.9200807,2.5261652,1.9918977,2.4560728,2.9751139
4.930081,2.5133018,1.9880583,2.4721408,3.0008116
4.9400783,2.508613,1.9890845,2.469856,2.9895592
4.950081,2.5225117,1.9979646,2.4656143,3.0022154
4.9600806,2.5227537,1.9958025,2.4774754,2.97257
4.9700794,2.5115585,2.0019822,2.4788995,3.001706
4.9800863,2.491954,1.9925319,2.4807756,2.999949
4.990086,2.5376878,1.998932,2.4797795,2.9907446
5.000083,2.4976342,2.0033884,2.5076594,2.9878318
5.0100822,2.5009232,2.0046322,2.4939885,2.9926178
5.020084,2.4969733,1.9986694,2.5097933,3.0044146
5.0300827,2.5023808,2.0024843,2.5102818,2.9981604
5.040086,2.4977536,1.979838,2.5337234,3.0081928
5.050086,2.4724464,2.0003521,2.5247602,2.9964142
5.0600815,2.4802368,2.006121,2.5433567,2.9943728
5.070108,2.4806428,1.9908055,2.5260386,3.0035856
5.0800858,2.4797485,2.0023496,2.5643253,2.9998138
5.090084,2.470509,2.007127,2.5499725,2.997576
5.1000843,2.4755044,1.995213,2.5520103,3.0072453
5.110085,2.4725633,1.999182,2.5704563,2.9882874
5.120084,2.4550807,2.011185,2.5831194,2.9982843
5.1300807,2.4740815,1.9968925,2.5740786,2.9939516
5.140085,2.4764383,1.9962401,2.5791814,2.9813647
5.150086,2.451997,1.9938828,2.6021962,2.9846046
5.160084,2.4254286,2.0167484,2.6119304,2.9807544
5.170083,2.443976,1.9801359,2.6059659,2.9867947
5.1800814,2.429936,1.9725708,2.612097,2.97511
5.1900854,2.424028,2.0074823,2.6246922,2.9794421
5.2000837,2.4305506,2.024772,2.6156461,2.9832203
5.2100854,2.4357045,1.9988532,2.6583116,2.9719687
5.220098,2.433078,2.0178125,2.626161,2.9748104
5.230114,2.4287784,2.020573,2.6512823,2.9616587
5.24011,2.4155338,2.013914,2.6537778,2.9662676
5.2500963,2.425044,2.009434,2.649047,2.960884
5.2601166,2.401351,1.9964502,2.6670694,2.960518
5.2701035,2.4221885,2.0325468,2.668001,2.9574118
5.28009,2.409368,2.0144033,2.6757464,2.9518762
5.290075,2.4186032,2.0189652,2.6705894,2.9418025
5.3000712,2.4087863,2.020993,2.6813707,2.9445646
5.310072,2.4091802,2.0180333,2.676451,2.93741
5.3200674,2.4114928,2.0312765,2.7029347,2.9254289
5.3300714,2.3929589,2.0169594,2.679262,2.9323199
5.3400717,2.3859215,2.0476964,2.708844,2.9347203
5.3500695,2.391844,2.0279286,2.705691,2.9389956
5.3600717,2.3951283,2.0386727,2.7243533,2.9339352
5.370071,2.3974297,2.0525477,2.7044294,2.910545
5.3800826,2.3888633,2.0252545,2.7275329,2.9000542
5.390088,2.3719978,2.0302494,2.7295384,2.9190087
5.4000845,2.389301,2.0208836,2.7430415,2.9000244
5.4100866,2.367527,2.0136263,2.7473216,2.9064336
5.4200797,2.3728225,2.0419981,2.7471454,2.894424
5.4300866,2.3785484,2.0548675,2.7457714,2.888564
5.440087,2.3807716,2.0362792,2.7661257,2.8800042
5.4500856,2.36458,2.0593824,2.759591,2.8695729
5.460086,2.3697443,2.0463188,2.7827673,2.8719528
5.4700828,2.3467262,2.0421486,2.8070652,2.8721292
5.4801097,2.3587625,2.0510733,2.789931,2.861463
5.490083,2.3445,2.0449717,2.806376,2.8682976
5.5000825,2.3288224,2.056828,2.796109,2.848291
5.5100846,2.3401406,2.0456111,2.8064137,2.8363624
5.520084,2.347179,2.038906,2.8032942,2.8472848
5.5300865,2.338601,2.0376806,2.7951977,2.8572152
5.5400834,2.3240445,2.0512166,2.8151872,2.8272223
5.550086,2.3157525,2.0613866,2.8109777,2.8271534
5.5600863,2.3317983,2.0883896,2.8334978,2.8185687
5.570085,2.3299458,2.0710635,2.825418,2.8068292
5.5800858,2.3243492,2.0750754,2.8397765,2.8233354
5.590082,2.3341947,2.0715976,2.8339756,2.7959301
5.6000843,2.3163779,2.0695126,2.8377244,2.79971
5.6100855,2.3143885,2.0811791,2.844578,2.784699
5.620083,2.2985268,2.0931666,2.8683472,2.7881153
5.6300874,2.2840438,2.0947554,2.863252,2.7885394
5.6400847,2.3192523,2.0802298,2.8530474,2.7713819
5.650086,2.3113496,2.097691,2.863106,2.7737648
5.660086,2.297361,2.1096966,2.8674355,2.7489636
5.670085,2.2879543,2.111532,2.8769217,2.7486413
5.6801195,2.2827358,2.1008415,2.8898935,2.7362099
5.6901345,2.2785635,2.0795403,2.8975537,2.7410064
5.700107,2.2817643,2.1078568,2.8823984,2.7351303
5.7101073,2.2957432,2.1129851,2.8886003,2.7150784
5.7206116,2.2661078,2.1084454,2.8886285,2.7014928
5.730105,2.2890985,2.108936,2.8852196,2.6868505
5.7401466,2.282814,2.1185942,2.9034336,2.6955419
5.750324,2.268187,2.1267252,2.9055257,2.6966896
5.7608447,2.259464,2.1312778,2.9084687,2.679657
5.770186,2.2700849,2.13718,2.9176762,2.6755793
5.780098,2.2611246,2.129803,2.9264085,2.6727672
5.7901163,2.242729,2.134383,2.9169123,2.6732802
5.8000917,2.2395973,2.1353662,2.909853,2.6490567
5.8100796,2.2827458,2.133808,2.9457335,2.6387265
5.820071,2.2683485,2.1264348,2.9216938,2.641326
5.8300705,2.2500672,2.1609995,2.9309924,2.6357198
5.84009,2.2659655,2.1445599,2.9441974,2.6201723
5.8500896,2.2743607,2.1590838,2.9359674,2.630952
5.8605633,2.231276,2.157143,2.9255683,2.5884101
5.8700843,2.2359662,2.1625447,2.9447505,2.58065
5.880091,2.2147741,2.1599352,2.9394243,2.6084542
5.890085,2.2294722,2.1641057,2.945979,2.5922616
5.9000883,2.232278,2.1711018,2.957356,2.5935466
5.9100776,2.2252543,2.1868262,2.9578204,2.5739255
5.9200687,2.2218223,2.1826177,2.9444263,2.578666
5.9300623,2.2362833,2.182206,2.9599097,2.5472224
5.940086,2.24548,2.1832402,2.9619966,2.559146
5.9500833,2.2236729,2.1746492,2.947248,2.541958
5.960077,2.224301,2.2061057,2.9772224,2.5168507
5.9700704,2.213373,2.1988158,2.9802148,2.5205994
5.980065,2.2126524,2.1945267,2.972431,2.5079818
5.9900613,2.2168744,2.1961997,2.984447,2.5188477
6.0000663,2.205346,2.2052324,2.9825485,2.5108418
6.0100627,2.1914077,2.21392,2.9689114,2.4918914
6.020063,2.193679,2.2247272,2.980171,2.4651122
6.030062,2.185132,2.2151194,2.9786017,2.4568775
6.0400624,2.1998136,2.2114825,2.9893293,2.4658387
6.050062,2.1943583,2.2290778,2.986916,2.467535
6.060061,2.1988177,2.2373555,2.9762523,2.4460628
6.0700617,2.1910489,2.2250686,2.978231,2.45368
6.080062,2.1856813,2.2308087,2.9898562,2.4355557
6.0900617,2.1890779,2.2576704,3.0126731,2.4243152
6.1000614,2.1842825,2.24332,3.0153394,2.407429
6.1100626,2.1960437,2.2456024,3.0008562,2.4106014
6.120062,2.15968,2.2542033,2.9892664,2.4129694
6.13006,2.1953602,2.2614198,2.9836833,2.3961422
6.1400623,2.17871,2.2617247,3.0085425,2.3919344
6.1500616,2.1760275,2.2693734,3.000824,2.391891
6.160062,2.1589773,2.26885,2.9860911,2.3702326
6.170062,2.1743445,2.281917,3.0029304,2.370012
6.1800604,2.153875,2.2955072,3.0109556,2.362105
6.190062,2.162657,2.3055224,3.0044487,2.3521895
6.2000637,2.1571882,2.2860355,2.9982166,2.3342555
6.210064,2.1675985,2.2919464,2.9925303,2.3345132
6.220082,2.153569,2.30184,2.9852116,2.3359735
6.230082,2.1567004,2.2869987,3.0049796,2.3245306
6.2400846,2.1500366,2.2995303,2.9987245,2.3161852
6.250078,2.1269836,2.2986188,2.9857728,2.3010004
6.2600646,2.1240215,2.3041935,2.9965296,2.2883618
6.270062,2.1292617,2.3188317,2.9993517,2.2922745
6.280062,2.1398125,2.3165755,3.002762,2.2814338
6.2900615,2.1526814,2.328663,2.9972498,2.2642858
6.3000617,2.1439557,2.3373692,2.999825,2.266926
6.310061,2.1385982,2.3200095,3.0057259,2.2645092
6.3200617,2.1337364,2.3266463,3.0071037,2.2536197
6.3300624,2.1285071,2.3505385,3.0053494,2.24688
6.340062,2.1265655,2.3401031,2.99238,2.242932
6.350062,2.1289246,2.3528373,2.9881349,2.2341506
6.360062,2.1275096,2.3637893,2.9866822,2.2342584
6.370061,2.1229355,2.3701024,3.0061462,2.2150557
6.380062,2.137863,2.36924,3.007368,2.2196088
6.390062,2.1191614,2.3741407,2.9787965,2.2151923
6.400061,2.1274002,2.3813546,2.9849362,2.2199733
6.4100623,2.1039786,2.3782208,3.0000548,2.2172492
6.420061,2.1132984,2.3655636,2.99581,2.2018173
6.4300613,2.1093545,2.3728487,2.9836802,2.1893077
6.440062,2.0993705,2.4035692,2.9863844,2.1916242
6.4500623,2.11548,2.4140668,2.9888172,2.1726754
6.460062,2.112676,2.4060378,3.0031176,2.1436462
6.470067,2.0874586,2.4177823,2.9811711,2.1530976
6.4800625,2.0935996,2.422271,2.96927,2.1462998
6.4900613,2.1004717,2.3981264,2.9898033,2.1522396
6.5000615,2.083719,2.431117,2.9697,2.1546168
6.5100627,2.0713668,2.4240582,2.9701235,2.1542346
6.5200615,2.0884488,2.4236882,2.968434,2.138597
6.530062,2.095164,2.4435997,2.9668615,2.143062
6.5400615,2.1024551,2.4448876,2.9580624,2.1172957
6.550062,2.0857587,2.4362738,2.953492,2.1091235
6.560062,2.0772467,2.4541016,2.9743624,2.1267998
6.5700626,2.0940006,2.458625,2.971057,2.1112943
6.5800624,2.07623,2.4790611,2.9488368,2.110162
6.5900617,2.0697787,2.4624977,2.9661252,2.101287
6.6000614,2.0776029,2.4645443,2.9364882,2.0879009
6.6100607,2.072829,2.4659681,2.9502518,2.0936098
6.620062,2.0940187,2.4737484,2.9618201,2.0861385
6.630062,2.0738804,2.4817872,2.944748,2.0949926
6.640062,2.0812886,2.5029528,2.9425082,2.0864189
6.650061,2.0658176,2.4846222,2.9448965,2.0706172
6.660061,2.0661871,2.4880002,2.9304075,2.0818298
6.670061,2.0849648,2.4987128,2.9263272,2.0618913
6.680062,2.0618985,2.5163558,2.9140177,2.0530236
6.690301,2.0658324,2.5245564,2.9407456,2.0541155
6.7000885,2.0555975,2.5251343,2.9331484,2.0611768
6.71008,2.0550826,2.5246024,2.9222066,2.0361395
6.72007,2.0409708,2.5183723,2.9104323,2.056525
6.730065,2.0461962,2.5170245,2.901453,2.0463111
6.740093,2.055664,2.5487335,2.8969014,2.0301685
6.7501416,2.056253,2.5416558,2.9002724,2.0443473
6.760078,2.0578232,2.5491374,2.893965,2.0330682
6.7700677,2.0499227,2.534434,2.888865,2.0383034
6.7800627,2.0521,2.5419111,2.905313,2.0217104
6.790062,2.0350962,2.5593514,2.886612,2.0323536
6.8000617,2.0320177,2.5677617,2.9003859,2.0134397
6.8100624,2.0600235,2.5843217,2.8791726,2.0396535
6.820062,2.0471492,2.5673082,2.878476,2.0120256
6.830061,2.0385087,2.5693038,2.8798354,2.0063927
6.840062,2.0478632,2.595975,2.8554082,2.019956
6.850063,2.053461,2.5835714,2.8760188,2.021935
6.860064,2.054953,2.6006992,2.8767824,1.9962176
6.87007,2.0646172,2.592129,2.8563018,2.0124745
6.880062,2.0403478,2.5856757,2.8420873,2.008961
6.8900623,2.0300226,2.6101224,2.8364906,2.0049047
6.900062,2.0252886,2.603892,2.8240466,2.003001
6.9100623,2.0294776,2.625482,2.8381293,2.011152
6.9200616,2.0212362,2.6085262,2.821169,2.0029829
6.930062,2.0492156,2.6325157,2.814886,1.9902095
6.940062,2.0300884,2.6233556,2.81344,2.0044386
6.950061,2.0174084,2.6278517,2.815926,1.9925685
6.960062,2.0123918,2.644962,2.8082302,1.9934745
6.9700646,2.0302203,2.6381137,2.8093443,1.9958221
6.9800634,2.0118515,2.6635695,2.7863781,1.9934473
6.9900627,2.0363405,2.6407728,2.7866719,1.9950082
7.0000625,2.0270023,2.6381109,2.7907856,1.992383
7.0100627,2.03505,2.6636393,2.76929,2.006045
7.020061,2.0240693,2.6745548,2.778638,2.004358
7.030062,2.021047,2.6573658,2.7903354,2.0049596
7.0400615,2.0186968,2.669025,2.7836921,1.9988004
7.0500617,2.023696,2.6807573,2.7768962,1.9946852
7.0600615,2.049007,2.6745749,2.7574687,1.985394
7.0700607,2.0144267,2.6779752,2.7559175,2.0069106
7.0800605,2.0197313,2.6968963,2.761903,1.9712565
7.0900617,2.0104992,2.6880205,2.7451382,2.0084996
7.100062,2.0120902,2.6877728,2.7242248,2.0065773
7.110062,2.0255015,2.6943524,2.7590196,2.0072641
7.120061,2.0035594,2.7042873,2.7364578,2.0076275
7.1300616,2.0193439,2.7277937,2.7202547,2.0111609
7.140062,2.005679,2.7169006,2.6989372,2.0145001
7.150063,2.0145981,2.7177248,2.7163477,2.0188987
7.1600623,2.006642,2.7240405,2.693785,2.010528
7.1700616,2.0085661,2.7088227,2.6976054,2.0213563
7.180062,2.017196,2.7240002,2.6757193,2.029373
7.19006,2.008554,2.7315073,2.696232,2.02362
7.2000613,2.0101469,2.731676,2.6967378,2.0227349
7.2100616,2.0058281,2.7485132,2.6737633,2.019236
7.220082,2.017478,2.7477207,2.6727245,2.0249627
7.23008,2.004556,2.7639139,2.6678927,2.016941
7.240085,2.0026827,2.7504988,2.649166,2.024306
7.2500763,2.0048294,2.7645564,2.640075,2.0317945
7.2600656,1.9962827,2.7692044,2.6581118,2.0375512
7.270063,2.002664,2.7610562,2.6256742,2.054053
7.2800617,2.000093,2.7621303,2.640628,2.0591152
7.290062,2.0083988,2.7761054,2.6361976,2.0584488
7.3000636,2.0075426,2.772816,2.607742,2.052912
7.3100667,2.0039608,2.778228,2.6339705,2.0478826
7.3200636,1.9922712,2.7957048,2.6159031,2.0604668
7.3300624,2.012969,2.8119264,2.6091733,2.0727513
7.340063,1.9973012,2.793985,2.6228426,2.0575795
7.350062,1.9965122,2.7925344,2.5904887,2.0815783
7.360061,2.0041988,2.8105354,2.607742,2.0877714
7.370062,2.0093327,2.8030057,2.5877852,2.1021664
7.380062,2.011548,2.8196325,2.5736609,2.1042018
7.3900614,2.0010328,2.821103,2.5603678,2.082951
7.400064,1.9941154,2.813897,2.5518696,2.1028807
7.4100657,1.9952523,2.804333,2.5709822,2.1106296
7.420062,1.9887258,2.8084512,2.559293,2.0983324
7.430061,1.992908,2.811314,2.5230927,2.1147978
7.4400625,2.001753,2.8384762,2.549441,2.1207447
7.450062,2.008993,2.8458812,2.535511,2.1165175
7.4600606,2.0149825,2.8342052,2.5290668,2.1185215
7.470063,2.0008626,2.8377268,2.5383646,2.118121
7.480062,2.016055,2.8380454,2.5195494,2.131877
7.4900618,2.0022125,2.8698635,2.5003374,2.1298656
7.500062,2.0127282,2.8719273,2.5078735,2.1655593
7.510063,1.9930999,2.8645031,2.4897077,2.143041
7.520062,1.9971145,2.8633785,2.5001435,2.1672933
7.5300617,1.9997512,2.8860495,2.495088,2.1847057
7.540062,2.0086484,2.8674736,2.476912,2.1740053
7.550061,1.9947752,2.869919,2.4670558,2.1735733
7.5600605,1.9960579,2.876715,2.4677207,2.1911674
7.570062,1.9955055,2.8571382,2.4632962,2.2040908
7.5800624,1.999645,2.8893716,2.442925,2.1770651
7.5900607,2.0104153,2.8742666,2.4444675,2.1939158
7.600063,2.006991,2.884589,2.4393337,2.1975734
7.6100636,2.0021994,2.8899066,2.4186358,2.2150035
7.6200614,2.0122018,2.889052,2.434849,2.2139518
7.6300707,1.9889914,2.8792803,2.4191773,2.230612
7.6400666,2.001726,2.8950446,2.406711,2.2335927
7.650063,1.9999309,2.8996875,2.4106898,2.250916
7.6600623,2.0181205,2.9015443,2.3911898,2.2273304
7.670061,1.9793946,2.911217,2.4029891,2.226593
7.680061,2.0135846,2.9134393,2.4057567,2.265233
7.690246,1.996813,2.9157407,2.3792107,2.2688253
7.7000856,1.9911327,2.9024932,2.3898604,2.2811024
7.710087,1.9946554,2.915807,2.3740442,2.2620797
7.72007,2.008014,2.919517,2.3478513,2.2808714
7.7300963,1.9858613,2.9381208,2.3605633,2.2899292
7.740098,2.006689,2.922888,2.3586006,2.3045247
7.7500834,2.000216,2.9466784,2.3474514,2.3215137
7.760075,2.0078366,2.9349568,2.3427994,2.3161418
7.7700686,2.0186198,2.951602,2.3287628,2.3398032
7.780062,2.001695,2.9311213,2.326182,2.322425
7.7900615,1.9925606,2.9322917,2.3471658,2.342284
7.800061,1.9989909,2.9323583,2.3207057,2.3488069
7.8100634,2.006059,2.9313385,2.302539,2.3601317
7.820062,2.0046291,2.9672153,2.3027914,2.3755312
7.830063,2.0289297,2.9543805,2.3060107,2.3804834
7.840061,2.0130222,2.94943,2.302765,2.387731
7.8500624,2.013846,2.9450972,2.2627077,2.3942823
7.860061,2.0177176,2.9583173,2.2811785,2.3856387
7.870062,2.0090172,2.9544208,2.2676637,2.4136934
7.8800616,2.013506,2.9656124,2.285409,2.4130204
7.890062,2.0375822,2.9646838,2.2594953,2.427703
7.9000616,2.0249746,2.9495265,2.254268,2.4087472
7.910061,2.0071383,2.9435375,2.2552285,2.4437299
7.920061,2.0441976,2.9597902,2.251382,2.436729
7.9300623,2.0201514,2.9663422,2.239805,2.4476292
7.9400616,2.010429,2.9609225,2.2368815,2.4538512
7.950062,2.0298717,2.9683046,2.2223153,2.4400485
7.960061,2.0248733,2.971294,2.218795,2.4509473
7.9700904,2.016163,2.958834,2.2002957,2.4793396
7.980064,2.016159,2.9778712,2.2030861,2.4913988
7.990062,2.0135415,2.9486554,2.201874,2.497456
8.000064,2.0120041,2.9788089,2.1990736,2.5095656
8.010062,2.0098202,2.967486,2.1952534,2.517174
8.0200615,2.0324934,2.9754877,2.18798,2.516532
8.030061,2.0380247,2.9792967,2.2045538,2.5293295
8.040062,2.029889,2.982175,2.1772692,2.545294
8.050062,2.026088,2.9764068,2.176893,2.5437932
8.060061,2.0377314,2.9816983,2.1883862,2.5466535
8.070062,2.0365207,2.9928167,2.1864727,2.550826
8.080061,2.033977,2.9811137,2.1656897,2.5485094
8.090062,2.0550187,2.9806368,2.1662674,2.5731568
8.100063,2.036304,3.0011504,2.1543903,2.5656385
8.110065,2.0506814,2.9981434,2.1722636,2.5826898
8.120064,2.0356607,2.9917176,2.1634796,2.5965326
8.130063,2.0237958,3.0020928,2.1178653,2.6037912
8.140061,2.0485144,2.977192,2.1415288,2.5994952
8.150061,2.0309386,2.992372,2.1400218,2.626891
8.160061,2.0250828,3.0007718,2.1436868,2.6150234
8.170062,2.0357208,2.995031,2.1249282,2.6330419
8.180061,2.0427022,2.9891946,2.1243134,2.6447961
8.190062,2.0581207,2.9915695,2.1153462,2.640388
8.200065,2.054517,2.9853947,2.1165977,2.6401806
8.210065,2.0478485,2.9867175,2.1088915,2.6774883
8.220554,2.0514367,3.0025432,2.103457,2.6646142
8.230084,2.055101,3.008607,2.1113975,2.6816533
8.240085,2.0446117,2.9958074,2.1008406,2.6966355
8.250072,2.0524354,3.0104475,2.0953805,2.6967025
8.260076,2.0629547,3.0007515,2.0834985,2.696128
8.270064,2.053818,3.0021088,2.087407,2.7025552
8.280062,2.05283,3.0006993,2.0848951,2.712876
8.290062,2.0600014,3.012667,2.0661347,2.7248209
8.300062,2.0655262,3.006706,2.0699449,2.725789
8.310062,2.0640574,3.0063148,2.0703857,2.754716
8.320062,2.0691645,2.9922614,2.07634,2.729319
8.330063,2.0796556,2.980456,2.0683434,2.7524872
8.340062,2.0833967,3.0062127,2.0681913,2.771187
8.350062,2.0730941,2.9971163,2.0556808,2.759502
8.360061,2.0799913,2.9758694,2.0638068,2.7529845
8.370062,2.0780318,2.9952557,2.0492241,2.754101
8.380062,2.0896595,3.0036786,2.057093,2.7779195
8.39006,2.0749757,2.9921443,2.071463,2.7969766
8.400062,2.0645773,2.998945,2.027106,2.794237
8.410062,2.0778692,3.0080488,2.0308168,2.7940917
8.420061,2.0784135,3.000911,2.0500968,2.7933109
8.430062,2.0823205,2.9910066,2.0427406,2.7853982
8.440061,2.084031,2.992081,2.0463176,2.8241398
8.450062,2.0788207,2.9954956,2.0334868,2.8326933
8.460062,2.086223,3.0066411,2.039631,2.8249075
8.470061,2.0816746,2.9887435,2.0356648,2.84521
8.480067,2.0895872,2.9842715,2.025691,2.8340147
8.490064,2.0867736,2.9753428,2.0345767,2.8458054
8.500062,2.1122015,2.9904044,2.0107634,2.8567786
8.510061,2.0895813,2.9987316,2.016799,2.8695242
8.5200615,2.1072757,2.9952545,2.0122232,2.8607972
8.530062,2.1050534,2.991058,2.024327,2.8694012
8.540062,2.1221728,3.0060155,2.024448,2.8738515
8.550062,2.0934591,2.9946334,2.0297556,2.8738642
8.5600605,2.1052837,2.9654262,2.0132942,2.8816676
8.570062,2.1241567,2.9895136,2.0061405,2.8902295
8.580062,2.1151955,2.977716,2.0015297,2.9165163
8.590062,2.125231,2.9872985,1.9979825,2.9177217
8.600061,2.119306,2.9879813,1.9961865,2.9151044
8.610063,2.109824,2.985933,1.9993298,2.9273891
8.620061,2.1178026,2.9786687,2.0042202,2.9050717
8.63006,2.118069,2.967716,1.9838009,2.9234228
8.640062,2.1441817,2.9869213,1.9839609,2.9336078
8.650062,2.1260788,2.9660344,1.9976126,2.9304006
8.660062,2.1146736,2.979795,1.9935389,2.9227316
8.670061,2.143625,2.9833655,2.0043976,2.9532204
8.680076,2.114748,2.9543674,2.0122697,2.9240816
8.690223,2.1299694,2.9719036,2.0041635,2.9490876
8.700086,2.1217983,2.98834,2.0195866,2.9476585
8.710075,2.1446161,2.9675543,1.9918139,2.9534702
8.720073,2.154834,2.9633772,1.9831433,2.9568303
8.733062,2.1376817,2.9580336,1.9830157,2.9470148
8.740089,2.1426737,2.9663162,2.0113902,2.938705
8.750089,2.151518,2.9745574,2.005839,2.9360902
8.760081,2.1569881,2.950379,1.9913414,2.989847
8.770069,2.1595714,2.9517426,1.9994254,2.9648726
8.780064,2.163143,2.944348,1.9896681,2.9675052
8.790062,2.1507144,2.9609938,1.9925854,2.9738708
8.80006,2.1425586,2.9494796,2.0056415,2.9825294
8.810062,2.1544683,2.954107,2.0247536,2.9806902
8.820062,2.1568773,2.9461055,2.0109217,2.9811416
8.830062,2.155177,2.9427776,1.9957105,2.9728699
8.840062,2.1637192,2.9374218,2.0073462,2.981969
8.850062,2.1476934,2.9390454,2.0064416,2.994262
8.860062,2.1712534,2.9326735,2.0058684,2.9834778
8.870061,2.172222,2.9424317,2.0189633,2.970913
8.880061,2.1789894,2.939782,2.0022988,3.0123956
8.890062,2.1691704,2.9328918,1.9952387,3.003806
8.900061,2.193699,2.9212732,2.0099783,2.9991593
8.910063,2.1683102,2.932461,2.0171974,3.0051298
8.920061,2.195153,2.9309857,2.016761,2.994606
8.930062,2.2027547,2.9229615,2.019617,3.0084817
8.940062,2.1831806,2.9298224,2.0090203,2.9881485
8.950062,2.1804776,2.9222257,2.0149872,3.0073733
8.960062,2.214071,2.922339,2.022844,2.978554
8.970061,2.2058928,2.9298885,2.0096161,2.992257
8.980066,2.211492,2.9160087,2.033298,3.0051048
8.990063,2.2066414,2.9117231,2.0103726,2.9943266
9.000062,2.2157004,2.91321,2.027589,2.9946332
9.010062,2.20898,2.8862498,2.008479,3.0140924
9.0200615,2.2240438,2.8924432,2.0440557,3.0040362
9.030062,2.202881,2.8931336,2.0232005,2.9845405
9.040061,2.2226727,2.8987894,2.0400665,3.0140288
9.050062,2.207069,2.8970253,2.0322726,2.9986756
9.060062,2.2062867,2.8792446,2.0350077,2.993688
9.070062,2.2260275,2.8842518,2.0350585,2.9814537
9.080062,2.2190533,2.8810744,2.033953,3.0131764
9.090061,2.2299979,2.8743277,2.0621736,3.0058231
9.100061,2.244596,2.8786807,2.0517027,2.9829254
9.110061,2.2337327,2.866627,2.033768,2.9920068
9.120061,2.226896,2.8643632,2.0585363,2.9828699
9.130061,2.2392547,2.8721857,2.065733,2.9819517
9.140062,2.2393973,2.8633826,2.0570042,2.9814582
9.150061,2.2442741,2.8590505,2.0723994,2.9933777
9.160061,2.242909,2.847517,2.0759976,2.9954362
9.170062,2.258504,2.8419735,2.058504,2.984553
9.180061,2.258015,2.8571322,2.0730135,2.994872
9.1900625,2.2513976,2.8407612,2.0776794,2.9735813
9.200061,2.2525563,2.843145,2.101617,2.983608
9.210061,2.2533941,2.8290186,2.0743062,2.9700394
9.221081,2.267887,2.8401222,2.0821886,2.9661396
9.230084,2.2682257,2.8492038,2.101649,2.9745414
9.240082,2.275726,2.8381922,2.0943062,2.96334
9.250078,2.2691412,2.8138387,2.0746639,2.9636483
9.260069,2.2755852,2.8182867,2.0876565,2.9637933
9.2700615,2.2688868,2.8152943,2.0918798,2.9652925
9.280062,2.2693918,2.8119795,2.0896251,2.9692428
9.290062,2.2701526,2.805252,2.1257172,2.9340563
9.300061,2.30021,2.7982707,2.1131814,2.9683921
9.310066,2.28622,2.7890382,2.123159,2.9373045
9.320063,2.2871487,2.7906277,2.1293645,2.9265046
9.330063,2.2739358,2.7866435,2.1378186,2.9327226
9.340062,2.283835,2.7864099,2.1357756,2.9406884
9.350061,2.3071024,2.7795413,2.1267807,2.9211032
9.360062,2.2993493,2.7866504,2.1458063,2.9250915
9.370062,2.302106,2.7782323,2.132618,2.9113073
9.380062,2.3216429,2.7695255,2.1461706,2.946899
9.390062,2.331048,2.7763753,2.1619644,2.8969324
9.4000635,2.321335,2.7723591,2.149713,2.8944342
9.410064,2.315796,2.754628,2.1647408,2.8844042
9.420061,2.3162503,2.7528043,2.1607964,2.9015546
9.430062,2.3239686,2.7477508,2.174904,2.897744
9.440062,2.3212414,2.7504957,2.1850457,2.8644693
9.450062,2.3335962,2.7426329,2.1977925,2.8789952
9.460061,2.3318594,2.7535398,2.1945307,2.8711622
9.47006,2.3363793,2.7335775,2.190012,2.873079
9.480065,2.3454547,2.7349699,2.1901882,2.8830712
9.490064,2.3414996,2.7466831,2.2181396,2.8515308
9.500065,2.3448918,2.732494,2.2102745,2.8580182
9.510063,2.3463812,2.725993,2.2138228,2.8494697
9.5200615,2.3449833,2.7272747,2.219517,2.830996
9.530062,2.3610413,2.7045548,2.215092,2.8588452
9.540067,2.3547037,2.7224467,2.2470407,2.8327339
9.550063,2.3695216,2.7042649,2.2133026,2.8396034
9.560062,2.3779125,2.7092147,2.250567,2.807413
9.570062,2.3630848,2.703951,2.2474506,2.8146856
9.580062,2.380774,2.697715,2.245445,2.8006952
9.590061,2.375161,2.6859183,2.2448268,2.8105412
9.600062,2.368812,2.681924,2.2652986,2.8084855
9.610063,2.3911428,2.68145,2.2843645,2.7853556
9.620062,2.3850777,2.6804771,2.2704718,2.7752872
9.630065,2.375667,2.6561291,2.2811716,2.777504
9.640065,2.4044871,2.6740954,2.264756,2.7763069
9.650062,2.3867388,2.6630235,2.2787406,2.7751203
9.660062,2.3948379,2.6522744,2.306697,2.7391415
9.670061,2.4087937,2.6621382,2.3153925,2.743854
9.68006,2.3957205,2.6480048,2.303572,2.7378614
9.690266,2.412756,2.6350455,2.2993965,2.7304187
9.700086,2.4110806,2.6341252,2.32337,2.7212777
9.710079,2.4049993,2.6202164,2.325371,2.7199411
9.720074,2.4153724,2.645448,2.3306603,2.7156198
9.7316065,2.4338558,2.6157656,2.3202477,2.708034
9.740096,2.401978,2.6216552,2.3404284,2.6886544
9.750083,2.4164612,2.622488,2.3592417,2.6760366
9.760081,2.4294133,2.600513,2.356294,2.6850276
9.770071,2.4237256,2.6036756,2.3572385,2.68585
9.780066,2.4298224,2.6144118,2.3483403,2.6613388
9.790062,2.431834,2.5969894,2.3632665,2.6753602
9.800061,2.4292598,2.5936136,2.382005,2.6587625
9.810061,2.4365633,2.598626,2.399548,2.654308
9.820062,2.4343915,2.5776255,2.3887234,2.6300416
9.830059,2.4563606,2.5851634,2.3804896,2.6344857
9.840062,2.4678957,2.5731578,2.399812,2.626257
9.850062,2.4463878,2.574525,2.407461,2.5965106
9.860061,2.4590313,2.5586207,2.4080174,2.61047
9.870062,2.4520435,2.5724878,2.4097946,2.61065
9.880062,2.465354,2.5548575,2.4336874,2.5925379
9.890062,2.463379,2.5472517,2.4193156,2.5871644
9.9000635,2.4742894,2.5476964,2.4422312,2.577528
9.910064,2.4831486,2.5639853,2.4378874,2.5564458
9.920064,2.4575074,2.527062,2.4544258,2.5698614
9.930061,2.4854906,2.5366986,2.4601293,2.5508187
9.9400625,2.4828362,2.529596,2.4398286,2.5652213
9.950062,2.4844015,2.5175316,2.4670343,2.5260987
9.960062,2.485862,2.5315166,2.4815645,2.5086198
9.970062,2.505406,2.4846854,2.488738,2.5266812
9.9800625,2.4883647,2.5118682,2.499948,2.5407763
9.990064,2.5098963,2.5157733,2.490781,2.495007
10.000062,2.5057757,2.498107,2.4896665,2.512756
10.010066,2.509159,2.4956043,2.4933252,2.4856584
10.020063,2.508895,2.5139468,2.5053189,2.4828854
10.030063,2.5074046,2.4854105,2.5345545,2.4983118
10.040062,2.511332,2.4780622,2.5176735,2.4530694
10.050061,2.5270324,2.4904075,2.5294597,2.45934
10.060062,2.5191371,2.4903002,2.5410507,2.452272
10.070062,2.526136,2.4486883,2.5464423,2.436467
10.080062,2.524105,2.4547606,2.5507395,2.427374
10.090062,2.5243475,2.4620054,2.5456235,2.4579413
10.100062,2.5274909,2.4624097,2.551507,2.4229298
10.1100645,2.5170364,2.4614851,2.5762973,2.4253209
10.120061,2.514236,2.45321,2.577441,2.4063532
10.130063,2.5412252,2.434627,2.5592046,2.3802452
10.140061,2.5614207,2.4278831,2.5761886,2.4085917
10.150061,2.5469592,2.422081,2.5924861,2.3789155
10.160062,2.5455656,2.426669,2.6033344,2.3738909
10.170061,2.561013,2.4356863,2.5921056,2.3807654
10.180062,2.54711,2.417988,2.6162536,2.3491528
10.190062,2.5685444,2.427277,2.6264265,2.3501232
10.2000475,2.5468855,2.401507,2.6425705,2.358094
10.210062,2.5642545,2.3869216,2.6451406,2.338646
10.221195,2.5784404,2.4055014,2.6413476,2.3342488
10.230086,2.569335,2.386285,2.6695666,2.3470764
10.240083,2.5737958,2.3890047,2.6416261,2.3256075
10.250071,2.583475,2.3791256,2.6552372,2.3006692
10.260066,2.580818,2.3843591,2.6482198,2.304647
10.270063,2.584448,2.3585098,2.6729243,2.2949986
10.280062,2.607538,2.385453,2.654205,2.28518
10.290061,2.5970888,2.3748555,2.6745608,2.2717588
10.300061,2.595209,2.3561974,2.684491,2.2720757
10.310062,2.6197543,2.344493,2.707568,2.2767298
10.320061,2.596277,2.3401453,2.7121863,2.2532809
10.330062,2.5957408,2.3354685,2.6988692,2.2348156
10.340061,2.6098816,2.3347282,2.7001374,2.2585335
10.350062,2.5965226,2.3489504,2.7042432,2.241816
10.360062,2.6001728,2.3351374,2.7328053,2.241331
10.370062,2.5945694,2.3345604,2.7169614,2.239334
10.380062,2.6015654,2.3312325,2.7219727,2.2154152
10.390061,2.6379542,2.3105407,2.7325196,2.205777
10.400062,2.6436126,2.3239608,2.7437148,2.2108395
10.410061,2.6115146,2.3241618,2.762627,2.2032945
10.420061,2.6336977,2.2980347,2.743857,2.200317
10.430062,2.6206868,2.293557,2.7588634,2.1950831
10.440062,2.6428564,2.3134782,2.7535427,2.1783235
10.450062,2.6283307,2.2919319,2.7736993,2.2077353
10.460061,2.655586,2.2873316,2.7903275,2.1875806
10.470062,2.6494744,2.282883,2.7878566,2.1472034
10.4800625,2.6560316,2.2831135,2.7868185,2.1562934
10.490063,2.6683238,2.265753,2.7943797,2.1513875
10.500061,2.6607702,2.2719069,2.7932575,2.1652484
10.510062,2.6646812,2.2688124,2.7995756,2.15305
10.5200615,2.6440513,2.278825,2.8006096,2.1370246
10.530061,2.6748729,2.2488604,2.8240995,2.1274052
10.540062,2.6723506,2.255714,2.8285854,2.1218157
10.550062,2.6737657,2.24958,2.8251152,2.114928
10.560061,2.6824007,2.261393,2.8105984,2.1169267
10.570062,2.6705503,2.237528,2.813422,2.08961
10.580061,2.6889424,2.2363188,2.8472915,2.1040952
10.590062,2.6732023,2.214703,2.8426208,2.1078882
10.600062,2.6879768,2.2301097,2.8321366,2.0919147
10.610062,2.6776063,2.215704,2.847309,2.1039476
10.620061,2.6944454,2.2372491,2.8508651,2.0771604
10.630061,2.6849792,2.2216654,2.8529308,2.078133
10.640062,2.686242,2.2162604,2.857162,2.0807183
10.650061,2.6775224,2.2160785,2.8615313,2.0743268
10.660062,2.7037535,2.2054589,2.881602,2.0790122
10.670062,2.7131,2.1953952,2.8680208,2.0615284
10.680062,2.7059278,2.1957383,2.8684459,2.070201
10.690085,2.6969957,2.1956403,2.8615258,2.0619423
10.700188,2.7103715,2.1981947,2.903881,2.0502164
10.710082,2.7079773,2.205627,2.8879397,2.0505488
10.720071,2.7396379,2.193396,2.8918147,2.0513625
10.730181,2.69397,2.1611214,2.8823617,2.0374331
10.740083,2.7024481,2.186858,2.9082665,2.0479753
10.750083,2.749082,2.1661398,2.9126852,2.0283387
10.760079,2.7339401,2.1688545,2.9021912,2.035922
10.770065,2.7349024,2.1931076,2.9246793,2.0321646
10.780062,2.7480025,2.1875808,2.9295044,2.0483592
10.790062,2.7441354,2.159423,2.9131312,2.0250328
10.800092,2.731978,2.134969,2.9133008,2.00185
10.810091,2.7469356,2.1460834,2.9212396,2.0399144
10.820081,2.7435656,2.1737425,2.9431624,2.0205345
10.830084,2.7359917,2.14457,2.9549844,2.0088248
10.840086,2.7534375,2.1555912,2.9306471,2.0368485
10.850086,2.738567,2.1531878,2.9443414,2.0273612
10.860086,2.7593706,2.131996,2.9441311,2.0145683
10.870086,2.7582211,2.1321616,2.9486835,2.0033054
10.880084,2.7594724,2.136787,2.9593463,2.0181618
10.890108,2.7776103,2.1203244,2.967442,1.9998103
10.900093,2.7696266,2.1418967,2.9446518,2.0171406
10.910095,2.7571216,2.1290853,2.9559126,1.9915335
10.920085,2.7628517,2.117265,2.9733274,2.0117486
10.930087,2.7772167,2.13487,2.9621618,2.0013843
10.940083,2.783133,2.11088,2.9637754,2.0044835
10.950086,2.7726486,2.1127326,2.965262,2.020406
10.960086,2.7862582,2.0935438,2.965243,1.9901634
10.970086,2.7771792,2.091418,2.9624503,1.9945002
10.980086,2.7862208,2.1164358,2.9760602,1.9942849
10.99011,2.7874074,2.1066148,2.96508,2.0023165
11.000092,2.7790527,2.0879009,3.0043461,1.9957622
11.010089,2.7822943,2.0788014,2.986617,2.0092833
11.020088,2.7961311,2.0771515,2.9707842,1.9996966
11.030087,2.7894518,2.0907364,2.9875412,2.0092027
11.040087,2.8060899,2.0904605,2.9836135,1.9985847
11.050085,2.8225608,2.0949433,2.9700053,2.0003066
11.060082,2.8149571,2.0801637,2.9983363,2.0034657
11.070084,2.8038626,2.0936341,2.982329,1.9960577
11.080086,2.8085268,2.0760508,2.9961107,1.9887421
11.090084,2.8139212,2.0799778,2.9859474,1.9968039
11.100087,2.8190374,2.0709364,3.0079758,2.0011663
11.110092,2.8149889,2.0724726,2.991481,2.013072
11.120089,2.8190706,2.0416446,3.0007372,2.017599
11.130083,2.8216772,2.044547,3.0029275,2.0150344
11.140087,2.8227084,2.059322,2.993685,2.02343
11.150086,2.8372436,2.0592854,3.0009959,2.019068
11.160085,2.8456626,2.0573688,2.9920883,2.0206366
11.170087,2.849271,2.0396636,2.9913754,2.0264347
11.180081,2.8305323,2.0686467,2.9698744,2.01618
11.190085,2.8352313,2.041791,2.9894848,2.036531
11.2001,2.8417273,2.0524225,2.9916832,2.0317972
11.210093,2.8548648,2.0373845,2.9969501,2.0125146
11.220113,2.8365395,2.030987,2.9905236,2.0375664
11.230093,2.8570058,2.0461845,2.9834802,2.0510235
11.241194,2.8682704,2.057856,2.9980707,2.0404456
11.250105,2.843597,2.045303,2.991255,2.0319703
11.260104,2.8585258,2.0231583,2.9974656,2.0384781
11.270138,2.8496907,2.031107,2.993733,2.0654187
11.28014,2.8631244,2.0166576,3.004328,2.0462759
11.29011,2.857505,2.0348098,3.0144145,2.0507476
11.300093,2.862004,2.027783,2.9923337,2.049082
11.310076,2.8524191,2.0126672,2.9917955,2.070479
11.320069,2.855818,2.0155656,2.998361,2.0700169
11.33007,2.8902419,2.022817,2.985066,2.0838358
11.340071,2.8901498,2.0273724,2.9905257,2.067615
11.350069,2.8702204,2.0411642,2.9865663,2.0768247
11.36007,2.8788106,2.0497158,2.991306,2.0763288
11.370069,2.876246,2.024755,2.987665,2.0779314
11.380069,2.8826227,2.0051084,2.9886854,2.0844111
11.39007,2.8716435,2.002984,3.008042,2.081372
11.400073,2.9015152,2.02939,2.9817662,2.0909479
11.41009,2.8963892,2.0141475,3.0113993,2.0936677
11.420087,2.906632,2.0172215,2.9793112,2.1070638
11.430084,2.9025884,2.0242338,2.9950438,2.1194723
11.440086,2.9098,2.024493,2.9735727,2.1153657
11.450087,2.9016583,2.0080178,2.9885974,2.118881
11.460085,2.8665032,2.0027273,2.995121,2.1086438
11.470083,2.8976798,2.0052564,2.9625177,2.1238475
11.480084,2.8979146,2.01173,2.969611,2.141936
11.490087,2.9169428,1.9972476,2.9815145,2.1448796
11.5000925,2.895618,2.0034304,2.961248,2.1347375
11.51009,2.8978233,2.0239766,2.955295,2.1322973
11.520083,2.891718,2.0184724,2.9657464,2.155725
11.5300865,2.9110844,1.9915018,2.9591722,2.173482
11.540085,2.8972738,1.9994887,2.9644768,2.16314
11.550086,2.9207122,1.9840378,2.949277,2.1544802
11.560087,2.9173448,2.0142899,2.967112,2.1887312
11.5700865,2.898983,1.9910994,2.9577086,2.1946065
11.580086,2.913437,1.9946997,2.9550157,2.2040398
11.590081,2.9261804,1.9873319,2.9602075,2.1885586
11.600156,2.9277234,1.9967502,2.975012,2.198976
11.610093,2.9273186,1.9862913,2.950804,2.2098033
11.620087,2.919801,2.0069118,2.9377873,2.2161298
11.630102,2.9302332,2.0104063,2.9459257,2.2276433
11.640093,2.9227,1.9819924,2.9493232,2.2490764
11.650086,2.9396846,2.0127816,2.9535246,2.2447455
11.660087,2.9561462,2.0049338,2.928976,2.229662
11.670088,2.9151573,1.9917105,2.9186645,2.2469966
11.680083,2.9350104,2.0073721,2.9166245,2.2620358
11.690105,2.9289148,2.0041459,2.9324338,2.2633429
11.700124,2.9409566,2.0065444,2.9034789,2.268541
11.7101145,2.9379022,1.9963818,2.9171789,2.2920508
11.720109,2.932775,1.9982693,2.9126582,2.2920794
11.730101,2.937204,1.9916545,2.899587,2.2921767
11.7401,2.9255621,2.001982,2.897248,2.2738855
11.750099,2.9458616,1.9970102,2.9241874,2.3086896
11.760103,2.9457307,1.9925398,2.9062548,2.3153727
11.770112,2.9526107,2.0055614,2.8975403,2.3294284
11.7801,2.967732,2.008049,2.900155,2.32305
11.790101,2.945524,2.0003245,2.8975272,2.3395603
11.800083,2.9475887,2.003352,2.8559058,2.3376966
11.810065,2.9618719,1.9913939,2.894715,2.3638368
11.820065,2.9594111,1.9992514,2.860517,2.3722792
11.830062,2.9693792,1.9979452,2.888918,2.3848808
11.840061,2.9551299,2.022333,2.8717515,2.3853908
11.850084,2.9684544,2.009626,2.862583,2.3733406
11.860065,2.9567032,2.0018952,2.8619905,2.3805807
11.870063,2.961525,2.0073497,2.8344395,2.3889558
11.880062,2.972027,2.0062568,2.8383548,2.4075303
11.890063,2.9439483,1.9991981,2.8631456,2.4060705
11.900062,2.9340117,2.0150847,2.8378541,2.4274144
11.910065,2.975085,2.018274,2.8338633,2.4360232
11.920062,2.9877863,2.0270698,2.8472512,2.4353864
11.930062,2.9681723,2.011725,2.827305,2.44542
11.9400625,2.9615412,2.0237868,2.8253112,2.4651453
11.950061,2.9693882,2.0176418,2.8161669,2.4572108
11.960062,2.9778063,2.0294435,2.8050692,2.467394
11.970062,2.9748628,2.0161626,2.8056846,2.4747217
11.980062,2.9663048,2.0141401,2.8095007,2.4895856
11.990062,2.9725072,2.0141015,2.8000724,2.484853
12.000064,2.9843829,2.0340216,2.7860348,2.4782991
12.010064,2.9600158,2.0135913,2.7874527,2.5055468
12.0200615,2.9685051,2.020412,2.803311,2.5059211
12.030062,2.97659,2.0192614,2.7826946,2.5190341
12.040061,2.982782,2.0344024,2.7770886,2.5211904
12.050062,2.975352,2.0387156,2.7671974,2.5390441
12.060062,2.9831874,2.029122,2.7595606,2.5354965
12.070062,2.9871385,2.046228,2.7682304,2.560933
12.080062,2.975026,2.0293438,2.7500412,2.5754604
12.090062,2.9771373,2.0241125,2.7456045,2.5700703
12.100065,2.9867141,2.047557,2.7342162,2.5734649
12.1100645,2.9773488,2.0425794,2.723353,2.5814629
12.120062,2.9841352,2.0335214,2.7321615,2.6069121
12.130062,3.0039492,2.047305,2.7383418,2.5926695
12.140062,2.9819665,2.0572872,2.7320685,2.5987737
12.150063,2.9892945,2.0623162,2.7365656,2.6191883
12.160062,2.998511,2.0520782,2.7132668,2.6302743
12.170062,2.984591,2.06608,2.7201924,2.6194825
12.180061,2.999092,2.0609066,2.697117,2.6311638
12.190061,2.9876282,2.0415254,2.6849375,2.652943
12.200068,2.9931738,2.0751626,2.6918771,2.6586607
12.210065,2.9847739,2.0651653,2.693792,2.6692204
12.22007,2.9836833,2.0730891,2.6843643,2.6654513
12.230082,2.977953,2.0671823,2.6690888,2.679378
12.240084,3.018867,2.047943,2.6473167,2.6669147
12.250075,2.9919229,2.074946,2.6747572,2.6977422
12.260065,2.9989512,2.0697927,2.6419544,2.7027256
12.2700615,3.004609,2.0842948,2.6307824,2.6919506
12.280061,2.994336,2.0663035,2.6317914,2.7166765
12.290062,3.0096211,2.0793064,2.6197815,2.7091126
12.300061,2.9830482,2.0829022,2.6371052,2.736193
12.310061,3.003612,2.08485,2.6372921,2.7517073
12.320062,2.9978664,2.091704,2.6132197,2.7447822
12.330062,2.9941618,2.1069891,2.6098428,2.7284184
12.340062,2.9925945,2.091024,2.6220837,2.754592
12.350062,2.982427,2.07849,2.6072612,2.7569282
12.360063,3.0068545,2.097559,2.5787764,2.7757611
12.370066,2.9773653,2.0987692,2.5744588,2.7565205
12.38006,2.9891398,2.1080477,2.5767848,2.790019
12.390062,2.9892952,2.1152759,2.5664866,2.7820845
12.400062,3.0195847,2.1067836,2.571094,2.8034222
12.410061,2.9883819,2.1081994,2.5603027,2.7905529
12.420062,2.9990463,2.1374276,2.5408092,2.8146408
12.430062,3.0047967,2.1312683,2.5358894,2.8117676
12.4400625,2.9967442,2.1287174,2.543054,2.821722
12.450062,3.022566,2.1306057,2.5320597,2.827906
12.460061,3.0092173,2.1327128,2.514082,2.8337815
12.470062,2.9787328,2.1432114,2.530843,2.8280184
12.4800625,3.008487,2.14966,2.5142317,2.838655
12.490062,2.984384,2.1537273,2.5122018,2.8639524
12.500061,2.9872413,2.1503983,2.5114045,2.8676896
12.51006,2.9994624,2.147934,2.505599,2.8576858
12.5200615,2.9891715,2.150981,2.482945,2.8666039
12.530061,3.0000193,2.161821,2.4817498,2.8651278
12.540062,2.997493,2.1750634,2.4831085,2.8483324
12.550061,2.978695,2.1688402,2.452801,2.8980834
12.560061,3.0062366,2.1655526,2.46529,2.885411
12.570062,3.011547,2.1740906,2.447103,2.8990924
12.580061,2.9875703,2.1722665,2.4510698,2.900133
12.590062,3.0059454,2.1839538,2.4599407,2.8848646
12.600061,3.0010817,2.1826103,2.418561,2.8961513
12.610062,3.0058508,2.196657,2.443483,2.9193676
12.620061,3.016367,2.1782951,2.4257169,2.9279382
12.630062,2.9975405,2.2023134,2.4365304,2.9326499
12.640062,2.9913268,2.2082627,2.4029725,2.9209242
12.650061,2.998922,2.20199,2.4033136,2.902369
12.66006,3.0111938,2.2107494,2.419548,2.9325395
12.67006,2.9954,2.2118506,2.3965259,2.9265113
12.680061,3.0053253,2.220016,2.3846633,2.945203
12.690089,3.0039442,2.2120204,2.3764334,2.9419317
12.700084,3.0005598,2.2037902,2.3762484,2.9354167
12.710074,2.9938192,2.2107399,2.363196,2.9322684
12.720065,3.0179377,2.228366,2.3530848,2.9590812
12.730074,2.984708,2.2153263,2.3529203,2.9577017
12.740084,2.98839,2.237699,2.3357623,2.964208
12.750079,2.977959,2.2421207,2.344849,2.97174
12.760074,2.9953458,2.2313976,2.3408592,2.960445
12.770065,2.9951003,2.2477512,2.32482,2.9727564
12.780064,2.9856377,2.2410922,2.324038,2.97301
12.790062,2.9727037,2.2772274,2.320446,2.9724634
12.800063,3.0085146,2.2631192,2.3158777,2.9776232
12.810064,3.0054173,2.24941,2.295162,2.989151
12.820062,2.9822345,2.263019,2.3108413,2.9947095
12.830061,2.9785728,2.3008392,2.3077335,2.9874132
12.840062,2.9992783,2.2679312,2.294857,3.0007827
12.850061,3.0073338,2.2943769,2.2920864,2.980243
12.860062,2.985835,2.2822094,2.2732124,2.989521
12.870064,2.973188,2.2917047,2.2684305,2.9852812
12.880063,2.9587924,2.2713447,2.273578,2.9981809
12.890061,2.981849,2.2856433,2.2717676,2.984289
12.900064,2.9873567,2.3233013,2.2529528,3.0018759
12.910065,2.98259,2.3087015,2.2462666,3.0037155
12.920062,2.9713814,2.2916422,2.2411084,3.0174966
12.930062,2.9670408,2.3100522,2.2444217,3.0052953
12.940062,2.9893293,2.3090174,2.2597716,2.9924195
12.950062,2.9767082,2.3308578,2.2216425,3.0255642
12.960062,2.990665,2.3392582,2.2195153,3.0012515
12.970062,2.9713724,2.347312,2.2254815,2.9879384
12.980062,2.9902983,2.3461452,2.2242608,2.9901645
12.990062,2.9621086,2.3428447,2.2069964,2.9968257
13.00007,2.9838254,2.3421376,2.213665,3.0095901
13.010064,2.9825966,2.3455083,2.1983647,2.999604
13.020063,2.967932,2.349774,2.1905036,2.9808185
13.030063,2.9723625,2.3435526,2.186791,3.000374
13.040063,2.9763486,2.3553014,2.1785913,3.001291
13.050062,2.9611347,2.361068,2.1923423,3.0059624
13.0600605,2.9705627,2.3806455,2.1670814,2.992006
13.070062,2.9661424,2.35851,2.1593745,2.998555
13.080062,2.9785807,2.3823502,2.1773388,3.0011296
13.090061,2.977043,2.3910332,2.1621437,3.0051682
13.100064,2.9593499,2.4005942,2.1697598,3.0012167
13.1100645,2.9671848,2.3988917,2.1560252,3.0050614
13.120063,2.9332483,2.4049957,2.1480544,2.993257
13.130061,2.9605036,2.40407,2.1495261,2.9971504
13.140062,2.9662964,2.4148283,2.1365266,3.0133748
13.150062,2.9399633,2.4078076,2.1251042,2.995523
13.160062,2.9545572,2.4183495,2.112917,2.9675682
13.170062,2.96103,2.414888,2.127269,2.975687
13.18006,2.9468138,2.4031744,2.1178994,2.9865441
13.190062,2.966832,2.431229,2.10183,2.9902968
13.200062,2.9646928,2.4469044,2.1021545,2.9706647
13.210063,2.9412467,2.4485245,2.1008954,2.9701946
13.220074,2.9495633,2.4408407,2.1164825,2.978456
13.230083,2.9524336,2.4711897,2.1213865,2.954353
13.240086,2.9552464,2.4587715,2.1114662,2.9517872
13.250077,2.9431903,2.4556494,2.0889466,2.954717
13.260069,2.9522305,2.464166,2.1046073,2.957165
13.27006,2.9336336,2.4492683,2.0923362,2.9625227
13.280062,2.9292376,2.4835298,2.063011,2.9546235
13.290062,2.9473999,2.4731479,2.1014585,2.9552383
13.300066,2.937793,2.4856045,2.0839229,2.954588
13.310065,2.9168134,2.473312,2.0761921,2.930258
13.320063,2.933903,2.5036721,2.059969,2.9509058
13.330063,2.9407382,2.5092156,2.0578344,2.9338427
13.340062,2.944844,2.4953427,2.0604131,2.9232197
13.350061,2.930833,2.501899,2.0510435,2.9313567
13.360061,2.9306064,2.5173845,2.0685213,2.914068
13.37006,2.920518,2.5263903,2.0466287,2.911764
13.380062,2.9434214,2.533425,2.068902,2.9031756
13.390062,2.9101317,2.5130558,2.0488324,2.9037766
13.400064,2.9155533,2.5288978,2.0452847,2.9105856
13.410065,2.9188135,2.533004,2.0446205,2.893238
13.420062,2.9188702,2.547514,2.0497158,2.8932424
13.430062,2.9123306,2.5350358,2.031443,2.892028
13.4400625,2.9082372,2.54359,2.024548,2.8865952
13.450062,2.912878,2.544136,2.0485287,2.869
13.460062,2.9208553,2.562989,2.0176148,2.8781137
13.470062,2.9155562,2.5624185,2.034729,2.8703818
13.480062,2.9112673,2.5576463,2.0141683,2.8244126
13.490061,2.912545,2.5638359,2.0307217,2.8558433
13.500068,2.8919702,2.5732536,2.017742,2.8631878
13.510064,2.8899348,2.5949,2.0364096,2.846122
13.520062,2.9161143,2.5886261,2.0231614,2.8417022
13.530063,2.902382,2.5854065,2.03103,2.8300323
13.540061,2.8919296,2.617638,2.0316305,2.8494835
13.550062,2.90515,2.609464,2.0125597,2.8318956
13.560061,2.8939166,2.5979793,2.01438,2.8222241
13.570062,2.8795903,2.6064255,2.0057032,2.8242867
13.580062,2.898365,2.6084402,2.0042686,2.8053238
13.590061,2.8881366,2.614239,2.0060081,2.7866912
13.600062,2.8855684,2.6532319,2.0006287,2.783003
13.610063,2.8715765,2.6245499,1.9961014,2.798494
13.620063,2.8659346,2.6272974,2.001605,2.7584019
13.630115,2.8775299,2.6590247,2.0105724,2.763832
13.640068,2.869536,2.63367,2.0071938,2.785451
13.650062,2.870949,2.6354895,1.9930881,2.776721
13.660061,2.8838475,2.6537585,2.0033615,2.7420998
13.670062,2.877015,2.6686795,1.9878194,2.7489483
13.680062,2.8676548,2.6496515,1.9865683,2.7429442
13.690091,2.891906,2.6735816,2.0106714,2.7357318
13.700091,2.8512206,2.6543589,1.9784157,2.7315526
13.710084,2.8876727,2.6580393,1.9891701,2.7270324
13.720069,2.86355,2.6767821,2.0084505,2.7234268
13.733158,2.8538141,2.6757932,1.9978801,2.692704
13.740086,2.862617,2.7022972,1.9791446,2.6980195
13.750127,2.8469167,2.6774151,2.0098608,2.6763687
13.760072,2.8344448,2.6837306,2.0121567,2.6801548
13.770063,2.8647172,2.66693,2.0091765,2.6525166
13.780063,2.8433175,2.6914287,1.9927224,2.6838615
13.790062,2.8620203,2.7298229,1.9880373,2.6556356
13.800061,2.8490624,2.7047062,1.9696357,2.6625974
13.810061,2.8455887,2.7139716,2.0000763,2.6563466
13.820062,2.8377001,2.7139382,2.0148675,2.6374016
13.830061,2.8496337,2.7377775,1.9962893,2.6406355
13.840062,2.8242564,2.719438,1.995556,2.6464868
13.850061,2.8314214,2.7404728,2.011892,2.6205904
13.860062,2.8241644,2.7318118,1.9973251,2.6183114
13.870066,2.834888,2.7443173,2.0125933,2.6163998
13.880063,2.8329887,2.744361,2.0161223,2.587461
13.890062,2.8290627,2.7323945,1.9981128,2.58668
13.900062,2.8149288,2.7382965,2.0194917,2.5743458
13.910063,2.8234038,2.7620835,2.0068855,2.5774212
13.920061,2.8090348,2.7526238,2.0200553,2.556224
13.930062,2.8053796,2.764995,2.0312808,2.547166
13.9400625,2.8150585,2.7732763,2.0056722,2.5458775
13.950062,2.8065119,2.771609,2.0273721,2.5396504
13.960062,2.80263,2.782327,2.00793,2.5344186
13.970061,2.8086894,2.7575998,2.0155349,2.5291722
13.9800625,2.7956955,2.7728102,2.011202,2.513822
13.990061,2.8001115,2.7863166,2.0350115,2.5045946
14.000062,2.790443,2.7862284,2.0312848,2.4705262
14.010062,2.772356,2.82045,2.0303285,2.4983866
14.0200615,2.7917008,2.7917416,2.031584,2.4927416
14.030062,2.7854388,2.7916334,2.0250304,2.4859786
14.040062,2.790274,2.811212,2.0381436,2.4584851
14.050062,2.773103,2.8082728,2.0369234,2.4468975
14.060062,2.7795696,2.8009408,2.0565202,2.4665067
14.070062,2.7916057,2.8162088,2.0340812,2.4556963
14.080062,2.7604547,2.820974,2.0448878,2.4463933
14.09006,2.7568913,2.817521,2.0507076,2.4284425
14.100061,2.773765,2.8234637,2.0527244,2.4139533
14.110062,2.760128,2.8360186,2.0499382,2.4005096
14.120062,2.7622426,2.8198676,2.0650322,2.3981583
14.130062,2.7711174,2.8557277,2.0656908,2.4069288
14.14006,2.7666476,2.858318,2.0512898,2.39654
14.150063,2.7588468,2.8372126,2.0426195,2.3776073
14.160062,2.7534993,2.8500082,2.0769749,2.3843918
14.170062,2.7471654,2.8511019,2.0798051,2.3914213
14.180062,2.7467818,2.8453684,2.0888214,2.3551006
14.190062,2.739192,2.8528466,2.0779657,2.3557394
14.200061,2.7347603,2.849512,2.0660067,2.348016
14.21006,2.748749,2.8707776,2.0834343,2.3535357
14.220077,2.7214649,2.8836012,2.0936377,2.3413868
14.2300825,2.7344115,2.8752732,2.0834043,2.3216217
14.240086,2.7494106,2.8802252,2.1105087,2.309573
14.250078,2.7372134,2.8821654,2.083112,2.3046203
14.260067,2.7262576,2.8797503,2.0934434,2.2945192
14.2700615,2.7178848,2.8735602,2.088468,2.2795403
14.280062,2.7260969,2.8804045,2.0964746,2.292754
14.290062,2.7210503,2.9108932,2.1181886,2.2729857
14.300062,2.717308,2.8832207,2.1123748,2.274657
14.310061,2.7123618,2.8943093,2.1195798,2.2545433
14.320062,2.716305,2.8944933,2.1274433,2.243617
14.330061,2.7102475,2.9070432,2.1290016,2.2610164
14.340062,2.6877513,2.9147723,2.133188,2.2543755
14.350062,2.6967628,2.9127493,2.1308408,2.2412255
14.360062,2.6826081,2.909538,2.1413617,2.23422
14.370062,2.6944344,2.9025233,2.1310048,2.223099
14.38006,2.6755104,2.9122553,2.1549506,2.2160804
14.390062,2.6739135,2.933994,2.1568022,2.2037594
14.400061,2.68431,2.9214134,2.160695,2.2105768
14.410062,2.6790428,2.916417,2.1592655,2.1978679
14.420061,2.666193,2.9388013,2.1844542,2.1908014
14.430061,2.6850386,2.9320257,2.1480057,2.2021453
14.440062,2.6647968,2.934693,2.1805656,2.1804373
14.450061,2.6598942,2.9462683,2.1884718,2.167599
14.460062,2.6651664,2.9505236,2.1911209,2.1489859
14.470062,2.6588488,2.9385526,2.1813276,2.1644375
14.480062,2.666033,2.9253752,2.1919832,2.143357
14.490062,2.663905,2.9407837,2.2025838,2.149476
14.500061,2.6393301,2.9434884,2.2221627,2.1518857
14.510062,2.652476,2.9625268,2.2129974,2.1420536
14.5200615,2.6519651,2.968473,2.211113,2.129742
14.530062,2.6477008,2.9464908,2.227615,2.1201024
14.540062,2.6535342,2.9472895,2.2247868,2.116996
14.550061,2.6365998,2.9438305,2.2284336,2.1172156
14.560061,2.6364868,2.965934,2.2343025,2.1142783
14.570062,2.6391695,2.9536107,2.2353864,2.110083
14.580062,2.6273842,2.9599483,2.2420726,2.1172833
14.590062,2.6127136,2.9600322,2.2728126,2.0901258
14.60006,2.6379988,2.962594,2.2740927,2.0833673
14.610063,2.6437469,2.9577584,2.2742643,2.0927086
14.620061,2.6064734,2.9506764,2.282667,2.1005402
14.630062,2.6176507,2.9834664,2.2568665,2.0666757
14.640061,2.6184902,2.9651847,2.2820456,2.0782402
14.650062,2.6081324,2.980981,2.2767048,2.070519
14.660062,2.620784,2.9780538,2.282881,2.0741098
14.670062,2.5978134,2.9718103,2.2729847,2.0693252
14.680062,2.5708313,2.9860153,2.3174496,2.0536587
14.690086,2.5791397,2.9741786,2.2973614,2.0625012
14.70008,2.5901577,2.970707,2.316644,2.0606084
14.710076,2.573155,2.9894018,2.3256574,2.036081
14.720066,2.597325,2.978788,2.3261025,2.0475106
14.730075,2.5800345,2.9885354,2.3373044,2.0442913
14.740082,2.5828311,2.9778814,2.336776,2.0548246
14.750143,2.5731602,2.982863,2.3598616,2.0438514
14.760084,2.5793047,2.9735162,2.3407707,2.0492003
14.770069,2.5720751,3.0013993,2.338373,2.0298765
14.780063,2.5692317,2.9883754,2.373982,2.0190408
14.790063,2.5601966,3.0050044,2.371505,2.039338
14.800062,2.5685158,2.9838452,2.4018672,2.0124757
14.8100605,2.5655503,2.9864817,2.3776042,2.0284688
14.820062,2.5615652,2.9663484,2.3677173,2.0146136
14.830059,2.5529919,2.9765081,2.4021266,2.0125759
14.84007,2.5379994,3.0001512,2.419556,2.0163975
14.850069,2.5504167,2.9924207,2.3966298,2.0170972
14.860063,2.540508,2.9926262,2.4164443,2.0082145
14.870065,2.545774,2.993664,2.412542,2.0192297
14.880063,2.5457947,3.0059273,2.4270263,2.0185685
14.890062,2.5324976,3.0013745,2.435856,1.9846727
14.900064,2.523077,3.0000036,2.43781,1.9927568
14.910065,2.5401988,3.0022063,2.4486115,1.9889855
14.920064,2.5120635,2.9921918,2.449422,2.004552
14.930061,2.5135963,2.9890327,2.4694932,2.0063038
14.9400625,2.5210464,2.9901245,2.4588664,2.008534
14.950062,2.5308824,3.010996,2.4687927,1.9958004
14.960063,2.5168574,2.9823282,2.4519105,2.0000405
14.970062,2.5188417,3.0212116,2.4716043,2.0006406
14.980061,2.5075336,2.9789891,2.4904885,2.01164
14.990063,2.480933,3.0040617,2.4985921,1.9979343
15.000063,2.499157,3.007415,2.4991353,1.9804293
15.010066,2.5090358,3.0045898,2.5070913,1.9936966
15.020063,2.5145385,3.0011156,2.513437,1.9946406
15.030063,2.4946768,2.994187,2.512108,2.0053005
15.040062,2.485311,3.0074909,2.5225852,1.9973888
15.050061,2.4783924,2.999339,2.5344403,1.9995713
15.060061,2.466538,3.003529,2.5455117,2.0002143
15.070062,2.4651818,2.9901898,2.5391839,2.000253
15.080063,2.4935277,2.9796917,2.5630605,2.0120738
15.090062,2.4607728,2.9931977,2.555842,1.9820012
15.100064,2.4688785,2.9898036,2.5698,2.0334132
15.110063,2.4611905,2.9824069,2.5630276,2.0007043
15.120062,2.4453144,2.9800394,2.557723,1.9956535
15.130062,2.46452,2.9986396,2.5822034,1.9974161
15.140062,2.4533975,2.994031,2.581738,2.0223715
15.150062,2.4587264,3.0010176,2.5939286,2.0034826
15.160062,2.4518335,2.9947345,2.602021,2.0190687
15.170061,2.433259,2.9794621,2.608311,1.9965903
15.180061,2.4367921,2.978461,2.6105754,2.0098956
15.190062,2.427034,2.9848516,2.6346192,2.0130148
15.200063,2.4225569,2.971991,2.608399,2.0186875
15.210064,2.4319007,2.9828432,2.6414323,2.0123591
15.220064,2.4475417,2.9891417,2.6232347,2.0287592
15.230084,2.3986166,2.9997816,2.6470797,2.044152
15.240096,2.4215903,2.9862413,2.6659892,2.0478768
15.250067,2.4292047,2.9868164,2.6482615,2.027257
15.26007,2.4389033,2.9665608,2.676077,2.0564687
15.270063,2.4170604,2.969201,2.6686296,2.042247
15.280064,2.4286003,2.9685888,2.6601741,2.0336435
15.290062,2.415383,2.9867277,2.6630783,2.0472796
15.300061,2.4067457,2.9894862,2.678469,2.0562956
15.310062,2.395106,2.994754,2.7026672,2.061912
15.320062,2.4068217,2.9784422,2.6953728,2.0684335
15.330062,2.3904793,2.967709,2.7082658,2.0680575
15.340061,2.399358,2.9700856,2.7119064,2.0621002
15.350061,2.387744,2.9679587,2.7282283,2.084511
15.360063,2.4067326,2.9775126,2.7105408,2.0724359
15.370062,2.3899696,2.980108,2.7039638,2.0884721
15.380062,2.3704064,2.9767241,2.7054975,2.08981
15.390061,2.3753536,2.9683335,2.7392132,2.1071491
15.400062,2.3603103,2.9735878,2.7421312,2.0752594
15.410061,2.3596206,2.9605737,2.7449,2.0937774
15.420062,2.3704221,2.9501097,2.770338,2.0953703
15.430062,2.38493,2.9464233,2.7404845,2.1020792
15.4400625,2.3527846,2.977001,2.7800288,2.0981328
15.450062,2.3690023,2.938896,2.777123,2.1184192
15.460061,2.3557913,2.959842,2.7599099,2.1201468
15.470061,2.3586113,2.9632497,2.789536,2.120383
15.480062,2.3435793,2.9694142,2.802674,2.1444972
15.490062,2.3385901,2.9528341,2.814826,2.1437943
15.50006,2.3568175,2.9474332,2.7787757,2.139267
15.510062,2.3348138,2.9399788,2.8130846,2.1687875
15.5200615,2.35033,2.9522727,2.812523,2.1543589
15.53006,2.345482,2.949584,2.8135397,2.151037
15.540062,2.319281,2.9391046,2.8257017,2.1784494
15.55007,2.3346884,2.9382417,2.8209198,2.1973426
15.560065,2.3187978,2.926277,2.8271832,2.1807415
15.570063,2.332901,2.9280312,2.8271558,2.1891348
15.580061,2.3517292,2.937506,2.813624,2.2127547
15.590062,2.319825,2.926632,2.8323915,2.2060232
15.60006,2.3152163,2.9229028,2.8477752,2.1975415
15.610063,2.295552,2.9207296,2.85751,2.2130375
15.620061,2.317404,2.9072173,2.8362293,2.2125778
15.630067,2.3032942,2.9011607,2.8288095,2.228219
15.640064,2.2800708,2.908362,2.8651175,2.2356544
15.650062,2.2973359,2.894284,2.8677928,2.2329752
15.660066,2.284279,2.9216833,2.8689535,2.2546875
15.670062,2.300625,2.8855426,2.8585477,2.238052
15.680061,2.3041313,2.8915138,2.8651416,2.2545495
15.690084,2.316949,2.9124455,2.8693988,2.2864888
15.700513,2.2869697,2.9000242,2.8785746,2.262492
15.710081,2.2883747,2.8895278,2.8932776,2.2873013
15.720068,2.299068,2.9015803,2.898945,2.2666008
15.730062,2.2816617,2.8722966,2.8914692,2.2970428
15.740074,2.2687292,2.879474,2.9250908,2.3034887
15.750078,2.2828875,2.8805332,2.9005039,2.3011656
15.760078,2.2600331,2.8859396,2.9207082,2.3246415
15.770069,2.2741814,2.86506,2.9037404,2.2853923
15.780063,2.259044,2.8780258,2.9083648,2.3384657
15.790063,2.2459016,2.8562188,2.925243,2.3296165
15.800062,2.2643116,2.8643243,2.92589,2.3389468
15.810062,2.26502,2.8802385,2.935359,2.3464677
15.820062,2.238963,2.8457038,2.934508,2.3761134
15.830062,2.25853,2.8471398,2.9267929,2.3459337
15.840062,2.2384014,2.8659115,2.9518936,2.3855004
15.850063,2.2473254,2.8360896,2.936316,2.3831038
15.860065,2.2490664,2.8531473,2.9500139,2.381921
15.870066,2.2402687,2.8381712,2.9469903,2.3955543
15.880063,2.2303476,2.849663,2.945213,2.4045835
15.890061,2.2198546,2.8488348,2.9639292,2.4069343
15.900062,2.2385104,2.809605,2.945912,2.4103239
15.910063,2.2367485,2.8357837,2.9523184,2.4248712
15.920062,2.2089899,2.8358254,2.9477396,2.4462929
15.930061,2.2074819,2.8236387,2.977716,2.456308
15.940062,2.2195876,2.7975128,2.975284,2.4470983
15.950062,2.2099943,2.8189797,2.948879,2.4438672
15.960062,2.2081084,2.8011062,2.9825625,2.4743454
15.970062,2.2208889,2.813269,2.9604833,2.4832513
15.980062,2.2093601,2.7988796,2.943697,2.456815
15.990062,2.2006183,2.7901473,2.9679997,2.5079796
16.000063,2.217043,2.801762,2.9728827,2.507282
16.010061,2.2014089,2.7877975,2.9775343,2.4958856
16.020061,2.1886482,2.7907636,2.9841998,2.5193067
16.030062,2.2012167,2.7920542,2.9733405,2.5251307
16.040062,2.2016356,2.7818203,2.9646833,2.53318
16.050062,2.1950867,2.780039,2.9876018,2.55176
16.06006,2.2091916,2.7629943,2.97474,2.5427911
16.07006,2.1721647,2.7577386,2.997927,2.5563774
16.080063,2.1752234,2.7418144,2.9853072,2.554304
16.090063,2.178004,2.7557147,3.0116017,2.570941
16.100061,2.192979,2.7635345,2.98519,2.5833325
16.110062,2.171337,2.7592816,3.006746,2.5754128
16.120062,2.180732,2.7421017,3.0168092,2.594611
16.13006,2.1763806,2.7429852,2.9728334,2.5942152
16.140062,2.1647916,2.7504897,2.9963286,2.6228268
16.150063,2.1725345,2.7291863,2.9821348,2.6249123
16.160063,2.1579375,2.7175615,3.0070343,2.6202266
16.170061,2.1740246,2.737272,3.0179734,2.627827
16.180061,2.153872,2.7126255,2.9977777,2.6461623
16.190062,2.1742663,2.69832,3.0014036,2.6397521
16.200062,2.1451302,2.716161,3.0067265,2.6670818
16.210062,2.1634245,2.7036753,2.9987245,2.6598516
16.220064,2.1501443,2.6996083,2.9923065,2.677369
16.230074,2.1458437,2.7083526,3.001134,2.6703048
16.240074,2.1468499,2.6893857,3.021387,2.6810896
16.250063,2.1398551,2.6927338,2.995507,2.699271
16.260065,2.1471856,2.697685,3.0137203,2.6963382
16.270061,2.1340935,2.681735,3.0043612,2.6881804
16.280062,2.1277473,2.6841366,3.001525,2.7165494
16.290062,2.1336658,2.6578834,3.0058873,2.7202845
16.300062,2.1462157,2.6729147,2.9858797,2.7266364
16.310081,2.141254,2.6674557,2.9902859,2.7250593
16.320066,2.138005,2.648519,2.9989727,2.7447925
16.330063,2.148358,2.645974,2.9848425,2.7548828
16.340061,2.1137888,2.6497357,2.9987116,2.7647443
16.350063,2.1307707,2.6575983,2.9977562,2.7681324
16.360064,2.1236358,2.6495397,2.981382,2.7578895
16.370062,2.1366575,2.644023,2.977474,2.766043
16.380062,2.12852,2.6489952,2.9940357,2.7865083
16.390062,2.1238675,2.6368442,2.9689763,2.7896154
16.40006,2.1236331,2.606963,3.0110211,2.8098245
16.410063,2.1239176,2.618709,2.9582717,2.8122137
16.420061,2.1173146,2.6045604,2.9870982,2.8219936
16.430061,2.1119664,2.6176488,2.9744742,2.803896
16.440062,2.1077864,2.59844,2.9849143,2.8084855
16.450068,2.0977411,2.604382,2.9717884,2.8149586
16.460062,2.1008525,2.5940344,2.9732764,2.850779
16.470062,2.1132498,2.5890355,2.9903312,2.8448706
16.480062,2.1028807,2.5869412,2.9847193,2.8317797
16.49006,2.0998368,2.5714173,2.9820375,2.8443818
16.500061,2.095466,2.5696208,2.9732914,2.8669677
16.510061,2.096092,2.593776,2.9663785,2.8630085
16.520061,2.0766997,2.5909257,2.9803598,2.8654861
16.530062,2.0864713,2.561289,2.961943,2.8820653
16.54006,2.0919166,2.5655699,2.9546793,2.8698323
16.55006,2.0736785,2.5380964,2.9482746,2.8791587
16.560062,2.091629,2.5532942,2.9604292,2.881111
16.570063,2.0678816,2.5596836,2.9774842,2.9032228
16.580061,2.0916,2.5378172,2.9615774,2.8886666
16.590061,2.0840774,2.5347319,2.9547055,2.915759
16.600061,2.080256,2.5178246,2.9669836,2.9013462
16.610062,2.0824447,2.521874,2.9303293,2.9149778
16.620062,2.0905623,2.5195765,2.944159,2.916961
16.630062,2.0736282,2.5165582,2.9395185,2.9314973
16.640062,2.0635483,2.5069447,2.9329646,2.9210606
16.650063,2.0548875,2.5238638,2.9582138,2.9113083
16.66006,2.0695765,2.4889417,2.914173,2.937762
16.670061,2.0776994,2.500888,2.9289763,2.954739
16.680061,2.065827,2.498254,2.9204795,2.9363472
16.690083,2.07483,2.499138,2.9076002,2.9590511
16.700085,2.0599642,2.4620118,2.9164152,2.949694
16.710077,2.0695097,2.4948041,2.9170613,2.9500124
16.720074,2.041969,2.4751964,2.9176378,2.9451354
16.730072,2.0724354,2.4680037,2.9146023,2.949118
16.740082,2.05373,2.4783986,2.9224715,2.9517467
16.750088,2.071212,2.4674556,2.9080315,2.9547157
16.760084,2.034407,2.4683022,2.9100344,2.9896262
16.770067,2.0530283,2.436208,2.9121296,2.964101
16.780067,2.0555544,2.435658,2.9007578,2.9688597
16.790064,2.057677,2.4395275,2.8956842,2.9756672
16.800062,2.0422304,2.4493532,2.8846033,2.979724
16.810102,2.04723,2.4142125,2.8913682,2.9795506
16.820084,2.0450456,2.4300432,2.8721335,2.9863071
16.830088,2.0327127,2.422502,2.8727558,2.9882145
16.840084,2.0426226,2.415771,2.8607721,2.9783857
16.850084,2.0406477,2.4108074,2.8521595,2.9698744
16.860086,2.0393016,2.405858,2.8532753,2.9763882
16.870096,2.032102,2.4044666,2.8629553,2.995902
16.880087,2.0499544,2.3981888,2.8707871,2.9902055
16.890087,2.0346005,2.3974388,2.8420799,3.0018992
16.900085,2.0253236,2.3990266,2.8242679,2.9989424
16.910114,2.0378182,2.3855243,2.8433387,3.0051224
16.920084,2.0424135,2.366252,2.8271964,2.9938915
16.930086,2.04907,2.3715549,2.8308046,3.0070016
16.940086,2.008585,2.3807266,2.8122876,3.0029962
16.950085,2.0156164,2.3678148,2.8172772,2.9955804
16.960085,2.0402856,2.349171,2.8178163,2.9866962
16.970081,2.01722,2.3644335,2.8054197,2.986405
16.980085,2.028455,2.3623042,2.818428,3.000334
16.990086,2.0417695,2.3381772,2.7938795,3.0037076
17.000086,2.0266511,2.34009,2.7966142,2.9965322
17.010084,2.0159106,2.350863,2.7835283,2.9806144
17.020084,2.0209787,2.344492,2.7858357,3.0036304
17.030087,2.0096512,2.321446,2.785761,2.9955976
17.040085,2.0115032,2.3246424,2.7714674,3.0095801
17.050085,2.0107682,2.3264973,2.7643282,3.010127
17.060085,1.9972037,2.3166826,2.7772772,2.9962885
17.070084,2.022972,2.314073,2.733641,2.9867938
17.080086,2.027166,2.2899399,2.759059,2.9929216
17.090082,2.022081,2.3025813,2.751868,2.9875014
17.100084,2.0042214,2.2952785,2.7338061,2.98893
17.110086,2.006502,2.3107126,2.7581158,2.989006
17.120083,2.0135288,2.2927425,2.731756,2.988131
17.130087,2.0302713,2.2922513,2.730174,2.9811857
17.140083,2.015181,2.2797642,2.735726,2.9822614
17.150085,2.005294,2.2831888,2.7085247,2.9828117
17.160086,2.0154366,2.2610307,2.7363586,2.9827454
17.170084,2.019978,2.2830698,2.699228,2.9972222
17.180086,2.003876,2.26084,2.696501,2.9719322
17.190084,2.0151975,2.2699358,2.6825995,2.9749012
17.200085,2.0104706,2.261826,2.690893,2.9747703
17.210083,1.9892964,2.2619145,2.673803,2.971127
17.220098,1.9975743,2.24787,2.6603775,2.9773862
17.230097,2.0139253,2.2619016,2.662632,2.9693575
17.240103,2.0082562,2.2402132,2.664363,2.954038
17.250095,2.0089614,2.2256556,2.6562662,2.9564579
17.260094,2.00311,2.221864,2.6600335,2.9662225
17.27011,1.9980057,2.2240605,2.6389844,2.9649086
17.280092,2.0107336,2.2311082,2.6023676,2.9463258
17.290085,2.01602,2.2242544,2.6232953,2.9546635
17.30009,2.017718,2.2065358,2.6253138,2.9567423
17.310091,2.0166857,2.2172327,2.6212745,2.9433103
17.32009,2.0110676,2.2143857,2.6119897,2.9302697
17.330069,2.0125282,2.185059,2.601053,2.9552941
17.340069,2.0069494,2.2250926,2.6045933,2.9368742
17.35007,1.9973274,2.1969962,2.5865672,2.9121642
17.360067,1.9998043,2.1983242,2.5889955,2.913607
17.37007,2.007679,2.2006688,2.5749907,2.9065604
17.380068,1.9992814,2.1782007,2.5858626,2.9136117
17.39007,1.9937966,2.1882708,2.5742173,2.8981647
17.400068,2.003777,2.1889055,2.5644832,2.8971143
17.410069,2.0016048,2.167983,2.5466065,2.9032183
17.4201,1.9846838,2.1599073,2.5506077,2.887482
17.430086,2.0057623,2.1649282,2.545878,2.8748384
17.440086,2.003439,2.1754742,2.5350482,2.8656712
17.450083,2.0037818,2.1736386,2.5245972,2.861566
17.460087,1.991131,2.1555703,2.5479674,2.8749418
17.470085,2.0075681,2.1689327,2.5243447,2.881265
17.480085,2.0107322,2.148992,2.5061488,2.8517556
17.490086,1.9998345,2.1394184,2.4933953,2.843579
17.500084,1.9896924,2.1477675,2.5024142,2.8368971
17.510088,2.0117383,2.1520202,2.4961782,2.8465562
17.520113,2.0076082,2.1332963,2.4928372,2.8360956
17.530087,1.9958749,2.150987,2.4645855,2.855275
17.540087,2.0023541,2.1365726,2.4417043,2.8104274
17.550085,2.001545,2.1389961,2.4618402,2.8262901
17.560083,2.000774,2.136426,2.453497,2.8027198
17.570078,1.9845161,2.1147327,2.4363449,2.836848
17.580086,2.0193484,2.1023655,2.4559727,2.815173
17.590086,1.9967334,2.1261687,2.4602036,2.7912564
17.600084,2.0056016,2.0996907,2.4296095,2.8013852
17.610088,2.010339,2.1210709,2.4123435,2.7859616
17.620085,2.0069199,2.1053512,2.404485,2.7863603
17.630087,1.98842,2.10028,2.4248037,2.7697144
17.640087,1.9906483,2.1054454,2.400261,2.7762182
17.650085,2.001473,2.0916243,2.4089632,2.774125
17.660088,2.0081685,2.0928786,2.379732,2.7597888
17.670084,2.0003386,2.1007223,2.3866987,2.742132
17.680086,2.0108724,2.097667,2.3753662,2.7542658
17.690096,2.0069337,2.0729663,2.386104,2.7399642
17.700098,2.0146658,2.076703,2.3824344,2.7156305
17.71319,2.007534,2.0954103,2.3710568,2.7318048
17.721453,2.0011141,2.0778217,2.3726819,2.7016728
17.7301,2.0020385,2.0667253,2.3496556,2.717962
17.740824,1.9935348,2.0744884,2.3393047,2.6783109
17.7501,2.0038707,2.058388,2.342366,2.6797554
17.760096,2.0101984,2.0673468,2.3303084,2.6761317
17.770102,2.013374,2.0522676,2.3245358,2.6732068
17.780094,2.002147,2.06659,2.328622,2.6742332
17.790081,2.0006588,2.0803194,2.3228133,2.6528614
17.800077,2.0251775,2.0520036,2.3116128,2.658991
17.810076,2.0098615,2.066576,2.3042946,2.6493278
17.820074,1.9996356,2.062439,2.3029845,2.664739
17.830074,2.017542,2.0566614,2.3030941,2.6450698
17.840076,2.0109847,2.0528338,2.281641,2.628583
17.850077,2.0139987,2.0562704,2.2883067,2.6038485
17.860079,2.0110023,2.0414324,2.270122,2.6061723
17.870075,2.0277698,2.051798,2.2638624,2.6203513
17.880077,2.021456,2.0312624,2.277144,2.586368
17.890076,2.002529,2.0638661,2.2599602,2.581543
17.900078,2.0275972,2.0478203,2.2611673,2.5906324
17.91008,2.014424,2.0211916,2.246107,2.557852
17.92008,2.0112076,2.0315504,2.241447,2.5530999
17.930079,2.0032852,2.028045,2.2437968,2.559598
17.940084,2.0166662,2.0321074,2.2426355,2.5462563
17.950085,2.0278096,2.03257,2.2510328,2.538963
17.960081,2.0133176,2.024024,2.2370043,2.5301113
17.970085,2.0212362,2.0226028,2.2489378,2.5296392
17.980083,2.014585,2.0246582,2.2277808,2.5213077
17.990086,2.0081954,2.0302234,2.2130406,2.5055296
18.000093,2.0348196,2.0271318,2.2031555,2.50816
18.010092,2.0368714,2.00468,2.1870506,2.499688
18.02009,2.045331,2.0211637,2.1936517,2.4963129
18.030085,2.033079,2.026458,2.1939368,2.4992378
18.040087,2.0171275,2.0185664,2.1748226,2.4722557
18.050085,2.0199354,2.0138285,2.1694112,2.4828665
18.060085,2.0177658,2.015775,2.1757636,2.4474945
18.070086,2.022831,2.0079195,2.1577723,2.4560184
18.080082,2.0330932,2.0243902,2.1609142,2.425233
18.090086,2.0494978,2.0291078,2.164716,2.4258418
18.100086,2.0525734,2.0110419,2.1594424,2.4303834
18.110086,2.027789,1.9973499,2.1410458,2.4134912
18.120083,2.0319092,2.016158,2.1444685,2.436056
18.130106,2.0359647,2.029212,2.1626973,2.405689
18.140087,2.0192602,2.0344548,2.1541667,2.37157
18.150084,2.0328736,2.0034313,2.1173108,2.3811939
18.160088,2.0563753,2.009315,2.1248538,2.3832633
18.170086,2.048458,1.993933,2.1145608,2.3509471
18.180084,2.0596786,2.0017605,2.1216156,2.3805473
18.190086,2.0366483,2.0024686,2.1158473,2.3639863
18.200092,2.0504317,2.016034,2.1079938,2.3219056
18.210096,2.0460243,2.001513,2.1044738,2.3208296
18.22063,2.04152,2.0018444,2.1043727,2.3299475
18.230106,2.0680265,1.991416,2.0885322,2.3211634
18.240108,2.026696,2.003623,2.100649,2.3108213
18.2501,2.0635762,1.9995015,2.0887258,2.3009112
18.260105,2.0521977,2.0001056,2.0816061,2.2964568
18.270102,2.0551238,2.0006893,2.0869865,2.3238258
18.2801,2.0394113,2.0123649,2.0763352,2.2925887
18.290089,2.0634618,1.987802,2.0819867,2.2726715
18.300087,2.061768,2.0053139,2.0840833,2.2799456
18.31009,2.0689464,1.9983441,2.099791,2.2778678
18.320082,2.0552773,1.9988133,2.061526,2.254632
18.33008,2.0542817,2.0090683,2.075483,2.2463808
18.340075,2.0847082,1.9919708,2.0539615,2.2586036
18.350075,2.0756361,1.9954071,2.0606413,2.2440946
18.360075,2.064694,2.0043433,2.0605028,2.222743
18.370073,2.0721738,2.01255,2.0675793,2.2377982
18.380074,2.0747008,2.0106165,2.0509505,2.2144623
18.390072,2.0660598,1.9851274,2.0407178,2.225025
18.400076,2.0759237,2.006772,2.0621204,2.2026837
18.41008,2.0746648,2.010559,2.048253,2.2104843
18.420074,2.0720935,2.002622,2.0294724,2.180191
18.430075,2.090264,1.9998971,2.0444515,2.1918228
18.440073,2.0897765,2.0092647,2.0495484,2.1935668
18.450087,2.0897875,1.9980655,2.0488641,2.168486
18.460087,2.0900078,1.9997853,2.0254045,2.177499
18.470085,2.107709,2.0152311,2.0445805,2.1518178
18.480085,2.129929,2.007573,2.022901,2.1323364
18.490084,2.1015017,2.004693,2.0286517,2.1503592
18.500103,2.0940175,1.9968452,2.0225325,2.154006
18.510092,2.1053646,2.0252087,2.0274303,2.1373975
18.520086,2.0936334,2.0103285,2.023415,2.1280005
18.53008,2.0916576,2.0205066,2.0037994,2.1415741
18.540108,2.0915208,1.99347,2.0132506,2.11952
18.550087,2.1175196,2.0143456,2.0283375,2.11063
18.560078,2.1194603,2.0081372,2.0231986,2.1166632
18.570086,2.100956,2.0088432,2.0133247,2.111244
18.580086,2.1210341,2.0113156,2.0091274,2.119231
18.590084,2.1156614,2.003185,2.0049758,2.1024258
18.600092,2.127156,1.99353,2.0075665,2.075148
18.610094,2.1026433,2.0180852,2.004736,2.092751
18.620089,2.1051452,2.0114806,2.0005786,2.0898454
18.630085,2.1282403,2.0357392,2.0127556,2.0980275
18.64011,2.1153486,2.0233798,1.9931957,2.0842052
18.650085,2.1190293,2.0126753,2.0021179,2.077213
18.660086,2.1375198,2.0384893,2.0154102,2.0634623
18.670086,2.1225982,2.0249288,1.9840298,2.069886
18.680082,2.1331213,2.0384436,2.001222,2.0723407
18.690123,2.1405964,2.0258183,2.0107324,2.0391185
18.700108,2.1421962,2.028002,2.0096064,2.0717185
18.713173,2.1309412,2.0396938,2.0152786,2.0398238
18.720789,2.1505487,2.025447,1.9964405,2.0347962
18.730114,2.144103,2.0265934,1.9858445,2.0354247
18.740234,2.170526,2.042217,1.9860126,2.0326383
18.750101,2.1423652,2.0381043,2.0157056,2.041283
18.760096,2.1425664,2.0206957,1.9882773,2.0316074
18.770094,2.1495326,2.0397336,2.0058782,2.0186734
18.780087,2.1639774,2.0526154,1.9777935,2.0224187
18.790073,2.15299,2.0387037,1.9819113,2.0274444
18.80007,2.1540022,2.0469809,2.007299,2.0201304
18.810068,2.1657207,2.0474923,2.014482,2.0170276
18.820068,2.1466482,2.0424821,2.0081468,2.0271392
18.83007,2.158985,2.0643563,1.9913149,2.001218
18.840069,2.1648548,2.0529473,2.0041542,2.0192542
18.850075,2.1686928,2.0839984,1.9805051,2.0342803
18.860075,2.1798413,2.067156,2.0090806,2.0184247
18.870073,2.1669145,2.0788336,1.995914,2.0278769
18.880075,2.1589792,2.0591266,2.0335588,2.0005734
18.890074,2.1793587,2.099198,2.0227115,2.002144
18.900072,2.1754498,2.0577698,2.0184376,1.9963207
18.910076,2.1919687,2.076636,2.0223804,1.9885324
18.920073,2.192187,2.0492895,2.0050955,1.9969056
18.930075,2.1806479,2.0698414,2.0116909,1.9956506
18.940073,2.191421,2.0687861,2.0182261,2.0006084
18.95011,2.202482,2.077137,2.0059915,2.0149407
18.960085,2.2008047,2.0915344,2.0235448,2.020323
18.970083,2.2002108,2.10079,2.0146928,1.9904183
18.980085,2.1907182,2.1054246,2.0173535,2.0193
18.990084,2.193084,2.0781918,2.0536206,1.9839734
19.000084,2.2239065,2.091585,2.0300617,1.9819585
19.010086,2.2123284,2.0998163,2.023881,1.9926448
19.020084,2.1987383,2.113983,2.0158703,1.9921967
19.030087,2.216151,2.099982,2.0337148,1.9936779
19.040083,2.219035,2.105266,2.0360065,1.9900542
19.05011,2.2117743,2.1087418,2.0335906,1.9986773
19.060085,2.220487,2.1048388,2.0331192,1.9850702
19.070086,2.2070856,2.0996048,2.0361602,2.0168543
19.080088,2.2375329,2.1200953,2.0481594,2.0011272
19.090084,2.232389,2.1240263,2.0439234,2.0133593
19.100086,2.2326446,2.1186082,2.047533,2.0025523
19.110083,2.2473528,2.1389253,2.0544624,2.008297
19.120085,2.2444081,2.1334388,2.0665057,2.0077696
19.130085,2.2354,2.12008,2.0577638,2.0001957
19.140085,2.2383254,2.1649683,2.0543528,1.9998381
19.150085,2.2326086,2.1297572,2.0588572,2.0078201
19.160082,2.2467601,2.153556,2.054308,2.0315466
19.170086,2.2349277,2.1342127,2.0711124,2.0221024
19.180084,2.251742,2.1534517,2.0640376,2.0079048
19.190084,2.283661,2.1541789,2.086084,2.0247037
19.200085,2.2585692,2.1648014,2.085727,2.0334046
19.210085,2.2727864,2.151676,2.0931244,2.0309384
19.221224,2.267048,2.1653748,2.0898504,2.0272872
19.232193,2.270302,2.1654668,2.0916579,2.0272162
19.240108,2.2575624,2.1796315,2.0724642,2.035989
19.250095,2.2730656,2.1720257,2.1133788,2.0333257
19.260096,2.253955,2.1907618,2.1097367,2.048371
19.270103,2.2841253,2.1756887,2.1268032,2.0382261
19.280092,2.2915764,2.1828637,2.10508,2.032195
19.290077,2.2686863,2.183377,2.098033,2.0617926
19.300076,2.3066487,2.197367,2.1080954,2.0580714
19.31008,2.3068542,2.192976,2.1289494,2.057833
19.320076,2.2871823,2.1981173,2.129974,2.0669565
19.330078,2.292002,2.2154498,2.1295607,2.0653586
19.340078,2.2969115,2.218738,2.125947,2.077557
19.350075,2.296269,2.216308,2.1394665,2.05826
19.3601,2.2945197,2.2282681,2.1308222,2.0633125
19.370077,2.29736,2.2218814,2.1367137,2.0622878
19.380077,2.3198247,2.2284706,2.124774,2.08549
19.390076,2.3111799,2.2221117,2.1406474,2.0928888
19.400076,2.3156335,2.23288,2.1810482,2.082236
19.410078,2.316758,2.2292433,2.1436868,2.108072
19.420076,2.3073947,2.243098,2.1719444,2.1181192
19.430077,2.3284433,2.2473664,2.1433718,2.1192298
19.440077,2.3371992,2.232767,2.1859,2.0996647
19.450077,2.3353,2.2597852,2.1732342,2.1215444
19.460075,2.3346052,2.228472,2.1979816,2.1082313
19.470076,2.34086,2.2606857,2.1848896,2.1187413
19.480085,2.3437872,2.2536159,2.205111,2.1398466
19.490086,2.3383992,2.257898,2.191706,2.1424832
19.500084,2.3403757,2.2712471,2.2058275,2.1505158
19.510084,2.345807,2.28033,2.2096405,2.1630898
19.520084,2.34576,2.2919636,2.2121162,2.163298
19.530087,2.3430707,2.2940762,2.2274723,2.149185
19.540085,2.3558059,2.2941182,2.228819,2.1742408
19.550087,2.3611653,2.2770984,2.2406995,2.1941082
19.560085,2.3437507,2.3016942,2.2346349,2.187991
19.570105,2.365213,2.2930565,2.252961,2.1908283
19.580086,2.3787313,2.3115084,2.2513628,2.2029164
19.590082,2.3705316,2.3117263,2.2400274,2.2069104
19.600084,2.3637354,2.3115184,2.275562,2.2062705
19.610085,2.3790267,2.3075783,2.2498915,2.2135196
19.620085,2.3749983,2.317363,2.288465,2.218705
19.630085,2.394924,2.327685,2.2651782,2.227561
19.640089,2.3792005,2.3402076,2.2765715,2.2303832
19.65009,2.3923213,2.3386219,2.3111775,2.252743
19.660086,2.3632987,2.3398883,2.2907565,2.2491183
19.670082,2.3888686,2.346393,2.316492,2.2473614
19.680084,2.3955572,2.348835,2.2986262,2.2519712
19.6901,2.4015777,2.3417132,2.3140585,2.2717042
19.7001,2.413026,2.352445,2.3029063,2.2621408
19.710096,2.405344,2.3635945,2.3025002,2.2665951
19.720095,2.4012334,2.363352,2.3331757,2.2934752
19.730112,2.4098542,2.3771603,2.3285408,2.2839003
19.740107,2.4152553,2.3954544,2.336944,2.2974017
19.750095,2.4102137,2.386995,2.3462293,2.3220367
19.760098,2.4139774,2.378046,2.3717437,2.331794
19.7701,2.4331353,2.3998578,2.3557386,2.3220153
19.780085,2.4280958,2.4000595,2.3616889,2.32991
19.790075,2.4333987,2.402935,2.3864777,2.3432653
19.800064,2.4424953,2.4110768,2.3820481,2.322671
19.810062,2.4306087,2.400255,2.3707216,2.3553526
19.820063,2.4526973,2.4201138,2.3835602,2.359679
19.83006,2.4424582,2.4436646,2.3949566,2.358374
19.840061,2.4571276,2.4050112,2.4052675,2.3864498
19.850061,2.4737422,2.4253333,2.3969247,2.3961833
19.860062,2.4470649,2.435609,2.4021845,2.3928165
19.870062,2.4837625,2.4396424,2.4287233,2.3930678
19.880064,2.4703877,2.4413764,2.4318674,2.406363
19.890062,2.4690325,2.45502,2.4394403,2.4023998
19.900063,2.492164,2.4590886,2.4404247,2.402996
19.91006,2.4854445,2.457184,2.447182,2.4276035
19.920061,2.475449,2.4536238,2.4658108,2.4399602
19.930063,2.4665768,2.4741948,2.4561942,2.4430194
19.940062,2.5023718,2.459907,2.4586694,2.4603305
19.95006,2.4904997,2.4586549,2.4564176,2.4579582
19.960062,2.5139065,2.475256,2.4546359,2.4678168
19.970062,2.4854481,2.488984,2.4838605,2.47575
19.980062,2.4883375,2.4835536,2.4906232,2.4903693
19.990063,2.495412,2.4817822,2.4922082,2.4808676
20.000061,2.501487,2.4899173,2.5107894,2.4816234
20.010063,2.4920955,2.4987547,2.5029511,2.5035977
20.02006,2.4965012,2.5159848,2.5045521,2.5175006
20.030064,2.5080862,2.5134323,2.5185235,2.518062
20.040062,2.5141952,2.5212927,2.5377893,2.5360494
20.050062,2.5100093,2.5318046,2.530057,2.5348842
20.060062,2.5086524,2.5250087,2.5330467,2.5444586
20.07006,2.5177288,2.5256515,2.5325105,2.5741944
20.080063,2.524397,2.5507083,2.5469146,2.5562594
20.090061,2.5477684,2.542087,2.5593622,2.5661476
20.100061,2.5347018,2.5472016,2.5592306,2.576328
20.110062,2.5411034,2.557607,2.5628104,2.5754983
20.120062,2.5402882,2.5609794,2.5674114,2.5979743
20.130062,2.5482476,2.5532699,2.5898764,2.611881
20.140062,2.547727,2.5589,2.5790029,2.6164432
20.150064,2.556835,2.5763922,2.5934665,2.611352
20.160063,2.5337393,2.5804253,2.5818923,2.6099644
20.170063,2.559568,2.5799792,2.6170382,2.6398194
20.180061,2.554586,2.5794718,2.6122704,2.6359358
20.190062,2.55176,2.5879881,2.6092331,2.6539056
20.200062,2.563157,2.585989,2.6459835,2.6569192
20.210064,2.559685,2.6130211,2.6468673,2.652761
20.220064,2.5736618,2.6054995,2.6389234,2.6616488
20.230085,2.564803,2.6168253,2.6514807,2.6906028
20.240082,2.584926,2.6103399,2.6550412,2.694288
20.250076,2.5845098,2.6205854,2.6385522,2.6914234
20.26007,2.5952966,2.6108403,2.652766,2.6988115
20.270065,2.5769541,2.619712,2.681923,2.7153435
20.280062,2.5966675,2.6280227,2.678049,2.707499
20.290062,2.6071851,2.64532,2.685007,2.7113423
20.300062,2.5948024,2.635934,2.6926234,2.7388802
20.310062,2.600034,2.6512096,2.6818485,2.716864
20.32006,2.605965,2.6472476,2.6931381,2.7419274
20.330063,2.613253,2.653242,2.7218056,2.7573287
20.340063,2.6064804,2.667885,2.7090669,2.7353334
20.350063,2.6050365,2.6601572,2.7057354,2.7792354
20.360062,2.6332295,2.6638904,2.7124217,2.7711763
20.370062,2.602641,2.6667943,2.731222,2.787448
20.380062,2.6135163,2.6657145,2.7420661,2.782688
20.39006,2.6298096,2.6937468,2.7508507,2.7706788
20.40006,2.617265,2.6949532,2.7560153,2.7945664
20.410063,2.6203873,2.6931782,2.7614543,2.7841036
20.420061,2.631436,2.6764288,2.7609818,2.7949483
20.430061,2.6407077,2.6959012,2.7574854,2.8066702
20.440062,2.6353424,2.6938727,2.7814853,2.834266
20.450062,2.6469302,2.718195,2.780021,2.8342664
20.460062,2.6456482,2.7067502,2.7743926,2.8138113
20.470062,2.6654408,2.7211607,2.7702541,2.8403385
20.48006,2.6336126,2.7157526,2.7824924,2.8526025
20.490063,2.6563761,2.7180552,2.7903028,2.858112
20.500061,2.6649508,2.7362916,2.8113642,2.8528183
20.510063,2.6374624,2.745322,2.814964,2.8613036
20.520061,2.6865005,2.7251225,2.8090065,2.8735266
20.530062,2.6665902,2.7382572,2.810479,2.8662362
20.540062,2.665338,2.7310424,2.7939146,2.868021
20.55006,2.6707988,2.7353342,2.8144789,2.870679
20.560062,2.672806,2.7506678,2.8115788,2.8735259
20.570063,2.6776805,2.7579896,2.8383708,2.8865223
20.580061,2.671983,2.7689726,2.8375506,2.9062524
20.590061,2.6941855,2.7635996,2.842507,2.8919826
20.600061,2.6921093,2.7786195,2.8443837,2.907895
20.610062,2.6856856,2.7587218,2.8500493,2.8996177
20.620062,2.7055833,2.7724347,2.8698523,2.9086213
20.630062,2.6809592,2.7811246,2.8482866,2.8926966
20.640062,2.6968238,2.794639,2.8571737,2.9122376
20.65006,2.7033143,2.791824,2.8623211,2.9241543
20.66006,2.7103472,2.7771208,2.8529007,2.9234319
20.670061,2.7012525,2.807438,2.8865473,2.9391158
20.680061,2.7047124,2.7994328,2.8656087,2.9257634
20.690105,2.7147598,2.8037922,2.8808193,2.9279387
20.700098,2.7251015,2.801309,2.8795295,2.9412448
20.710075,2.725545,2.805004,2.8952043,2.935772
20.720064,2.70901,2.814323,2.8916512,2.9528515
20.730078,2.7161045,2.8009806,2.9021513,2.9497938
20.740086,2.7165956,2.8129745,2.9231527,2.979948
20.750084,2.7227533,2.83025,2.917356,2.963624
20.760086,2.7205536,2.8116612,2.9142423,2.966044
20.77007,2.7250946,2.82662,2.9077837,2.9515076
20.78007,2.7429936,2.8516955,2.9149063,2.9748487
20.790066,2.7413783,2.8450117,2.922965,2.9714031
20.800062,2.7367296,2.8364468,2.9238002,2.9582546
20.810062,2.770222,2.8355308,2.9258623,2.9718099
20.820063,2.7520332,2.8379264,2.92216,2.9868116
20.830063,2.7340925,2.871086,2.9423728,2.985784
20.840061,2.7339606,2.8826246,2.9434028,3.0072293
20.850063,2.7587447,2.8556113,2.9384208,2.9933136
20.860062,2.7602882,2.8699634,2.943209,2.9859102
20.87006,2.752704,2.8722155,2.9606152,2.997959
20.880066,2.7712317,2.8653376,2.9377272,3.0009592
20.890064,2.7518978,2.8733456,2.981737,3.0002973
20.900063,2.755247,2.8855305,2.9456515,2.9988859
20.910063,2.7734542,2.8640997,2.9486213,3.003041
20.920061,2.7634263,2.8675432,2.9536958,2.995419
20.930061,2.7795043,2.882366,2.956125,3.0080326
20.940062,2.775636,2.89486,2.9655106,2.9972744
20.950062,2.7951586,2.8746006,2.9704814,3.0108044
20.960062,2.7813523,2.8945842,2.9821305,3.001615
20.970062,2.799245,2.8951125,2.969234,3.0000165
20.980062,2.7984552,2.900913,2.9726956,3.0043745
20.990063,2.8044634,2.8896282,2.979269,3.0089693
21.000063,2.7947006,2.9056711,2.9849343,2.9977627
21.010063,2.8151925,2.89982,2.977358,2.996922
21.020061,2.7963486,2.9198725,2.9940271,3.0021775
21.030062,2.8082147,2.9264674,2.9732165,2.9950266
21.040062,2.7844486,2.9031708,2.98314,3.0087354
21.050062,2.8192334,2.9223728,2.9653962,3.0058389
21.060062,2.7972085,2.9450648,3.0156815,2.9930642
21.070063,2.8139627,2.9153473,2.9930406,2.9956963
21.080061,2.825404,2.919019,2.9859743,2.9963894
21.090061,2.8484766,2.9272184,2.9900134,2.9886298
21.100061,2.8035088,2.9183695,2.9849057,3.0172663
21.110064,2.825393,2.932186,2.99076,2.9863775
21.120062,2.8381402,2.9423575,3.0003884,2.9883223
21.130062,2.8282185,2.9280038,3.0017574,2.9885788
21.14006,2.8275769,2.945816,2.9877913,2.9975529
21.15006,2.832412,2.9481292,2.9916322,2.9901457
21.16006,2.8161113,2.9348729,3.0017302,2.9772356
21.170061,2.8492668,2.9553757,2.9861422,2.9729247
21.180061,2.8433056,2.9451709,3.0063822,2.9789326
21.190062,2.8255794,2.9656422,2.9916556,2.9658446
21.20006,2.8359644,2.9597018,2.9856899,2.978972
21.210062,2.8501015,2.962707,3.0165195,2.9628901
21.220072,2.846407,2.9577808,2.9946976,2.9590743
21.230082,2.8677611,2.9644675,2.9962704,2.9603515
21.240084,2.8520968,2.969269,3.0171113,2.9855652
21.250076,2.8604758,2.9590285,3.0013707,2.9645586
21.260065,2.8447037,2.950732,2.9935887,2.9512072
21.270075,2.8612752,2.958245,2.9989002,2.9545784
21.280066,2.8507183,2.9686813,2.99872,2.9546652
21.290062,2.8511763,2.97476,2.986603,2.9497848
21.300062,2.8715017,2.9705238,3.0038817,2.9444807
21.310062,2.8693101,2.992754,2.9861648,2.9449108
21.32006,2.8704212,2.988952,2.985881,2.9193401
21.330061,2.8679087,2.9721777,3.008939,2.944432
21.340063,2.8750296,2.986194,3.0124235,2.9254572
21.350063,2.876458,2.9903927,3.008541,2.9202561
21.360062,2.867308,2.9774356,2.991196,2.9018135
21.370062,2.8745947,2.9830556,3.0017376,2.9237936
21.380062,2.8844101,2.9890332,3.0016854,2.9000926
21.39006,2.8958309,2.9810543,2.9932764,2.908317
21.40006,2.8882089,2.9798143,2.996411,2.9209273
21.410063,2.8831894,2.989477,3.0108526,2.892798
21.420061,2.8891869,3.0206676,2.9952955,2.8882976
21.430061,2.9000738,2.9937663,2.9914033,2.8978486
21.440062,2.878016,2.9999511,2.981352,2.8743186
21.450062,2.8896413,2.9945135,2.9888928,2.886706
21.460068,2.880812,2.9918637,2.9667575,2.8768446
21.470062,2.8896537,2.973926,2.9882786,2.8700466
21.480064,2.8848455,2.989734,2.9768987,2.8548126
21.490063,2.9052799,2.9837117,2.9679728,2.8537
21.500061,2.9187155,2.9920201,2.9651074,2.8623981
21.510061,2.8959935,3.0025558,2.9616985,2.857091
21.520063,2.911719,3.0034611,2.9778926,2.8324845
21.530062,2.895028,2.9754322,2.9457078,2.837531
21.540062,2.8967416,3.0084913,2.9628906,2.8316705
21.550062,2.8957407,2.9980557,2.953057,2.821449
21.56006,2.92293,3.010524,2.955613,2.803983
21.570063,2.9159608,2.9917371,2.947571,2.8240573
21.580061,2.929571,3.0088751,2.9706125,2.8088255
21.590061,2.9223921,2.9937038,2.9593346,2.7962136
21.600061,2.9295995,3.0028355,2.9424498,2.8000891
21.610062,2.9368138,3.0175416,2.9557996,2.7995834
21.620062,2.9253683,3.0122013,2.9536786,2.7737267
21.63006,2.9395,3.0010898,2.9331882,2.7779603
21.640064,2.926196,3.0036955,2.9329686,2.7774026
21.650064,2.9117177,2.997452,2.94296,2.7854972
21.660063,2.924107,2.990826,2.9299068,2.7521646
21.670061,2.9385393,2.9942214,2.930658,2.7532866
21.680061,2.9548607,3.0134315,2.924767,2.7431386
21.690102,2.9329534,3.003928,2.9284217,2.7290273
21.700089,2.947593,3.0269253,2.9206605,2.7074814
21.710073,2.9445558,3.0155184,2.9231331,2.7087696
21.720064,2.9350572,2.996952,2.9058206,2.719283
21.730087,2.9520683,3.0027082,2.9236214,2.7042246
21.740093,2.9510686,2.9986985,2.9122093,2.6957896
21.750084,2.9391131,3.0106587,2.9157379,2.6970294
21.760073,2.938749,2.9858615,2.890379,2.6791008
21.770077,2.9589305,2.9788373,2.8923829,2.6783528
21.780062,2.9678824,3.0143611,2.8943276,2.6893806
21.790062,2.9543352,2.9990685,2.89611,2.6522639
21.800062,2.9499211,3.0064745,2.8785553,2.6552696
21.810066,2.945176,2.9776537,2.8690352,2.647652
21.820063,2.956981,2.9994256,2.8778627,2.6283545
21.830061,2.950723,2.974755,2.8731468,2.6206994
21.840061,2.9428596,2.9962077,2.865578,2.630258
21.850061,2.9418812,2.996223,2.874895,2.6176648
21.860062,2.9594026,2.9947684,2.8751023,2.6058493
21.87006,2.9589396,2.9836478,2.858174,2.5833309
21.880066,2.9584074,2.9913654,2.848075,2.5814083
21.890062,2.963901,2.9914896,2.8709142,2.583582
21.90006,2.9506652,2.9926648,2.832257,2.574551
21.910065,2.9814582,2.9763286,2.8382757,2.5765593
21.920061,2.9725788,2.9892197,2.8440356,2.5615406
21.930061,2.9615605,2.9896142,2.8467991,2.547764
21.940062,2.9538467,3.0022287,2.8387954,2.550552
21.950062,2.9552827,2.9951878,2.8216558,2.5576751
21.96006,2.9813607,2.981213,2.807478,2.5411162
21.970072,2.9538443,2.9858706,2.801738,2.5132856
21.980062,2.979148,2.9719162,2.7903361,2.504947
21.99006,2.9680398,2.963746,2.8025327,2.5117111
22.000061,2.9927483,2.98982,2.7938473,2.4967048
22.010065,2.9667552,2.9767184,2.794052,2.506144
22.020061,2.9753907,2.9688032,2.7837036,2.491387
22.030062,2.9781191,2.9649827,2.7745495,2.4809499
22.04006,2.9897692,2.9570339,2.7774203,2.478359
22.050062,2.9767797,2.9581094,2.758983,2.4719145
22.06006,2.9827108,2.9816465,2.7539442,2.4424398
22.07006,2.9892635,2.9589832,2.762471,2.435372
22.080061,2.994533,2.9751086,2.7418556,2.444975
22.090061,3.0101717,2.9846208,2.7408392,2.4401586
22.100061,2.983859,2.9427135,2.7445881,2.4199312
22.110062,2.99593,2.941773,2.7480903,2.417417
22.120062,2.9833057,2.9607544,2.732692,2.4060936
22.130062,2.988647,2.9691849,2.7198675,2.405316
22.14006,2.9927316,2.9586754,2.7230542,2.40816
22.15006,3.0006254,2.935705,2.7020142,2.3881378
22.16006,2.980043,2.943825,2.7008998,2.3826995
22.170061,2.9948378,2.9297655,2.6992903,2.350997
22.180061,2.9913197,2.9435883,2.6926103,2.3426383
22.19006,2.9926014,2.9568055,2.691911,2.3387096
22.200062,2.9863117,2.9257913,2.6823356,2.3483546
22.210062,2.99695,2.9299402,2.682975,2.3359482
22.22006,2.9906213,2.9507341,2.6705768,2.3222456
22.230082,2.9989252,2.9306436,2.6777,2.316295
22.240088,2.9992464,2.9416003,2.6699617,2.3175585
22.250082,2.9995902,2.9144018,2.6455019,2.3102436
22.260078,2.984906,2.9147189,2.6289966,2.32287
22.270065,3.011374,2.913932,2.6564429,2.3035781
22.28006,2.9958854,2.919242,2.6265209,2.2713628
22.290062,2.9993865,2.9199138,2.6252546,2.290039
22.300062,2.9971113,2.917732,2.6177695,2.2763731
22.31006,3.0008507,2.9257636,2.6076784,2.2706008
22.32006,2.982384,2.9123263,2.6309085,2.2699852
22.330061,2.9951053,2.916462,2.5927517,2.2406433
22.340061,3.014394,2.906912,2.5905797,2.2198634
22.350061,3.0050442,2.9031088,2.6115272,2.2283418
22.360062,2.9895306,2.89728,2.5660048,2.227472
22.370062,2.9824317,2.8958743,2.5917869,2.2211614
22.380062,2.9794507,2.8938932,2.577949,2.2211013
22.39006,2.9872155,2.8829176,2.5699081,2.2185585
22.40006,3.0090752,2.8920908,2.55454,2.211948
22.41006,3.0015786,2.8636553,2.573357,2.1943827
22.420061,2.9981546,2.8893442,2.5578756,2.1926396
22.430061,2.9877493,2.8808546,2.5351572,2.188086
22.44006,2.994285,2.8723369,2.5465958,2.1882439
22.450062,2.9806988,2.886039,2.5328975,2.192448
22.460062,3.0127258,2.8755865,2.5190206,2.1886888
22.47006,3.0115952,2.864962,2.5176988,2.1488934
22.48006,2.9962616,2.857839,2.5223763,2.1535766
22.49006,3.0079913,2.8603802,2.5068514,2.1452494
22.500061,2.9943218,2.8567967,2.5103624,2.1395829
22.510061,2.9932623,2.8502991,2.4898324,2.1479917
22.520061,3.0048006,2.835576,2.4937234,2.1254692
22.530062,2.98763,2.8433256,2.4992824,2.13094
22.540062,2.9954915,2.8578792,2.4740198,2.12575
22.550062,3.0029624,2.8408928,2.4619899,2.128578
22.56006,2.984641,2.8156326,2.4658108,2.120195
22.570063,2.9845014,2.8198647,2.446871,2.1133425
22.580061,2.9997234,2.810062,2.4468858,2.0875266
22.59006,2.9927251,2.8115313,2.4322505,2.0933316
22.600061,3.0045497,2.8297703,2.4248738,2.1116934
22.610062,3.0159667,2.818007,2.4132667,2.0807729
22.62006,2.9940412,2.8093135,2.4019284,2.1012843
22.63006,3.0096266,2.7896357,2.4175436,2.0679717
22.64006,3.0131311,2.8216336,2.4246182,2.0865512
22.65006,2.9988642,2.8007014,2.4028108,2.0558445
22.66006,2.9963543,2.783721,2.4160182,2.0689414
22.670061,2.9966273,2.779028,2.3953195,2.06812
22.680061,3.0014007,2.7972348,2.3662968,2.0655942
22.690105,3.0009072,2.7722058,2.3798583,2.0540943
22.70114,3.0040557,2.7793837,2.359015,2.046342
22.71008,3.0215445,2.7918994,2.3657072,2.0576305
22.720064,2.987893,2.7555702,2.358102,2.0670314
22.730083,3.0005145,2.7801688,2.3621898,2.0574582
22.740095,3.0002317,2.757946,2.3623302,2.030239
22.750082,2.9952369,2.7835217,2.3513582,2.0473528
22.760075,2.995287,2.7628531,2.348762,2.0244784
22.770065,2.9837387,2.7554266,2.336459,2.0462356
22.780064,2.990353,2.7502093,2.3309247,2.035249
22.790062,2.9763563,2.7334962,2.3198724,2.018623
22.80006,2.9914992,2.7272959,2.3163803,2.0224316
22.810062,2.9633095,2.7150922,2.295732,2.0115204
22.82006,2.990144,2.7325163,2.302911,2.0146635
22.83006,2.9996457,2.7274356,2.3041294,2.0110495
22.840061,3.001978,2.7276437,2.3037443,2.0376086
22.850061,2.984435,2.7115083,2.3144596,2.0170376
22.860062,2.9915268,2.7137341,2.277767,2.0188277
22.870062,2.983826,2.7167072,2.2750106,2.0211613
22.880062,2.9767137,2.6914327,2.2645228,2.0105512
22.89007,2.993114,2.7226236,2.2677608,2.0065606
22.90006,2.9909093,2.691194,2.2547026,2.0150523
22.910065,2.9731483,2.688199,2.2599838,1.9900606
22.920061,2.9812505,2.6947544,2.241073,2.018166
22.930061,2.9736164,2.680869,2.2490876,2.0217283
22.940062,2.9946563,2.6815372,2.2340178,2.0177796
22.950062,2.970776,2.6975706,2.2402236,2.010283
22.960062,2.9720502,2.6642373,2.2199512,1.9949524
22.97006,2.9855297,2.6555839,2.2179735,2.0146081
22.980062,2.970589,2.6704946,2.2222662,1.999965
22.990063,2.9724112,2.649091,2.2217484,1.9946312
23.000065,2.979608,2.657981,2.2296271,1.9918128
23.010065,2.9641576,2.662077,2.2068946,2.0053523
23.020061,2.983924,2.6348445,2.1890352,1.999929
23.030062,2.9810824,2.6313062,2.2036948,1.9992917
23.04006,2.9694016,2.6427507,2.1813529,2.0047321
23.050062,2.974559,2.6326282,2.1910527,2.0113356
23.06006,2.9823833,2.6297843,2.1718595,1.9995624
23.07006,2.9701045,2.6236002,2.1903117,1.9843326
23.080061,2.966352,2.609334,2.1588113,2.0035436
23.090061,2.9701467,2.6174128,2.1772623,1.9870924
23.100061,2.971281,2.6291192,2.1584914,1.9978641
23.110064,2.9661844,2.6118155,2.1606789,1.9896798
23.120062,2.9666045,2.591595,2.1485894,2.0028443
23.130062,2.9445202,2.593658,2.1653316,2.009036
23.14006,2.961949,2.5733647,2.1489186,2.012407
23.15006,2.9723177,2.5831633,2.1324787,2.0099494
23.16006,2.9564927,2.5745738,2.1354215,2.0210757
23.170061,2.9482284,2.5806642,2.1542554,2.012677
23.180061,2.954599,2.559178,2.1176348,2.0177157
23.19006,2.9610171,2.5690691,2.1254873,2.0369306
23.200062,2.9482434,2.5602028,2.1089368,2.0341458
23.210062,2.9602747,2.5508394,2.103123,2.0236425
23.22006,2.9512427,2.5618005,2.1067832,2.0468493
23.23011,2.951371,2.5477374,2.1068008,2.0314887
23.240095,2.932156,2.538887,2.1065135,2.0305424
23.250084,2.9462023,2.5482557,2.0979142,2.0273747
23.260075,2.9579117,2.5526967,2.106364,2.0303886
23.270065,2.929455,2.5203183,2.0905194,2.0318875
23.280064,2.9556558,2.512301,2.0947802,2.0447943
23.29006,2.9483624,2.509121,2.088505,2.059444
23.30006,2.92451,2.5253882,2.0746973,2.0697331
23.31006,2.9252465,2.515348,2.0878596,2.0614958
23.32006,2.928737,2.5029602,2.071895,2.0561018
23.33006,2.9256673,2.5193577,2.0726972,2.0618312
23.340061,2.934539,2.4892359,2.047829,2.0865285
23.350061,2.9275649,2.4785898,2.0691938,2.083901
23.36006,2.922414,2.487786,2.059275,2.0775564
23.370062,2.9443028,2.4988463,2.0663557,2.0818431
23.380062,2.9310946,2.479473,2.0596895,2.0828657
23.39006,2.9220428,2.465539,2.0586267,2.098945
23.40006,2.9173791,2.4943147,2.0325537,2.1061766
23.41006,2.9265776,2.4520438,2.0410223,2.0800874
23.420061,2.9274535,2.459927,2.0621798,2.1149273
23.430061,2.8996391,2.4632328,2.0397754,2.1210692
23.440062,2.9146848,2.46244,2.0324535,2.1236618
23.45006,2.912371,2.4547698,2.037333,2.131027
23.460062,2.927124,2.437399,2.0376284,2.1226797
23.470062,2.8861208,2.4350076,2.0284731,2.1445382
23.48006,2.8923028,2.4341104,2.030371,2.1441422
23.49006,2.8811898,2.4238222,2.0175948,2.159084
23.500061,2.9099653,2.4178638,2.0161643,2.1447234
23.510061,2.9026794,2.4045913,2.0214403,2.1589265
23.520061,2.9100592,2.4133291,2.0438836,2.1531856
23.530062,2.8979354,2.414516,2.020896,2.1684473
23.54006,2.8933487,2.397262,2.0203238,2.1801813
23.55006,2.8893275,2.3919916,2.028451,2.1738944
23.56006,2.8881688,2.3925443,2.0117695,2.1824744
23.57006,2.896986,2.3873346,1.9953439,2.1889482
23.580061,2.897458,2.3959057,2.0083535,2.1983125
23.590061,2.8725016,2.3753617,2.0098085,2.2045302
23.60006,2.8817415,2.3685215,2.0193348,2.2150977
23.610062,2.8906054,2.3661954,2.0106633,2.2047296
23.62006,2.8813164,2.3574324,2.0061746,2.2148378
23.63006,2.8604205,2.3661087,2.022976,2.2139723
23.640062,2.8738256,2.3670206,2.0097582,2.227253
23.650063,2.8695717,2.3387682,1.9958347,2.2382054
23.66006,2.8777947,2.3413267,2.0025563,2.2543793
23.670061,2.8790133,2.349647,1.9869555,2.2708163
23.680061,2.8759453,2.3482187,2.0181735,2.2548816
23.690416,2.886853,2.3334737,1.9981796,2.2742386
23.700087,2.860148,2.3158445,1.9916791,2.2490444
23.710073,2.8620844,2.3263407,1.9979099,2.2772465
23.720064,2.85167,2.3214805,1.9876183,2.2905605
23.730928,2.8445318,2.2992656,1.991302,2.3006558
23.740099,2.847326,2.302256,2.0093553,2.3105307
23.750086,2.8520248,2.2995598,2.0001907,2.3052661
23.760075,2.8426154,2.3027537,1.995627,2.3133118
23.770065,2.8580277,2.3050985,2.011044,2.3019497
23.780066,2.8352776,2.3037953,2.0023663,2.3441863
23.790062,2.8554657,2.3004282,1.9868445,2.3255029
23.800062,2.843753,2.2840898,2.0075629,2.3409793
23.810062,2.843827,2.2903852,2.0087416,2.3401282
23.82006,2.838775,2.2711186,2.0029862,2.363241
23.830061,2.8620894,2.2644513,2.0065222,2.3691955
23.840061,2.8374603,2.267195,1.9944249,2.3735864
23.850061,2.8163538,2.2662466,2.0132499,2.3717284
23.86006,2.8443637,2.2790792,2.0065024,2.379443
23.870062,2.826176,2.265165,2.0041304,2.3855474
23.880062,2.816053,2.25567,2.0074377,2.3991807
23.89006,2.8338382,2.24968,2.0311697,2.4139345
23.90006,2.8183384,2.2531874,2.01266,2.4184368
23.910063,2.8273048,2.2421026,2.009143,2.4455578
23.920061,2.7969408,2.254404,2.0192542,2.4501066
23.930061,2.8137088,2.24212,2.025453,2.4419045
23.940062,2.8229074,2.2331789,2.0072389,2.4688287
23.950062,2.8022306,2.2045827,2.0262544,2.4597933
23.96006,2.8241568,2.2141125,2.0026994,2.4647386
23.970062,2.7869697,2.2190957,2.0309958,2.4652393
23.98006,2.786724,2.2034295,2.0161912,2.4890106
23.99006,2.787673,2.207047,2.0286036,2.4857216
24.000061,2.7939584,2.1914153,2.0176334,2.500511
24.010065,2.7784498,2.2065501,2.0151107,2.5103815
24.020061,2.7945776,2.2129052,2.021664,2.5142298
24.030062,2.786355,2.196508,2.0190384,2.5264971
24.040062,2.7903793,2.1893811,2.048055,2.5371654
24.05006,2.7759895,2.1838326,2.0347726,2.526077
24.06006,2.7863073,2.1858199,2.0452497,2.5586925
24.07006,2.7870867,2.181098,2.0447721,2.5514336
24.080061,2.7664301,2.1970186,2.0413513,2.5548491
24.090061,2.7726784,2.1860957,2.0419033,2.5916383
24.100063,2.7747307,2.1804678,2.0483742,2.5758874
24.110062,2.7632926,2.1582453,2.0511928,2.5884323
24.12006,2.7746305,2.1729238,2.0505016,2.597916
24.130062,2.7619944,2.1666758,2.0613482,2.5975678
24.14006,2.7560117,2.1611896,2.0687108,2.6197543
24.15006,2.7688532,2.1523495,2.0567956,2.6273482
24.16006,2.7614872,2.1411295,2.0682924,2.6226444
24.170061,2.746321,2.1418931,2.0652378,2.6224313
24.180061,2.7664478,2.1461163,2.0784302,2.6351845
24.190062,2.7476356,2.1488948,2.0897484,2.6322358
24.200062,2.7339733,2.1400354,2.070181,2.668977
24.21006,2.7429342,2.130206,2.0722675,2.649745
24.22006,2.7329407,2.1377108,2.0953343,2.6693938
24.2301,2.7460961,2.1143434,2.094629,2.6646159
24.2401,2.7275352,2.1392615,2.0908651,2.6716113
24.250084,2.7262583,2.131902,2.1122742,2.6772187
24.260075,2.7297976,2.1109407,2.103935,2.7079232
24.270067,2.724882,2.131106,2.1011176,2.6956398
24.280062,2.7144825,2.1185951,2.110126,2.7314765
24.290062,2.7134657,2.115457,2.1155403,2.719995
24.30006,2.690347,2.112424,2.1090248,2.7199876
24.310062,2.7048173,2.0920115,2.1138053,2.743626
24.32006,2.7160022,2.0827494,2.1270602,2.732067
24.330061,2.7147737,2.112631,2.121454,2.7531872
24.340061,2.699266,2.09481,2.1397893,2.7566354
24.350061,2.6925457,2.100585,2.1334467,2.7600703
24.360062,2.7008753,2.101485,2.128115,2.747929
24.37006,2.6904058,2.0802698,2.1507704,2.770612
24.38006,2.7077258,2.0768178,2.1384306,2.7953618
24.39006,2.6881115,2.079016,2.1376069,2.7700937
24.40006,2.6604624,2.084071,2.1580203,2.7851634
24.41006,2.6742458,2.0779855,2.1789246,2.8118668
24.420061,2.6805682,2.0829868,2.1549559,2.8107305
24.430061,2.6665888,2.0768745,2.202315,2.8097472
24.440062,2.683725,2.0781527,2.1816,2.820287
24.450062,2.670072,2.0729828,2.1725385,2.8167593
24.46006,2.6728084,2.0676029,2.1997042,2.823526
24.47006,2.6856909,2.0614858,2.1972117,2.8332214
24.48006,2.6575558,2.0645347,2.2095318,2.8377304
24.49006,2.6485386,2.043277,2.206092,2.8569975
24.500063,2.6775885,2.0571716,2.1990018,2.8353186
24.510065,2.644018,2.0471814,2.2055008,2.856544
24.520061,2.6253643,2.0427566,2.2315493,2.847443
24.530062,2.6534715,2.0331662,2.223474,2.8683548
24.540062,2.6484516,2.035852,2.2257626,2.8785307
24.55006,2.6557348,2.0453591,2.2293189,2.8652728
24.56006,2.6543024,2.041152,2.2485886,2.87999
24.57006,2.635689,2.0455065,2.2338245,2.8807974
24.580061,2.6174378,2.0332174,2.2455575,2.89471
24.590061,2.6222405,2.0177057,2.2667189,2.897755
24.600061,2.6249082,2.0307386,2.2565553,2.892615
24.610062,2.6416,2.0229032,2.2564614,2.9168112
24.62006,2.6292717,2.041903,2.270565,2.9201555
24.63006,2.6124294,2.040066,2.2839932,2.9343836
24.64006,2.6207285,2.0274863,2.2781746,2.9330103
24.65006,2.6104655,2.011071,2.280638,2.9275808
24.66006,2.5999217,2.0097284,2.293779,2.920844
24.670061,2.6034331,2.0106351,2.3044884,2.9375331
24.68006,2.6150517,2.017268,2.3075492,2.9329572
24.690409,2.5922422,2.019732,2.3256824,2.9436333
24.700087,2.5966015,2.0202954,2.3271527,2.950911
24.710077,2.6056046,2.0163999,2.3124688,2.9357688
24.720066,2.5722444,2.0245442,2.3307986,2.9486897
24.730078,2.5761585,2.016571,2.3331928,2.9518359
24.740065,2.5903156,2.0191748,2.3492613,2.9549217
24.750086,2.5902214,2.0179727,2.3305144,2.9685028
24.76008,2.5856106,2.025398,2.3543222,2.9625008
24.770075,2.5689843,2.0274792,2.3457615,2.9690404
24.78011,2.5572095,2.0317268,2.363653,2.9758186
24.79009,2.5686517,2.0149472,2.374742,2.9741864
24.800087,2.558564,2.0086665,2.3632798,2.9724522
24.810087,2.5634298,2.0093172,2.3832874,2.9917474
24.820084,2.5368743,1.9963797,2.3979077,2.9854255
24.830086,2.5473223,2.00053,2.3943934,2.9753675
24.840084,2.5297227,2.0057905,2.394414,2.9829025
24.850082,2.5667844,1.9987237,2.406788,2.9888437
24.860085,2.5500245,1.993616,2.4164867,3.0046835
24.870085,2.5407193,2.0085359,2.409989,2.9789064
24.880096,2.5381005,2.0021038,2.4230747,2.9894705
24.890089,2.5499513,2.003761,2.4339762,3.022483
24.900091,2.5391147,2.0057168,2.4581275,2.9808514
24.910091,2.518602,2.0063133,2.4447143,2.992224
24.92009,2.5291893,1.997308,2.4585137,3.0065985
24.930086,2.526615,1.9864169,2.4539685,3.0077033
24.940086,2.5140126,1.9961585,2.4654846,2.9995723
24.950087,2.5250833,1.9972472,2.4710124,2.994105
24.960083,2.505016,2.0121698,2.4630468,2.9939082
24.970083,2.5295794,2.0115225,2.4837027,3.0003312
24.980108,2.494673,2.00591,2.4875574,2.9974217
24.990088,2.5126343,2.0046244,2.4977229,2.9976978
25.000093,2.4982347,2.01416,2.501098,3.0022142
25.010096,2.4802356,1.996876,2.494676,2.9953659
25.020088,2.498509,1.9871945,2.522405,2.9989715
25.030083,2.490382,2.0080297,2.4841466,2.9856844
25.040085,2.488624,2.0075107,2.5281298,2.990241
25.050085,2.4864936,2.0007753,2.5216758,3.004042
25.060083,2.475937,1.9915032,2.521801,2.9884496
25.070084,2.470505,1.9896636,2.5508661,2.9868166
25.080107,2.46187,2.002023,2.543344,2.9954224
25.090082,2.474417,2.0029562,2.5347853,2.967638
25.100086,2.4786048,2.0181003,2.5678973,3.002185
25.11009,2.4619749,2.0049393,2.578464,2.980634
25.120085,2.4691794,2.0134315,2.571492,2.9987223
25.130085,2.4679005,1.9874314,2.561466,2.9948416
25.140081,2.4615803,2.0135543,2.5856917,2.9774969
25.150085,2.452386,2.0175533,2.5899758,2.9877226
25.160084,2.4483912,2.0195608,2.5951073,2.968513
25.170082,2.4345584,2.0012317,2.6085753,2.9701986
25.180105,2.4478006,1.995359,2.6050627,2.982446
25.190083,2.4295793,2.020002,2.6019077,2.974428
25.200104,2.4265249,2.0214026,2.6198828,2.9549234
25.210089,2.450812,2.0217965,2.6373754,2.9662354
25.220089,2.4445264,2.0063732,2.6338649,2.9683576
25.2302,2.4383645,2.0042164,2.6344974,2.9782748
25.240128,2.4270267,2.0171688,2.6343932,2.9607315
25.250113,2.4142933,2.0115163,2.6401243,2.9548814
25.260105,2.4220586,2.024188,2.6562319,2.9702194
25.270102,2.411539,2.0124476,2.657446,2.9358423
25.28023,2.4031806,2.013876,2.6712215,2.9486063
25.290077,2.4054704,2.0090208,2.6819425,2.9368362
25.300081,2.4117415,2.0215018,2.6895325,2.9360166
25.310072,2.4083707,2.0144427,2.685849,2.955957
25.320068,2.407075,2.035877,2.691777,2.9411602
25.330067,2.4013417,2.020817,2.7199874,2.9358559
25.340067,2.4059815,2.0312645,2.7066507,2.9198108
25.350067,2.3904357,2.028372,2.7113047,2.9203656
25.360067,2.3986828,2.0396657,2.7118804,2.9097884
25.370068,2.3854337,2.0212762,2.738644,2.9141934
25.380102,2.3858705,2.0335672,2.733212,2.9099226
25.390083,2.3526843,2.049209,2.7439556,2.918312
25.400084,2.3773413,2.0428874,2.755664,2.9171584
25.410086,2.3603687,2.035902,2.7365189,2.9288316
25.420084,2.3668108,2.038128,2.738785,2.9018328
25.430084,2.3825526,2.0428667,2.7474792,2.8876576
25.440084,2.3576927,2.0404813,2.7674763,2.881576
25.45008,2.3626952,2.0344958,2.7816868,2.8652732
25.460085,2.3530097,2.049288,2.7822425,2.874039
25.470083,2.3567424,2.0317628,2.7887688,2.856462
25.480104,2.348778,2.040077,2.7959392,2.854271
25.490086,2.3439548,2.0513494,2.8017125,2.8576639
25.500082,2.3585162,2.0697212,2.7883127,2.8373382
25.510082,2.3560703,2.0503356,2.8072486,2.8426237
25.520084,2.3229415,2.0483596,2.8152862,2.834181
25.530085,2.3448,2.068622,2.8124113,2.8353019
25.540113,2.334591,2.0705376,2.8202462,2.8271434
25.55009,2.3221705,2.042766,2.8132038,2.828675
25.560081,2.3402987,2.052463,2.8139558,2.829015
25.570084,2.3077264,2.077528,2.8404233,2.7992656
25.580109,2.328034,2.0712087,2.8341265,2.8022037
25.590078,2.3142142,2.0709603,2.819703,2.7969394
25.600084,2.3081648,2.0772922,2.859555,2.8005269
25.610086,2.3364708,2.0829277,2.8479855,2.7984247
25.62008,2.3088968,2.0847278,2.8460023,2.7883744
25.630085,2.3189132,2.0920975,2.8712115,2.7731395
25.640089,2.3080678,2.0974808,2.8646924,2.7662618
25.650087,2.3067384,2.0989535,2.8634665,2.7605052
25.660082,2.291194,2.1008253,2.8635688,2.7474277
25.670086,2.3009582,2.0995708,2.871888,2.7576623
25.680105,2.293163,2.0917196,2.882585,2.7483845
25.690115,2.2767038,2.0888846,2.8708916,2.7352154
25.700453,2.2811844,2.1221287,2.8867762,2.727054
25.710121,2.281378,2.121006,2.8833265,2.7312918
25.720093,2.2877882,2.0987215,2.8971992,2.6916518
25.730116,2.2790675,2.111037,2.888011,2.711489
25.740099,2.264197,2.1276407,2.9076324,2.6999002
25.750113,2.284334,2.129109,2.9116483,2.7060523
25.76011,2.272875,2.1168652,2.906699,2.695597
25.770096,2.2723446,2.1164415,2.923666,2.6694846
25.780203,2.2657738,2.1380618,2.9096103,2.6799333
25.79009,2.2801232,2.1369767,2.919758,2.6494148
25.800081,2.2728841,2.1409442,2.908587,2.660688
25.810074,2.264516,2.1482484,2.9331806,2.6610212
25.82007,2.2605903,2.1553955,2.9391963,2.6353018
25.830067,2.2520056,2.130867,2.9220402,2.6253014
25.840067,2.2444775,2.1641035,2.925404,2.642322
25.850069,2.2534647,2.1478262,2.9293773,2.6186469
25.860067,2.2360947,2.152585,2.9373274,2.6111934
25.870068,2.223764,2.1548839,2.950585,2.5847297
25.880066,2.229891,2.1409934,2.9585476,2.6019278
25.890083,2.2370827,2.1548846,2.9529562,2.578406
25.900087,2.2372458,2.168012,2.954762,2.579167
25.910086,2.228775,2.1533122,2.9564033,2.5780144
25.920086,2.2094998,2.167944,2.964894,2.5636303
25.930084,2.2348218,2.1923642,2.9627786,2.544258
25.940086,2.2200527,2.1764991,2.968709,2.5568166
25.950085,2.2279286,2.1925542,2.96499,2.5460312
25.960081,2.2059686,2.1947536,2.9760993,2.5228274
25.970081,2.2229085,2.200037,2.9553626,2.5217018
25.980085,2.2031503,2.2031393,2.9739363,2.5187175
25.990093,2.216536,2.1984816,2.9952757,2.5157745
26.000088,2.2055786,2.1941013,2.9802303,2.5043585
26.010088,2.2092512,2.2245007,2.9682708,2.4906027
26.02008,2.1908698,2.2096844,2.9931343,2.4795358
26.03008,2.2138028,2.2285006,2.998819,2.462458
26.040085,2.1997862,2.214698,2.9861245,2.462858
26.050083,2.2022934,2.2146862,2.9751267,2.4583871
26.060085,2.2016737,2.2429278,2.9568975,2.4495387
26.070086,2.174156,2.2267811,2.978723,2.4524302
26.080082,2.1875513,2.2432058,2.9875746,2.433241
26.090082,2.177865,2.236178,3.0002184,2.4237494
26.100073,2.1798732,2.2424965,2.9792662,2.4203901
26.110092,2.1843255,2.257893,2.9780476,2.4117963
26.120085,2.169862,2.2424874,2.99508,2.4018824
26.130085,2.1732569,2.2526267,2.9835684,2.3903933
26.140085,2.175045,2.2545543,2.9950113,2.3995295
26.150084,2.1811502,2.2649295,2.9917028,2.3876636
26.160082,2.1674912,2.270029,2.9775639,2.3613636
26.170084,2.1713305,2.2766113,3.001149,2.3759222
26.180084,2.170566,2.2956903,3.0141947,2.3757033
26.190094,2.1741927,2.268544,3.0051236,2.356339
26.200083,2.135576,2.287369,3.0024734,2.3563309
26.210089,2.167034,2.312228,2.997394,2.3331249
26.22008,2.1633217,2.2954395,3.007068,2.319426
26.230116,2.1510537,2.3057694,2.9830623,2.3184912
26.240389,2.142596,2.3015797,2.9942389,2.3043997
26.250101,2.139643,2.3192742,3.0052009,2.312034
26.260096,2.1325238,2.311253,3.012691,2.304462
26.270103,2.1379945,2.3045633,3.0159533,2.2944288
26.280113,2.1330993,2.3215163,2.9895053,2.3024817
26.290194,2.155292,2.329076,2.9974864,2.2826915
26.300076,2.1564202,2.3218143,2.9828837,2.293826
26.310072,2.134051,2.3382542,3.0018098,2.25282
26.320068,2.132759,2.3378263,2.9774451,2.250238
26.330072,2.1252198,2.3437996,3.0086598,2.2517202
26.340069,2.1361227,2.3367782,3.0073538,2.2532866
26.35007,2.123152,2.352524,2.9975622,2.2281783
26.360071,2.1321392,2.347165,2.9947398,2.234382
26.370071,2.109956,2.3600168,2.9790058,2.2201138
26.38007,2.1266127,2.376173,2.9976351,2.2071075
26.39007,2.1247451,2.3739693,2.9931169,2.2098153
26.40007,2.1127203,2.381277,2.984752,2.1932137
26.410084,2.124362,2.3773093,2.989611,2.1926503
26.420084,2.123525,2.3876421,2.982346,2.1891782
26.430082,2.120421,2.4056368,2.990818,2.177478
26.440084,2.0931742,2.414801,2.9688487,2.1857924
26.450087,2.1004589,2.3863707,2.9745643,2.1761458
26.460085,2.123549,2.3977606,2.9959123,2.1848848
26.470085,2.1144269,2.4119778,2.9769936,2.16189
26.480085,2.0988543,2.4146986,3.0055215,2.1365032
26.490093,2.1003428,2.418033,2.993559,2.138582
26.50009,2.0886157,2.4193301,2.9973536,2.1458895
26.510084,2.095784,2.423586,2.967628,2.140833
26.520084,2.1081421,2.4313889,2.9698126,2.1316922
26.530085,2.0983124,2.4302707,2.9769385,2.1274273
26.540087,2.0845919,2.4446461,2.96229,2.1284294
26.550087,2.0910556,2.4212658,2.9667544,2.12002
26.560081,2.0795627,2.4541335,2.9652746,2.1317987
26.570086,2.087931,2.4403164,2.9514487,2.1069238
26.580084,2.0696704,2.4744754,2.9585,2.1016583
26.590082,2.078175,2.4619155,2.9424808,2.0980399
26.600105,2.0695486,2.4576628,2.9438627,2.1156032
26.61009,2.0608184,2.4706533,2.961081,2.0919373
26.620085,2.0793304,2.4718852,2.9494762,2.0712736
26.630081,2.0558517,2.4973948,2.9567916,2.0714333
26.640087,2.0752485,2.4861512,2.9478087,2.0963187
26.650082,2.0617537,2.493371,2.9383957,2.073161
26.660086,2.070573,2.4941902,2.9341722,2.0761433
26.670086,2.0722659,2.5026171,2.9450052,2.0717459
26.680082,2.05294,2.517546,2.9216962,2.0523221
26.690113,2.0512645,2.5238373,2.9289064,2.0551987
26.700098,2.035086,2.5146973,2.9286776,2.0692503
26.71011,2.0681603,2.517203,2.897156,2.0430834
26.720089,2.0466576,2.5206342,2.9149086,2.0495918
26.73011,2.0664425,2.5332909,2.9010744,2.0294805
26.740122,2.0470455,2.5268292,2.9264126,2.037906
26.750206,2.0440054,2.547421,2.8959215,2.035642
26.760096,2.0517633,2.5258727,2.918257,2.0334117
26.770096,2.0659475,2.541966,2.8901627,2.0383954
26.780107,2.0430984,2.5552652,2.884344,2.0245085
26.790102,2.0549433,2.5568526,2.8980587,2.031971
26.800085,2.048233,2.5643764,2.883388,2.00388
26.810072,2.0398376,2.567928,2.8783836,2.0248072
26.82007,2.036176,2.569807,2.8848524,2.0255592
26.83007,2.0657713,2.569202,2.8652973,2.0293038
26.84007,2.0235558,2.580345,2.8803089,2.0170753
26.850073,2.0487792,2.585811,2.8693874,2.0041926
26.860071,2.0491292,2.5876186,2.855656,2.0279055
26.87007,2.0390062,2.5920963,2.873928,2.027587
26.88007,2.0402913,2.599679,2.8377934,2.007436
26.89007,2.0487697,2.5950727,2.8507457,1.995162
26.90007,2.0479739,2.6194344,2.843748,2.0130987
26.910086,2.033326,2.6174853,2.8285635,1.9938079
26.920084,2.0453327,2.627058,2.8335202,2.000106
26.930084,2.0160286,2.5971403,2.8358357,1.9946142
26.940084,2.0318646,2.6185236,2.8289356,2.0006654
26.950085,2.0208373,2.6399872,2.8227963,1.9972637
26.960085,2.0335364,2.6246424,2.8048708,1.9934042
26.970083,2.0300834,2.6402512,2.82522,1.9955317
26.98008,2.0336077,2.6413832,2.817579,1.9935048
26.99009,2.020841,2.6430116,2.8059728,2.0087647
27.000095,2.0046105,2.6630304,2.7849991,2.002327
27.010092,2.0165446,2.656203,2.796456,2.008436
27.020084,2.0185702,2.6618965,2.7640836,2.0136178
27.030085,2.0126143,2.675702,2.7690134,1.9857767
27.040081,2.0185819,2.6616616,2.7897885,2.0139472
27.050085,2.0231833,2.6926417,2.7634778,1.9805107
27.060083,2.0131898,2.6868255,2.7604752,1.9962877
27.070086,2.0119672,2.68243,2.7578435,2.0032141
27.080084,2.0224528,2.6826181,2.7671394,1.9999872
27.090084,2.0209472,2.7080429,2.734033,2.0220153
27.100082,2.0093422,2.6937423,2.7508528,2.0085433
27.110083,2.036481,2.6989598,2.7328365,1.9991949
27.120083,2.0076377,2.7018776,2.72119,2.0237746
27.130085,1.994175,2.7160845,2.7150946,2.0235968
27.140085,1.9986126,2.7049363,2.712498,2.0113795
27.150082,2.0147526,2.7240202,2.7069986,2.0156207
27.160082,2.014958,2.7021089,2.7033463,2.0086987
27.170082,2.0030293,2.728582,2.7008142,2.0214512
27.180084,2.0171177,2.7345195,2.7017946,2.0163398
27.190083,2.000892,2.7462704,2.6857345,2.0202682
27.20009,2.0079262,2.737366,2.7018752,2.038716
27.210087,1.9941841,2.7411716,2.6793118,2.0290232
27.220083,2.0211973,2.7485397,2.6643648,2.0269408
27.230122,2.0096633,2.757714,2.665284,2.0461817
27.2405,1.9906688,2.7503507,2.6573844,2.021451
27.250101,1.9900018,2.7566714,2.6435678,2.0393436
27.260094,2.0080163,2.7777977,2.6427755,2.0391695
27.27011,2.0185778,2.7741883,2.6487706,2.037561
27.280111,2.0032206,2.7818012,2.6364503,2.0509152
27.290104,2.0082355,2.7983115,2.6261005,2.040012
27.300064,1.999087,2.7696528,2.6419275,2.0643163
27.310076,2.006639,2.8010805,2.6098323,2.0736053
27.320072,2.0140016,2.78235,2.6099806,2.0532253
27.330072,2.0017045,2.7879024,2.610736,2.0697014
27.34007,2.0169663,2.7912912,2.605331,2.0770242
27.350069,1.9986339,2.802165,2.5767517,2.062597
27.360071,2.009552,2.7966218,2.6033947,2.0687394
27.37007,2.008251,2.8146932,2.5737174,2.0758371
27.38007,1.9977329,2.8098397,2.5727994,2.0966282
27.39007,2.0034797,2.8110282,2.5716097,2.0931427
27.400072,2.0124779,2.812745,2.571836,2.0949814
27.41007,1.9844257,2.8122017,2.537937,2.10397
27.420078,1.9925103,2.8184934,2.5478165,2.1046076
27.430086,1.9809072,2.8258953,2.5406919,2.1008914
27.440084,1.9946227,2.840753,2.5291615,2.1397934
27.450085,1.9990778,2.84761,2.526734,2.1214535
27.460083,1.9888542,2.8416927,2.515242,2.1306453
27.47008,2.0146668,2.843748,2.532755,2.1444688
27.480083,1.9993594,2.8458264,2.5250762,2.1362185
27.490086,2.0030427,2.8666484,2.504021,2.143827
27.50009,1.9977981,2.8496318,2.5024817,2.152408
27.510086,2.00652,2.857442,2.4740632,2.1353774
27.520084,2.0080452,2.8567247,2.4972153,2.1589177
27.530087,1.9896837,2.8767548,2.489442,2.1514468
27.540085,1.9901496,2.8578002,2.4670582,2.160914
27.550083,2.0007272,2.8682606,2.4782631,2.168828
27.560081,2.0170155,2.8928,2.4652007,2.1785767
27.570084,2.012911,2.8723857,2.4616132,2.1697469
27.580084,2.0046537,2.874043,2.4317312,2.2091465
27.59008,2.0018623,2.894269,2.4328651,2.1976595
27.600088,2.0046227,2.8850875,2.4435909,2.2211428
27.610098,2.0008428,2.8982599,2.4360154,2.2175674
27.620083,2.0043325,2.8897994,2.4359994,2.207583
27.630083,1.9964923,2.895609,2.4066398,2.2294264
27.640095,2.004152,2.87459,2.411281,2.221117
27.650087,2.0033095,2.879547,2.4046607,2.2427022
27.660091,2.0063465,2.9138298,2.3901365,2.2619119
27.670088,1.9991692,2.9123566,2.3738554,2.2390769
27.680086,2.0020862,2.9249246,2.3785048,2.273832
27.690123,2.0064697,2.913607,2.3798418,2.275876
27.700125,2.0013182,2.915017,2.387397,2.2748868
27.710192,2.0075104,2.9370189,2.3779633,2.2844276
27.720087,2.0001082,2.9124353,2.3720043,2.2947426
27.730104,2.0041552,2.9192994,2.3680913,2.2919
27.740105,1.9933747,2.935867,2.3481305,2.2910602
27.7501,1.9966846,2.928205,2.3477056,2.29956
27.76009,2.0023732,2.9279912,2.3277678,2.3201597
27.770063,2.0215876,2.9275568,2.3381414,2.3275273
27.7801,1.9995781,2.9268646,2.3515363,2.3084247
27.79009,2.0219364,2.9449737,2.315186,2.3314836
27.800066,1.9916534,2.9366326,2.3195395,2.3440747
27.81008,2.0276027,2.9279966,2.2992647,2.3602762
27.820072,2.0047235,2.9360733,2.305532,2.3726077
27.830072,1.9960409,2.9539344,2.2949283,2.3578684
27.840073,2.0025876,2.944246,2.299365,2.3853626
27.850075,2.0134094,2.9371486,2.2750022,2.3675368
27.860073,2.019678,2.9523308,2.2701645,2.3974376
27.870073,2.0080514,2.9495535,2.2784371,2.3926234
27.880072,2.041894,2.9389677,2.2676709,2.4078734
27.890074,2.024351,2.9608479,2.264991,2.401918
27.900074,2.030616,2.9620452,2.2698488,2.4265387
27.910078,2.0244868,2.9762845,2.2667456,2.41656
27.920073,2.005209,2.9590247,2.2454169,2.4391332
27.930086,2.015972,2.9708765,2.2394254,2.4447465
27.940084,2.0136473,2.9484282,2.2333856,2.4578273
27.95008,2.0187588,2.9718525,2.2152548,2.455222
27.960083,2.036066,2.9713635,2.2360926,2.477453
27.970085,2.0170379,2.9655986,2.2015119,2.4673102
27.980085,2.0347111,2.980297,2.2283742,2.4517987
27.990084,2.0263793,2.9803884,2.2092326,2.4736574
28.000097,2.031446,2.9782681,2.203146,2.516773
28.010092,2.0265079,2.9720025,2.1994352,2.5073712
28.02008,2.022088,2.9859073,2.1981926,2.512029
28.030085,2.0407422,2.973933,2.1723497,2.5292208
28.040081,2.0255716,2.9744756,2.184498,2.539532
28.050083,2.0352402,2.9862237,2.175249,2.5333633
28.060085,2.0170636,2.9910812,2.1842544,2.5466874
28.070082,2.0239072,2.9704692,2.1958096,2.564872
28.080086,2.042878,2.992379,2.1748083,2.571152
28.090084,2.0334647,2.9768174,2.1647744,2.567563
28.100086,2.050019,2.985713,2.1771796,2.5709736
28.110086,2.034707,3.0027905,2.1372523,2.593193
28.120085,2.0289264,2.996138,2.1254346,2.5890555
28.130085,2.0406444,2.9912803,2.146131,2.6014965
28.140085,2.0321445,2.9859664,2.144206,2.595816
28.150084,2.035316,2.9741864,2.1163898,2.6028244
28.160084,2.0380788,2.9739268,2.1421669,2.6212306
28.170084,2.0411818,2.9937408,2.1168299,2.6405065
28.180084,2.0394647,2.9638956,2.11303,2.625018
28.190083,2.0539057,2.9747791,2.1480317,2.6485295
28.200085,2.042745,2.9984417,2.1102424,2.6504688
28.210096,2.040551,2.9861217,2.1090906,2.6511247
28.220093,2.0482304,2.999578,2.0980322,2.6782746
28.230135,2.05149,2.993148,2.0977497,2.6784787
28.240145,2.0652244,3.010029,2.1011424,2.6803734
28.250116,2.0631206,2.9784615,2.1115234,2.7062016
28.260107,2.0582495,3.0050726,2.0852833,2.6927238
28.2701,2.0677,2.9910903,2.0898395,2.6854074
28.280111,2.0569003,2.9870782,2.0993922,2.7009287
28.290783,2.0650454,2.9964144,2.0957284,2.709341
28.300068,2.0385273,2.9735742,2.0813293,2.716262
28.310093,2.0527334,3.0093472,2.0736043,2.727316
28.320082,2.0750098,3.0125897,2.085293,2.7396674
28.330072,2.0651612,2.989122,2.06423,2.7547967
28.34007,2.0855365,2.9991865,2.061285,2.7627883
28.35007,2.0686886,2.991757,2.0657454,2.7578738
28.360071,2.0666113,3.0007875,2.0497928,2.778905
28.370071,2.0567052,3.004218,2.0669875,2.7945075
28.380072,2.0915186,3.0167973,2.037685,2.7642777
28.39007,2.0829875,2.9997623,2.0290508,2.7882814
28.400034,2.0916882,2.9998126,2.0467055,2.8182988
28.410074,2.09397,2.9833791,2.057006,2.8044615
28.42007,2.0652814,2.9909592,2.0323796,2.7936318
28.430084,2.0794456,3.0048244,2.0262275,2.8120153
28.440086,2.0828645,2.983001,2.0520005,2.805623
28.450085,2.0809216,2.9948447,2.0402167,2.8175461
28.460083,2.0936062,2.9996054,2.0029976,2.8382857
28.470085,2.0887551,2.9956853,2.0360222,2.8412676
28.480082,2.0832639,2.9804988,2.0292592,2.8276696
28.490084,2.0889003,2.989415,2.0343015,2.8566742
28.500103,2.0846417,2.990165,2.035934,2.8577976
28.51009,2.1082473,2.9886746,2.0084548,2.8565347
28.520086,2.0890994,2.9903831,2.0075052,2.8614945
28.530083,2.101753,3.0003898,2.0167139,2.8806748
28.540087,2.0982578,3.002261,1.9946715,2.8724792
28.550085,2.1136038,2.9836884,1.9872853,2.890338
28.560083,2.0842535,3.0008655,2.0165145,2.875281
28.570084,2.101219,2.9778125,2.010908,2.887895
28.580076,2.1251788,2.9761245,2.011706,2.8738148
28.590084,2.1133242,2.9740033,2.0022893,2.9172246
28.60009,2.1176717,2.9714594,2.020465,2.8991766
28.610092,2.1126008,2.973169,1.9983952,2.9216135
28.620085,2.1249192,2.972764,2.0003996,2.9173636
28.630085,2.131645,2.9844384,2.0262537,2.9076817
28.640085,2.1373472,2.974153,2.0134575,2.9281104
28.65008,2.1409485,2.9664624,2.0052216,2.933653
28.660086,2.133645,2.9907875,2.012884,2.9070961
28.670084,2.121109,2.9688203,1.9995873,2.9355092
28.680084,2.1255414,2.9783576,2.0010319,2.9423022
28.690115,2.1348567,2.9591238,1.9892246,2.9494064
28.701345,2.1319942,2.946549,2.0125625,2.9464095
28.71012,2.144465,2.9638581,1.9975789,2.966221
28.720097,2.1246328,2.9681976,1.9916545,2.952274
28.730103,2.1411726,2.9771388,2.0122492,2.96696
28.741161,2.1522317,2.9590902,2.0048523,2.9560628
28.750105,2.1569858,2.9710832,1.9801303,2.9684405
28.760101,2.1646461,2.9576774,2.0225554,2.9477348
28.770103,2.1331265,2.954094,1.9859737,2.9658756
28.780088,2.1290486,2.9502687,1.9926181,2.9697034
28.790094,2.1689012,2.9715912,1.999338,2.9638867
28.800081,2.1709409,2.9629443,2.0010903,2.9742808
28.810078,2.169143,2.9466796,1.9863242,2.9814596
28.820076,2.1722968,2.9575834,2.0048103,2.972034
28.83007,2.1629105,2.9352517,1.9856893,2.9761577
28.840067,2.158789,2.9496539,1.9957854,2.9801447
28.850069,2.1535974,2.9572425,2.0096495,2.9648077
28.86007,2.1687012,2.9350436,1.9920788,3.0080209
28.87007,2.1649952,2.930953,2.0112092,2.981521
28.88007,2.175375,2.9431455,1.9995283,3.0038726
28.890068,2.1696093,2.9286902,2.0107455,2.9999654
28.900068,2.1700637,2.929551,2.0020778,3.0013113
28.910069,2.1668606,2.9339414,2.012894,2.9794626
28.920069,2.191063,2.925694,1.9906179,3.0013332
28.930084,2.1932225,2.9089682,2.0190847,2.9939308
28.94008,2.186137,2.9244552,2.0233045,2.9927988
28.950085,2.1916492,2.92039,2.018489,2.988374
28.960085,2.1972818,2.9327822,2.0187445,3.0097885
28.970083,2.2065434,2.8987052,2.0283728,3.0008762
28.980083,2.1988344,2.9098575,2.0151672,3.0000007
28.990084,2.2006862,2.923787,2.02095,3.0265443
29.000097,2.197874,2.9036374,2.0334132,3.009729
29.01009,2.2080686,2.9005032,2.033937,2.993214
29.020084,2.2139952,2.8987477,2.037212,3.0207431
29.030087,2.2230046,2.8911784,2.0387218,3.00349
29.040087,2.2365534,2.8705475,2.0273728,2.9949787
29.050085,2.2053971,2.8797143,2.034988,2.9892135
29.060083,2.2170033,2.8809497,2.0330775,2.987282
29.070082,2.2295494,2.8771956,2.0507386,3.0039303
29.080086,2.2442167,2.8774874,2.0210261,2.9759276
29.090086,2.2081056,2.879976,2.0579913,3.0085747
29.100084,2.2283196,2.8789968,2.0509558,2.9958098
29.110086,2.226881,2.8599231,2.0358505,2.9962373
29.120085,2.240379,2.8775826,2.045981,2.9946315
29.130081,2.2438307,2.858005,2.059981,3.0056915
29.140085,2.2237737,2.845159,2.0704553,2.987815
29.150085,2.232982,2.854601,2.0495968,2.9931238
29.160084,2.24654,2.8479295,2.0648167,2.9932704
29.170084,2.2652051,2.8484523,2.0512512,2.9875538
29.18008,2.242284,2.8445883,2.0557377,2.9855163
29.190084,2.2618794,2.8433597,2.0692647,2.9843132
29.20008,2.2529428,2.8335788,2.0673223,2.947154
29.210083,2.2419825,2.8482933,2.066602,2.9878778
29.220083,2.2579932,2.84554,2.0874515,2.9720988
29.230087,2.2602696,2.8308182,2.0816631,2.9708152
29.241201,2.273882,2.8180108,2.095512,2.9443839
29.253208,2.2759836,2.8332539,2.0997503,2.946229
29.260105,2.2554324,2.817963,2.0980716,2.949946
29.270096,2.286752,2.848828,2.1103115,2.9632556
29.280117,2.2845364,2.8157272,2.116836,2.9436696
29.290096,2.2848544,2.789773,2.1036925,2.9411345
29.300098,2.2690046,2.803563,2.112896,2.9439402
29.310085,2.2863216,2.7966871,2.1067796,2.941756
29.320086,2.301823,2.7869759,2.1322572,2.9553425
29.33007,2.310714,2.8092077,2.1388383,2.9421728
29.340069,2.2972791,2.7967324,2.1241355,2.9256666
29.350069,2.3114326,2.7941904,2.1241767,2.9313478
29.36007,2.3094096,2.7884054,2.1452968,2.926271
29.370068,2.2982435,2.779287,2.1471884,2.9285083
29.380068,2.3263507,2.7633286,2.1595101,2.9087465
29.390068,2.3071606,2.7683818,2.150156,2.9170244
29.400066,2.3000777,2.7598739,2.1527545,2.914484
29.410069,2.3304498,2.7670436,2.160877,2.89583
29.420069,2.3144507,2.7518759,2.1687188,2.886296
29.430084,2.3377402,2.7570338,2.173454,2.8843691
29.440086,2.3419995,2.751495,2.1658037,2.8916147
29.450087,2.3213058,2.7584121,2.1816711,2.868997
29.460085,2.341428,2.7359252,2.18229,2.8763764
29.470087,2.3212452,2.7381294,2.1977606,2.8795664
29.480082,2.34014,2.7380896,2.2092304,2.86838
29.490084,2.3323228,2.7351663,2.2034883,2.85619
29.500082,2.3527095,2.7305644,2.196003,2.8582964
29.510084,2.3439817,2.7247407,2.2048872,2.8435216
29.520082,2.3559844,2.709337,2.2118409,2.8400018
29.530085,2.368837,2.6818933,2.2186213,2.8299587
29.540083,2.3720942,2.7093,2.2242098,2.839331
29.550081,2.3653493,2.6993537,2.2468946,2.8359988
29.560085,2.3670359,2.694352,2.2392683,2.8428686
29.570084,2.3881626,2.7078965,2.2302518,2.8196824
29.580084,2.3694336,2.7041612,2.2543705,2.8051832
29.590084,2.3775668,2.6971471,2.2496793,2.7912505
29.600084,2.3734653,2.6773286,2.2636542,2.797359
29.610083,2.3745189,2.6725209,2.2634544,2.784523
29.620083,2.4019582,2.64457,2.2628405,2.7675893
29.630083,2.391867,2.6525044,2.2655385,2.7867258
29.640087,2.3820772,2.6591241,2.2846491,2.7682648
29.65009,2.3948243,2.6644204,2.2777967,2.7600834
29.660078,2.3920395,2.657351,2.2913296,2.761732
29.670082,2.4050186,2.6667445,2.3002899,2.7541401
29.680086,2.4102993,2.6598904,2.3157208,2.7461615
29.690096,2.4119153,2.6341872,2.3121042,2.739988
29.700098,2.4191434,2.639612,2.3237307,2.7236564
29.7101,2.403273,2.6448352,2.3139646,2.7243505
29.720095,2.410244,2.6350915,2.339355,2.7120395
29.730091,2.4287362,2.600042,2.3442338,2.703002
29.740095,2.4366722,2.6226177,2.3341568,2.7082992
29.750076,2.405526,2.604558,2.3493156,2.6915193
29.760101,2.4391923,2.6125844,2.3614783,2.681863
29.77009,2.440939,2.6124682,2.349441,2.6843383
29.780092,2.4379263,2.6087136,2.3738801,2.6688712
29.790098,2.4272234,2.5824547,2.3672657,2.6673844
29.800087,2.446257,2.590618,2.3827004,2.664037
29.810078,2.4453115,2.583498,2.3813045,2.6380363
29.820076,2.4464123,2.587126,2.3988261,2.64443
29.830074,2.4374745,2.5833106,2.3878717,2.6233406
29.840073,2.4610329,2.5909503,2.4134276,2.6143703
29.85007,2.4560864,2.568535,2.4023514,2.6169732
29.860086,2.4525375,2.5647395,2.420712,2.6186311
29.870073,2.454562,2.564384,2.4232352,2.6109693
29.880074,2.4532323,2.5486958,2.4295056,2.5841165
29.890081,2.4607835,2.5329258,2.4133554,2.5918438
29.900072,2.4554272,2.5615914,2.43753,2.583762
29.910076,2.48099,2.5384052,2.4363499,2.5612876
29.920073,2.476722,2.538425,2.4619498,2.5622566
29.930084,2.4617925,2.5327861,2.460475,2.5664935
29.940084,2.4715393,2.516948,2.4585752,2.5367696
29.950085,2.4752579,2.537284,2.46976,2.5362608
29.960085,2.483296,2.5317914,2.4722762,2.5218222
29.970083,2.493007,2.5234005,2.4882722,2.5162418
29.980083,2.5017605,2.5112817,2.4712412,2.519738
29.990086,2.5033453,2.519241,2.5042205,2.5156307
30.000084,2.487932,2.493022,2.5057032,2.4905791
30.010086,2.499747,2.4949079,2.5306015,2.4832292
30.020079,2.5012696,2.48106,2.501927,2.495492
30.030087,2.5325215,2.4945698,2.5140681,2.4802234
30.040085,2.4987266,2.486907,2.5135398,2.4646907
30.050085,2.5190904,2.463393,2.5255177,2.4612985
30.060083,2.516043,2.4790134,2.5233243,2.4561012
30.070084,2.5119736,2.4692664,2.5483851,2.4291265
30.080084,2.5455923,2.4666235,2.5462632,2.4354887
30.090082,2.5161552,2.462746,2.5560813,2.447226
30.100082,2.5237727,2.4602349,2.571299,2.4246612
30.110085,2.53224,2.4571035,2.578504,2.4025161
30.120083,2.5262604,2.4250872,2.5759308,2.3892775
30.130085,2.5257463,2.4407554,2.56885,2.4085362
30.140081,2.5258424,2.4214516,2.6041002,2.4003174
30.153156,2.534358,2.4163036,2.5936027,2.3805552
30.160128,2.556231,2.422629,2.5787663,2.377578
30.171305,2.5626082,2.4509432,2.6126146,2.3692465
30.180168,2.546319,2.4127624,2.6037292,2.3475773
30.190205,2.5389042,2.4059424,2.6153328,2.33982
30.200123,2.557256,2.3866684,2.6215167,2.3481731
30.210094,2.5701823,2.3931136,2.6359138,2.347112
30.220089,2.560896,2.3951135,2.6323555,2.3220897
30.231045,2.590193,2.4018304,2.6387093,2.3122354
30.240091,2.5579429,2.3779066,2.636886,2.3134952
30.250105,2.582132,2.3779337,2.6477454,2.2979295
30.260098,2.5843427,2.386192,2.6710517,2.290436
30.27009,2.589253,2.3762898,2.6788833,2.276306
30.280079,2.5806358,2.3734696,2.6557527,2.2897902
30.290071,2.608471,2.3567083,2.680106,2.305964
30.300068,2.6033738,2.3651764,2.6875415,2.279796
30.310074,2.5927572,2.363347,2.7023644,2.267735
30.32007,2.6187568,2.3437393,2.7160518,2.2739067
30.330076,2.615009,2.3322723,2.7106502,2.2468052
30.340076,2.6092954,2.3343656,2.703922,2.2582307
30.350079,2.602031,2.3375483,2.7187629,2.2420373
30.360077,2.6009274,2.3281856,2.7183452,2.2258143
30.370075,2.6146061,2.3359122,2.7301183,2.231605
30.380074,2.6019108,2.3099155,2.73961,2.2207434
30.390076,2.620069,2.3279266,2.7356791,2.215222
30.400078,2.6317255,2.3097918,2.7370057,2.2005346
30.410082,2.632422,2.3113902,2.760322,2.1947832
30.420076,2.6281824,2.2921503,2.7579315,2.2022882
30.430084,2.657299,2.313515,2.7606149,2.1728716
30.440086,2.633613,2.3041725,2.7679188,2.180787
30.450083,2.6469254,2.280597,2.7520087,2.1909194
30.460085,2.6387396,2.2860777,2.7672877,2.16861
30.470083,2.6544707,2.281284,2.7701306,2.171546
30.480085,2.6364431,2.2971988,2.7970881,2.156179
30.490086,2.6377995,2.266078,2.776105,2.1536026
30.500088,2.6556365,2.2839684,2.800459,2.1556153
30.51009,2.650001,2.273033,2.8093889,2.1615722
30.520084,2.6715026,2.2798991,2.7872262,2.126013
30.530085,2.654646,2.2497962,2.8105972,2.1279874
30.540085,2.6564977,2.2555616,2.814237,2.1236985
30.550085,2.6764264,2.2321393,2.8062818,2.1163204
30.560083,2.6832392,2.2540715,2.8306088,2.1281543
30.570084,2.6758573,2.250528,2.822763,2.101357
30.580086,2.6686473,2.228388,2.834034,2.109995
30.590082,2.6563294,2.2335153,2.844301,2.1042328
30.600092,2.678702,2.220088,2.8475027,2.0984495
30.610096,2.696258,2.2174454,2.8447583,2.0913148
30.620083,2.6833014,2.2235367,2.8678248,2.1030202
30.630083,2.6876416,2.226038,2.852932,2.0843587
30.640085,2.6982834,2.2182274,2.8616967,2.068686
30.650084,2.7024436,2.219137,2.8653119,2.0709145
30.660084,2.705945,2.1960447,2.859122,2.0713298
30.670082,2.6879396,2.2174869,2.8729186,2.075852
30.680084,2.6977253,2.196826,2.8599186,2.087357
30.69012,2.7011797,2.2149405,2.8830538,2.0495512
30.700111,2.7057946,2.1826994,2.8896906,2.0465107
30.710125,2.708466,2.1922386,2.8918607,2.0585384
30.720102,2.7286222,2.18442,2.8967228,2.042332
30.731491,2.726253,2.1772757,2.9057887,2.0347333
30.740103,2.7362866,2.1804519,2.8940732,2.039658
30.750084,2.729309,2.1834135,2.9027867,2.0386608
30.760098,2.733197,2.1808639,2.9042459,2.0177183
30.770092,2.7113125,2.1552815,2.9005306,2.0259972
30.780098,2.7307286,2.1616578,2.9264991,2.0379117
30.790125,2.750035,2.1604161,2.9324071,2.0224645
30.8001,2.7456117,2.1579826,2.9420063,2.0122833
30.810081,2.75238,2.1452975,2.9459062,2.0168834
30.820076,2.7569122,2.139571,2.9168684,2.0069134
30.830069,2.749184,2.1573784,2.91999,2.027887
30.840069,2.7485282,2.1488993,2.9419572,2.0080655
30.850069,2.756329,2.1497338,2.946205,2.010015
30.86007,2.7392304,2.1541278,2.9494739,2.0202692
30.87008,2.760925,2.133258,2.9536858,2.024949
30.88008,2.7515006,2.1407354,2.9488046,2.0004387
30.89007,2.7548997,2.13667,2.9600627,1.9910127
30.90007,2.7835739,2.1114075,2.9551826,2.004771
30.91007,2.7520044,2.1084795,2.956877,2.0111623
30.920069,2.787498,2.125366,2.961264,2.016925
30.930082,2.7811751,2.106701,2.962253,2.0071657
30.940084,2.7891934,2.105029,2.963847,2.0095189
30.950085,2.78954,2.1134708,2.9645493,1.9927049
30.960087,2.788073,2.11841,2.9661422,1.9981313
30.970083,2.7860315,2.086439,2.97274,2.010207
30.980083,2.784807,2.0901313,2.971842,2.0025163
30.990086,2.7898767,2.0794044,2.9931808,2.004454
31.000088,2.7875876,2.0840082,2.9716477,1.9909338
31.010094,2.80339,2.0822732,2.9715168,2.0006583
31.020084,2.7965858,2.0866256,2.9756963,1.9848784
31.030087,2.793043,2.084428,2.9716396,2.0031707
31.040085,2.8007264,2.0934687,2.9874132,2.007332
31.050083,2.79266,2.0940135,2.9951978,2.0038755
31.060085,2.8122768,2.071621,2.9871144,1.9902453
31.070084,2.8222566,2.0719593,2.988937,1.9877956
31.080084,2.823219,2.0787673,2.9850054,2.0026226
31.090084,2.8135026,2.085205,3.0113702,2.012591
31.100088,2.8209205,2.0836759,2.9988732,2.0216613
31.110085,2.8386369,2.0794647,3.0101857,2.0095932
31.120085,2.8393803,2.0649736,2.998015,1.9918917
31.130085,2.8172035,2.0719845,2.9869602,2.00844
31.140083,2.8302343,2.0639613,2.992056,1.9995303
31.150085,2.8184667,2.0704548,2.9927616,2.0208125
31.160086,2.8256104,2.058654,2.990674,2.0182962
31.170084,2.8333583,2.0457177,2.9905157,2.0187836
31.180084,2.8469198,2.0534425,3.0069547,2.0313995
31.190086,2.841061,2.0479193,2.999727,2.0195718
31.20009,2.8348048,2.0466514,3.0118012,2.0159905
31.21009,2.8628821,2.0476289,2.9911761,2.0290527
31.220083,2.8433926,2.0364728,2.9767563,2.040007
31.230085,2.8518844,2.0332165,3.0004067,2.0320888
31.240122,2.8569195,2.0437024,3.0058584,2.0191677
31.253204,2.8644505,2.0334704,3.010211,2.049432
31.2601,2.8538234,2.0567267,2.9956505,2.041436
31.27008,2.8561513,2.0546732,2.9923308,2.0299582
31.280113,2.870302,2.043608,3.0058827,2.0252998
31.29012,2.8502924,2.0339184,2.9989517,2.05139
31.300104,2.8738225,2.038625,3.0111446,2.0434268
31.310093,2.872131,2.0255077,2.9967878,2.038002
31.320087,2.87254,2.0302763,2.98559,2.0650256
31.330069,2.869081,2.0262907,3.0059576,2.060914
31.340069,2.8705287,2.0398724,3.0023978,2.0597637
31.350067,2.8688774,2.0281193,2.9859397,2.0629363
31.36007,2.864987,2.009986,3.0147283,2.0864482
31.37007,2.8886893,2.0153198,2.9937413,2.0809708
31.38007,2.898477,2.0105176,3.0048566,2.0844402
31.39007,2.8904796,2.0030153,2.9859693,2.084821
31.400072,2.895881,2.0218701,2.990007,2.0740857
31.410072,2.8814447,2.0239158,2.9804235,2.0846457
31.42007,2.8918388,1.9909546,2.9767976,2.1022403
31.430084,2.8895981,2.0281398,2.988837,2.1053054
31.440086,2.8956716,2.0018334,3.0015411,2.1166372
31.450085,2.8929262,2.0254812,2.970121,2.133065
31.460083,2.8836386,2.0100327,2.992345,2.1329956
31.470081,2.8853385,2.0247624,2.9758577,2.1262946
31.480078,2.89797,1.9930501,2.9677591,2.1399565
31.490088,2.90992,1.9803685,2.9836533,2.1315494
31.500097,2.921877,2.0150728,2.9745684,2.1511369
31.51009,2.927276,1.9932393,2.9572492,2.1576443
31.520086,2.9201431,1.9975841,2.978568,2.1650722
31.530085,2.9125037,1.99271,2.9546573,2.1590002
31.540085,2.915294,2.0065324,2.9832144,2.167549
31.550085,2.9156678,2.0218894,2.954907,2.1746948
31.560083,2.91689,2.0044758,2.9543986,2.188099
31.570086,2.9207973,1.9981549,2.9692817,2.1949432
31.580084,2.919303,1.9952273,2.954757,2.2095544
31.590086,2.9141085,1.9958159,2.9596934,2.2002165
31.600092,2.9142635,1.9992505,2.9614172,2.2058482
31.61009,2.9182584,2.0051694,2.9475586,2.2084262
31.620085,2.9207625,1.987405,2.9207363,2.2180648
31.630087,2.9207518,2.003276,2.9503214,2.2267954
31.640097,2.9291518,2.003165,2.952376,2.2367904
31.650093,2.9340854,2.00648,2.9268913,2.2306376
31.660084,2.9287627,2.0009482,2.916773,2.2457044
31.670086,2.9432113,1.9903557,2.936222,2.2497475
31.680084,2.9351544,2.0075858,2.9214406,2.2578115
31.690113,2.9351497,2.0073135,2.906457,2.268736
31.701178,2.954297,1.9913772,2.928091,2.2726417
31.710108,2.9319868,1.9957637,2.9034698,2.2770405
31.720766,2.9269347,1.9867939,2.920491,2.273963
31.730114,2.9588919,2.0018003,2.9155293,2.2992723
31.740156,2.956818,1.9992938,2.9121814,2.2918282
31.750217,2.9527411,2.013091,2.9234822,2.3154993
31.760107,2.9316893,2.0092003,2.889222,2.3316483
31.771576,2.9627147,1.9936908,2.8904247,2.3224962
31.780102,2.9488392,1.9967061,2.8938184,2.3271434
31.790106,2.9548497,1.9829527,2.8868437,2.3468971
31.80009,2.964555,2.002554,2.8770268,2.3308768
31.810108,2.952267,1.9943621,2.887955,2.3448722
31.820166,2.9551163,2.0051794,2.8857195,2.345596
31.830067,2.9589164,1.9924039,2.8521454,2.3638308
31.840063,2.9566126,2.0022125,2.8621697,2.352019
31.850061,2.946299,2.0120654,2.8579564,2.379718
31.860062,2.9650345,2.017636,2.871909,2.4053426
31.870062,2.937815,2.0205379,2.865065,2.3879914
31.880062,2.9803848,2.0081646,2.8493516,2.4232886
31.89006,2.963137,2.0069237,2.8458636,2.4085026
31.900064,2.9640157,2.0016818,2.8461063,2.4160018
31.910063,2.968063,2.0029008,2.8420491,2.4265246
31.920063,2.9567657,2.0052507,2.8284676,2.4250278
31.930061,2.944023,2.013697,2.8280194,2.458548
31.940062,2.969508,2.0063727,2.8268964,2.456561
31.95006,2.9776008,1.9982775,2.8157115,2.4583106
31.960062,2.97046,2.0085313,2.8090353,2.45287
31.970062,2.9836845,2.015286,2.7936788,2.4803553
31.98006,2.9501219,2.017376,2.7841344,2.484508
31.99006,2.9773939,2.032515,2.7807055,2.4823778
32.00006,2.9636948,2.0271473,2.788428,2.483203
32.010063,2.9679422,2.0381715,2.7834446,2.5059319
32.02006,2.9752321,2.0270813,2.7886503,2.527428
32.03006,2.980915,2.029815,2.7802725,2.5064144
32.040062,2.9816687,2.016498,2.7799892,2.52213
32.05006,2.9694915,2.046309,2.7681096,2.5434897
32.060062,2.9856498,2.0385783,2.7633348,2.5395334
32.07006,2.9672506,1.994386,2.7538288,2.5531616
32.080063,2.9903443,2.0464308,2.7510347,2.5520551
32.09006,2.9824073,2.0235631,2.7370925,2.5801823
32.100025,2.9801307,2.0561385,2.735741,2.5750117
32.11006,2.9845283,2.0321057,2.7459207,2.5918226
32.12006,2.9902682,2.040837,2.7152717,2.5753655
32.13006,2.9942365,2.0441384,2.7288768,2.6040475
32.14006,2.979108,2.0420835,2.7307694,2.6052625
32.150063,2.9850883,2.0540943,2.716541,2.6209056
32.16006,2.997376,2.0418792,2.7102888,2.6245992
32.170063,3.0087774,2.0664375,2.6947715,2.646546
32.18006,2.9952078,2.040433,2.6933901,2.6443405
32.190063,3.009371,2.0630426,2.6817954,2.6380768
32.20006,2.997474,2.0606513,2.6691997,2.649268
32.210064,2.994694,2.0631373,2.6840715,2.6566975
32.220062,2.9995713,2.0710785,2.672232,2.6409519
32.23006,3.0006335,2.069458,2.681696,2.6855438
32.24009,2.991906,2.0725465,2.6697447,2.705215
32.25009,2.99796,2.0777366,2.6745598,2.6788933
32.260082,2.9994335,2.0765054,2.641985,2.710209
32.270077,2.9846075,2.0747573,2.6344752,2.710789
32.280067,3.0080516,2.09084,2.6417422,2.7201037
32.290062,2.9829192,2.0771713,2.6114006,2.7107563
32.30006,2.989564,2.0829406,2.6263475,2.7347293
32.310062,3.0066926,2.0913353,2.599843,2.741227
32.32006,2.9874556,2.078651,2.6249294,2.7399313
32.330063,3.0127332,2.0662222,2.6104836,2.7752037
32.34006,2.992625,2.1048164,2.604683,2.7525408
32.350063,3.0115204,2.1084461,2.5847862,2.7854147
32.36006,3.0153172,2.094848,2.5933313,2.7697947
32.37006,3.0081146,2.0959404,2.5763743,2.782308
32.380062,2.9980707,2.0967956,2.5787992,2.764309
32.39006,3.0081494,2.1110756,2.5639994,2.7701187
32.400066,2.994127,2.1039631,2.565355,2.7956643
32.410065,3.0001204,2.1176777,2.5559323,2.7959702
32.420063,3.0116544,2.1114957,2.5585282,2.828753
32.43006,2.9963934,2.1128502,2.536905,2.803614
32.44006,3.0126998,2.1163373,2.5439703,2.8131344
32.45006,2.996971,2.1122763,2.5318627,2.8159022
32.46006,2.9957047,2.1382146,2.525552,2.8273232
32.470062,2.9982538,2.140623,2.5148149,2.8418634
32.48006,3.0019727,2.139302,2.5325887,2.855675
32.49006,2.9989734,2.142124,2.5034351,2.8349802
32.500065,2.9880664,2.139744,2.5067503,2.8456726
32.510063,2.993981,2.1604247,2.4879262,2.8470297
32.52006,3.0219398,2.1495423,2.4755878,2.8636794
32.53006,3.0093994,2.1646757,2.4828243,2.8707073
32.540062,2.9885292,2.1465237,2.484898,2.8749456
32.55006,3.0132124,2.1679072,2.4581656,2.8788066
32.560062,2.984982,2.1731029,2.457045,2.8903248
32.57006,2.9968498,2.182632,2.4496827,2.900186
32.580063,2.999717,2.1665585,2.4547236,2.903524
32.59006,3.0044107,2.1840234,2.445153,2.9093242
32.60002,2.991859,2.1824358,2.4274218,2.8890166
32.61006,3.0061936,2.1837902,2.4375005,2.8906662
32.620064,3.000971,2.172447,2.4223828,2.9132972
32.630062,2.9880035,2.2185633,2.4293997,2.9295611
32.64006,3.0023677,2.186364,2.4091597,2.909959
32.650063,2.984322,2.2111762,2.3998725,2.9180028
32.66006,3.0080507,2.1952689,2.39288,2.9318209
32.67006,2.98492,2.2161188,2.3992252,2.9352915
32.68006,2.9838393,2.190242,2.377124,2.9326644
32.69011,2.9959552,2.1987119,2.3751056,2.947169
32.700085,2.987954,2.2176533,2.3712702,2.9468548
32.710083,2.985138,2.2294717,2.363035,2.9724448
32.720062,2.9900124,2.197339,2.3433063,2.9549878
32.73006,2.9911258,2.2261755,2.3383045,2.959014
32.74008,3.0009594,2.2313237,2.357831,2.9528859
32.75014,3.0060604,2.2578332,2.345721,2.9661353
32.760086,3.0078876,2.2361052,2.3416584,2.9664378
32.77008,2.9929402,2.2326095,2.3258421,2.9833128
32.780067,3.0054634,2.2579465,2.3322043,2.9846969
32.790066,2.9974713,2.2570767,2.338841,2.980879
32.800064,2.9913306,2.2683105,2.3224308,2.972374
32.810062,2.9808114,2.2754934,2.3283849,2.9838943
32.820065,2.9888606,2.2905128,2.2899508,2.9755447
32.830063,2.978996,2.272337,2.314092,2.9783287
32.84006,2.9899156,2.26461,2.296276,2.993059
32.85009,2.977865,2.30454,2.284476,2.998767
32.860096,2.991874,2.2886832,2.2812357,2.989789
32.870083,2.9761457,2.2840714,2.2804844,2.9686863
32.880077,2.981349,2.2842011,2.2726445,2.9820704
32.890087,2.987025,2.3109193,2.2642422,2.9877906
32.900085,2.9837773,2.3093786,2.2800164,3.0200262
32.91008,2.9733312,2.3086135,2.2511969,2.987662
32.92007,3.008436,2.327697,2.2307982,3.0130632
32.930073,2.9788268,2.3205285,2.2389734,3.0049636
32.94009,2.999982,2.3176932,2.2342207,2.9822447
32.95008,2.977175,2.3262331,2.2271233,3.0012944
32.960075,2.9884117,2.3351336,2.2278008,2.9941864
32.970184,2.987645,2.3252077,2.232213,2.9929957
32.980038,2.9812539,2.321879,2.221928,3.0081837
32.99008,2.9733815,2.338462,2.2002728,2.9815407
33.000072,2.970326,2.3568485,2.2120926,2.9998343
33.01008,2.9564748,2.3659844,2.2015162,3.0098002
33.020073,2.9710765,2.35567,2.1897757,3.0108063
33.030075,2.9750533,2.3628886,2.1907392,2.9965034
33.040077,2.979199,2.367305,2.1775844,3.0053596
33.050087,2.9813108,2.3568287,2.1905327,3.0079556
33.060104,2.9637876,2.360073,2.1859555,2.988433
33.070087,2.976097,2.3674943,2.1542876,2.981814
33.080074,2.9741244,2.3853188,2.1579704,3.0092163
33.090088,2.95068,2.3709555,2.1835682,3.0007637
33.100082,2.9633956,2.3980305,2.1657426,2.9958446
33.110073,2.9571416,2.3908377,2.1587548,2.9895477
33.120068,2.9562309,2.3902392,2.131813,3.0109982
33.130062,2.9545565,2.3936899,2.1470377,2.985967
33.14006,2.9590921,2.39205,2.1386907,2.983773
33.150063,2.9561787,2.4115388,2.137119,2.9833603
33.16006,2.951409,2.4322655,2.1338267,2.9828594
33.170063,2.9540763,2.4351594,2.1160889,2.983136
33.18006,2.933436,2.4303718,2.1079504,2.9825382
33.19006,2.9597614,2.4265609,2.1110332,2.9794397
33.20006,2.9479947,2.4429939,2.1310215,2.961805
33.210064,2.9577363,2.454811,2.1120036,2.976784
33.220062,2.9520245,2.4411187,2.1028712,2.9797387
33.23006,2.9499457,2.4372294,2.1183312,2.9621892
33.24009,2.9568005,2.441269,2.1165447,2.9661422
33.250088,2.954232,2.4444246,2.1087904,2.9535394
33.260082,2.9454749,2.4817858,2.0919876,2.9724417
33.270073,2.9433377,2.4702754,2.0923088,2.9522543
33.28007,2.9442637,2.470299,2.091712,2.9513104
33.290073,2.941759,2.4952638,2.0580034,2.951466
33.300083,2.937309,2.4888504,2.0758774,2.9543824
33.310074,2.9419758,2.4958484,2.0663786,2.9348495
33.320065,2.9290352,2.5203788,2.0653255,2.9369261
33.330063,2.9401069,2.5023847,2.0807583,2.937707
33.34006,2.9368997,2.5326748,2.069322,2.9432425
33.350063,2.9182591,2.4917762,2.0687811,2.9392793
33.36006,2.9367564,2.5215518,2.0592804,2.9022708
33.37006,2.915528,2.508753,2.0435383,2.9121466
33.380062,2.924366,2.531496,2.0500894,2.9178798
33.39006,2.9308767,2.530843,2.065713,2.9088347
33.400063,2.9113863,2.5229921,2.0650303,2.9068375
33.41006,2.9032218,2.5407424,2.0470738,2.9202514
33.42006,2.9361353,2.545463,2.0507185,2.9021661
33.43006,2.910916,2.5408359,2.0381043,2.8886538
33.44006,2.9145153,2.554919,2.0430713,2.8764436
33.45006,2.9116304,2.5458398,2.0205307,2.8794122
33.46006,2.8995178,2.5539827,2.012143,2.883743
33.470062,2.9233627,2.581081,2.0276194,2.872914
33.48006,2.8974812,2.5734265,2.0270724,2.864364
33.490063,2.9034445,2.5725462,2.0145862,2.8546493
33.50006,2.8965743,2.591973,2.0359838,2.8489447
33.51006,2.900689,2.5877485,2.0361953,2.8424287
33.52006,2.8944495,2.5752144,2.0209026,2.859346
33.530064,2.9031749,2.5916734,2.0288079,2.836162
33.540062,2.882474,2.6054513,2.026391,2.8363905
33.55006,2.9026318,2.595378,2.0109506,2.8185241
33.560062,2.9012694,2.6258292,2.0266333,2.8267646
33.57006,2.9060323,2.6170075,1.9970894,2.7980437
33.580063,2.9003942,2.641557,2.0231876,2.8010464
33.59006,2.8856602,2.608929,2.021225,2.8083394
33.60006,2.872096,2.6094255,1.9980513,2.7824914
33.61006,2.8835702,2.6158686,2.0069747,2.781586
33.62006,2.8711386,2.6429622,1.9903005,2.8010583
33.630062,2.876724,2.6377604,2.0010753,2.7932115
33.640064,2.8779933,2.648894,2.0042512,2.7617538
33.650066,2.8697646,2.6606395,1.9841465,2.7574105
33.66006,2.8664322,2.6481318,2.0098996,2.7758586
33.670063,2.8802369,2.652515,1.9976914,2.7558246
33.68006,2.8625185,2.663358,1.9944575,2.7390075
33.69011,2.8491158,2.6674283,2.01125,2.7412438
33.700092,2.8657713,2.669063,1.9899575,2.708675
33.71008,2.8629167,2.672375,1.995788,2.7173603
33.720066,2.8552172,2.6980307,2.0061076,2.701703
33.730064,2.8653824,2.6802757,2.0072045,2.7079647
33.74024,2.8480453,2.6809258,1.9978511,2.6668274
33.751534,2.8663123,2.7045019,2.0022924,2.697497
33.76008,2.8609881,2.7027214,2.0073888,2.6778598
33.770073,2.8366797,2.700632,2.0003505,2.688418
33.780064,2.8475952,2.6932561,2.0002952,2.6661453
33.790062,2.8451314,2.7028635,1.9822755,2.672531
33.80006,2.8468776,2.7138317,1.9931122,2.6599598
33.810062,2.8292332,2.7059896,1.9782354,2.6535828
33.82006,2.8394778,2.722292,2.0020454,2.6225095
33.830063,2.8257797,2.7438478,1.99736,2.6257956
33.84006,2.83049,2.7302039,2.0025592,2.6206484
33.85006,2.82227,2.7323031,2.002188,2.6315393
33.86007,2.8382175,2.7200284,2.013649,2.6082976
33.87006,2.8168073,2.7341738,2.0238776,2.613273
33.880062,2.812369,2.754159,2.0256693,2.5738938
33.89006,2.8065934,2.7332797,2.0093753,2.5944064
33.900063,2.8223372,2.765685,1.9878834,2.5743854
33.91006,2.819679,2.767097,2.0047498,2.5699236
33.92006,2.8059926,2.757164,2.0202334,2.5664105
33.93006,2.8275602,2.7832875,2.010954,2.5522397
33.94006,2.8106651,2.7758958,2.013135,2.5428417
33.95006,2.804912,2.7808917,1.9900454,2.5442438
33.96006,2.8170915,2.7631385,1.9985249,2.539094
33.970062,2.793295,2.7946134,2.0213027,2.524885
33.98006,2.8038707,2.7820544,2.0089462,2.543552
33.990063,2.8020926,2.799323,2.0327919,2.5027335
34.00006,2.795038,2.7950206,2.013952,2.4918249
34.010063,2.7922995,2.7866251,2.0316937,2.497543
34.02006,2.7865863,2.8015404,2.0301087,2.5015361
34.03006,2.779658,2.8176587,2.0374618,2.4813526
34.040062,2.768093,2.8099844,2.027685,2.4640462
34.05006,2.778988,2.8141325,2.0363052,2.4618196
34.060062,2.7659705,2.8134398,2.033261,2.4718115
34.07006,2.784194,2.8201075,2.0349417,2.4500527
34.08006,2.779313,2.825682,2.044102,2.434921
34.09006,2.7807171,2.8337398,2.0356286,2.4361875
34.10006,2.7596512,2.8382041,2.0486429,2.4344368
34.11006,2.7807586,2.8425887,2.0479128,2.4274185
34.12006,2.7669911,2.83299,2.0564845,2.4215062
34.130062,2.7664218,2.8350563,2.0544195,2.3915071
34.14006,2.749813,2.8439941,2.0522897,2.404034
34.150063,2.7516468,2.841595,2.061326,2.4017756
34.16006,2.7578804,2.8382628,2.0684159,2.384345
34.17006,2.7712274,2.8605502,2.0620368,2.3717532
34.18006,2.7585168,2.892266,2.0630226,2.3521907
34.19006,2.7519078,2.8730006,2.0839403,2.360228
34.20006,2.736271,2.8678641,2.0651934,2.3521326
34.21006,2.7322106,2.8765464,2.0912862,2.3241136
34.220062,2.7279384,2.8759987,2.0711503,2.3322237
34.23006,2.7320063,2.8611875,2.099369,2.3169186
34.240086,2.7273128,2.874017,2.0794785,2.3175626
34.25009,2.7208629,2.8779132,2.0950499,2.3223712
34.260082,2.7382312,2.8736932,2.0996535,2.3153317
34.270077,2.7260258,2.8943026,2.1097033,2.2921717
34.280064,2.7060008,2.8993185,2.1011004,2.2879608
34.290066,2.711187,2.8808823,2.115886,2.2652788
34.300064,2.7296667,2.8853827,2.119916,2.266593
34.310062,2.7002654,2.9012544,2.1291785,2.264175
34.32006,2.7009628,2.9003468,2.131751,2.2668078
34.330063,2.689323,2.8793957,2.1214468,2.2491603
34.34006,2.6789324,2.9200497,2.1173646,2.2422826
34.35006,2.689704,2.9067106,2.13185,2.2348766
34.36006,2.6940966,2.9143865,2.1321533,2.2273467
34.37006,2.67629,2.9214277,2.1394715,2.2374518
34.380062,2.6935194,2.9140248,2.15889,2.2129362
34.39006,2.6896923,2.9297383,2.1460533,2.2150292
34.40006,2.705617,2.9230452,2.159736,2.205277
34.410065,2.669709,2.931447,2.1673236,2.2161417
34.420063,2.670511,2.9193547,2.167558,2.1746833
34.43006,2.678355,2.928667,2.1838458,2.1923583
34.44006,2.6567423,2.9297583,2.1598356,2.1788673
34.45006,2.6677377,2.9341013,2.1549006,2.1505277
34.46006,2.673787,2.9350727,2.1883307,2.174869
34.470062,2.6594076,2.92877,2.1911244,2.1477382
34.48006,2.657715,2.9369392,2.192098,2.1561346
34.49006,2.6650014,2.928057,2.1953778,2.1679094
34.50006,2.660399,2.9476852,2.1965983,2.138374
34.510063,2.663543,2.9353056,2.210817,2.137252
34.52006,2.652261,2.95721,2.231247,2.130892
34.530064,2.6271815,2.9612236,2.2243853,2.1348312
34.540062,2.6480794,2.9741647,2.231373,2.1056993
34.5501,2.6731997,2.964456,2.2432585,2.1157696
34.56093,2.6176398,2.9626884,2.224507,2.099751
34.57016,2.6407764,2.9604046,2.2436614,2.0981214
34.580074,2.6370559,2.9524796,2.2399743,2.0898964
34.590076,2.627547,2.9705975,2.2430325,2.0821178
34.600132,2.6193266,2.9519277,2.2759378,2.0977037
34.610107,2.6041958,2.9645631,2.2618997,2.1010668
34.62007,2.6035821,2.9667232,2.2637534,2.1054423
34.6301,2.6246774,2.970665,2.266764,2.0992403
34.64007,2.615511,2.9661787,2.285798,2.0854363
34.650085,2.614885,2.9829307,2.281092,2.0738668
34.660095,2.5955236,2.9754634,2.3086112,2.0671484
34.670082,2.596326,2.98718,2.3019788,2.0563104
34.680084,2.60633,2.973124,2.3022819,2.0591738
34.69008,2.5916636,2.961542,2.3090658,2.0718167
34.700138,2.590375,2.991532,2.308276,2.0568504
34.71009,2.5871348,2.9731152,2.3360665,2.0333939
34.720074,2.586342,2.9660075,2.31861,2.0426764
34.730083,2.5885327,2.9815354,2.33369,2.0520191
34.740074,2.586117,2.9863322,2.3256278,2.009355
34.75017,2.5735006,2.9843237,2.3541117,2.0490098
34.76009,2.556097,2.9870093,2.3300247,2.0232718
34.770084,2.5710754,2.995177,2.3646388,2.0481539
34.78008,2.5849767,2.9833715,2.3502698,2.0280485
34.79009,2.5577862,2.9986737,2.379188,2.0133488
34.800083,2.5533516,2.9804633,2.383016,2.0208576
34.810078,2.5541208,3.0066226,2.3584182,2.020782
34.820065,2.5555618,2.9923654,2.3911617,2.0200415
34.830063,2.5638316,2.9991908,2.3940623,2.0250804
34.84006,2.5546365,3.0003102,2.3776305,2.0207102
34.85006,2.5440824,3.013146,2.3996952,2.0184598
34.86006,2.532545,3.0069551,2.4211771,2.0045478
34.87006,2.5663698,2.9894357,2.4140332,2.0248525
34.88008,2.5401466,2.992282,2.4231968,1.9951526
34.890152,2.5294583,2.9964974,2.4262798,2.014502
34.900085,2.5139441,2.988051,2.4425693,2.0059178
34.91007,2.5291138,3.0160863,2.448905,2.005169
34.920074,2.5091505,2.9902096,2.4372306,1.9983803
34.93008,2.5322773,3.0019255,2.4707127,2.0020235
34.94008,2.518749,2.9915485,2.4613032,1.9987242
34.950085,2.5287213,2.9826093,2.4827418,1.9869448
34.960094,2.5067155,3.00482,2.4691944,1.9982018
34.970085,2.502822,2.9992964,2.4806738,2.0213687
34.980072,2.5183725,2.9807863,2.4892712,2.010171
34.990074,2.507721,2.990402,2.5000918,1.9938724
35.000065,2.492531,3.0119028,2.5083342,1.9886839
35.01007,2.5066013,3.004126,2.5013647,1.9913753
35.02006,2.4973419,3.0000238,2.5188746,2.0027745
35.03006,2.4853296,3.007769,2.5175617,1.989003
35.040062,2.502839,3.007103,2.5092957,2.0029306
35.05006,2.4864063,2.995872,2.5510502,1.9915487
35.060062,2.4927304,2.9769084,2.5380561,1.9917357
35.07006,2.48526,3.0033765,2.5490186,1.9920567
35.08006,2.4739861,3.013593,2.557578,2.000833
35.09006,2.4834716,3.0103598,2.554754,1.990849
35.100063,2.4661288,2.9882948,2.5634239,2.027696
35.11006,2.4524426,3.000616,2.572791,1.9845577
35.12006,2.471643,3.015901,2.5722957,2.0055785
35.130062,2.4726076,3.0111294,2.571269,2.0219827
35.14006,2.4509382,2.9779546,2.5812132,2.0132494
35.15006,2.4503653,2.9989576,2.5868459,2.0245423
35.16006,2.446071,3.0021677,2.6007013,2.0285718
35.170063,2.451543,3.0041463,2.6166646,2.0093362
35.18006,2.4307764,2.9786682,2.6028655,2.0008981
35.19006,2.4432974,2.978242,2.6243236,2.021537
35.200066,2.423789,2.9924235,2.6208882,2.0234547
35.210064,2.431113,2.9910128,2.642847,2.0183473
35.220062,2.4494438,3.0049894,2.633283,2.0401995
35.23006,2.4186907,2.9723005,2.6402872,2.0244884
35.240086,2.4435873,2.9722812,2.6542754,2.0457559
35.25009,2.4268832,2.9847925,2.6595974,2.0396428
35.260082,2.4270923,2.9786692,2.652526,2.0395243
35.270077,2.4041643,2.9755328,2.667709,2.0752308
35.280064,2.3962677,2.982693,2.6834645,2.037489
35.290062,2.4215083,2.9665344,2.6783721,2.0510187
35.300064,2.3833249,2.9802396,2.6801214,2.062775
35.310062,2.4167457,2.9834878,2.6955857,2.073376
35.320065,2.393661,2.9815335,2.6895216,2.0505247
35.330063,2.398712,2.972589,2.691134,2.0545104
35.34006,2.3905807,2.9911327,2.679678,2.0818083
35.350063,2.3797743,2.9897585,2.7130694,2.0722632
35.36006,2.3784795,2.9559262,2.7269633,2.085527
35.37006,2.392738,2.9441755,2.7450373,2.0811796
35.380062,2.3950515,2.950463,2.7384217,2.0965147
35.39006,2.3849976,2.976182,2.7171268,2.085048
35.400063,2.3881216,2.9571292,2.7354903,2.113774
35.41006,2.383277,2.9598541,2.7468584,2.1003582
35.420063,2.3795705,2.9745347,2.74259,2.1228917
35.43006,2.3590813,2.9593022,2.7592363,2.1270103
35.44006,2.3603213,2.9631028,2.7553725,2.1144457
35.45006,2.3770614,2.9530396,2.758731,2.121219
35.46006,2.3640895,2.9581072,2.7671356,2.1250818
35.470062,2.3655617,2.9439332,2.7779624,2.1282606
35.48006,2.3579335,2.9390173,2.7815835,2.146713
35.490063,2.3376615,2.9646208,2.7747588,2.128167
35.50006,2.3383007,2.9312527,2.7950337,2.1550696
35.510063,2.3392475,2.9553833,2.8140588,2.1539307
35.52006,2.3478239,2.934232,2.8079376,2.1568255
35.53006,2.3482127,2.9576464,2.8064384,2.171617
35.540062,2.3335152,2.9571178,2.8182561,2.1671612
35.55006,2.3218863,2.9286985,2.8155463,2.180177
35.560062,2.3176336,2.932913,2.8304124,2.1843083
35.57006,2.3133645,2.934875,2.8427486,2.1885407
35.580063,2.314205,2.9312298,2.8338761,2.202622
35.59006,2.3042672,2.9069474,2.853979,2.1968515
35.600063,2.3161669,2.9302874,2.831503,2.2107491
35.61006,2.3128088,2.9369233,2.8325164,2.228753
35.620064,2.2921383,2.9138813,2.843596,2.2211385
35.630062,2.3083813,2.899956,2.861873,2.2238708
35.64011,2.3010385,2.894069,2.8575768,2.2228403
35.650066,2.3156817,2.915714,2.8657053,2.243749
35.66006,2.295142,2.9000459,2.8625033,2.2515113
35.670063,2.2998564,2.8906806,2.8575287,2.2655933
35.68006,2.3083813,2.904412,2.880841,2.2708545
35.690086,2.2951674,2.9012172,2.8889709,2.2791574
35.700104,2.2803204,2.9024243,2.8969338,2.271338
35.710083,2.2823374,2.8845172,2.900321,2.2647595
35.720066,2.2877374,2.8865902,2.883541,2.269075
35.73007,2.2642565,2.8847501,2.9015634,2.292998
35.740078,2.2666926,2.882219,2.9097545,2.2814188
35.75259,2.263622,2.9000313,2.9138243,2.3182943
35.76009,2.2850797,2.8715577,2.9258275,2.3104677
35.77006,2.2722702,2.8770697,2.8950734,2.31272
35.78007,2.26809,2.8762918,2.9204354,2.3276062
35.790073,2.2727644,2.8607545,2.9092422,2.3371668
35.800064,2.2479577,2.8639042,2.9199593,2.3499396
35.810062,2.2556043,2.8745883,2.9350195,2.3346245
35.820213,2.2516325,2.8727715,2.9290843,2.357008
35.830082,2.2516527,2.8504078,2.9235919,2.3572571
35.84008,2.2571762,2.8461864,2.9485352,2.38581
35.850082,2.2367673,2.8396761,2.92978,2.392739
35.860065,2.2502897,2.8502812,2.935175,2.377652
