elapsed_time_sec,ss1,ss2,ss3,ss4
4.5369998e-06,0.28111047,0.3956874,0.48981273,0.37332565
0.010072498,0.2804946,0.40078413,0.48896477,0.39545324
0.020063905,0.2792949,0.40158227,0.4904473,0.4003892
0.030059664,0.27862644,0.40009072,0.49098578,0.40488613
0.040062755,0.2793709,0.39912137,0.49004126,0.40507504
0.050093032,0.27944183,0.3994148,0.48969945,0.40234882
0.060064033,0.27854255,0.40053794,0.489404,0.40453
0.07006457,0.2790645,0.40034914,0.49046364,0.40427822
0.080062695,0.2788494,0.40088934,0.49059892,0.40419352
0.09006264,0.27916163,0.3998795,0.49083552,0.40538254
0.10006977,0.2799158,0.40051907,0.4906932,0.40512693
0.110068105,0.2790325,0.40009212,0.4912973,0.4044006
0.120070755,0.2794661,0.40093946,0.490805,0.40518197
0.13006714,0.2796111,0.40097117,0.49072582,0.40519387
0.14006236,0.27940157,0.40064862,0.49080458,0.40510008
0.15006301,0.27960572,0.40013677,0.49049014,0.404859
0.16006275,0.2795861,0.4000192,0.490589,0.40525538
0.17007151,0.2795194,0.40097037,0.4912367,0.40451875
0.18006577,0.279418,0.400792,0.4910397,0.40437323
0.19007488,0.27841038,0.4004599,0.49077687,0.40431195
0.2000651,0.27897814,0.40056315,0.49165723,0.40522698
0.21006367,0.2784044,0.400588,0.4911446,0.40566412
0.22006841,0.27926663,0.400358,0.4904161,0.40492305
0.23006426,0.27918217,0.40100253,0.49166164,0.40457007
0.24006191,0.2789444,0.4004993,0.4926128,0.40509263
0.25006294,0.27926663,0.4008307,0.49294642,0.40525857
0.26006275,0.27920258,0.40104437,0.49032122,0.40630955
0.27007255,0.27921504,0.40060264,0.49237588,0.40491495
0.28006753,0.27926263,0.4012436,0.49096873,0.4053092
0.29006374,0.27867046,0.40092093,0.49208412,0.40523228
0.3000622,0.2798196,0.40187532,0.49241668,0.40559813
0.31006122,0.27921796,0.40028447,0.49198914,0.40406576
0.3200707,0.2798615,0.40042916,0.49218044,0.40487316
0.33006707,0.27920946,0.40087295,0.49182692,0.40513313
0.3400704,0.27965862,0.40102625,0.49165776,0.40479353
0.35006592,0.27902508,0.40060273,0.49267095,0.40457076
0.36006293,0.2794774,0.39990577,0.49234787,0.40430978
0.3700637,0.2793771,0.4008506,0.49301422,0.40566728
0.38006273,0.2810577,0.40146095,0.49220854,0.40463814
0.39007422,0.27883494,0.4004343,0.49222434,0.40457216
0.40006638,0.27909234,0.40085414,0.4921651,0.40480623
0.41007075,0.2791829,0.4004611,0.4924136,0.4048454
0.4200666,0.28048456,0.400458,0.49301836,0.405103
0.4300621,0.2794836,0.40098342,0.4923479,0.40471792
0.4400643,0.27942535,0.40037417,0.49347207,0.40524408
0.45006323,0.27991715,0.40030554,0.492879,0.40455943
0.46007264,0.27963436,0.40118837,0.49272823,0.40455475
0.47007844,0.27636823,0.40031493,0.4931446,0.40441218
0.48007318,0.27974072,0.4007706,0.49361247,0.40457752
0.49006614,0.27875388,0.39986175,0.4928852,0.40464115
0.50006294,0.27904782,0.40055174,0.4933865,0.40524316
0.5100725,0.27969423,0.40054187,0.49363485,0.40440595
0.5200663,0.27917275,0.40044364,0.4930538,0.40450326
0.53007185,0.2798957,0.40021974,0.49306443,0.40512326
0.5400669,0.2796315,0.40040284,0.49397972,0.4051435
0.55006266,0.27907562,0.40085322,0.49377823,0.40427607
0.56007224,0.27921027,0.4008571,0.49359655,0.4052826
0.570067,0.27946383,0.4004263,0.49381948,0.4050196
0.58006793,0.27949923,0.4004049,0.49365154,0.40465322
0.5900701,0.27956438,0.40042222,0.49390814,0.4046474
0.6000661,0.27922538,0.40072966,0.49376878,0.4051818
0.61006355,0.27865934,0.4001977,0.49391767,0.40519017
0.62006193,0.27814925,0.40007165,0.49375638,0.40453136
0.6300745,0.27934524,0.40048358,0.49398023,0.40527302
0.6400647,0.27933362,0.40030643,0.49386176,0.40453577
0.65007114,0.2796334,0.4006281,0.494041,0.4045227
0.6600671,0.27875838,0.40024257,0.4946263,0.40482095
0.6700627,0.2786716,0.40060064,0.4942345,0.40454635
0.6800634,0.27973333,0.40084046,0.4943204,0.40428877
0.6900629,0.2797538,0.40065274,0.49456656,0.40461802
0.70006245,0.27913037,0.40030023,0.49366397,0.40456828
0.71006227,0.2785391,0.39810243,0.49281296,0.40475506
0.72006255,0.2795839,0.4004253,0.49512348,0.40679392
0.73006916,0.28017306,0.4004158,0.49323082,0.4046432
0.7400665,0.27953234,0.40066662,0.49392757,0.40598068
0.7500642,0.27925384,0.40065256,0.4948398,0.4032218
0.76006335,0.27889964,0.40015113,0.49407256,0.40513813
0.7700622,0.2791459,0.39967316,0.49481168,0.40511742
0.78008467,0.276403,0.3991152,0.4949795,0.40680492
0.7900692,0.2786585,0.400928,0.49518257,0.40376315
0.80006707,0.27888027,0.4003596,0.49472925,0.40416172
0.8100648,0.2792851,0.39963794,0.49455783,0.40515515
0.8200616,0.27904814,0.40057623,0.4950377,0.4043541
0.8300621,0.2796943,0.40000188,0.49495736,0.40385255
0.84006304,0.27992007,0.39986572,0.49441776,0.40415052
0.85006285,0.27943662,0.40091285,0.49501264,0.40508816
0.86006457,0.27974457,0.40092188,0.4949944,0.40449136
0.8700629,0.2782958,0.399709,0.4956888,0.40455982
0.8800651,0.2797706,0.40002292,0.49461964,0.4041268
0.89006555,0.27921155,0.39995158,0.49572128,0.4048042
0.9000635,0.27866837,0.40068352,0.4953599,0.404445
0.9100635,0.279162,0.4004554,0.49550363,0.4040435
0.92007196,0.27923602,0.40058807,0.49486944,0.4046776
0.93006736,0.27902448,0.39994103,0.49565852,0.40481725
0.9400616,0.27956003,0.40049964,0.4951906,0.40427002
0.950063,0.2791338,0.40057766,0.4954096,0.40418258
0.9600621,0.27897644,0.40085888,0.49429995,0.40444717
0.97006434,0.27625445,0.39780113,0.4965131,0.4040409
0.980077,0.2789167,0.40055072,0.49507615,0.40462035
0.99007225,0.27894574,0.40074292,0.49643147,0.40347707
1.0000707,0.2789378,0.40014392,0.49469692,0.40412658
1.0100639,0.2787543,0.40006587,0.49386993,0.4045212
1.0200641,0.27884373,0.40044603,0.49605817,0.40543485
1.0300629,0.27961454,0.40081376,0.49636886,0.4043213
1.040072,0.2797249,0.40088123,0.49592933,0.40493846
1.050067,0.27895075,0.40072644,0.49575245,0.40422624
1.0600727,0.27908716,0.40054432,0.49580878,0.40459803
1.0700675,0.27914393,0.4009236,0.495849,0.4045793
1.0800602,0.2796284,0.40045556,0.49612263,0.4038999
1.0900624,0.27946147,0.4003862,0.49713585,0.4039583
1.1000631,0.2790974,0.39984432,0.4958307,0.4046516
1.1100746,0.2796231,0.40031624,0.49716863,0.40450096
1.1200669,0.2792894,0.40069777,0.4958997,0.40432987
1.130062,0.2792142,0.40146083,0.49521595,0.40428376
1.1400638,0.27868485,0.40039492,0.49508396,0.4039991
1.1500633,0.27901387,0.4007654,0.49805146,0.40422
1.16007,0.27852744,0.4000418,0.4972122,0.40370423
1.1700665,0.27930173,0.39973983,0.496426,0.4048154
1.1800681,0.27989706,0.39964777,0.49758476,0.4044896
1.1900743,0.2796419,0.4015142,0.4969412,0.40301463
1.2000649,0.27850103,0.40199313,0.49715358,0.4043713
1.2100744,0.27879703,0.40162235,0.49707398,0.40514833
1.2200657,0.2791668,0.4012339,0.49632773,0.40500733
1.2300738,0.2801254,0.3999794,0.49751693,0.4045575
1.2400675,0.27985513,0.39961424,0.49687758,0.40331936
1.2500619,0.27791038,0.39802957,0.49783218,0.40412626
1.2600707,0.27896744,0.40028647,0.4966712,0.40375978
1.2700689,0.27810735,0.39972475,0.4971434,0.40367928
1.2800626,0.28010207,0.40037864,0.49703723,0.40418047
1.2900614,0.27885926,0.40042883,0.49660993,0.4044863
1.3000689,0.27906403,0.40005836,0.4977216,0.40400267
1.3100666,0.27946374,0.40045497,0.49670807,0.4035328
1.320063,0.28007498,0.40113297,0.49745494,0.40421963
1.3300633,0.27887115,0.3998018,0.49757066,0.40350306
1.340063,0.27970767,0.39956436,0.49747255,0.4035974
1.3500621,0.27868673,0.39988518,0.49791458,0.40390146
1.3600626,0.27968392,0.4005377,0.49744737,0.40394086
1.3700619,0.27943835,0.40055457,0.49710456,0.40387654
1.3800622,0.27938697,0.4006938,0.49787936,0.40425366
1.3900627,0.27899477,0.39988896,0.4976408,0.40392092
1.4000622,0.2783572,0.40008092,0.4976373,0.40417284
1.4100624,0.2793813,0.40059948,0.49777642,0.4043685
1.4200617,0.28004375,0.40004954,0.497938,0.40332666
1.4300631,0.2792389,0.39992422,0.49773732,0.40328383
1.4400625,0.2787424,0.40052727,0.49779168,0.4044566
1.4500626,0.27931762,0.40052843,0.49795184,0.4032548
1.4600633,0.27979004,0.4003682,0.49756858,0.4041847
1.4700621,0.27685687,0.39802,0.4972126,0.404266
1.480073,0.27869967,0.40029132,0.49764875,0.40373364
1.490066,0.27883446,0.39978984,0.49836844,0.4038254
1.5000639,0.2796654,0.40068448,0.49768594,0.40385467
1.510064,0.27996564,0.4006237,0.49823043,0.4038557
1.5200626,0.27881145,0.4000395,0.49850225,0.40440953
1.5300626,0.2786798,0.4002009,0.49824357,0.40371546
1.5400627,0.27786702,0.3999593,0.49844968,0.4037051
1.5500623,0.27953166,0.4006653,0.49828392,0.4038546
1.5600626,0.2788158,0.39960623,0.49857065,0.40361312
1.570063,0.27888685,0.3996055,0.4978759,0.40362477
1.5800613,0.27887887,0.40002653,0.49827176,0.40340993
1.5900615,0.27897552,0.39929345,0.49851546,0.40324947
1.6000684,0.2798168,0.40049195,0.4982713,0.40354222
1.6100658,0.27914494,0.39940867,0.49897096,0.4038071
1.6200632,0.27913997,0.39946482,0.4986298,0.40409207
1.6300635,0.27922267,0.39877948,0.4984433,0.40366265
1.6400684,0.2784345,0.3996604,0.49896553,0.4041986
1.6500657,0.28006795,0.39967233,0.49890158,0.403571
1.6600634,0.27835837,0.3997805,0.49759695,0.40359426
1.6700642,0.27862635,0.40000135,0.49748474,0.40392196
1.6800629,0.2791046,0.40012103,0.5000365,0.4030013
1.6900624,0.27891243,0.39882803,0.49940285,0.40383226
1.7000645,0.27877927,0.40043098,0.49814343,0.40308422
1.7100648,0.2774332,0.3988993,0.49826002,0.40226027
1.7200637,0.2785228,0.39747843,0.49810296,0.40229
1.7300633,0.27877375,0.39742205,0.49890456,0.40412727
1.7400619,0.27924705,0.39902794,0.499349,0.40343338
1.7500635,0.27874213,0.39837554,0.4983799,0.4042559
1.7600616,0.27818617,0.39863443,0.4991905,0.40293592
1.7700627,0.2779307,0.3998686,0.4991191,0.40371585
1.7800612,0.2786141,0.39854392,0.49878255,0.4035361
1.7900699,0.27825516,0.39853707,0.49894175,0.4032802
1.8000631,0.2782872,0.3985897,0.49922857,0.40277505
1.8100774,0.27855211,0.39740106,0.49932903,0.40312862
1.8200675,0.2788481,0.39820474,0.4990877,0.40321556
1.8300639,0.27715126,0.39730698,0.49883544,0.40287325
1.840072,0.278,0.39717484,0.49927157,0.40291232
1.8500637,0.27778542,0.39920676,0.49974543,0.40381727
1.8600655,0.27781507,0.39774996,0.49931046,0.4013709
1.8700633,0.27692443,0.3993835,0.5002717,0.4014911
1.8800614,0.27761865,0.39620727,0.49937722,0.4033321
1.8900629,0.27751386,0.39795098,0.4998144,0.40362516
1.9000622,0.2787407,0.3983311,0.5001691,0.4035179
1.9100678,0.27743205,0.39815184,0.4991106,0.40382916
1.9200672,0.27862766,0.39936635,0.5002053,0.40267342
1.9300641,0.27806276,0.39779478,0.49960127,0.4027696
1.9400617,0.27786836,0.39822945,0.4997222,0.4032402
1.9500611,0.2785698,0.39786786,0.5004652,0.4033903
1.960062,0.27799645,0.39843565,0.49981946,0.40328804
1.9700623,0.2780145,0.39542606,0.49980083,0.40257037
1.9800732,0.278883,0.39862022,0.49927455,0.40347984
1.990065,0.27786678,0.39733696,0.5002991,0.40308464
2.0000668,0.27817726,0.39808515,0.50033873,0.4034311
2.01007,0.2769372,0.39789924,0.50013036,0.4030222
2.020067,0.27712628,0.39713666,0.49961752,0.402704
2.0300665,0.277444,0.39701086,0.50036436,0.40250272
2.0400643,0.27891913,0.3973661,0.4994818,0.40303785
2.050071,0.27888152,0.39808038,0.5006166,0.40326643
2.060068,0.27808383,0.39765278,0.5008089,0.40336156
2.0700636,0.27846262,0.39787424,0.50062203,0.40329254
2.080062,0.277817,0.39777043,0.50060654,0.40340456
2.0900636,0.2783997,0.398099,0.5016563,0.40338007
2.1000695,0.2778033,0.3982561,0.5013008,0.40244564
2.1100702,0.27794257,0.397213,0.5013031,0.40330225
2.1200664,0.2774182,0.39742276,0.50097215,0.40396437
2.1300666,0.27767918,0.3969087,0.5005675,0.40302587
2.1400623,0.2784251,0.3975287,0.4993247,0.40295985
2.1500714,0.27830234,0.3972907,0.5015876,0.40292564
2.160064,0.277715,0.39687356,0.5013515,0.40321147
2.170063,0.27764016,0.39660877,0.5013115,0.4027547
2.180062,0.27786463,0.39739448,0.5013367,0.4031496
2.190071,0.27812508,0.39695647,0.50038666,0.40316328
2.2000666,0.27837187,0.39796156,0.50034726,0.4031178
2.210073,0.2771874,0.3967736,0.50090927,0.40213478
2.220069,0.27782008,0.39686817,0.50253075,0.40319258
2.2300677,0.2776345,0.39674854,0.50289845,0.40250075
2.2400632,0.27831128,0.397513,0.50268096,0.40314028
2.2500634,0.27850056,0.39715162,0.5020304,0.4032928
2.2600641,0.2775879,0.3965238,0.5009298,0.40301374
2.2700644,0.27711177,0.39709902,0.501517,0.40322793
2.2800617,0.27768752,0.39711922,0.50225735,0.40343064
2.2900617,0.27780086,0.396927,0.50192875,0.40370595
2.300063,0.27776462,0.39720407,0.50227374,0.40373307
2.3100617,0.27736655,0.39646336,0.5017923,0.40365034
2.320067,0.2777483,0.39577642,0.50182045,0.4030933
2.3300648,0.27751005,0.3970232,0.50242645,0.40299228
2.3400624,0.2774926,0.3965907,0.502456,0.40378195
2.3500633,0.27842504,0.39656034,0.50217587,0.40371832
2.3600621,0.27766156,0.3958634,0.5021772,0.4036896
2.370063,0.27775362,0.3969079,0.5027602,0.40345255
2.3800623,0.27847204,0.3960564,0.5021793,0.40336695
2.390068,0.27879298,0.39689264,0.5029462,0.4031866
2.400064,0.2786111,0.39639136,0.5025776,0.4035545
2.4100688,0.2783192,0.3968502,0.50278914,0.40378267
2.4200692,0.2776378,0.3958969,0.5025622,0.40356773
2.4300675,0.27826354,0.39660734,0.50284964,0.40383866
2.4400637,0.27735016,0.3961805,0.50273085,0.40328783
2.4500625,0.27764958,0.3971861,0.5035383,0.40410188
2.4600694,0.27774772,0.39660904,0.5026568,0.4029722
2.4700649,0.27706975,0.39587742,0.5031524,0.40268633
2.4800744,0.2779596,0.39646998,0.5022604,0.40375903
2.490064,0.27756596,0.39660546,0.5031856,0.404035
2.5000641,0.27825773,0.3961905,0.50337404,0.40287167
2.5100658,0.277996,0.396319,0.50421983,0.40367407
2.520064,0.27746075,0.39679313,0.50343275,0.4036051
2.5300636,0.27801841,0.3961695,0.5038992,0.40371454
2.540063,0.27793443,0.396133,0.50404674,0.40361828
2.5500622,0.277379,0.3958703,0.50380343,0.40333182
2.5600636,0.27797467,0.39683986,0.50442564,0.40345767
2.570063,0.27728733,0.39599305,0.50390935,0.40401268
2.5800648,0.27838185,0.3964976,0.5047445,0.40346166
2.590065,0.27766466,0.39590773,0.5036637,0.403541
2.6000655,0.27824807,0.39568523,0.5042841,0.40388492
2.6100647,0.27755105,0.39716187,0.5035297,0.4031936
2.6200624,0.2781792,0.39041615,0.5034888,0.40371257
2.6300697,0.27753922,0.39585018,0.504259,0.4033696
2.640067,0.2772203,0.39571583,0.5031735,0.40348595
2.6500652,0.27815363,0.39594406,0.5059886,0.4040108
2.660063,0.27767673,0.39608398,0.50617605,0.4043628
2.6700625,0.2775898,0.39274943,0.50274056,0.40451097
2.6800666,0.27778152,0.39621496,0.5066088,0.4036463
2.6900635,0.27788293,0.39623743,0.50363225,0.40499464
2.700062,0.27732658,0.3949488,0.5049944,0.40247145
2.7100627,0.27848315,0.39676723,0.50474244,0.4035088
2.720062,0.27719292,0.39674303,0.504802,0.40256462
2.7300642,0.27773517,0.39769173,0.50549775,0.4043917
2.7400658,0.27803028,0.3970391,0.5045959,0.40381882
2.7500632,0.27670524,0.3955118,0.50517297,0.40290964
2.760064,0.276656,0.39595821,0.505475,0.4038398
2.7700627,0.2776116,0.3952544,0.5046868,0.40479216
2.7800627,0.27814558,0.39472365,0.50521564,0.40423638
2.7900617,0.27818808,0.39512652,0.50505334,0.40370888
2.8000638,0.2774926,0.39531147,0.50529736,0.40425056
2.8100626,0.27775794,0.39430884,0.5054266,0.4044108
2.820062,0.27774066,0.3957226,0.50541633,0.40397173
2.8300664,0.27717918,0.3945821,0.5053229,0.4043015
2.8400633,0.2774228,0.39487913,0.50531965,0.40455458
2.8500633,0.2777182,0.39483866,0.5051172,0.4043648
2.8600624,0.27808848,0.39609456,0.50531864,0.4046742
2.870063,0.27751878,0.39526787,0.50567967,0.40448263
2.8800626,0.27795225,0.39450356,0.5060084,0.40460092
2.890063,0.27670506,0.39525527,0.5059333,0.40485474
2.9000618,0.27726185,0.39504218,0.50609654,0.40513012
2.9100616,0.2773396,0.39529338,0.50626314,0.40501517
2.9200618,0.27739036,0.39480877,0.5058276,0.40509084
2.9300654,0.27733564,0.39460048,0.50610554,0.40443355
2.9400659,0.2774327,0.39460403,0.50603884,0.40474966
2.9500623,0.27811846,0.39461866,0.5065805,0.40500006
2.9600737,0.277539,0.3950118,0.50648785,0.4045437
2.9700654,0.2774123,0.39475417,0.50769114,0.40482506
2.9800725,0.27755937,0.39482254,0.50739676,0.40451437
2.990066,0.27753153,0.3945243,0.507898,0.40529206
3.000069,0.27675438,0.39409176,0.50633454,0.40475404
3.0100658,0.27849546,0.39500672,0.506913,0.4042659
3.0200727,0.2773991,0.3945546,0.50624734,0.40478772
3.0300689,0.27714223,0.39473587,0.5066127,0.40432224
3.0400717,0.27733165,0.39439923,0.50660574,0.40482393
3.0500648,0.27712744,0.3945299,0.5071178,0.40481994
3.0600722,0.2775199,0.39424297,0.5054358,0.40437818
3.0700657,0.27768174,0.394448,0.5078362,0.40508032
3.0800612,0.27763805,0.3942568,0.50605106,0.40430224
3.0900633,0.27695343,0.39499554,0.50842154,0.4048632
3.1000636,0.2774093,0.39391527,0.5063225,0.40536255
3.110064,0.2778965,0.3944584,0.50731677,0.4045022
3.1200633,0.27711904,0.39452922,0.5078861,0.4063488
3.1300628,0.27827516,0.39170578,0.5061089,0.40335587
3.140068,0.2774194,0.3954985,0.50728494,0.4073144
3.150063,0.27660525,0.39208552,0.50705725,0.4034525
3.160064,0.27718827,0.39548567,0.50734365,0.40353942
3.1700623,0.2769822,0.39244956,0.5068564,0.40534964
3.1800618,0.27680463,0.39298627,0.5072851,0.4053538
3.190074,0.2771839,0.39278966,0.5066316,0.40509653
3.2000656,0.27886903,0.39404163,0.50695163,0.40552828
3.2100632,0.27768126,0.39411807,0.5077535,0.4049781
3.2200654,0.27738687,0.39345098,0.5073091,0.40596685
3.2300622,0.27563813,0.39379606,0.5068924,0.40508693
3.2400634,0.27509084,0.39370587,0.50690365,0.4057738
3.250077,0.27132535,0.3943234,0.50740606,0.40577725
3.2600698,0.27707976,0.3927074,0.5073995,0.40497178
3.2700636,0.2770561,0.39328384,0.5090007,0.40564275
3.2800624,0.27730846,0.39396492,0.50839484,0.40552
3.2900622,0.2772873,0.39300278,0.5086701,0.40607548
3.300062,0.2766393,0.39335433,0.5089986,0.40586814
3.3100631,0.2775827,0.39380395,0.508326,0.40575618
3.3200624,0.27711812,0.39267963,0.5081289,0.40564057
3.3300629,0.2774628,0.39360788,0.50820506,0.4060684
3.3400624,0.27710825,0.39303255,0.5091361,0.40573102
3.3500626,0.27666387,0.39245087,0.506659,0.40579963
3.3600621,0.27696595,0.39379388,0.50756496,0.40752864
3.370062,0.27533168,0.39236194,0.50773174,0.40736604
3.380062,0.277085,0.3918855,0.5078263,0.406897
3.3900619,0.2775775,0.39281315,0.50730693,0.4046387
3.400063,0.27731454,0.3921949,0.5075685,0.40777844
3.4100628,0.27758393,0.39201578,0.50801915,0.4056671
3.4200618,0.27846134,0.39253935,0.5083551,0.40625367
3.4300628,0.2753696,0.3926521,0.5077422,0.4055527
3.4400616,0.27743062,0.3926182,0.5075446,0.40593424
3.4500635,0.2752442,0.39268464,0.50790155,0.40650475
3.460062,0.27864966,0.39284033,0.5081517,0.40630338
3.4700706,0.27621552,0.39287058,0.5075854,0.4062571
3.4800735,0.2762379,0.39222246,0.5081436,0.40687776
3.4900656,0.27698684,0.39017296,0.50774646,0.40713885
3.5000668,0.27703848,0.39240214,0.50811625,0.40693596
3.5100632,0.27726325,0.3931633,0.5080188,0.4064783
3.5200627,0.27631402,0.39223397,0.50802356,0.40637097
3.5300624,0.2769821,0.39265096,0.5081871,0.40721124
3.5400622,0.2766571,0.39209887,0.50792426,0.4064994
3.5500617,0.27746156,0.39188316,0.50812435,0.40705863
3.5600638,0.2767982,0.39275545,0.5079164,0.40706056
3.5700634,0.27677238,0.39197803,0.5083027,0.40635255
3.580062,0.2764388,0.39180055,0.50878286,0.4065485
3.5900621,0.27620327,0.3927438,0.50795007,0.40682942
3.6000621,0.27705055,0.39212257,0.508223,0.40702802
3.6100597,0.27677613,0.39233664,0.5081701,0.4065713
3.6200624,0.27687976,0.39207208,0.5086935,0.4073985
3.6300628,0.27637658,0.3920838,0.5082488,0.4071638
3.640062,0.27671465,0.3910955,0.50841975,0.40680346
3.6500626,0.27659982,0.3895819,0.5079873,0.4066504
3.660067,0.2769415,0.3918099,0.5083268,0.40757814
3.6700642,0.27605987,0.391362,0.50824285,0.40736383
3.6800632,0.27581024,0.39122456,0.5087607,0.40735596
3.690067,0.27712765,0.39115673,0.5084032,0.40701818
3.7000659,0.2771575,0.3921043,0.50844353,0.4072891
3.7100623,0.27640247,0.39169642,0.5083279,0.40696618
3.720064,0.27656522,0.39173627,0.50843906,0.40707108
3.7300627,0.27596077,0.39127257,0.508409,0.40698552
3.7400618,0.27663922,0.3922746,0.5085921,0.4072641
3.7500663,0.2763977,0.3911518,0.50825214,0.40759555
3.7600667,0.27719456,0.39113596,0.5089369,0.40767053
3.7700632,0.27626985,0.3910469,0.50843644,0.4074446
3.7800615,0.27702817,0.39109927,0.50869316,0.40744328
3.7900624,0.276537,0.39111066,0.50872964,0.4074314
3.8000624,0.27763507,0.39086565,0.5093447,0.40824232
3.8100677,0.27653846,0.39204475,0.5080419,0.40801483
3.8200655,0.27613074,0.3909382,0.5084483,0.4079766
3.8300629,0.2756294,0.39067045,0.5084582,0.40718064
3.8400626,0.27543736,0.390609,0.50830865,0.4072614
3.850067,0.27546412,0.38831034,0.50863934,0.40778932
3.8600705,0.2758956,0.39172965,0.5079845,0.40775624
3.8700643,0.2764418,0.39092454,0.5089383,0.40810186
3.8800697,0.27609342,0.39044136,0.5079196,0.40766072
3.8900652,0.27658373,0.39098033,0.5091708,0.4076731
3.9000654,0.27630225,0.390717,0.50837535,0.40834814
3.9100657,0.27633554,0.39110267,0.50969166,0.4083239
3.9200625,0.27603284,0.3907264,0.5093377,0.4081371
3.9300637,0.27608356,0.3907322,0.5083966,0.40794268
3.9400628,0.27595738,0.39021194,0.5069892,0.40815118
3.9500692,0.27329332,0.39021182,0.5106503,0.40853012
3.9600656,0.27577606,0.39027,0.50725275,0.4076268
3.9700632,0.27582756,0.38705313,0.5082116,0.40844873
3.9800746,0.2762341,0.39021313,0.5087157,0.40855992
3.9900641,0.2757111,0.38997763,0.5090646,0.40864182
4.0000725,0.27513283,0.38961086,0.5087294,0.4084951
4.010066,0.27597427,0.3899199,0.50843096,0.40787718
4.0200624,0.27622035,0.3899215,0.50853145,0.4087344
4.030062,0.27614793,0.39046788,0.50838524,0.40831086
4.0400634,0.27662978,0.39048663,0.5082594,0.40879172
4.050063,0.27613476,0.38968405,0.50855744,0.40919384
4.0600667,0.27636874,0.390407,0.50849503,0.4082448
4.0700736,0.27584365,0.3904764,0.5089531,0.40882114
4.0800633,0.2763325,0.39008754,0.5088434,0.40897617
4.0900626,0.27481085,0.38972002,0.5088739,0.40900376
4.100063,0.27503306,0.3900882,0.50880075,0.40918794
4.1100636,0.27550185,0.38927072,0.5077283,0.40865138
4.1200633,0.27562684,0.3897176,0.50890535,0.409073
4.1300635,0.27570996,0.38924164,0.5073217,0.4096245
4.140064,0.27559468,0.3898367,0.5090445,0.40919122
4.1500635,0.27619246,0.38893685,0.5065727,0.40919194
4.1600657,0.2748737,0.38869026,0.50778186,0.4086406
4.170081,0.27910683,0.39297643,0.5110681,0.409722
4.180078,0.27967003,0.393552,0.51136273,0.4080547
4.190087,0.27927202,0.3927458,0.51010466,0.41038832
4.200077,0.27907512,0.39274353,0.51022875,0.409223
4.210075,0.2796606,0.39268738,0.5081861,0.40946868
4.220076,0.27874315,0.3918363,0.50918317,0.40794432
4.2300744,0.27999842,0.3934438,0.50878,0.40918392
4.240091,0.27928144,0.39262483,0.5095136,0.40897644
4.2500787,0.27923653,0.39293438,0.5091283,0.40929896
4.2600803,0.27817646,0.3919536,0.5089715,0.40841088
4.2700796,0.27901107,0.39164102,0.5092797,0.4097099
4.2800775,0.2796677,0.39133197,0.50877976,0.40927777
4.290079,0.27960488,0.39206228,0.50871474,0.40895876
4.3000774,0.27931112,0.39209887,0.509908,0.40955165
4.310076,0.27933595,0.39153552,0.50890034,0.40911323
4.3200755,0.27876192,0.39176458,0.5089107,0.40843365
4.330074,0.27929595,0.39163524,0.509269,0.409651
4.3400764,0.28017697,0.39172545,0.50967395,0.4097363
4.350076,0.27970934,0.3917248,0.5092045,0.40946835
4.360092,0.2795233,0.3917202,0.5090686,0.40956017
4.370106,0.27763635,0.38980073,0.5090802,0.4090379
4.380086,0.2795391,0.39154807,0.5105818,0.40929383
4.3900757,0.27897227,0.39129752,0.50907075,0.41049194
4.400075,0.27905998,0.3916052,0.50885665,0.4099956
4.410072,0.27852336,0.3912424,0.50914156,0.4097803
4.420078,0.2785837,0.3916554,0.509225,0.41006425
4.430074,0.2793645,0.39114884,0.50823736,0.40994543
4.440074,0.27963838,0.39160186,0.51022106,0.41067767
4.450076,0.27918968,0.3915097,0.50935686,0.4101012
4.460074,0.27944908,0.39145353,0.51086265,0.41036543
4.4700756,0.2792336,0.39149538,0.5087523,0.41059697
4.480083,0.27817187,0.3904784,0.509068,0.41053763
4.490078,0.27963912,0.39099494,0.5091628,0.41089264
4.5000777,0.27884772,0.3905366,0.50938183,0.41057995
4.510077,0.2795714,0.39105392,0.50877225,0.41038767
4.5200744,0.2791532,0.39028552,0.5083655,0.4104255
4.530074,0.2788214,0.3905239,0.50971884,0.41025266
4.540076,0.27936617,0.39141387,0.508861,0.41043878
4.5500765,0.27843633,0.39080516,0.50868297,0.4104356
4.5600944,0.27840123,0.3903577,0.50885403,0.41011155
4.570076,0.27819046,0.3897123,0.5082422,0.4104312
4.580074,0.27835736,0.38970277,0.50864583,0.41029185
4.590076,0.27826482,0.3893781,0.50823945,0.41093802
4.6000752,0.2777011,0.38934842,0.5085002,0.41107583
4.6100755,0.27768707,0.3897668,0.5083981,0.41074967
4.620075,0.27805653,0.3891155,0.5095381,0.41086364
4.630075,0.2770023,0.3888291,0.50888735,0.41077268
4.640075,0.27814195,0.38974282,0.508837,0.41071105
4.6500716,0.27802533,0.3892403,0.5083844,0.4109223
4.660092,0.27953047,0.3897448,0.50777173,0.4108313
4.6700764,0.27830586,0.39017382,0.50870764,0.41098297
4.6800737,0.2791857,0.39046058,0.5081041,0.41220206
4.690076,0.27898344,0.39023113,0.5081033,0.41082522
4.7000732,0.27855352,0.39056692,0.50852275,0.41109547
4.710076,0.27843153,0.38919073,0.5086269,0.40971974
4.7200747,0.27785856,0.38982984,0.50929826,0.4110239
4.730073,0.2791682,0.38945898,0.5093274,0.41121942
4.7400737,0.27883855,0.39073047,0.5090256,0.41130623
4.7500744,0.2788031,0.3899213,0.5089992,0.4111063
4.7600927,0.2785131,0.39029083,0.50906646,0.4116587
4.7700744,0.2782757,0.38959503,0.50901884,0.41193786
4.7800765,0.27820557,0.38963085,0.5093008,0.41119376
4.790076,0.2787979,0.39088386,0.50832206,0.41136572
4.800073,0.27819055,0.3895758,0.5081391,0.41154435
4.810075,0.27878028,0.38990268,0.5089127,0.4115341
4.8200727,0.27846807,0.38905028,0.50913566,0.41192693
4.8300753,0.2787668,0.38957468,0.50898093,0.4114876
4.840074,0.27840608,0.38998365,0.50775945,0.41170186
4.8500743,0.27864084,0.38967636,0.50876915,0.41220453
4.860091,0.27814752,0.38915443,0.5090407,0.4115925
4.8700786,0.27783152,0.3891483,0.5096574,0.41218716
4.880077,0.27873516,0.38916707,0.50868785,0.41196325
4.8900743,0.27827027,0.38904554,0.50946635,0.41155943
4.9000754,0.27824923,0.38872653,0.5097913,0.4118277
4.910075,0.2786649,0.38872695,0.5095056,0.4120995
4.920075,0.27826816,0.3889083,0.50765216,0.41199797
4.9300766,0.2783408,0.3890333,0.5086391,0.41192436
4.940073,0.27879846,0.38936183,0.5068282,0.41226664
4.9500756,0.27855286,0.38881746,0.50895613,0.41211718
4.960081,0.27771163,0.38829914,0.5087616,0.41266876
4.970076,0.27755463,0.3882882,0.50873876,0.41261584
4.9800854,0.27868062,0.38869065,0.5084516,0.41266212
4.990078,0.27793375,0.38848537,0.5090167,0.4124104
5.0000896,0.27877307,0.38866633,0.50914043,0.4132108
5.010077,0.27812707,0.38826367,0.50859076,0.41261807
5.020077,0.27787855,0.38854527,0.5084062,0.41269365
5.0300765,0.27753192,0.38843772,0.508493,0.41205978
5.0400743,0.27846605,0.38865557,0.5085372,0.41268346
5.050076,0.27806967,0.38752094,0.50805426,0.4121306
5.0600753,0.2766994,0.38765666,0.5085613,0.4132211
5.0700774,0.27769276,0.3882719,0.5078967,0.41304308
5.0800753,0.27733964,0.3875281,0.50821346,0.41278803
5.090076,0.27845475,0.38936922,0.50906664,0.4133356
5.100076,0.27801672,0.387846,0.5089317,0.4132308
5.110076,0.2780626,0.38819876,0.50845003,0.41295508
5.1200747,0.27735606,0.38757095,0.5082925,0.4132024
5.1300735,0.27821958,0.3880467,0.50874084,0.41383472
5.140075,0.27860057,0.3872913,0.5076352,0.41264302
5.1500754,0.27870926,0.38850158,0.5082552,0.41381362
5.160075,0.27812102,0.38784888,0.5081098,0.41294333
5.170076,0.27770984,0.38711658,0.50816774,0.41292104
5.180073,0.27782112,0.3872533,0.50777066,0.41305068
5.190092,0.27748263,0.3878707,0.507945,0.41287482
5.200083,0.2777361,0.38758892,0.50975704,0.41296083
5.2100773,0.27821782,0.3876246,0.507843,0.41339144
5.2200766,0.2775763,0.38673824,0.50750774,0.41338485
5.2300744,0.2774178,0.3873487,0.5080959,0.41225743
5.240073,0.27836463,0.38771656,0.50851506,0.41387275
5.250089,0.27797943,0.3862793,0.5080199,0.41345847
5.260084,0.2780645,0.38702643,0.5078387,0.41322035
5.270078,0.27670547,0.3870253,0.50834006,0.41423422
5.280076,0.27773073,0.38643563,0.50799954,0.41418585
5.2900763,0.2781871,0.38656238,0.50844145,0.41361377
5.300074,0.27762762,0.3868766,0.50729555,0.4134815
5.310088,0.27776122,0.38799533,0.50770056,0.41425234
5.320076,0.27775502,0.3866766,0.5081751,0.41344315
5.330093,0.27754763,0.38609055,0.5081484,0.41422057
5.3400807,0.27739668,0.3865956,0.5074864,0.41311443
5.350076,0.27777377,0.38655546,0.5075783,0.41381246
5.360075,0.2775944,0.38686934,0.5075655,0.41390535
5.3700743,0.27774847,0.38649756,0.5075636,0.41456008
5.3800898,0.27748236,0.38644034,0.5070688,0.4137744
5.39008,0.27765095,0.38709012,0.50834125,0.41319144
5.400074,0.2774044,0.38600478,0.5076963,0.41390744
5.410075,0.27786475,0.38612068,0.508916,0.4143631
5.420073,0.27786222,0.38588095,0.50756407,0.4139639
5.430076,0.27776667,0.3869498,0.5076821,0.41416782
5.440075,0.27766654,0.38634604,0.5076107,0.41385496
5.45009,0.27790758,0.3860275,0.50759906,0.41420996
5.460081,0.2771457,0.3852825,0.50771207,0.4145317
5.470078,0.27722043,0.38639557,0.5075092,0.4147274
5.480086,0.2775525,0.38711044,0.50688165,0.41432363
5.4900784,0.27525243,0.38580397,0.5072937,0.4147149
5.500074,0.27699605,0.38594306,0.50700814,0.41422692
5.510078,0.2778763,0.38624236,0.5078245,0.41496414
5.5200763,0.2771299,0.38587096,0.5074796,0.41459578
5.5300765,0.27697104,0.3853715,0.50716144,0.414419
5.5400734,0.2787419,0.38705832,0.50723386,0.4141932
5.5500755,0.27753553,0.3854729,0.50748664,0.41463462
5.5600734,0.27728066,0.38613766,0.5075574,0.4145338
5.5700755,0.27657542,0.38577634,0.5071959,0.4148076
5.5800734,0.2773101,0.38521805,0.507511,0.41476956
5.5900755,0.278064,0.38606054,0.50730026,0.4144822
5.600075,0.2778852,0.38622132,0.5073184,0.41486594
5.610074,0.27713794,0.38399962,0.50649124,0.4145779
5.6200805,0.2771229,0.385398,0.50685894,0.4151989
5.6300764,0.27685365,0.38525784,0.50694245,0.41535923
5.640076,0.2773711,0.38529113,0.5072916,0.414743
5.650076,0.27711636,0.38545913,0.5070898,0.41494107
5.660074,0.2775667,0.38498455,0.5066199,0.41508567
5.6700745,0.27748182,0.38459665,0.50730264,0.41520667
5.680074,0.27691537,0.38436538,0.5078071,0.41457495
5.6900754,0.2777262,0.38543162,0.50827235,0.41440514
5.700074,0.27705064,0.3855039,0.5071878,0.41530523
5.7100754,0.27671522,0.38428175,0.50714344,0.4153143
5.7200747,0.27678296,0.3852856,0.50703335,0.41499823
5.730073,0.2776365,0.3850168,0.5067006,0.41553602
5.7400723,0.2771313,0.3848187,0.506363,0.41533184
5.7500763,0.27711186,0.38409388,0.5064309,0.4147561
5.7600737,0.27785054,0.38489702,0.50615036,0.41517612
5.7700753,0.27641273,0.3848317,0.5068879,0.41584685
5.780073,0.27699274,0.38465434,0.50626624,0.4149273
5.7900753,0.27783057,0.38485062,0.5059639,0.41475496
5.800075,0.27708623,0.38470703,0.50703484,0.41571024
5.8100758,0.2770976,0.38475007,0.5066384,0.41470698
5.820076,0.27687606,0.38409966,0.5061737,0.41527593
5.8300834,0.27741176,0.38411123,0.5063036,0.4158781
5.840077,0.27725676,0.38486156,0.506616,0.41547823
5.850074,0.27646878,0.38399965,0.50626755,0.41563013
5.860082,0.27703378,0.38494185,0.5059761,0.41609418
5.870098,0.2770473,0.38404736,0.5067318,0.4157778
5.880075,0.27693304,0.38372263,0.5063943,0.41584033
5.890076,0.2765627,0.38384408,0.50597966,0.4162228
5.9000845,0.27465862,0.38282147,0.5061795,0.41516948
5.9101233,0.27437675,0.3811613,0.5056661,0.4149889
5.9201035,0.27648038,0.3852796,0.50587696,0.41553015
5.9300823,0.2765864,0.38328272,0.5059328,0.41584784
5.940074,0.27677074,0.38383448,0.5057109,0.4158205
5.9500756,0.27612135,0.3836547,0.50617754,0.41516092
5.9600806,0.27627861,0.38316,0.5053804,0.4163074
5.9700756,0.27695155,0.38411334,0.5061293,0.41589403
5.980086,0.27520603,0.38352802,0.5058529,0.41656286
5.9900775,0.27705666,0.38296205,0.50562674,0.41602325
6.000088,0.27612272,0.38316798,0.50577146,0.41596502
6.010077,0.27632403,0.38380313,0.50607985,0.4169275
6.020074,0.27642527,0.38257137,0.50543547,0.416114
6.030076,0.2761607,0.38378704,0.5062741,0.41647616
6.0400734,0.27634206,0.3834094,0.50610864,0.4159467
6.050076,0.2764025,0.38335705,0.5054156,0.41643763
6.0600786,0.2765256,0.38247028,0.50505173,0.4165454
6.070077,0.27618352,0.3832077,0.50560284,0.41666415
6.0800714,0.27649897,0.38324586,0.506034,0.41724053
6.090074,0.2768043,0.38299072,0.5058755,0.4163719
6.100308,0.27397442,0.38125405,0.5032269,0.41696066
6.1100926,0.27630258,0.3825808,0.50694954,0.41696754
6.1200747,0.27550834,0.3826381,0.5037722,0.41710845
6.1300793,0.27617466,0.38232324,0.5062135,0.41580734
6.1400743,0.27782872,0.38233918,0.5043367,0.41531634
6.150077,0.2762288,0.3818617,0.5035927,0.41592634
6.1600814,0.27640882,0.3813791,0.50607663,0.4183102
6.170078,0.27663204,0.38156053,0.5053445,0.4159958
6.1800747,0.27674556,0.38361397,0.50543493,0.4167119
6.190086,0.27758113,0.38168737,0.5053166,0.41719732
6.2000794,0.2758293,0.38353685,0.50490123,0.41740286
6.2100744,0.27649763,0.38243458,0.5046714,0.4161368
6.220085,0.27613616,0.38293514,0.5050745,0.4169006
6.230076,0.27535823,0.38136643,0.50454193,0.41703913
6.2400703,0.2765569,0.38182402,0.5052657,0.41659304
6.250072,0.27639556,0.38259828,0.50439155,0.41616625
6.2600794,0.2755202,0.38114846,0.5049594,0.41733783
6.2700777,0.2755378,0.38184816,0.5051393,0.41746342
6.2800736,0.27586696,0.38207358,0.50495195,0.41746053
6.290075,0.27627262,0.3828798,0.50365746,0.41652235
6.300076,0.27626228,0.3824588,0.503829,0.4165826
6.31007,0.27653906,0.38221607,0.50452435,0.4165033
6.3200717,0.27562627,0.3815883,0.5043805,0.41625696
6.330075,0.27618042,0.38271424,0.504118,0.416995
6.340073,0.27683368,0.382071,0.50385475,0.4167141
6.3500757,0.27559406,0.38186178,0.5042781,0.4166408
6.360086,0.2765004,0.38185212,0.5043283,0.41723275
6.3700805,0.2761828,0.3824443,0.5038179,0.41709518
6.3800745,0.2757318,0.38127577,0.5042159,0.4170273
6.3900766,0.27641442,0.38130128,0.5038176,0.4165589
6.4000754,0.27546516,0.3815779,0.5037444,0.4170831
6.410074,0.2761174,0.38143247,0.5039974,0.41661128
6.420075,0.27604204,0.3818232,0.50344354,0.41688633
6.4300733,0.2756478,0.38144833,0.50338066,0.41728815
6.4400787,0.27568105,0.3822573,0.5035395,0.41751048
6.4500775,0.27588266,0.38159764,0.5040642,0.4173349
6.4600844,0.27570185,0.38089538,0.5043794,0.4174278
6.470079,0.2757851,0.3811201,0.50347227,0.41753042
6.4801006,0.27296096,0.38140693,0.5036074,0.4173896
6.49008,0.27623174,0.38139614,0.5035233,0.41805416
6.500074,0.2755097,0.38210547,0.5038364,0.4173113
6.51008,0.2756319,0.3811769,0.50292724,0.41778913
6.5200787,0.27584743,0.3803415,0.5032976,0.41787854
6.5300736,0.275246,0.38098758,0.5029965,0.4175804
6.5400724,0.2758818,0.38017613,0.5025643,0.4177528
6.5500755,0.27550048,0.37989584,0.5036947,0.41756395
6.560084,0.27621472,0.38082334,0.5028739,0.4172378
6.570077,0.27558872,0.38019118,0.5030162,0.41758305
6.5800786,0.2750919,0.38065493,0.5030465,0.41745487
6.590076,0.27649754,0.38087037,0.5027213,0.41747534
6.6000757,0.27608237,0.38051853,0.50318235,0.41737774
6.610083,0.27590606,0.38097027,0.5032673,0.41700366
6.620078,0.2759177,0.38087338,0.502944,0.4171857
6.630082,0.27645284,0.38166144,0.5026188,0.41804543
6.6400776,0.27554733,0.38092425,0.5029766,0.41774487
6.6500735,0.27509403,0.3806527,0.5025359,0.41755155
6.6600842,0.275741,0.38081104,0.5028049,0.41700435
6.6700797,0.27531072,0.3805256,0.5028574,0.41775864
6.6801023,0.27552897,0.38003075,0.5025318,0.4174767
6.6900787,0.27589408,0.38121226,0.5031358,0.4179714
6.7000775,0.27522203,0.3806442,0.50225884,0.4175503
6.710078,0.27501172,0.38014388,0.5027793,0.41738176
6.7202554,0.27405182,0.38021088,0.50257313,0.4174818
6.7300816,0.275377,0.37980807,0.5018635,0.41790673
6.7400727,0.2761507,0.37995332,0.5018127,0.41777074
6.7500734,0.27472392,0.38023132,0.50147665,0.41787785
6.760078,0.27559212,0.38075197,0.50222284,0.41743162
6.7700734,0.27516854,0.38032797,0.5018534,0.41766837
6.780076,0.27553016,0.3807523,0.50211,0.41751164
6.7900767,0.2752118,0.38036904,0.5018155,0.41758502
6.800075,0.27517942,0.38002923,0.50185907,0.4179885
6.8100753,0.27495462,0.38014176,0.5018937,0.41779107
6.8200808,0.27570623,0.379904,0.5016602,0.41793346
6.8300724,0.27528235,0.38017398,0.5021145,0.41791725
6.840075,0.27518442,0.3795263,0.5018285,0.41793296
6.8500733,0.2754923,0.38006505,0.5014434,0.41790828
6.860076,0.27501583,0.3792291,0.5016701,0.41769072
6.870082,0.27491504,0.37971842,0.5011954,0.417372
6.880079,0.27505893,0.37934586,0.5015599,0.41786152
6.890074,0.27533016,0.37964353,0.5007965,0.41750842
6.9000773,0.27536213,0.37976533,0.50229317,0.41746747
6.910074,0.27568653,0.37987447,0.49996015,0.41813013
6.920074,0.2752377,0.37945068,0.5008229,0.4186476
6.930076,0.27517596,0.38021517,0.50162715,0.4184107
6.940074,0.27510947,0.37993452,0.5009433,0.41811144
6.9500804,0.2753209,0.37981817,0.5011782,0.41836938
6.960078,0.27459228,0.37926686,0.5012485,0.41829723
6.970085,0.27553096,0.3798314,0.50109375,0.4181594
6.9800863,0.27248633,0.3774664,0.5009366,0.41752654
6.9900823,0.27523628,0.37969995,0.50023913,0.41843003
7.0000877,0.27453655,0.37905735,0.5005022,0.41819075
7.0100765,0.27385184,0.37917632,0.5001214,0.41803747
7.0200753,0.27458426,0.3783726,0.500168,0.41751018
7.0300756,0.27422825,0.37840515,0.50020003,0.4177856
7.0400753,0.27559835,0.37931767,0.5000307,0.41816533
7.050077,0.27483332,0.3791142,0.49987823,0.41832155
7.060075,0.27511635,0.379023,0.50045663,0.41805065
7.070077,0.27503446,0.3788247,0.50050354,0.4185529
7.0800734,0.27592808,0.3791954,0.50010437,0.4176743
7.0900764,0.27436197,0.3781188,0.5000859,0.41858864
7.1000757,0.27511016,0.37899995,0.4992212,0.41855583
7.1100802,0.27464512,0.37939116,0.5000396,0.4183172
7.1200767,0.27493405,0.37956354,0.49978253,0.4188347
7.1300735,0.27414396,0.37909234,0.49932322,0.4187796
7.140074,0.27505755,0.37923405,0.5000978,0.41835678
7.1500754,0.27515826,0.3785576,0.49887288,0.4186557
7.160086,0.27504075,0.3788299,0.49946517,0.418662
7.17008,0.27484256,0.37824875,0.49931175,0.41858518
7.1800737,0.27430624,0.37868825,0.49910668,0.41795707
7.1900864,0.2746742,0.37894508,0.4988176,0.4182866
7.2000775,0.2747427,0.37802824,0.4993969,0.4183388
7.210077,0.27464396,0.37584877,0.4991623,0.41838783
7.220085,0.27301228,0.37766945,0.49847552,0.41794446
7.230088,0.27445742,0.3784428,0.49892887,0.4184673
7.2400775,0.2740205,0.37774962,0.4988818,0.41798714
7.250076,0.27402988,0.37792554,0.498755,0.4187297
7.260076,0.274844,0.37799573,0.4990688,0.41777614
7.2700753,0.27513537,0.3784478,0.49904293,0.4179829
7.280078,0.274396,0.37790766,0.49797344,0.41791257
7.2900753,0.27492115,0.37795368,0.49844524,0.4191596
7.3000717,0.2748348,0.3784031,0.49880746,0.41811132
7.3100767,0.2742958,0.37822253,0.49798387,0.41834828
7.3200727,0.27475315,0.37797683,0.49831834,0.41850102
7.3300824,0.27501336,0.37822214,0.49785694,0.4185292
7.340079,0.27354136,0.3768801,0.49794474,0.41837323
7.3500752,0.273727,0.3773437,0.49784616,0.41851947
7.3600745,0.27348992,0.3759886,0.49779627,0.41833067
7.370074,0.27359846,0.37723085,0.49770367,0.41883782
7.3800755,0.27310494,0.37715796,0.49781796,0.4186837
7.390094,0.27331337,0.37685293,0.49766418,0.4176246
7.400075,0.27365306,0.37747484,0.4977579,0.41884837
7.4100757,0.2734121,0.37629625,0.49497208,0.41763684
7.420073,0.27381653,0.37675834,0.49563718,0.41917467
7.430076,0.27482426,0.37731996,0.49780646,0.41864344
7.4400744,0.27468285,0.37805483,0.49770722,0.41860792
7.4500747,0.2744208,0.37739807,0.49725232,0.41907653
7.4600773,0.27454063,0.3776068,0.4973079,0.41875637
7.4700766,0.275252,0.3780233,0.49781105,0.41807777
7.4800835,0.2735813,0.37487823,0.4961075,0.41840595
7.490104,0.2740155,0.37743124,0.4968094,0.41945267
7.500073,0.27444947,0.37687162,0.49699816,0.41931108
7.5100765,0.27424893,0.3768142,0.49673346,0.4184686
7.520075,0.27438438,0.37705112,0.49667078,0.419483
7.5300756,0.27448258,0.37729836,0.49652335,0.41840416
7.5400724,0.27465028,0.3773158,0.49623314,0.41904137
7.550074,0.2740679,0.37771672,0.4966644,0.4186245
7.5600743,0.2740777,0.3769021,0.49608803,0.4183932
7.5700803,0.27419603,0.37739497,0.49622738,0.4199151
7.580077,0.27433965,0.3768187,0.49606106,0.41932672
7.590077,0.27479485,0.37730378,0.49639276,0.41933486
7.6000752,0.2737483,0.3765153,0.49627817,0.41871315
7.61007,0.27366745,0.37676874,0.49621964,0.4187542
7.620077,0.27436325,0.37773386,0.49542016,0.4191866
7.6300764,0.27382386,0.37710428,0.49465823,0.4185614
7.6400747,0.27450502,0.37673268,0.49714714,0.4188595
7.650076,0.27398688,0.37704793,0.4943513,0.41845348
7.660078,0.27408242,0.37676933,0.49569404,0.4187878
7.6700783,0.2745472,0.37680304,0.49521145,0.4187479
7.680075,0.2742318,0.37673074,0.4955599,0.41854483
7.6900764,0.27407512,0.37630373,0.4949443,0.41894785
7.700075,0.27392453,0.37665954,0.49511287,0.4189337
7.710077,0.2735783,0.37670118,0.49530113,0.4187099
7.7200756,0.2743443,0.37747675,0.49708435,0.4191219
7.7300754,0.27411312,0.37518048,0.49417,0.41854107
7.740077,0.2739973,0.37666112,0.49655807,0.41946268
7.7500763,0.27454156,0.3762055,0.49276268,0.41772604
7.7600865,0.273723,0.37440112,0.4956681,0.41741103
7.7701144,0.27228048,0.37538055,0.49385428,0.4170395
7.780088,0.27318865,0.3750668,0.49469388,0.41817302
7.7900867,0.27423644,0.37432846,0.4937187,0.42050418
7.8000746,0.27328694,0.37711826,0.49373686,0.42046314
7.810081,0.273628,0.37753358,0.49455795,0.4181723
7.820074,0.27369556,0.37594908,0.49528423,0.41957694
7.8300776,0.2736811,0.37662527,0.49334645,0.42009142
7.8400736,0.27415916,0.37641713,0.49392655,0.41828522
7.8500786,0.27466398,0.3767472,0.49426758,0.41839245
7.860075,0.27278385,0.37602928,0.494161,0.41916472
7.8700747,0.27282137,0.37642086,0.4940755,0.41932514
7.8800735,0.27508414,0.37570518,0.49358684,0.4192034
7.8900757,0.27513552,0.37590662,0.49396124,0.41893494
7.900073,0.27378717,0.37578395,0.49286208,0.41887373
7.9100766,0.27410087,0.37566754,0.49334282,0.4189431
7.920076,0.27366862,0.37600315,0.49300715,0.4190729
7.9300747,0.27383322,0.3759807,0.4938412,0.41840377
7.9400754,0.27337897,0.37528813,0.49349293,0.41893902
7.9500756,0.2735362,0.3752817,0.4932879,0.41832718
7.960074,0.27340063,0.3754768,0.49285805,0.41919267
7.9700737,0.27316135,0.3761436,0.49329,0.4192044
7.9800844,0.27295595,0.37594774,0.4928974,0.41848058
7.990085,0.27338973,0.37567613,0.4926356,0.41873652
8.000082,0.2730386,0.37551406,0.49300516,0.4189659
8.010076,0.27298826,0.37544936,0.49316698,0.4189174
8.020075,0.27422476,0.3761161,0.4920703,0.41894814
8.030076,0.27412933,0.3752464,0.4924178,0.41919297
8.040074,0.27352643,0.3753217,0.49219108,0.41896966
8.050076,0.27375603,0.3758101,0.49213362,0.41829455
8.060074,0.27321753,0.3751755,0.4922727,0.41952437
8.070074,0.2738168,0.37582368,0.49226046,0.41886434
8.080075,0.2736415,0.37510028,0.4927861,0.41915852
8.0900755,0.27359182,0.37532058,0.49225292,0.41912997
8.100075,0.27358505,0.37469083,0.49163634,0.41954848
8.110075,0.2738286,0.37551552,0.49216354,0.4193922
8.120073,0.27381933,0.37501943,0.49197516,0.41914344
8.130072,0.2739964,0.37224182,0.49202007,0.4193446
8.14007,0.27316293,0.3742194,0.4913686,0.41894978
8.150076,0.2735033,0.37489843,0.4920205,0.41962254
8.160073,0.27358875,0.3749914,0.4911164,0.41910952
8.170074,0.2733972,0.3760897,0.4917011,0.41927558
8.180075,0.2735169,0.37440473,0.49146748,0.41860652
8.190085,0.27312484,0.37500283,0.49109027,0.4189252
8.200077,0.27258,0.37455493,0.49098313,0.41925588
8.210076,0.2733621,0.3746196,0.49066725,0.41940325
8.220075,0.2735643,0.37488988,0.49060887,0.41869238
8.23008,0.2730618,0.37439093,0.49100935,0.41856736
8.240074,0.2737064,0.3740632,0.4912063,0.41904235
8.25008,0.2727284,0.37443402,0.4905869,0.41905493
8.260075,0.2731769,0.37401924,0.49062493,0.4188459
8.270075,0.2737221,0.37536737,0.4906368,0.41913047
8.280076,0.27319974,0.37425816,0.49063197,0.41902098
8.290074,0.2731319,0.37430114,0.49065354,0.41942564
8.300075,0.27370006,0.37491247,0.49069956,0.41918173
8.310075,0.272966,0.37431723,0.49034053,0.41871783
8.320075,0.27361727,0.37475264,0.49132755,0.4190123
8.330075,0.2733071,0.37415847,0.49051312,0.41867387
8.3400755,0.27308103,0.3741792,0.4887329,0.41949427
8.350074,0.27256283,0.37406608,0.4918533,0.4185948
8.360074,0.27370661,0.37471285,0.48893338,0.41994354
8.370076,0.27356428,0.37482744,0.48924196,0.41861063
8.380073,0.27296016,0.3740782,0.48928013,0.41871962
8.390076,0.27304196,0.3736982,0.48953575,0.41914505
8.400081,0.27271795,0.37415552,0.48950073,0.41906682
8.410075,0.2731394,0.374662,0.4904425,0.41945744
8.420075,0.2734508,0.37412527,0.4890181,0.41860265
8.430071,0.27403447,0.3744426,0.48953477,0.4194528
8.440075,0.27306673,0.37479934,0.48879564,0.4182071
8.450075,0.2735563,0.3743562,0.4895977,0.41913328
8.4600725,0.27324075,0.37423015,0.489237,0.41886276
8.470076,0.2737886,0.3746724,0.4892612,0.41870153
8.480086,0.27320772,0.37404796,0.48735636,0.41932988
8.49008,0.2732225,0.3744742,0.48987418,0.41945717
8.500097,0.27294013,0.37373945,0.4879525,0.4186825
8.510076,0.27284265,0.3736412,0.48687947,0.41907364
8.520074,0.27397004,0.3742504,0.48816094,0.4195823
8.530076,0.2731726,0.37338927,0.48995292,0.4190719
8.540076,0.2731506,0.37342462,0.48882866,0.42006093
8.550074,0.27285504,0.37285793,0.48875958,0.41758487
8.560075,0.27259454,0.3733383,0.4874139,0.4192726
8.57008,0.2732709,0.37224317,0.48816195,0.42031652
8.580078,0.27343994,0.37405884,0.4879865,0.41912282
8.590076,0.27235648,0.37172222,0.4878814,0.419915
8.600087,0.27340606,0.37260848,0.48828924,0.41783547
8.610077,0.272888,0.37414563,0.48755017,0.41885975
8.620072,0.2728837,0.374786,0.48799613,0.41985783
8.630075,0.27379292,0.3730316,0.48743373,0.41913444
8.640074,0.2724911,0.37328812,0.48792055,0.41920725
8.650075,0.2722237,0.37284586,0.48684397,0.4191713
8.660074,0.27356482,0.37293193,0.486828,0.41914776
8.670074,0.27373385,0.37351584,0.48699546,0.41955018
8.680074,0.2730315,0.37263134,0.48773926,0.41921866
8.690075,0.27300343,0.37362278,0.48677292,0.4191824
8.700092,0.27243215,0.3726649,0.48658678,0.41880304
8.710076,0.2734868,0.37297276,0.4866982,0.41873172
8.720073,0.2730388,0.37362358,0.48662454,0.41937584
8.730073,0.2731746,0.3725569,0.4867756,0.41967127
8.740072,0.27304602,0.37305668,0.48637238,0.41931903
8.750077,0.27315754,0.37289315,0.48651278,0.41884422
8.7600765,0.27235276,0.37299776,0.486309,0.41878262
8.770074,0.27348062,0.37367395,0.4869527,0.4186899
8.780071,0.27241966,0.37253338,0.48635894,0.41874292
8.790073,0.27289575,0.37384507,0.48608273,0.41930512
8.800101,0.2731342,0.3726468,0.48632962,0.41847387
8.810074,0.27304688,0.37301025,0.48587453,0.4188995
8.820075,0.2742406,0.372772,0.48563993,0.41871306
8.830072,0.2725762,0.37268183,0.4853109,0.41910473
8.840074,0.27252752,0.3732818,0.48576793,0.41809002
8.850074,0.2724314,0.373163,0.4856732,0.41842285
8.860075,0.27341557,0.37314242,0.4855542,0.4183222
8.870075,0.27282026,0.37338668,0.4859173,0.41928774
8.880075,0.27282184,0.37260106,0.48523682,0.4186438
8.890074,0.27198,0.37278572,0.48551258,0.4186749
8.900091,0.2729596,0.37250206,0.4853384,0.4191567
8.910073,0.2731499,0.37270725,0.48506233,0.4188708
8.920075,0.2736792,0.37224916,0.48573667,0.41875362
8.930076,0.27335227,0.37243038,0.48435658,0.41894168
8.940075,0.27296147,0.37249517,0.48511505,0.41918284
8.950075,0.2725251,0.37217674,0.48480663,0.41872427
8.960074,0.27228138,0.3720569,0.4846564,0.4191781
8.970075,0.27286926,0.37229523,0.48464036,0.41854995
8.980089,0.27306902,0.37261125,0.48454747,0.41832483
8.990085,0.2723102,0.37254724,0.4847104,0.41941956
9.000102,0.27241972,0.37126827,0.48408565,0.4189681
9.010077,0.2720782,0.3730096,0.4835259,0.41824237
9.020075,0.27260163,0.37156144,0.4838395,0.4185172
9.030074,0.27326503,0.37165013,0.48474762,0.41834077
9.040077,0.27206227,0.37190276,0.48421314,0.4185174
9.050076,0.27246428,0.3721917,0.48432994,0.41856572
9.060075,0.27251077,0.37164614,0.48440206,0.418738
9.070076,0.27255425,0.37212598,0.48409545,0.41888112
9.080074,0.2724536,0.37211046,0.48357886,0.41915455
9.0900755,0.27221006,0.37142035,0.48422715,0.41881314
9.100075,0.27227712,0.37143245,0.483954,0.41859487
9.110076,0.2724826,0.37181255,0.48434588,0.41865346
9.120076,0.27260607,0.37218025,0.48286968,0.41812524
9.1300745,0.2726415,0.37122625,0.48378435,0.41839638
9.140075,0.27253273,0.3722907,0.48311567,0.41850126
9.150072,0.27166763,0.37207052,0.4833731,0.41850832
9.160076,0.27267742,0.37215072,0.4838065,0.41893947
9.1700735,0.27196476,0.37170163,0.48297283,0.4187535
9.1800785,0.27260482,0.37156975,0.4830034,0.41776425
9.190088,0.2714915,0.3712805,0.4822813,0.4189869
9.200075,0.2721385,0.37123954,0.48265564,0.41914225
9.210076,0.2729066,0.37156084,0.4825702,0.41880357
9.220074,0.2726056,0.37175614,0.48308098,0.41804036
9.230075,0.2725331,0.37181088,0.4823478,0.4182192
9.240078,0.2718813,0.37240344,0.48304132,0.4181174
9.250091,0.27250236,0.37126276,0.48225224,0.41792718
9.260079,0.27186355,0.37148786,0.48200426,0.41851866
9.270076,0.27170137,0.3718694,0.48170123,0.4179808
9.280074,0.27267134,0.36954677,0.48154885,0.4185706
9.290075,0.27248302,0.37081638,0.4814153,0.41859412
9.300075,0.27224502,0.3711658,0.48230314,0.4185083
9.310077,0.27260926,0.37181526,0.48195338,0.41905808
9.320074,0.27214292,0.37160507,0.48127657,0.41935036
9.330077,0.272733,0.37102163,0.48006466,0.4180219
9.340076,0.27201217,0.37150583,0.48181888,0.41808495
9.350075,0.27286458,0.3712244,0.4824163,0.41772863
9.360075,0.27214485,0.3713228,0.48200187,0.4190004
9.370076,0.272734,0.37157574,0.4822247,0.41817972
9.380072,0.27218887,0.36952773,0.4814781,0.41857558
9.390074,0.27240053,0.37132478,0.48070657,0.41822198
9.400073,0.2718629,0.3704701,0.48087418,0.41841638
9.410076,0.27204943,0.37131077,0.4808932,0.41816857
9.420074,0.27223492,0.37091264,0.4813632,0.4175176
9.430075,0.2722042,0.3699956,0.48088643,0.41799948
9.440073,0.2719959,0.37075257,0.48091564,0.41880018
9.450075,0.27173096,0.3706838,0.48096317,0.41740558
9.460074,0.27286455,0.37086314,0.48011437,0.41811585
9.470077,0.2726657,0.37108183,0.48044178,0.41818833
9.480086,0.2721559,0.37019923,0.4802976,0.41807142
9.4900875,0.2721154,0.37114787,0.47984794,0.4191601
9.500074,0.27142024,0.37074047,0.47925523,0.41821024
9.510076,0.272303,0.37081325,0.4808258,0.4183627
9.520075,0.27252653,0.37084126,0.48028418,0.41867322
9.530076,0.27173203,0.37023544,0.4800491,0.4184106
9.540075,0.27179748,0.3709126,0.4805487,0.4177373
9.550076,0.2719013,0.3702285,0.4796831,0.41847134
9.560074,0.2718928,0.37013507,0.4799905,0.41804564
9.570076,0.27172086,0.37017992,0.48009953,0.41785166
9.580074,0.27167532,0.37008792,0.47908318,0.41754967
9.5900755,0.27142072,0.37025765,0.47949907,0.4177069
9.600074,0.2719923,0.37022215,0.47916982,0.4179628
9.610075,0.27283028,0.37105912,0.47944582,0.41793326
9.620076,0.27218303,0.37034306,0.47953078,0.41754776
9.630074,0.2720509,0.37021253,0.47900456,0.4181864
9.640076,0.271404,0.37041947,0.47929242,0.41783497
9.650075,0.27200386,0.37097144,0.47952822,0.41806567
9.660075,0.27236,0.37034458,0.47891703,0.417788
9.670077,0.2719176,0.37015545,0.47880283,0.4180759
9.680073,0.27183288,0.37035185,0.47901475,0.41744426
9.690076,0.27204883,0.37071106,0.4790696,0.4176285
9.700074,0.27172363,0.3702621,0.47810403,0.4176003
9.710089,0.2713835,0.36982116,0.47858366,0.41774184
9.720076,0.27225295,0.37022296,0.4785634,0.41722172
9.730074,0.27188477,0.36985695,0.4779573,0.4180471
9.740073,0.27203554,0.370473,0.47843894,0.41775736
9.750076,0.27159113,0.3704484,0.47860098,0.41740087
9.760076,0.2719525,0.37039277,0.47801754,0.41720015
9.770075,0.27178222,0.369912,0.4782705,0.41747355
9.780073,0.27208066,0.3700167,0.47826704,0.41763484
9.790073,0.27239498,0.36953005,0.47779927,0.4170515
9.800075,0.271452,0.37034324,0.47835997,0.41773683
9.810089,0.27129287,0.36936095,0.4775002,0.41714126
9.820075,0.2724873,0.36974403,0.4783661,0.41739526
9.830075,0.27181107,0.3695446,0.47789952,0.41743445
9.8400755,0.27185684,0.3703047,0.47725666,0.41769555
9.85007,0.2717924,0.3697744,0.47707117,0.41739067
9.860074,0.27183414,0.36973006,0.47824255,0.41709834
9.870076,0.2720799,0.36929312,0.47742605,0.41698363
9.880075,0.27162132,0.36940065,0.47748616,0.41743535
9.890076,0.27151558,0.36952037,0.47726706,0.4171141
9.900074,0.27185622,0.3697032,0.4773188,0.4172123
9.910091,0.27178413,0.3696381,0.47714353,0.41747692
9.920075,0.2710446,0.36950687,0.47673482,0.41726592
9.930076,0.27170023,0.3697252,0.4779043,0.41794953
9.940075,0.27138665,0.36975816,0.47654787,0.4172523
9.950075,0.27190095,0.36973152,0.47627425,0.41681594
9.960074,0.27192718,0.3692149,0.47644642,0.4165787
9.970074,0.27176976,0.3696687,0.47723272,0.41709954
9.980086,0.27134743,0.36963865,0.47717637,0.41644925
9.990085,0.2715963,0.36947426,0.4767138,0.41729957
10.000086,0.271235,0.3687094,0.47593048,0.41761097
10.010109,0.2716773,0.36868212,0.47672108,0.41699994
10.020075,0.27168918,0.36925095,0.47590983,0.4173194
10.030077,0.27209347,0.36969623,0.47616088,0.41710863
10.040075,0.27117196,0.36933252,0.47558886,0.41689733
10.050076,0.27099186,0.36957797,0.4764733,0.41692144
10.060076,0.27228528,0.36948982,0.47608957,0.41662866
10.070076,0.27138233,0.36944732,0.4759212,0.41648325
10.080075,0.27136925,0.36927906,0.4761546,0.41636363
10.090075,0.2712776,0.36941412,0.47555298,0.41671646
10.100077,0.27185363,0.36953336,0.47618473,0.41765
10.110073,0.2700413,0.3675618,0.47541043,0.41659528
10.120076,0.2714537,0.36813125,0.47596988,0.41638613
10.130075,0.2702337,0.36794928,0.47542015,0.4163466
10.140074,0.27028966,0.36819848,0.47496,0.41669393
10.150076,0.26989347,0.36833674,0.47515762,0.4162466
10.160076,0.27067316,0.36817136,0.47506934,0.4165506
10.170076,0.27095458,0.3682558,0.47449338,0.4162274
10.180073,0.2700391,0.36792746,0.4752984,0.41592842
10.190089,0.27013966,0.36760935,0.4747433,0.41642302
10.200077,0.27098304,0.3684273,0.4748324,0.41700757
10.210075,0.2712381,0.3683804,0.4747382,0.4164097
10.220074,0.27141258,0.3691858,0.47500792,0.41632774
10.230075,0.2717735,0.36861467,0.4746845,0.41678283
10.240135,0.26923552,0.3666967,0.47444868,0.4155286
10.25009,0.2720668,0.3682514,0.4750318,0.416614
10.260081,0.2717234,0.3682335,0.4746442,0.41616952
10.270076,0.27137816,0.36866018,0.47352722,0.4166704
10.280075,0.27091947,0.36852905,0.47442278,0.41597667
10.290076,0.27197945,0.36921445,0.47404,0.41663858
10.300076,0.27135462,0.36896262,0.47494197,0.41625053
10.310074,0.27163288,0.3688733,0.47310498,0.41657352
10.320075,0.27115816,0.368992,0.47341195,0.4161411
10.330075,0.27090433,0.36798665,0.47600776,0.41574615
10.3400755,0.27142552,0.36892995,0.47281447,0.4159685
10.350073,0.2718417,0.36879802,0.47414634,0.41631803
10.360073,0.27163404,0.36837736,0.47360545,0.41558737
10.370075,0.27117708,0.36905313,0.47344303,0.41616103
10.380076,0.27185166,0.3685906,0.47454172,0.41581598
10.390076,0.2711026,0.3680457,0.4738103,0.41599965
10.400073,0.2719687,0.36893418,0.47340754,0.4164175
10.410076,0.27116957,0.36850813,0.47344396,0.41574004
10.420091,0.27155015,0.3691582,0.47354043,0.41587034
10.430074,0.27118468,0.36843508,0.47255313,0.41607332
10.440075,0.27147892,0.3686053,0.47332057,0.415762
10.450074,0.271083,0.36870635,0.4730106,0.41577426
10.460081,0.27102196,0.36842623,0.47341835,0.41599175
10.470079,0.2718717,0.36919007,0.4730297,0.41594028
10.480095,0.27055377,0.3682808,0.47267938,0.41532242
10.490086,0.27045193,0.3682255,0.47228363,0.41612914
10.500075,0.2701137,0.36689186,0.47263652,0.41632515
10.510081,0.27103892,0.36759079,0.47379258,0.41475338
10.520103,0.2699549,0.36787707,0.4727035,0.41502523
10.530079,0.27106273,0.3687084,0.47396162,0.41594788
10.540074,0.27072412,0.36750263,0.47025996,0.4165746
10.550075,0.27064964,0.36780524,0.47072425,0.41524255
10.56008,0.27125794,0.36781958,0.4710952,0.41451466
10.570074,0.27140027,0.36809164,0.4710522,0.4149766
10.580075,0.27126667,0.36805394,0.47247368,0.41338333
10.5900755,0.27138212,0.3697963,0.47197253,0.41434997
10.600073,0.27158326,0.3682405,0.47190022,0.41526762
10.610076,0.2696358,0.36772978,0.4707819,0.41487256
10.620113,0.26987058,0.36762792,0.47255445,0.41472393
10.630084,0.27080524,0.36706555,0.47197267,0.41516936
10.640075,0.27063355,0.36754167,0.4715707,0.4153733
10.650076,0.27066216,0.36770228,0.4724738,0.4146771
10.660075,0.27055487,0.36772007,0.47252694,0.4148127
10.670074,0.27021748,0.36822814,0.4716235,0.41492662
10.680075,0.27075756,0.36796173,0.4709693,0.4154264
10.690076,0.27079782,0.3673747,0.47170302,0.41504917
10.700075,0.27162418,0.36805823,0.471734,0.41554198
10.710076,0.26852646,0.3681471,0.47166905,0.414974
10.720109,0.27133414,0.36795542,0.47112292,0.41474316
10.730084,0.27051616,0.3681212,0.47114322,0.4153838
10.740075,0.2706906,0.3677371,0.47138998,0.4154169
10.750085,0.27010754,0.3682106,0.47058252,0.41509494
10.7600765,0.2705369,0.3685519,0.47090545,0.41582182
10.7700815,0.27034605,0.3684923,0.4706732,0.41438967
10.780076,0.2702768,0.3676759,0.4702841,0.41517884
10.790074,0.27041155,0.36647573,0.47015178,0.41455725
10.800082,0.2703842,0.3673525,0.470379,0.41537926
10.810074,0.27061114,0.36718005,0.4704313,0.41474545
10.820102,0.27041128,0.36707076,0.47050557,0.4143646
10.830077,0.2710001,0.36830536,0.4699741,0.41468066
10.840081,0.27070272,0.36775404,0.47027424,0.41465032
10.850085,0.270648,0.36831704,0.4699901,0.41522446
10.860079,0.2701403,0.36763045,0.46935248,0.41434985
10.870084,0.27074546,0.36785492,0.47021303,0.4147149
10.880075,0.27014023,0.36779195,0.46948016,0.41496396
10.890081,0.2712424,0.36864996,0.47012123,0.41511524
10.900078,0.26998347,0.36788738,0.46951884,0.41438407
10.910073,0.27047035,0.36712193,0.4703333,0.4143438
10.920101,0.27036732,0.36795425,0.4695736,0.41422683
10.930079,0.27055633,0.3672838,0.46931428,0.41441917
10.94008,0.26963842,0.36763048,0.46910766,0.41458574
10.950078,0.27133435,0.36799634,0.46912673,0.4140367
10.960073,0.27051586,0.36758605,0.4689014,0.41472137
10.970077,0.27008477,0.36739904,0.46993083,0.4144496
10.980087,0.26892865,0.36799398,0.4699005,0.41478223
10.990082,0.27022728,0.36663005,0.46895188,0.41466707
11.000084,0.26989952,0.36735967,0.46865755,0.4151974
11.010083,0.27109432,0.36745706,0.46925437,0.4148454
11.020113,0.27008775,0.3668269,0.4692401,0.41507468
11.030085,0.26961893,0.36629376,0.4686391,0.41420767
11.040082,0.26857293,0.3651915,0.46923956,0.41460398
11.050077,0.2700275,0.36539704,0.46897823,0.41372117
11.060075,0.26988193,0.3672771,0.46961012,0.4144652
11.070077,0.27074277,0.36760885,0.46825048,0.4137135
11.080074,0.2704282,0.36616638,0.4684157,0.41439888
11.090076,0.2699245,0.36707357,0.46809107,0.41392413
11.100074,0.2701482,0.36776212,0.46866503,0.41436958
11.110082,0.27015248,0.366013,0.46790752,0.4136361
11.120102,0.27078563,0.36687577,0.46854538,0.41415483
11.130079,0.2701092,0.36687103,0.46877074,0.41359428
11.140076,0.27009496,0.36636892,0.46822053,0.41399404
11.150073,0.2701251,0.3675512,0.4684373,0.41438773
11.160077,0.26990008,0.36653093,0.46819046,0.413695
11.170076,0.2705683,0.36743975,0.46793622,0.41403654
11.180074,0.27037615,0.3671507,0.46810046,0.4136561
11.190086,0.26994497,0.36752158,0.46830997,0.41426128
11.200077,0.27038625,0.36682692,0.4686074,0.41461217
11.210084,0.26983058,0.36652073,0.46677616,0.41430134
11.220075,0.26921895,0.36453617,0.46681735,0.41360947
11.230081,0.26947066,0.36636055,0.4669942,0.41428953
11.240075,0.27000946,0.36762336,0.4673376,0.41303006
11.250081,0.27009192,0.366686,0.46777758,0.41229114
11.260079,0.27049825,0.36577493,0.46815768,0.41261595
11.270076,0.27023378,0.36546448,0.4676213,0.41265967
11.280076,0.2703324,0.3674453,0.46718895,0.41331664
11.290072,0.26917723,0.367717,0.46692324,0.41389963
11.300079,0.27085254,0.3673922,0.46684554,0.41344586
11.310079,0.27007255,0.36683655,0.4668374,0.4127638
11.32008,0.26902163,0.36588708,0.46674815,0.41405788
11.33008,0.27043602,0.3661413,0.46665886,0.4134789
11.340075,0.27043602,0.3662712,0.46708432,0.4139974
11.350076,0.27044526,0.36611453,0.46645412,0.41350895
11.360077,0.26967874,0.3661818,0.46700513,0.41405025
11.370076,0.2704964,0.3672176,0.46690738,0.41436294
11.380074,0.2695328,0.3665438,0.46668485,0.41314858
11.390074,0.26994738,0.3666113,0.4662544,0.41383505
11.400075,0.27025723,0.36563596,0.46617582,0.41395006
11.410075,0.2691118,0.36646736,0.4662267,0.41394633
11.420081,0.26995313,0.36649585,0.46644816,0.41323373
11.430077,0.2711198,0.3665916,0.46656203,0.41314277
11.440073,0.26984915,0.36593875,0.46610266,0.41337708
11.450076,0.2706911,0.3666352,0.46651492,0.4134154
11.460076,0.2699323,0.3662242,0.46615776,0.41309363
11.470076,0.2696582,0.3666363,0.46612346,0.41290945
11.480087,0.2677229,0.36506918,0.46548283,0.41273528
11.490084,0.2698395,0.36544707,0.4652844,0.4136145
11.500077,0.26960546,0.36543167,0.4657804,0.4137473
11.510077,0.27033326,0.36636034,0.46537903,0.4137454
11.520075,0.26910275,0.36557883,0.46505272,0.41260636
11.530078,0.26950762,0.3661321,0.46577647,0.41328186
11.540077,0.26953572,0.36570656,0.4650573,0.41323155
11.550077,0.27052093,0.3656169,0.46612874,0.4124992
11.560074,0.26951364,0.36538613,0.46572432,0.4145874
11.570076,0.26962975,0.36673307,0.4646872,0.41286057
11.580075,0.26911643,0.36603168,0.46565747,0.4129455
11.5900755,0.26942527,0.36629727,0.46502247,0.41257888
11.600074,0.26964793,0.36671743,0.4655746,0.41301128
11.610074,0.26977888,0.36635944,0.46506146,0.41306922
11.620074,0.26991338,0.36703658,0.46497625,0.41293904
11.630076,0.2697807,0.3658982,0.4643839,0.41313407
11.640073,0.26958007,0.36572143,0.46603444,0.41318634
11.650075,0.26996434,0.36617854,0.46449906,0.4128647
11.660072,0.26894316,0.36630985,0.465009,0.41236335
11.670075,0.26966354,0.36614397,0.46436667,0.413323
11.680075,0.26979792,0.3667149,0.4645809,0.41345304
11.690076,0.26916462,0.36655727,0.46445176,0.41311875
11.700075,0.26903197,0.3653175,0.46462965,0.41288266
11.7100725,0.26904476,0.36559856,0.46382555,0.41272932
11.720075,0.26956385,0.36545107,0.46472004,0.41257775
11.730073,0.2689183,0.3659041,0.4639887,0.41230267
11.740073,0.26933977,0.36592403,0.4641486,0.41205734
11.750076,0.26962042,0.3663135,0.46425465,0.41243947
11.760074,0.2696894,0.36551207,0.46481478,0.41202772
11.770077,0.26939854,0.36615276,0.46429524,0.41273165
11.780073,0.26883113,0.3650312,0.46344826,0.41294637
11.790075,0.26952904,0.36604914,0.46365902,0.4124382
11.800076,0.26938015,0.3652461,0.46221504,0.41091818
11.810074,0.26985568,0.3661652,0.4641975,0.4126691
11.820072,0.268982,0.36529353,0.46331212,0.4128904
11.830076,0.26843947,0.36564618,0.4635344,0.41208035
11.840073,0.2692702,0.36594677,0.46440688,0.41149554
11.850073,0.268846,0.36482656,0.4634195,0.4121445
11.860076,0.26919562,0.36533812,0.46401373,0.41140866
11.870074,0.26955575,0.36543757,0.46336764,0.41132239
11.8800745,0.26963735,0.36550236,0.4632517,0.41204843
11.890075,0.26980272,0.36547607,0.46339196,0.41175562
11.900078,0.26971826,0.3663599,0.46290776,0.4126377
11.910077,0.2684531,0.36581534,0.46323192,0.41226792
11.920075,0.26964998,0.36512247,0.46321303,0.41235015
11.9300785,0.26884115,0.365812,0.46297902,0.41159388
11.940077,0.27036232,0.36549634,0.46301657,0.41197714
11.950077,0.27017832,0.36641696,0.46289954,0.4118957
11.960077,0.26955935,0.36577353,0.46263823,0.4116337
11.970074,0.26916382,0.36367518,0.46259165,0.41203868
11.980082,0.26751858,0.36407942,0.46249345,0.4117737
11.990085,0.2690447,0.36463693,0.4629676,0.41101268
12.000115,0.2665397,0.36191815,0.461931,0.4113932
12.010097,0.26938626,0.36441118,0.46296743,0.4114384
12.020082,0.2683759,0.36529595,0.46246007,0.4113751
12.0301075,0.26886404,0.3653757,0.46231773,0.4119178
12.040079,0.2688795,0.36478963,0.46244073,0.41149485
12.050078,0.26951993,0.36518812,0.46227276,0.4115779
12.060082,0.26856887,0.36466408,0.46189952,0.41187537
12.070085,0.26940635,0.3657459,0.46173552,0.4116371
12.080078,0.26895553,0.36518723,0.4619464,0.41019234
12.090074,0.26871246,0.3650166,0.46260875,0.41147953
12.100078,0.26933995,0.3645674,0.46154937,0.41113958
12.110072,0.26875344,0.36526933,0.46160373,0.41132593
12.12009,0.26903448,0.36474207,0.4616617,0.41131574
12.130104,0.26925382,0.36515552,0.46173102,0.41132355
12.140074,0.26918477,0.36481744,0.4608792,0.41115126
12.150076,0.26851907,0.3650554,0.46136525,0.41119576
12.160077,0.2681876,0.3653507,0.46189556,0.41105565
12.170081,0.26861972,0.3647756,0.4609728,0.4111672
12.180078,0.26854205,0.36496973,0.4609499,0.41062492
12.190085,0.26892304,0.36445874,0.4605058,0.4108671
12.200077,0.26789945,0.36425224,0.46124882,0.411755
12.210087,0.2684166,0.36283916,0.46045142,0.41094303
12.220086,0.2687178,0.3647498,0.46146217,0.4102595
12.230078,0.26878747,0.36463293,0.46087483,0.4109027
12.240079,0.26862437,0.36417907,0.46108574,0.41052258
12.250087,0.26937276,0.3637834,0.46117964,0.4109916
12.260083,0.26826018,0.3642352,0.4616164,0.4111708
12.270077,0.26912233,0.3644058,0.46061862,0.41131383
12.280074,0.2687621,0.364928,0.46170217,0.4111116
12.290089,0.26921052,0.364669,0.46064314,0.41111282
12.3000765,0.26833338,0.36446148,0.4606563,0.41024843
12.310075,0.26937893,0.36427984,0.46055043,0.4110198
12.320077,0.26840714,0.3636066,0.46093526,0.41083485
12.330076,0.26906666,0.36440945,0.46144116,0.41099882
12.340076,0.2687964,0.36423978,0.46051198,0.41114718
12.350078,0.26910037,0.3650388,0.46034622,0.41078392
12.360074,0.26731113,0.36430213,0.4603405,0.40978244
12.370074,0.26866743,0.36524376,0.4605564,0.4108974
12.3800745,0.2684378,0.3641812,0.46065772,0.41055453
12.390074,0.26885852,0.3643793,0.46014386,0.4099836
12.400075,0.2684669,0.36441582,0.4598627,0.4101156
12.410075,0.26884133,0.3651373,0.46079406,0.41016397
12.420076,0.2688022,0.36361244,0.45992813,0.41062474
12.430072,0.26877484,0.36489105,0.46025693,0.41012177
12.440074,0.26808473,0.36439335,0.46033454,0.40978187
12.450074,0.26694867,0.36426935,0.46009168,0.41052133
12.460074,0.26787448,0.3636772,0.4601872,0.4103369
12.470074,0.26774642,0.3633894,0.4596373,0.40990263
12.480073,0.26671466,0.3630425,0.45998082,0.40965903
12.490087,0.26776254,0.3638154,0.4593469,0.41068643
12.500076,0.26852012,0.36441025,0.45894265,0.41046667
12.510074,0.26824814,0.36416215,0.45911193,0.4098564
12.520071,0.26844385,0.363385,0.45892876,0.41031507
12.530073,0.2677995,0.36404267,0.45883274,0.41018414
12.540098,0.2681056,0.36448625,0.45947972,0.41004553
12.550077,0.26817673,0.36410418,0.45955664,0.41020042
12.560077,0.26851225,0.36420277,0.45959696,0.40977716
12.570074,0.26790857,0.36453477,0.45904043,0.40997127
12.580073,0.26824552,0.3633982,0.4583572,0.40947235
12.590075,0.26745602,0.36394057,0.45894748,0.40955457
12.600077,0.26836902,0.36419597,0.45905876,0.4097875
12.610076,0.26864514,0.36407474,0.45828184,0.40980557
12.620075,0.26797774,0.3634763,0.45842633,0.40953082
12.6300745,0.26784167,0.3639334,0.4585973,0.409726
12.64009,0.2689472,0.36388972,0.45806277,0.40941584
12.650074,0.26885638,0.3645303,0.4581807,0.4095686
12.660076,0.2688393,0.36369872,0.4579823,0.40972424
12.6700735,0.2691132,0.36430413,0.45783094,0.40945813
12.680075,0.26833314,0.36416525,0.45834503,0.40946782
12.690075,0.26894253,0.3641132,0.45837012,0.40937045
12.700073,0.2683096,0.36397254,0.45829812,0.40968975
12.710074,0.26839948,0.36458856,0.45854694,0.40962374
12.720075,0.26889175,0.36325607,0.45818427,0.40921792
12.730073,0.26812512,0.36430284,0.4588252,0.40905938
12.740073,0.2679908,0.3642244,0.45820045,0.4084637
12.750074,0.2685013,0.36414328,0.45788324,0.40997645
12.760076,0.2683639,0.36415038,0.4578686,0.40928778
12.770073,0.26818648,0.36364886,0.4578007,0.40874067
12.780075,0.26861617,0.36422095,0.45738712,0.4088609
12.790075,0.26846787,0.3637858,0.45705044,0.4088342
12.800076,0.26847258,0.3643575,0.4578817,0.40896437
12.810075,0.26824805,0.3638327,0.45717907,0.4091602
12.820072,0.26869243,0.36318067,0.45772377,0.4096391
12.830072,0.2681305,0.363752,0.4576521,0.40863633
12.840074,0.26746044,0.36458832,0.45726904,0.4096612
12.850075,0.26861387,0.36282596,0.45723435,0.40868556
12.860081,0.2682679,0.36376128,0.45770857,0.4089172
12.870078,0.26842988,0.36389795,0.4571009,0.40881485
12.8800745,0.26700097,0.362878,0.45737487,0.40877286
12.890073,0.2666454,0.3622038,0.4573656,0.40811026
12.900075,0.26667687,0.36211514,0.45688796,0.4082803
12.910075,0.26694572,0.3625359,0.45678398,0.40809166
12.920075,0.26677483,0.36214283,0.4574374,0.40823817
12.930076,0.2668218,0.36199468,0.45709005,0.4081687
12.940073,0.26596308,0.36250514,0.45655453,0.4079027
12.950074,0.26775032,0.3620523,0.45633048,0.40743712
12.960078,0.2688297,0.3641676,0.45689443,0.40788487
12.9700775,0.26793423,0.3632272,0.45687914,0.4087031
12.980076,0.26869583,0.3629118,0.45609903,0.4086407
12.990087,0.26752225,0.36347464,0.4567046,0.40878826
13.000093,0.26621506,0.36238638,0.45646676,0.40829226
13.010077,0.2668995,0.3633031,0.45658726,0.40776613
13.020079,0.26487663,0.36322415,0.45646104,0.40825525
13.030076,0.26855648,0.36288077,0.45694798,0.40822744
13.040076,0.2688437,0.3633491,0.45645595,0.4078512
13.050075,0.26842245,0.3627838,0.4556289,0.4081401
13.060074,0.2677917,0.3632415,0.4559114,0.40737522
13.070076,0.26789206,0.36327654,0.45570517,0.40812832
13.080075,0.26873955,0.3636316,0.45599326,0.40783894
13.090073,0.2679612,0.36297825,0.45595685,0.40807083
13.100076,0.26813665,0.36355785,0.45566,0.40792674
13.110074,0.26808292,0.36288357,0.45595247,0.4071883
13.120077,0.26763397,0.3630591,0.4562641,0.4079334
13.1300745,0.26786393,0.36337903,0.45543647,0.4068825
13.140075,0.26835147,0.36299986,0.45624384,0.4075362
13.150091,0.268186,0.3629417,0.45562217,0.40752685
13.160076,0.26880714,0.36221004,0.4557937,0.40671965
13.170076,0.26767597,0.36334392,0.45562547,0.40762612
13.180073,0.26851195,0.36379784,0.45599595,0.40734896
13.190087,0.26802263,0.3622535,0.4549084,0.4075697
13.200076,0.26769176,0.36288926,0.45621476,0.4074788
13.2100725,0.2681848,0.3626891,0.45565382,0.40710247
13.220075,0.26760995,0.36229652,0.45545208,0.40671447
13.230085,0.26764804,0.36312452,0.45615765,0.40709698
13.24008,0.2675186,0.3625128,0.45455533,0.40665838
13.2500925,0.26744628,0.36244276,0.45554817,0.4065638
13.260078,0.26784846,0.3622678,0.45686716,0.40636083
13.270077,0.26783448,0.3631537,0.45624426,0.40774164
13.280076,0.26732907,0.36164948,0.45648333,0.40810916
13.290078,0.26667875,0.36095968,0.45489794,0.40699387
13.300077,0.26681542,0.36224368,0.45438612,0.406478
13.310074,0.26752952,0.36329558,0.4554711,0.40668005
13.320074,0.26710144,0.3626049,0.4543879,0.4070585
13.330077,0.26831496,0.363692,0.45537558,0.40674144
13.340075,0.26801327,0.36205393,0.45448723,0.40675122
13.350093,0.26764172,0.36218065,0.4547429,0.40724516
13.360078,0.2678015,0.36223146,0.45412093,0.40664744
13.370073,0.26758325,0.36247528,0.45425117,0.40661162
13.380075,0.26794606,0.36222348,0.45417517,0.40656123
13.390076,0.26760864,0.36310014,0.4546339,0.40652165
13.400075,0.2685802,0.3624804,0.45445144,0.40621603
13.410075,0.26695454,0.36268944,0.45408848,0.40608913
13.420073,0.2683156,0.36261392,0.45382613,0.40644488
13.430074,0.26750234,0.36274853,0.45410097,0.40603065
13.440075,0.2688376,0.36221424,0.45493445,0.4058533
13.450091,0.26755372,0.3621773,0.4542077,0.4063995
13.460074,0.26777285,0.36293876,0.45449373,0.4064409
13.470074,0.2675756,0.3625507,0.45414093,0.40594935
13.480074,0.26833728,0.3626786,0.45363903,0.40615046
13.490088,0.267748,0.36218375,0.45348513,0.40626752
13.500076,0.26755923,0.36161926,0.453532,0.40631843
13.5100765,0.26745033,0.36234462,0.4538199,0.40517843
13.520075,0.26779026,0.36233482,0.45317996,0.40581197
13.530073,0.26734543,0.36278343,0.45317334,0.40592536
13.540085,0.26543006,0.3609531,0.45299268,0.4047349
13.550134,0.26758206,0.36129585,0.45386013,0.40552804
13.56008,0.26739246,0.36178377,0.45313302,0.40607092
13.570074,0.26797536,0.36263746,0.45330605,0.40583912
13.580076,0.26770929,0.3622281,0.45357063,0.40528306
13.590079,0.26755908,0.36213282,0.4535931,0.40522444
13.600075,0.2667404,0.3617208,0.4530284,0.40586635
13.610073,0.26796558,0.36203673,0.45314232,0.40550345
13.620075,0.26720583,0.36180827,0.45321378,0.40509197
13.630071,0.26820534,0.36252183,0.45357153,0.40552187
13.640076,0.26742765,0.36222705,0.45288125,0.40498406
13.650077,0.26696464,0.36163035,0.45363724,0.40600273
13.660074,0.26722935,0.36149165,0.45287243,0.40490064
13.670076,0.26774627,0.36224955,0.45286915,0.40554285
13.680075,0.26604757,0.36192864,0.45278436,0.40527296
13.69008,0.26763454,0.36117625,0.45228744,0.4047289
13.700075,0.26776788,0.36155778,0.4526127,0.4051581
13.710075,0.26745462,0.3620138,0.45257145,0.40500042
13.720074,0.26748934,0.36221835,0.45287985,0.40508646
13.730073,0.2667775,0.36244383,0.45194882,0.40522596
13.740072,0.2681372,0.36209503,0.45235378,0.40480793
13.750073,0.2667381,0.361609,0.45204267,0.40484923
13.760079,0.26802906,0.36200815,0.45266005,0.40507993
13.770078,0.26803517,0.36237264,0.45285067,0.40435165
13.780074,0.26792416,0.36183175,0.4523305,0.4044201
13.790082,0.26716435,0.36152846,0.45230728,0.40466326
13.800077,0.2670844,0.36208248,0.45223144,0.404872
13.810078,0.26816607,0.3608992,0.45264444,0.40433306
13.820073,0.2678899,0.36147818,0.45182717,0.40488192
13.830076,0.26840666,0.36237514,0.45172846,0.40513623
13.840075,0.26753524,0.36170545,0.4517685,0.40498066
13.850072,0.26679602,0.36061057,0.45109347,0.4043654
13.860079,0.26741424,0.36145774,0.45178136,0.4044456
13.870077,0.2674674,0.36158127,0.45190132,0.4050332
13.880088,0.2679285,0.36115256,0.45226824,0.40478864
13.890078,0.26878494,0.36260203,0.45221093,0.40448418
13.900073,0.26742005,0.36107543,0.45164356,0.40377954
13.910073,0.26777297,0.36263874,0.45185935,0.40439123
13.920074,0.26754856,0.3612076,0.4517176,0.40397024
13.930076,0.26804596,0.36209753,0.45173565,0.40411255
13.940075,0.26724014,0.3607302,0.4513512,0.4042567
13.950074,0.26788,0.36193904,0.45130602,0.4034307
13.960073,0.2676083,0.36159945,0.451034,0.40424585
13.970074,0.26704448,0.3603568,0.45108074,0.403478
13.98008,0.2675507,0.36152193,0.45143217,0.4035436
13.990087,0.26701057,0.3609094,0.45115623,0.40370533
14.0000925,0.2669408,0.36141065,0.45055625,0.4036003
14.010078,0.26760277,0.36130482,0.45095366,0.40356255
14.020082,0.26803365,0.36119363,0.45142284,0.4035031
14.03008,0.26800838,0.36120203,0.45137745,0.40349513
14.040075,0.26742503,0.36133677,0.4511552,0.403666
14.050076,0.26725855,0.3612302,0.45049334,0.4040245
14.060078,0.2679622,0.3615012,0.45140773,0.40336964
14.070085,0.26613408,0.3610062,0.45169505,0.40387294
14.080076,0.2679732,0.36043185,0.4511192,0.40342683
14.09008,0.26730597,0.36069903,0.45080334,0.40323132
14.100082,0.26693517,0.36049187,0.4508334,0.40285456
14.110078,0.2660605,0.3609378,0.45058522,0.4035868
14.120086,0.2671564,0.36136,0.4510347,0.40238485
14.13008,0.26710346,0.3614212,0.4505073,0.40329242
14.140077,0.26772887,0.36106405,0.44997045,0.4025856
14.150078,0.26692197,0.36061195,0.45026606,0.40318072
14.160081,0.2671614,0.3605818,0.45097926,0.4031331
14.170084,0.26691976,0.36168736,0.45050454,0.4026757
14.1800785,0.26846728,0.36154333,0.45034158,0.40289482
14.190086,0.26699167,0.36165342,0.45021412,0.40324083
14.200078,0.26720193,0.36112016,0.45090383,0.40296763
14.210073,0.26707092,0.35983852,0.45001048,0.40259805
14.220078,0.26689976,0.3607473,0.44998547,0.4028116
14.230075,0.2667523,0.360734,0.45085528,0.40233916
14.240087,0.26692492,0.36067107,0.45019352,0.40278897
14.250078,0.2669716,0.36115092,0.4504696,0.40267622
14.260078,0.26693368,0.36107647,0.45016435,0.40205017
14.270074,0.26712012,0.36101842,0.44941005,0.40218163
14.280074,0.26716062,0.36022845,0.44922167,0.40301597
14.290079,0.26649886,0.3601141,0.45032766,0.40186414
14.300076,0.26692918,0.36037478,0.4496916,0.40227342
14.3100815,0.2672924,0.36084354,0.44996917,0.40205464
14.320078,0.26715547,0.3614627,0.45045096,0.40221062
14.330073,0.26717314,0.3609771,0.4500684,0.4020865
14.340081,0.26647544,0.3611236,0.4503443,0.40234035
14.350079,0.2663569,0.36134386,0.44970313,0.4018336
14.360077,0.2671077,0.3616212,0.4499426,0.40217406
14.370075,0.26758173,0.36079127,0.44958138,0.40207782
14.380077,0.26719198,0.36128125,0.44986916,0.40212628
14.3900795,0.26675078,0.36006778,0.44885263,0.40230343
14.400074,0.26649266,0.36055917,0.45000628,0.4019322
14.410076,0.26697862,0.3606638,0.44985282,0.40227315
14.4200735,0.26699963,0.36097914,0.44929212,0.40190727
14.430077,0.26691625,0.36155394,0.44950503,0.40193602
14.440074,0.26627752,0.36064577,0.44923538,0.40166903
14.450072,0.2672408,0.3584512,0.44882014,0.40120685
14.46013,0.2640244,0.36026478,0.4491451,0.40188578
14.470078,0.2662142,0.36059326,0.44914857,0.40135565
14.480073,0.26702893,0.36056548,0.447845,0.40152797
14.490087,0.26693174,0.36082777,0.44952157,0.40216807
14.500076,0.26648974,0.3603774,0.4486478,0.40164378
14.5100765,0.2669038,0.3606891,0.44928122,0.40182462
14.520075,0.26650155,0.3599788,0.448989,0.40054977
14.530075,0.26715818,0.36031654,0.4492525,0.4013541
14.540075,0.26690248,0.36034057,0.44859394,0.4012575
14.550076,0.26646826,0.3604138,0.44921833,0.40142024
14.560078,0.26643297,0.3605682,0.4487328,0.40062717
14.570073,0.26628542,0.36014232,0.44901732,0.40125337
14.580074,0.26632172,0.36056203,0.44815597,0.39995837
14.5900755,0.2662758,0.36052835,0.4486187,0.4013478
14.600075,0.26757544,0.36036393,0.44865847,0.40090898
14.610075,0.2659398,0.36129808,0.4488356,0.4002741
14.620087,0.2671269,0.36099863,0.4487745,0.40058658
14.630078,0.2661513,0.3604199,0.4486558,0.40063182
14.640076,0.26687625,0.36021107,0.44822276,0.4008225
14.650075,0.26614365,0.3603969,0.44826493,0.40047315
14.660077,0.26706922,0.36034128,0.4483344,0.40073004
14.670087,0.26659733,0.36067736,0.44760525,0.40016773
14.680087,0.26651624,0.3603472,0.44807196,0.40091768
14.690078,0.2659262,0.35900322,0.44965136,0.4007334
14.700078,0.26605013,0.36028743,0.44655,0.39962795
14.710079,0.26574942,0.36019066,0.44815505,0.40053
14.720077,0.26654306,0.35974124,0.44637135,0.40054357
14.730075,0.26627865,0.35827368,0.4493368,0.40087557
14.74008,0.26640695,0.36053595,0.44647864,0.4012723
14.750077,0.26692522,0.36039674,0.44905117,0.39837375
14.760075,0.26621002,0.359875,0.44796222,0.400219
14.770084,0.2662979,0.36020404,0.44849616,0.40044224
14.780073,0.26633924,0.36029062,0.4475725,0.39901257
14.790077,0.26625866,0.3610368,0.44839445,0.40025994
14.800076,0.26620382,0.36021602,0.44705144,0.39951426
14.810081,0.26656517,0.3583108,0.44788733,0.40009642
14.820078,0.26700515,0.35980338,0.44792947,0.4001032
14.830077,0.26650155,0.36019653,0.44716218,0.3996167
14.840075,0.26597148,0.36021003,0.44745103,0.39918306
14.850076,0.26633418,0.36018905,0.44834223,0.40021667
14.860075,0.26594055,0.3603747,0.4479686,0.39881542
14.870076,0.26622012,0.36047515,0.44773147,0.3992282
14.880075,0.2666361,0.36072415,0.44790992,0.39944044
14.89008,0.26629543,0.3601265,0.44799215,0.39956897
14.900076,0.26603037,0.3595251,0.44700447,0.39932948
14.910076,0.26624465,0.36042976,0.44685617,0.3986306
14.920075,0.26696116,0.36026853,0.44755003,0.39924753
14.930073,0.2661002,0.36029258,0.44705272,0.39892352
14.940077,0.26627803,0.36030692,0.44795012,0.39900228
14.950076,0.26585463,0.35983083,0.44723043,0.39968944
14.960094,0.26641402,0.3604008,0.44776902,0.39938822
14.970077,0.26637706,0.35995665,0.44695032,0.39881113
14.980074,0.26652977,0.36023793,0.44747928,0.3990442
14.990084,0.26571995,0.3593777,0.4467663,0.39891636
15.000084,0.2651461,0.3595731,0.4470166,0.39893544
15.0100765,0.2645297,0.3598351,0.44660202,0.3986271
15.020075,0.26634702,0.35975304,0.4466147,0.39814985
15.030076,0.26637083,0.36007777,0.44685704,0.39805168
15.040075,0.26609954,0.3594958,0.4462661,0.39862254
15.050075,0.26638445,0.35988113,0.44739443,0.39888263
15.0601015,0.26629087,0.35987195,0.44753122,0.39866582
15.070077,0.26588383,0.36069098,0.44679144,0.39853293
15.080076,0.26674306,0.359085,0.44648808,0.3985201
15.090074,0.26563752,0.35976747,0.4463284,0.3980765
15.100074,0.2664625,0.3597368,0.44633725,0.39853328
15.110073,0.26597568,0.36038822,0.44713235,0.3979415
15.120073,0.26526102,0.36031908,0.446145,0.39861068
15.130075,0.26570532,0.36030468,0.44598174,0.39808568
15.140073,0.2659163,0.35940662,0.44623128,0.397778
15.150078,0.26616147,0.3599983,0.44617122,0.39861965
15.160105,0.26618126,0.3599713,0.44629437,0.39885142
15.170074,0.26540446,0.3578747,0.44637182,0.39798498
15.18009,0.26585656,0.3599001,0.4462069,0.39735577
15.190091,0.26470855,0.3591573,0.4466029,0.39814192
15.200085,0.26638705,0.3600588,0.44640607,0.39829218
15.210077,0.26596132,0.35994488,0.44635364,0.39862776
15.220077,0.26649335,0.35886213,0.4464723,0.3976286
15.230079,0.26566055,0.35944858,0.4459331,0.39771205
15.240076,0.26547754,0.35946345,0.44597074,0.3976357
15.250085,0.26545534,0.35971636,0.44591057,0.3967464
15.260103,0.2656111,0.3597302,0.4462044,0.39802027
15.270079,0.26595554,0.3590961,0.44574118,0.39737356
15.280074,0.26634842,0.35994932,0.44685376,0.39728302
15.290076,0.26559892,0.35930082,0.44562596,0.39750516
15.300076,0.26498258,0.3594546,0.44545645,0.39777607
15.310076,0.26530036,0.35985896,0.445629,0.39729428
15.320072,0.26539123,0.35967672,0.4454073,0.39703807
15.330075,0.26617306,0.35938683,0.44604287,0.3973263
15.340075,0.26558223,0.35945618,0.44600463,0.39624044
15.350075,0.26666132,0.35999638,0.44577348,0.39675137
15.360075,0.26573053,0.35927725,0.4453815,0.3970833
15.370076,0.2660292,0.3601281,0.44595912,0.3971728
15.380075,0.26593328,0.35920396,0.44506794,0.3966466
15.390072,0.26590797,0.3599325,0.445566,0.39714843
15.400076,0.2654381,0.3596583,0.4450771,0.39650202
15.410076,0.26642486,0.3598816,0.44508106,0.39655602
15.420079,0.26627874,0.36016494,0.44583791,0.39748296
15.4300785,0.26587343,0.3600684,0.44577634,0.39635414
15.440074,0.26567104,0.35971367,0.4455183,0.39623046
15.450075,0.26548377,0.3596867,0.44482508,0.3970914
15.460076,0.26550317,0.35916215,0.4450672,0.3958638
15.470077,0.26599926,0.3598345,0.4451003,0.39619884
15.480077,0.26565385,0.3597315,0.44528568,0.39580372
15.490085,0.26546815,0.36003596,0.445167,0.39668128
15.500076,0.2651664,0.35935658,0.44527698,0.39639995
15.510073,0.26455745,0.35973233,0.44535708,0.3960179
15.5200815,0.26597512,0.3582238,0.44440812,0.39591134
15.530079,0.26544288,0.35881597,0.4450402,0.3949308
15.540084,0.2658548,0.35956782,0.4447645,0.39583838
15.5500765,0.2655056,0.35992104,0.44478655,0.3957478
15.560079,0.26612285,0.35954726,0.44443682,0.3955778
15.570079,0.2648963,0.3591085,0.4444067,0.39577368
15.580076,0.2659387,0.35939345,0.44507337,0.39537084
15.590076,0.26514763,0.3597343,0.44447786,0.39542347
15.600077,0.2651094,0.358703,0.4452543,0.39588407
15.610078,0.26545456,0.35946426,0.44521117,0.39547685
15.620078,0.26480454,0.35854223,0.44413906,0.39551088
15.630074,0.2652067,0.35913208,0.44477823,0.3954964
15.640081,0.26543477,0.3590757,0.44442236,0.39507663
15.650077,0.26406494,0.35764587,0.4438592,0.39514366
15.660079,0.264265,0.35825208,0.4447138,0.39492202
15.670078,0.26470175,0.35898623,0.44462517,0.39523134
15.680073,0.2640583,0.3587121,0.4438099,0.39528325
15.690076,0.2642497,0.3579195,0.44422147,0.3949353
15.700074,0.2637178,0.35866028,0.44355652,0.39454225
15.710078,0.26414123,0.35777327,0.4438393,0.3947319
15.7200775,0.2650755,0.35793653,0.44391307,0.39472455
15.730076,0.26605627,0.3600558,0.44415185,0.39438927
15.740075,0.2652407,0.35838205,0.44459245,0.3939299
15.750073,0.26507896,0.35926005,0.4447375,0.39465907
15.760076,0.2651111,0.3589511,0.44362938,0.39472416
15.770075,0.26481012,0.35893878,0.44378453,0.39452845
15.780073,0.26518017,0.35900778,0.4434526,0.39414734
15.790075,0.26536912,0.3587702,0.4437074,0.3943533
15.800078,0.26502243,0.35838142,0.44395316,0.39416966
15.810077,0.26553887,0.3591643,0.444119,0.39400542
15.820074,0.26479757,0.35982263,0.44478726,0.39372605
15.830075,0.26504174,0.3586938,0.44321302,0.39440334
15.8400755,0.26587012,0.3595987,0.44356546,0.39393628
15.850081,0.2654356,0.35836342,0.44368672,0.39401093
15.860075,0.26589623,0.3596385,0.44387314,0.3947251
15.870073,0.26477653,0.358864,0.44322067,0.39428353
15.880079,0.2663161,0.3593354,0.44373122,0.39391682
15.890077,0.26540923,0.3578644,0.444102,0.39310646
15.90008,0.2652981,0.35864928,0.44428122,0.39449587
15.910077,0.26496136,0.35899505,0.4435372,0.39384738
15.9200735,0.26545665,0.3588114,0.44377348,0.39293125
15.930076,0.26562765,0.3594119,0.44334322,0.3935521
15.940074,0.26514176,0.35845965,0.44370893,0.39329657
15.950078,0.2658021,0.35885492,0.44331747,0.3929055
15.960078,0.26498738,0.35948348,0.44366193,0.39302146
15.970077,0.2650483,0.35859042,0.4433209,0.3931784
15.980074,0.2648842,0.35893324,0.44346008,0.39248016
15.990085,0.2654089,0.3596903,0.44385326,0.39316744
16.000093,0.26436165,0.35864773,0.44263032,0.39324528
16.010078,0.2651101,0.35910264,0.44297892,0.39251432
16.020075,0.2648464,0.35872936,0.44319707,0.3925087
16.030075,0.2652217,0.3587798,0.44327354,0.3929841
16.040073,0.26457614,0.35832778,0.44283825,0.39293173
16.050076,0.26505244,0.35883385,0.44268912,0.39255443
16.060076,0.26510897,0.35947803,0.4431815,0.39296672
16.070076,0.26541856,0.35857007,0.44297448,0.39271668
16.080076,0.26509136,0.35850382,0.44257945,0.3924846
16.090075,0.26464698,0.35873207,0.44282538,0.39256626
16.100075,0.26503956,0.35894594,0.44267514,0.39221638
16.110073,0.2647737,0.35913104,0.4429792,0.3925197
16.120075,0.26471573,0.35891905,0.44340596,0.39165625
16.130075,0.2650826,0.35828796,0.4426233,0.3923301
16.14008,0.26460937,0.35926044,0.44401005,0.39208698
16.15008,0.2649408,0.35884148,0.4418503,0.3921456
16.16008,0.2642062,0.3581846,0.4426959,0.39207315
16.170101,0.2652335,0.35862505,0.44320455,0.3909582
16.180084,0.26544902,0.35913107,0.44269952,0.39234015
16.190086,0.2650858,0.3582692,0.44400492,0.39247936
16.200077,0.26480755,0.3598263,0.44177964,0.38991094
16.210073,0.26420772,0.35914254,0.4418821,0.39327282
16.220072,0.2646038,0.360077,0.4420483,0.39189288
16.230074,0.2647266,0.35732514,0.4420947,0.3914754
16.240082,0.2646226,0.358414,0.44249052,0.39136758
16.250082,0.2647174,0.3583016,0.44236118,0.39190865
16.260078,0.26463908,0.35832417,0.4428126,0.39173484
16.270075,0.26467234,0.3590703,0.4425095,0.39128655
16.280071,0.26489642,0.35800377,0.442257,0.39090392
16.290073,0.26450497,0.35862032,0.44286394,0.391148
16.300076,0.26455942,0.3587804,0.44188002,0.3915514
16.310076,0.2661154,0.3593137,0.44179848,0.39134374
16.320072,0.26455715,0.35809264,0.44257814,0.39139134
16.330074,0.26493242,0.35854265,0.44250813,0.39116725
16.340075,0.26426843,0.35817596,0.4420546,0.39045355
16.350073,0.26394075,0.35732436,0.44196156,0.39129627
16.360077,0.26511034,0.3590411,0.4416146,0.39061013
16.37008,0.2642533,0.35793883,0.44163492,0.39119262
16.380085,0.26451337,0.35805213,0.44202137,0.39048603
16.39008,0.2645925,0.35768145,0.44046253,0.39057678
16.400074,0.2654745,0.3584813,0.4434994,0.39076367
16.410076,0.26512977,0.35888147,0.44246867,0.38996455
16.420074,0.26462093,0.35789555,0.4404199,0.39007747
16.430075,0.26435822,0.35765085,0.44061592,0.38860324
16.440075,0.26473922,0.35714445,0.44351315,0.38902685
16.450075,0.26471615,0.3566435,0.4411091,0.39079753
16.460073,0.2655208,0.36001492,0.4417077,0.38851216
16.470074,0.26637158,0.3582673,0.44093096,0.3909252
16.480093,0.26483104,0.3579783,0.44174185,0.39052272
16.490086,0.26530516,0.35847557,0.44173574,0.38988054
16.500078,0.26460463,0.35819215,0.44234854,0.39059022
16.510075,0.2653096,0.3592097,0.44132322,0.39010823
16.520073,0.2647215,0.3585128,0.4413022,0.38979924
16.530075,0.26379734,0.3576478,0.44172233,0.39002177
16.540073,0.2639505,0.3580116,0.44091153,0.39019883
16.550076,0.26474398,0.35751572,0.44151893,0.38933688
16.56008,0.26516902,0.35843593,0.44118112,0.3897796
16.570076,0.2642259,0.35843334,0.44166088,0.3896264
16.580095,0.26424012,0.35826838,0.4413349,0.3890869
16.590076,0.26416996,0.35820782,0.44133803,0.38932055
16.600077,0.26503146,0.35853082,0.44165033,0.38926572
16.610075,0.26494798,0.3582441,0.4414728,0.3896817
16.620073,0.26527226,0.35875937,0.44181916,0.38955015
16.630075,0.26483932,0.35815486,0.441132,0.3898009
16.640074,0.2637644,0.35838208,0.4410796,0.38904318
16.650076,0.26444036,0.35861322,0.44151,0.3894189
16.660076,0.26484448,0.3581929,0.44139257,0.38951346
16.670084,0.26354626,0.35794985,0.44182765,0.38844603
16.6801,0.2646939,0.35806167,0.44120952,0.38898247
16.690073,0.26410347,0.35809213,0.44143513,0.38891053
16.700077,0.2636227,0.35778153,0.4416081,0.388693
16.710075,0.26494622,0.35767594,0.44124362,0.38898867
16.720081,0.26459154,0.35865593,0.44136226,0.38823262
16.73008,0.26401007,0.35786262,0.4409142,0.3885761
16.740074,0.2656005,0.35871926,0.4413125,0.38897386
16.750074,0.26411155,0.35808495,0.4407955,0.38837153
16.760077,0.26474494,0.35777497,0.44156012,0.38833773
16.770077,0.26402685,0.35783127,0.44110107,0.38803613
16.780075,0.26468027,0.3580916,0.4411915,0.38914564
16.790083,0.2643896,0.35822207,0.4409099,0.38824055
16.800076,0.26464617,0.35893956,0.44110206,0.38815546
16.810074,0.26455846,0.3577128,0.44109058,0.38835308
16.820074,0.26385054,0.35690895,0.44117174,0.3877755
16.830072,0.2637908,0.35766143,0.44056082,0.3888703
16.840075,0.264685,0.35748428,0.44080067,0.3882309
16.850073,0.26471543,0.3578224,0.44107977,0.38814756
16.86008,0.2647862,0.3580535,0.44125938,0.38795617
16.870075,0.26438943,0.35831717,0.44085586,0.38804898
16.880072,0.26397824,0.35695538,0.44095895,0.3872991
16.890081,0.2648802,0.3576391,0.4409564,0.38759932
16.900076,0.2638746,0.35778898,0.44081542,0.38772625
16.910074,0.26496673,0.3579701,0.44119155,0.3881627
16.920074,0.26387495,0.35761672,0.44122627,0.38751873
16.93007,0.26423195,0.35778087,0.44111207,0.38758653
16.940071,0.2638245,0.35741973,0.4409989,0.38721684
16.950071,0.2638243,0.35751423,0.44110364,0.38729328
16.960075,0.26525453,0.35842097,0.43859714,0.3870666
16.970076,0.2641717,0.35786808,0.44055802,0.38727993
16.980072,0.26420772,0.35679203,0.44065332,0.3868437
16.99011,0.26324722,0.35691056,0.44058144,0.38706934
17.000093,0.26385015,0.35710648,0.44039518,0.38671893
17.010078,0.2638688,0.3570008,0.4400221,0.38710585
17.020077,0.26483524,0.35718632,0.44070572,0.38682738
17.030088,0.26389325,0.35717204,0.4400577,0.3869529
17.040081,0.26437402,0.35727382,0.44106522,0.38687986
17.050074,0.26349044,0.3572117,0.44046172,0.38707986
17.06008,0.2649893,0.35710227,0.44038987,0.3870587
17.070076,0.26415175,0.3569107,0.44031852,0.3862881
17.080078,0.26488897,0.35671467,0.44054484,0.387066
17.0901,0.2650021,0.35768273,0.4405015,0.38678092
17.10008,0.26495963,0.35754162,0.4400413,0.38668013
17.110077,0.26378772,0.35785294,0.4396215,0.38629332
17.120075,0.2639136,0.35744265,0.44051543,0.3858958
17.130085,0.2637922,0.35691634,0.4401713,0.38621706
17.140074,0.26391318,0.3570712,0.4398273,0.3855869
17.15008,0.2645792,0.3577587,0.44041485,0.38611042
17.160078,0.26331973,0.35691997,0.4401579,0.38597545
17.170076,0.26256353,0.3559642,0.44000155,0.38537836
17.18012,0.26229975,0.3556028,0.43977314,0.38475978
17.19012,0.2633003,0.35674173,0.440134,0.3861739
17.200085,0.26350373,0.35640392,0.44021282,0.3862898
17.210077,0.26334065,0.3570513,0.44038343,0.38589928
17.220074,0.26399752,0.35702276,0.43980756,0.38599378
17.230076,0.2638342,0.35717866,0.43940005,0.38554257
17.240074,0.2642005,0.35788918,0.439931,0.38545784
17.250074,0.26358932,0.35798544,0.4398601,0.38500413
17.260077,0.26365677,0.35764092,0.43994808,0.38448852
17.270077,0.26419595,0.35666466,0.4405848,0.38512418
17.280073,0.2635756,0.35703593,0.44034332,0.38515192
17.290071,0.26381052,0.35695183,0.440284,0.38536325
17.300074,0.26411748,0.35747162,0.4398055,0.38577345
17.310078,0.26429957,0.35696062,0.44015,0.38528255
17.320074,0.26441634,0.35775495,0.43938458,0.38458562
17.330076,0.263514,0.357457,0.43969628,0.3844359
17.34007,0.2646333,0.3565789,0.44033784,0.3848986
17.350075,0.2638077,0.35668826,0.4394554,0.3849084
17.360077,0.2645201,0.35746583,0.44030067,0.3853546
17.370075,0.2638695,0.35691753,0.43969947,0.384764
17.380074,0.2636699,0.35751864,0.440148,0.38497767
17.390074,0.26372558,0.3573364,0.4398616,0.38454458
17.400074,0.2638758,0.35758895,0.43990898,0.38510618
17.410072,0.26376826,0.35714653,0.4396382,0.38444662
17.420076,0.2636205,0.3568055,0.44011584,0.38496864
17.430077,0.26402324,0.3563046,0.43980795,0.38468492
17.440077,0.26350325,0.35697538,0.43940315,0.38450846
17.450075,0.26334396,0.3572835,0.43999678,0.38423592
17.460073,0.26338384,0.3560898,0.43981808,0.38412094
17.470078,0.26350415,0.35730565,0.4393357,0.38398403
17.480074,0.26379177,0.35664818,0.43982184,0.3841954
17.490107,0.26072374,0.35720587,0.44038257,0.3843324
17.500078,0.2626612,0.35632843,0.4388572,0.3843629
17.510075,0.26340044,0.35619557,0.43917444,0.3846145
17.520075,0.26427597,0.3570708,0.43936777,0.38415092
17.530077,0.2635312,0.3574531,0.43962517,0.3842426
17.540075,0.26355064,0.35643083,0.4394316,0.3837444
17.550076,0.26298016,0.3569596,0.43938383,0.384091
17.560074,0.2638358,0.35678816,0.4390796,0.38350493
17.570076,0.26373383,0.35636246,0.4395163,0.38392207
17.580074,0.2632997,0.3563251,0.43919933,0.3835866
17.590076,0.26349205,0.3566769,0.4392409,0.38352495
17.600075,0.26334155,0.35614568,0.43909097,0.38358662
17.610075,0.26344922,0.35645565,0.43914568,0.383203
17.620075,0.26450512,0.3568709,0.43999612,0.38305977
17.630074,0.26337883,0.35624105,0.43900943,0.38307804
17.640076,0.26350382,0.35695523,0.439499,0.3829949
17.650074,0.26424736,0.3568216,0.43846488,0.38356856
17.660076,0.26389146,0.35661066,0.44014233,0.3828719
17.670074,0.26437354,0.3562945,0.4392767,0.38268086
17.680073,0.26384845,0.3567894,0.44027388,0.38268596
17.690084,0.26379114,0.35644525,0.44130695,0.38321447
17.700098,0.2633338,0.35703096,0.43905956,0.3827934
17.710077,0.26314384,0.35656676,0.4390691,0.38322875
17.720072,0.2644528,0.3566295,0.438323,0.382284
17.730076,0.26394293,0.3565901,0.43893674,0.3830285
17.740074,0.26334375,0.3566379,0.43920323,0.38286006
17.750074,0.26374495,0.3564923,0.43869457,0.38242096
17.760077,0.2635837,0.3558227,0.4391589,0.38221806
17.770075,0.2632341,0.3559953,0.43979576,0.3819642
17.780075,0.26352587,0.3569996,0.43953994,0.3822035
17.790073,0.26366347,0.35668862,0.43956202,0.38228416
17.800074,0.262919,0.35651004,0.43842256,0.38214922
17.810076,0.26333794,0.3566832,0.4393583,0.38240176
17.820074,0.26399925,0.35671094,0.43865636,0.38235667
17.830076,0.26390702,0.35646012,0.43903217,0.38221028
17.840075,0.2636388,0.35642287,0.43929645,0.382131
17.850075,0.26268762,0.35625312,0.43888026,0.38204038
17.860079,0.26297358,0.35637036,0.4386746,0.38204688
17.870075,0.26346815,0.3565142,0.43843022,0.38216466
17.880074,0.26373515,0.35664323,0.43877158,0.3821189
17.890076,0.26253718,0.3560095,0.43843022,0.38169822
17.900076,0.26283535,0.35622337,0.43919376,0.38130084
17.910076,0.26361313,0.3566669,0.43867606,0.38137287
17.920073,0.26387024,0.3567237,0.4389946,0.38063726
17.930073,0.26258913,0.35644448,0.43861166,0.38161805
17.940073,0.2632861,0.35639992,0.43906388,0.38150266
17.950075,0.26311707,0.35588762,0.43877283,0.38199958
17.96008,0.26379532,0.35685307,0.43878457,0.38129738
17.970076,0.26287746,0.35589075,0.43871737,0.38098523
17.980076,0.2636739,0.3564233,0.43928668,0.38163814
17.990084,0.26011494,0.3534918,0.43806627,0.38172913
18.000095,0.26293153,0.35544157,0.43881115,0.38114244
18.01008,0.26145878,0.35570362,0.43833178,0.38129064
18.020077,0.26368955,0.35563523,0.43915346,0.3806044
18.030075,0.26347467,0.3560964,0.43679044,0.38055608
18.040073,0.26358765,0.35645986,0.43878385,0.3806203
18.050076,0.262911,0.35627973,0.44020444,0.3804396
18.060078,0.2634704,0.35603574,0.43941477,0.38043982
18.070076,0.26337206,0.355932,0.4381503,0.38209468
18.080074,0.2629599,0.3570227,0.4392854,0.37854818
18.090075,0.2628943,0.35738745,0.43958524,0.38076314
18.100073,0.2635094,0.35559088,0.4392857,0.38165668
18.110073,0.26290786,0.3574185,0.43942982,0.38059533
18.120073,0.2637707,0.35555658,0.4386556,0.37974453
18.130075,0.26455757,0.35588282,0.43886688,0.37928045
18.140076,0.2643197,0.35686937,0.43831986,0.38108104
18.150074,0.26359892,0.3571093,0.43854287,0.3808381
18.160074,0.26199687,0.35652232,0.4385468,0.37996462
18.170086,0.26413673,0.35565367,0.43844432,0.38013044
18.18008,0.2621538,0.3555757,0.43801236,0.37994692
18.190088,0.26278237,0.35552046,0.43793365,0.38003367
18.200077,0.26262793,0.35546324,0.43738908,0.38019246
18.210075,0.2630189,0.35600743,0.43908685,0.3800319
18.220074,0.26222587,0.3557498,0.43906438,0.3792739
18.230078,0.2633136,0.35582745,0.43825945,0.37992337
18.240074,0.26273552,0.3559006,0.43871132,0.3800919
18.250072,0.26294616,0.3558533,0.4379202,0.37936333
18.260075,0.26336265,0.35614175,0.4380334,0.37955114
18.270077,0.26296502,0.3558018,0.43829572,0.37957543
18.280075,0.263723,0.3559519,0.43836814,0.37952986
18.290073,0.26238796,0.35544315,0.43925983,0.37993914
18.300077,0.2633876,0.35565248,0.4381051,0.38028166
18.310078,0.26342887,0.35506636,0.43835142,0.3792641
18.320076,0.2629238,0.3558169,0.43812013,0.37903622
18.330074,0.2629746,0.35493347,0.43812108,0.3792905
18.340075,0.2633015,0.3549422,0.43837708,0.37919074
18.350077,0.263202,0.35533065,0.43817464,0.37994885
18.360077,0.2628451,0.3552217,0.43823197,0.37856558
18.370075,0.26351836,0.35598317,0.43771502,0.37885603
18.380074,0.26251325,0.35537076,0.43758196,0.3789484
18.390076,0.26345205,0.35609213,0.43761423,0.37921533
18.400076,0.26332465,0.3550635,0.43797457,0.37853083
18.41009,0.26337165,0.356059,0.43875855,0.37896922
18.420074,0.26273704,0.356102,0.43793315,0.37894195
18.430075,0.26212898,0.35404274,0.43743467,0.37865874
18.440075,0.26189107,0.35467488,0.43707788,0.37819427
18.450071,0.2620009,0.35492244,0.43796366,0.37853268
18.460073,0.26231235,0.35424107,0.43780094,0.3775417
18.470076,0.26174212,0.35478774,0.43774676,0.37829933
18.480072,0.2620911,0.3545086,0.437847,0.37823734
18.490095,0.26133844,0.3530573,0.43669635,0.3779431
18.500078,0.26255503,0.35511157,0.4376477,0.37843323
18.5101,0.26307538,0.35545766,0.43789577,0.37894678
18.520077,0.2630034,0.3550185,0.43803003,0.37765908
18.530077,0.2627703,0.35544023,0.4377331,0.3780018
18.540073,0.26367778,0.35644874,0.43837377,0.37857965
18.550076,0.26296604,0.35588107,0.43704215,0.37806472
18.560078,0.26320955,0.3559981,0.43736142,0.37809867
18.570074,0.26240286,0.35457423,0.43775713,0.37738636
18.580074,0.26288238,0.35527223,0.43752578,0.3778885
18.590075,0.26266527,0.35602775,0.43802273,0.3779174
18.600075,0.2627543,0.35570574,0.43778625,0.3774943
18.61009,0.26271904,0.3548683,0.43732733,0.37761024
18.620073,0.2622486,0.35477558,0.4375835,0.37738547
18.630075,0.262553,0.35547888,0.43749052,0.37713093
18.640074,0.26303384,0.35579062,0.43760988,0.37767327
18.650076,0.26239163,0.3553253,0.43780947,0.37700415
18.660076,0.2626018,0.35557947,0.4368968,0.37715858
18.670076,0.26284084,0.3553425,0.43811518,0.37709555
18.68007,0.26231307,0.35541382,0.43708423,0.3778318
18.690073,0.26271954,0.35594052,0.43781635,0.37739605
18.700075,0.26199725,0.3549604,0.43708664,0.37678608
18.710089,0.26315835,0.35564324,0.43822443,0.37783986
18.720076,0.26196155,0.35508594,0.43655443,0.3763449
18.730076,0.26284415,0.35552657,0.4377373,0.37722865
18.740074,0.2620739,0.35521582,0.43759087,0.3768521
18.750072,0.26170632,0.35516638,0.4374924,0.37732765
18.760075,0.26259497,0.35511652,0.43741527,0.3769053
18.770075,0.26246157,0.35472497,0.43728808,0.37753215
18.780075,0.26260215,0.3552241,0.43785778,0.3771259
18.790075,0.26280114,0.35566738,0.4376988,0.376516
18.800076,0.2619653,0.3553925,0.4374867,0.3768327
18.81007,0.2625086,0.3549158,0.43728465,0.37604675
18.820074,0.26263422,0.35494116,0.43723738,0.37648576
18.830076,0.2623635,0.3549156,0.43713346,0.3761597
18.840075,0.26386258,0.35674644,0.43669903,0.37592167
18.850075,0.2627707,0.35514915,0.43659765,0.3768568
18.860083,0.2623506,0.35527462,0.4373048,0.3765402
18.870079,0.26256612,0.3548043,0.43749586,0.37594944
18.880072,0.2628021,0.35542637,0.43727025,0.37676805
18.890078,0.26204434,0.35586125,0.43735868,0.37660134
18.900076,0.26217523,0.35524982,0.4373578,0.37591538
18.910074,0.26199973,0.35539076,0.43722326,0.37581486
18.920074,0.262224,0.35525566,0.438215,0.37617105
18.930073,0.26264456,0.35466152,0.4368671,0.3762404
18.940075,0.2623635,0.35504293,0.4367371,0.3753245
18.950073,0.26270694,0.3560079,0.43644994,0.37621963
18.96008,0.26278087,0.3550915,0.43686503,0.37614986
18.970078,0.26255116,0.35575625,0.4369732,0.37619162
18.980072,0.26271465,0.3545847,0.4371215,0.375395
18.990093,0.2630695,0.35605183,0.43627894,0.3750457
19.000092,0.2613297,0.35441908,0.43653893,0.3759281
19.01008,0.2623904,0.3554761,0.4366848,0.3755594
19.020077,0.26175052,0.35465223,0.43747142,0.37456256
19.030077,0.26301786,0.3550845,0.43690407,0.37585607
19.040073,0.26327425,0.35515773,0.43734038,0.37495744
19.050072,0.26165125,0.3549712,0.43695024,0.37531328
19.06008,0.2616775,0.35452133,0.43690494,0.3748268
19.070076,0.26155174,0.35476226,0.437086,0.37499264
19.080126,0.26121956,0.35361642,0.43659297,0.37440905
19.090117,0.26029572,0.35369462,0.4363573,0.37426355
19.100084,0.26128715,0.35378343,0.43694112,0.3755184
19.110077,0.262306,0.35498127,0.43702573,0.37463713
19.120075,0.26245764,0.35432282,0.436341,0.37433058
19.130077,0.26284716,0.35412142,0.4368861,0.3746618
19.140074,0.26341242,0.35602114,0.43718347,0.3744356
19.150074,0.2623285,0.35523042,0.43680778,0.37444
19.160076,0.26201555,0.35495177,0.43706676,0.37477773
19.170076,0.26235485,0.3544924,0.43669364,0.3751429
19.180075,0.2624946,0.3554532,0.43659595,0.37444124
19.190086,0.26202542,0.354367,0.4363037,0.37523952
19.200077,0.26214698,0.35507065,0.43688425,0.37469503
19.210075,0.26184458,0.35536864,0.4367251,0.3742523
19.22008,0.2625346,0.354202,0.43660277,0.3744891
19.23008,0.2615965,0.35449946,0.43640497,0.3739427
19.240074,0.26278463,0.35501093,0.43618163,0.37413308
19.250072,0.26147303,0.35386518,0.4361995,0.37354925
19.260077,0.26258492,0.35446027,0.43697777,0.37382877
19.270075,0.26209313,0.3545744,0.43677258,0.3739126
19.280073,0.26152563,0.35412568,0.4359486,0.37359172
19.29007,0.26264596,0.3549419,0.4359446,0.3739427
19.300077,0.26167282,0.3546405,0.4370357,0.37431058
19.310076,0.26171616,0.35517535,0.43658444,0.3741489
19.320072,0.26137513,0.35450402,0.43632066,0.37403652
19.330076,0.26243302,0.35523808,0.43688965,0.37408274
19.340075,0.26253846,0.3548008,0.43685234,0.37406623
19.350077,0.26264566,0.35424545,0.43660453,0.373107
19.360077,0.26138014,0.35491344,0.43621683,0.37333596
19.370075,0.2620934,0.3548612,0.43672818,0.37375507
19.380074,0.26188186,0.35469458,0.43632832,0.37319303
19.390074,0.2626931,0.35521996,0.43696654,0.3734481
19.400076,0.26174888,0.35445884,0.43675098,0.3735034
19.410076,0.26144838,0.35464168,0.43645734,0.37367034
19.420073,0.26179147,0.3547895,0.43603316,0.373303
19.430075,0.26190928,0.35372433,0.4368418,0.37288803
19.440073,0.26245797,0.35436708,0.4367188,0.37335426
19.450075,0.26124907,0.35362333,0.43632928,0.37293044
19.460075,0.26183814,0.35493398,0.43643996,0.37357375
19.470076,0.26191267,0.35475153,0.43642953,0.37296048
19.480074,0.26227123,0.35435316,0.43638915,0.3725158
19.490091,0.26161885,0.35388905,0.43637422,0.3727226
19.500084,0.26111317,0.3539481,0.43599805,0.37347007
19.510078,0.26137844,0.35421368,0.4362531,0.37280676
19.5201,0.2609771,0.3542599,0.43597972,0.37314862
19.530077,0.26250255,0.35487747,0.43615425,0.37216085
19.540081,0.26192096,0.35361707,0.43579862,0.37273255
19.55008,0.26183933,0.3549028,0.4361997,0.37270078
19.560078,0.26115498,0.35397035,0.43603003,0.3724354
19.570078,0.26204914,0.355016,0.4363181,0.3725591
19.580074,0.26186532,0.3539603,0.4359386,0.37224764
19.590076,0.26255402,0.35433272,0.43588817,0.37266964
19.600077,0.26221177,0.35457775,0.43583867,0.37215796
19.61008,0.2619189,0.35491598,0.43675643,0.37258583
19.6201,0.26199353,0.35487396,0.4362547,0.37210217
19.630074,0.26185367,0.35478437,0.4365312,0.37195876
19.640081,0.26253355,0.353851,0.43589103,0.37155667
19.650078,0.2623804,0.3544487,0.43633232,0.37255883
19.660082,0.26266187,0.35396433,0.43583506,0.3716351
19.670078,0.26126307,0.35403338,0.43567815,0.37169987
19.680086,0.2610466,0.35374385,0.43641606,0.37158576
19.690086,0.26215893,0.3539954,0.4364553,0.37257478
19.700077,0.260991,0.353665,0.4354299,0.3727074
19.71008,0.26135507,0.3534125,0.43518788,0.37220326
19.720104,0.26164794,0.3548467,0.43563977,0.37188935
19.730078,0.2596094,0.35184768,0.43593755,0.37137347
19.740086,0.2628251,0.353599,0.43595755,0.3723705
19.750078,0.26107156,0.35388577,0.43624496,0.37129194
19.760073,0.26152575,0.3550116,0.4365766,0.37147403
19.770077,0.26205465,0.35373035,0.4363553,0.37189174
19.780073,0.2628066,0.354324,0.43646938,0.3709632
19.790075,0.26138493,0.3540031,0.4360461,0.3711188
19.800076,0.26111123,0.35498536,0.4356311,0.37097064
19.810076,0.26201648,0.35403886,0.4360386,0.3715957
19.820074,0.2615446,0.35415342,0.4359906,0.3710233
19.830074,0.26099247,0.35369164,0.43586913,0.37124035
19.840075,0.26200634,0.35408682,0.43554384,0.37101784
19.850073,0.26166755,0.3537075,0.43623728,0.37139478
19.860077,0.2612276,0.35397282,0.43570897,0.37062132
19.870075,0.261322,0.35488027,0.43621576,0.37110785
19.880077,0.2617973,0.354266,0.43559042,0.37095013
19.890076,0.26225576,0.35473567,0.43587595,0.37127337
19.900074,0.261669,0.35357624,0.4358347,0.37048095
19.910076,0.26151153,0.35415348,0.43551955,0.37133008
19.920074,0.26117188,0.35384056,0.43595645,0.37018389
19.930079,0.26217863,0.35406643,0.4364339,0.37103546
19.940075,0.2618067,0.35359606,0.4358132,0.3705662
19.950075,0.26114136,0.35498464,0.43588838,0.37075484
19.960073,0.2613385,0.35454166,0.43580684,0.3706379
19.970074,0.26166284,0.3539491,0.43470913,0.37046862
19.980072,0.26170212,0.3535058,0.43567535,0.36973894
19.990086,0.26145855,0.35403603,0.43520096,0.37024748
20.000092,0.2606191,0.35338014,0.43504313,0.37082675
20.010082,0.2612348,0.35359105,0.43576103,0.3704523
20.020077,0.26141146,0.3534874,0.43396947,0.36999592
20.030075,0.26138446,0.35387164,0.43555468,0.3701976
20.040073,0.2617207,0.35381374,0.43593863,0.37028497
20.050076,0.26128924,0.35352975,0.43509498,0.37074882
20.060076,0.26199123,0.35380337,0.4364345,0.36926624
20.070076,0.26164094,0.3521662,0.43646845,0.37110895
20.080076,0.26169294,0.35337895,0.43673432,0.37057686
20.09007,0.26143062,0.3538969,0.43588394,0.36921307
20.100079,0.26111346,0.35401678,0.43525538,0.37120816
20.110073,0.2611821,0.3521737,0.4351115,0.36809075
20.120075,0.26087308,0.35243702,0.43528545,0.37021714
20.130077,0.26121563,0.35346523,0.4353849,0.3694563
20.140072,0.26169384,0.3531339,0.43520072,0.36953285
20.150076,0.26098183,0.35356474,0.43541142,0.36881295
20.160076,0.2612523,0.35378504,0.43530026,0.36977533
20.170076,0.2620133,0.35396272,0.4357945,0.37002406
20.180075,0.26219618,0.35358784,0.43553445,0.36892268
20.190086,0.2614407,0.35366127,0.43486682,0.36994234
20.200077,0.26036024,0.3540534,0.43495142,0.36926845
20.210073,0.26189688,0.35387,0.4354334,0.3695337
20.220076,0.26117972,0.3539153,0.43543482,0.36969706
20.230099,0.2607367,0.3541283,0.4353479,0.3693631
20.240076,0.2607228,0.35346916,0.43494546,0.36922914
20.250084,0.26169243,0.3537484,0.43549165,0.36938557
20.260077,0.2611091,0.3536469,0.43568712,0.36854905
20.270077,0.26039967,0.35351232,0.43574417,0.3687803
20.280075,0.2613806,0.35338926,0.43525854,0.36851582
20.290073,0.26115417,0.35391808,0.43495387,0.36888486
20.300076,0.26144832,0.3536624,0.43461916,0.3682648
20.310076,0.26038587,0.35420883,0.43494624,0.36901623
20.320076,0.26151192,0.353225,0.43448624,0.36831945
20.330072,0.26081908,0.35380498,0.43502605,0.36897933
20.340075,0.26202592,0.35397694,0.4355254,0.36851576
20.350073,0.2606859,0.35351953,0.4348639,0.36882874
20.360077,0.2612815,0.35333997,0.43504757,0.36828053
20.370075,0.26155567,0.35354665,0.43481106,0.3683436
20.380074,0.26154402,0.3536921,0.43559176,0.36846915
20.390076,0.26075122,0.3535531,0.43480578,0.3678682
20.400074,0.26136217,0.35358247,0.43488878,0.3691359
20.410076,0.26112866,0.35250294,0.43488356,0.36784008
20.420076,0.260714,0.35265455,0.4349701,0.36896145
20.430075,0.26077807,0.35340714,0.43488884,0.36803105
20.440073,0.26144886,0.35300922,0.43476373,0.36859566
20.450073,0.260565,0.35301855,0.43457904,0.36785448
20.460075,0.2609099,0.35367095,0.43540964,0.36793315
20.470076,0.2616728,0.35361633,0.43442342,0.36811143
20.480076,0.26088598,0.3527511,0.43489996,0.36779127
20.490086,0.26050085,0.35407823,0.43477383,0.36810145
20.500086,0.26054215,0.353338,0.43470806,0.36748186
20.510078,0.2614466,0.35342628,0.4345126,0.36843303
20.520075,0.26085594,0.35268024,0.43472007,0.36711356
20.530077,0.26124576,0.3527886,0.4348154,0.36744753
20.540073,0.2605951,0.35306075,0.435204,0.3685654
20.550074,0.26076782,0.35367155,0.43471316,0.36822185
20.560076,0.26090524,0.35284382,0.43479508,0.36688414
20.570076,0.26111642,0.35331658,0.4346556,0.36733696
20.580076,0.2615513,0.3528508,0.43442687,0.36746183
20.590075,0.26116183,0.3529339,0.43494114,0.36769548
20.600073,0.26093093,0.35343823,0.4345256,0.36758444
20.610075,0.26081452,0.3537622,0.43446827,0.3673505
20.620073,0.26139522,0.3535497,0.43502745,0.36762574
20.630075,0.26092917,0.35314408,0.43512684,0.36724636
20.640095,0.26090783,0.35321,0.43499303,0.3670949
20.650076,0.26087075,0.3534634,0.43448445,0.36754754
20.660074,0.26164868,0.3537291,0.43521768,0.36733118
20.670073,0.26088217,0.35241544,0.4339428,0.3665548
20.680075,0.26114735,0.35327867,0.43469635,0.36659753
20.690077,0.2614327,0.35388008,0.4341179,0.36629835
20.700075,0.26030838,0.35363483,0.4356206,0.3664585
20.710075,0.26156685,0.35347858,0.43492323,0.36615765
20.720074,0.26094982,0.3527951,0.43466175,0.36686608
20.730074,0.26111388,0.35389826,0.4342781,0.36707178
20.740084,0.26081145,0.35247362,0.43465224,0.3669724
20.75008,0.2610218,0.35270727,0.43476948,0.36659995
20.760077,0.2610149,0.3532304,0.4341304,0.36635262
20.770077,0.2606054,0.35311285,0.43434167,0.36678982
20.780075,0.2610294,0.35297206,0.43408358,0.36661682
20.790073,0.2611168,0.353224,0.4346542,0.3666306
20.800076,0.2613743,0.35309193,0.43450582,0.36607155
20.810076,0.26072773,0.35290724,0.43460307,0.36622027
20.820074,0.26040798,0.35286796,0.43493813,0.36605543
20.830074,0.26089782,0.35319316,0.43507254,0.3662356
20.840073,0.2610288,0.35245126,0.43571666,0.3661024
20.850075,0.2612147,0.3524485,0.43655273,0.36617884
20.860073,0.2607947,0.35280424,0.4347481,0.3653544
20.870077,0.26082516,0.35391918,0.43571213,0.36756188
20.880075,0.26089326,0.3528427,0.43390647,0.36607084
20.890074,0.2613087,0.35312736,0.4341735,0.3660221
20.900076,0.2603397,0.35324425,0.43399683,0.3657035
20.910072,0.26123908,0.3525311,0.4342946,0.36571538
20.920074,0.2608472,0.35350347,0.43422368,0.36622024
20.930075,0.26081592,0.35258636,0.43383464,0.36567268
20.940075,0.26079407,0.35318124,0.43354797,0.36577684
20.95008,0.2607381,0.35248083,0.43478248,0.36574686
20.96008,0.26094857,0.3530907,0.434503,0.36534825
20.97008,0.26077807,0.3529047,0.43521538,0.36561382
20.980076,0.26138452,0.35382465,0.4348954,0.36530602
20.990093,0.26029474,0.3517817,0.43527502,0.3659
21.000092,0.26017284,0.35217643,0.43598804,0.36712062
21.010082,0.26024368,0.3516062,0.4348473,0.3636595
21.020075,0.26092106,0.35276702,0.4339983,0.36388087
21.030077,0.25951388,0.3533989,0.4336792,0.36523232
21.040077,0.26039356,0.352327,0.43357366,0.36758515
21.050097,0.2606304,0.3531385,0.4340964,0.3665655
21.06008,0.257794,0.35093442,0.43332663,0.36372098
21.070082,0.2599754,0.35158187,0.4340881,0.3643313
21.080072,0.25959402,0.35269615,0.43378407,0.36572516
21.09007,0.2593408,0.35310617,0.43410552,0.36488685
21.100073,0.25923154,0.35282323,0.43371987,0.364357
21.110073,0.25892672,0.3530812,0.43440148,0.36497027
21.120054,0.26029617,0.35265908,0.43383247,0.36501685
21.130077,0.2606005,0.35316148,0.43376935,0.36520535
21.140074,0.261509,0.3525312,0.43396592,0.36470655
21.150095,0.26135606,0.35305595,0.43359056,0.3656585
21.160076,0.2609532,0.3521331,0.43377754,0.36526737
21.170074,0.26058897,0.35306877,0.43486378,0.36434907
21.180073,0.2580022,0.35153815,0.4334779,0.36412552
21.190088,0.2577371,0.35079896,0.43286496,0.3622777
21.200077,0.26007128,0.3502097,0.43269628,0.36546785
21.210077,0.25912648,0.34936845,0.43343225,0.36310196
21.220074,0.2599255,0.35028675,0.43391785,0.3658149
21.230076,0.2591066,0.35304177,0.43334192,0.36494988
21.240074,0.2596941,0.35335734,0.4356005,0.36374527
21.25011,0.25930858,0.35190707,0.4352327,0.36536276
21.260078,0.25936112,0.35077316,0.43358734,0.36427546
21.27008,0.25986865,0.35268724,0.43367895,0.36406648
21.280075,0.2600582,0.3523436,0.43380758,0.3640949
21.290077,0.2598751,0.35194993,0.43346643,0.36418116
21.300074,0.2610423,0.35319245,0.43305987,0.3640303
21.310076,0.26043573,0.35208562,0.43319243,0.36463287
21.320074,0.26041865,0.35331148,0.4334364,0.36431563
21.330074,0.26043594,0.35197982,0.43380913,0.36397636
21.340075,0.26063752,0.35237104,0.43258664,0.36388388
21.350092,0.26102552,0.35287294,0.43290257,0.3631743
21.360075,0.26008746,0.3520348,0.4330012,0.36406344
21.370073,0.26176652,0.35303733,0.43332854,0.36449158
21.380074,0.2604103,0.3515356,0.4333572,0.36376983
21.390076,0.2607945,0.35323194,0.43400678,0.3636467
21.400076,0.26097497,0.3533891,0.4327112,0.3637588
21.410076,0.2609268,0.3525722,0.43348005,0.36436054
21.420073,0.26103395,0.35285273,0.43338358,0.363186
21.430075,0.26104274,0.3534594,0.43310198,0.36362815
21.44007,0.2599588,0.3534518,0.4334349,0.3635868
21.45008,0.26120082,0.35242164,0.4329828,0.3635865
21.460075,0.26055852,0.35227147,0.43270025,0.3632992
21.470076,0.26018676,0.35326257,0.43338624,0.36305666
21.480074,0.26074675,0.3525482,0.43336797,0.36343572
21.490086,0.2597033,0.3519629,0.43324867,0.36266208
21.500086,0.25999433,0.35260066,0.43345246,0.36374235
21.510078,0.2601218,0.35241595,0.43313617,0.36365825
21.520075,0.260543,0.35213587,0.433169,0.36313817
21.530077,0.26023686,0.3524199,0.4328558,0.362934
21.540071,0.2608843,0.3525151,0.43429157,0.36286533
21.550097,0.2605392,0.3520641,0.43271068,0.36293194
21.560078,0.26114884,0.35253236,0.43161118,0.36320773
21.570076,0.26022768,0.35262233,0.43169224,0.36287084
21.580074,0.2605508,0.3522219,0.4346015,0.36299542
21.590075,0.2597273,0.3517456,0.4340788,0.3625964
21.600073,0.26045483,0.35223106,0.4322401,0.36360836
21.610075,0.26016265,0.35279715,0.43075538,0.36189675
21.620075,0.26095498,0.35279396,0.43312654,0.36299238
21.630075,0.26019537,0.35178688,0.4324385,0.36216116
21.640076,0.25926808,0.3519643,0.4322479,0.3624925
21.650091,0.26036,0.35214376,0.4322543,0.36218578
21.660072,0.259947,0.351966,0.43252993,0.36243698
21.670076,0.26041427,0.35237786,0.43310648,0.36221415
21.680075,0.26105562,0.3521921,0.43275967,0.36243832
21.690075,0.26125136,0.352747,0.43240348,0.36250183
21.700073,0.25964522,0.35216388,0.43303114,0.36250785
21.710075,0.26047155,0.35172254,0.43276498,0.36233175
21.720076,0.26098847,0.35216853,0.4323446,0.3620668
21.730072,0.26067412,0.3519801,0.43278554,0.36223847
21.740074,0.26009077,0.35166484,0.43270817,0.3619556
21.750072,0.26088324,0.35187256,0.43242854,0.36246204
21.760073,0.25991184,0.35197303,0.4324807,0.3618755
21.770075,0.2606154,0.35155618,0.43227354,0.3621764
21.780073,0.2606887,0.3519517,0.43252504,0.36273694
21.790075,0.26033184,0.35181016,0.43236473,0.36184797
21.800074,0.26054913,0.35254684,0.43213436,0.36128882
21.810076,0.26054725,0.35219783,0.43289453,0.36174712
21.820074,0.2607488,0.35242864,0.4324564,0.36181986
21.830074,0.26045895,0.35114038,0.43191126,0.36169305
21.840075,0.2614353,0.35193944,0.43225345,0.36143798
21.850073,0.26050562,0.35127077,0.43185952,0.36181015
21.860075,0.26040038,0.35212788,0.4318023,0.36188674
21.870075,0.26125234,0.35292852,0.43184397,0.36215773
21.880074,0.26108173,0.35224718,0.43247858,0.3623352
21.890074,0.26056105,0.3517397,0.43142435,0.36129433
21.900074,0.26149878,0.35226104,0.43285498,0.36186588
21.910074,0.2607455,0.3521931,0.43167865,0.36134192
21.920078,0.2600278,0.35246247,0.43209147,0.361365
21.930077,0.26013783,0.3515596,0.43219346,0.36146554
21.940075,0.26057306,0.3517971,0.4324458,0.36082968
21.950075,0.25975716,0.35147497,0.43208933,0.36177146
21.960075,0.26066223,0.35138655,0.43121222,0.36053944
21.970074,0.26098543,0.3514465,0.43173373,0.3608534
21.980076,0.2590153,0.3510308,0.4324652,0.36104658
21.99009,0.25889176,0.3506916,0.4317109,0.3616902
22.00009,0.25915027,0.35151327,0.43127167,0.36113632
22.010077,0.25954637,0.3511409,0.43122473,0.36076325
22.020075,0.26029572,0.3514713,0.432393,0.36076072
22.030073,0.26041093,0.3513998,0.4318118,0.36094657
22.040073,0.2598333,0.35143474,0.43167463,0.36112726
22.050076,0.25972265,0.3521641,0.4321975,0.3608137
22.060076,0.26006162,0.3507898,0.4318874,0.3607777
22.070076,0.26021513,0.35218334,0.4320982,0.3608838
22.080076,0.260122,0.35152906,0.4315309,0.36107838
22.090075,0.2601733,0.35120937,0.43103006,0.36117956
22.100073,0.25974038,0.35072228,0.43180174,0.36102957
22.110075,0.26027176,0.35085905,0.43219033,0.3605747
22.120075,0.26062497,0.3503442,0.43147302,0.36031505
22.130077,0.2602025,0.3508241,0.4313631,0.36054543
22.14007,0.26083767,0.3516839,0.43138307,0.36055943
22.150076,0.2596841,0.35102054,0.43146533,0.36067104
22.160076,0.26130322,0.35184398,0.4315405,0.3608723
22.170074,0.26132494,0.35100973,0.43089294,0.36108407
22.180075,0.25998518,0.3518847,0.43203047,0.3599277
22.190086,0.26065224,0.3514696,0.43150324,0.36056343
22.200079,0.25985008,0.35064766,0.43144011,0.36037233
22.210075,0.25978118,0.35082015,0.43089062,0.35966286
22.220074,0.26090914,0.35164848,0.4309382,0.36019734
22.230078,0.2599461,0.35093784,0.4307915,0.35984758
22.240112,0.25734022,0.34952748,0.43072125,0.3597394
22.25009,0.25976548,0.35191217,0.4310813,0.3600827
22.260078,0.26045445,0.35091183,0.43061408,0.35983303
22.270075,0.26014322,0.35050744,0.43113184,0.36025953
22.280075,0.2600203,0.34999996,0.4309938,0.36008868
22.290077,0.26137003,0.35151404,0.43119362,0.3598023
22.300076,0.2605026,0.3512428,0.43080422,0.35994688
22.310076,0.26047504,0.35106826,0.431257,0.36009905
22.320076,0.2599721,0.35142368,0.43081263,0.35990283
22.330072,0.26049268,0.35099453,0.43143782,0.3599908
22.340075,0.25998235,0.35103056,0.43107814,0.35989425
22.35007,0.2606011,0.35123235,0.43078414,0.3590436
22.360075,0.25997314,0.35113984,0.4304116,0.3595805
22.370075,0.26101863,0.35189295,0.43094352,0.36035526
22.380074,0.25982994,0.35067642,0.4306372,0.35941112
22.390076,0.2600954,0.35126194,0.43071964,0.3596555
22.400074,0.25965342,0.35141563,0.43034852,0.35876963
22.410072,0.25997865,0.35026827,0.43049237,0.35936254
22.420074,0.26132923,0.35130972,0.4305161,0.3597315
22.430077,0.2606761,0.3511595,0.43131718,0.35890993
22.440073,0.26142746,0.35061303,0.43088844,0.35989332
22.450073,0.2599896,0.35063305,0.43008506,0.3592616
22.460083,0.26084918,0.35122764,0.43094248,0.35937166
22.470076,0.26095405,0.35158607,0.42995083,0.3596602
22.480076,0.25997427,0.35131705,0.43053612,0.35909745
22.490086,0.25929403,0.35058892,0.43003863,0.3590278
22.500086,0.25968435,0.3509519,0.43082687,0.35946023
22.510077,0.25956708,0.35060245,0.43028405,0.35984185
22.520073,0.26056182,0.35124478,0.43139592,0.35948512
22.530077,0.26027292,0.35080972,0.43006238,0.35880727
22.540075,0.2600867,0.35048974,0.4300714,0.3591176
22.550076,0.26017937,0.35117057,0.42979524,0.35911575
22.560074,0.2599271,0.3505487,0.43011057,0.3588003
22.570072,0.25958207,0.35086995,0.4297058,0.35901234
22.580076,0.259918,0.3505869,0.42916217,0.35872963
22.590076,0.26035446,0.35074997,0.43096873,0.35902795
22.600073,0.25938877,0.35212275,0.43061978,0.35870785
22.610075,0.260627,0.35083815,0.4301079,0.35915908
22.620073,0.26025075,0.3512206,0.43050134,0.35822922
22.630075,0.25994882,0.35117123,0.4304896,0.35896882
22.640076,0.26056352,0.3502047,0.4292332,0.35849184
22.650082,0.26044363,0.35086757,0.43042997,0.3590682
22.660078,0.2604723,0.35042492,0.4300857,0.35787666
22.670076,0.26087046,0.35106695,0.43045884,0.3590597
22.680075,0.2600058,0.35070646,0.4306521,0.3584646
22.690073,0.25933596,0.34919676,0.429443,0.35891104
22.700085,0.2605001,0.35034913,0.43034196,0.35844955
22.710075,0.25990742,0.35033855,0.42946032,0.35795084
22.720076,0.25961316,0.35062113,0.42975867,0.35825542
22.730076,0.26032853,0.3507714,0.4296387,0.35754594
22.740078,0.25975713,0.3492403,0.42997554,0.35809636
22.750078,0.26001206,0.35084683,0.4297841,0.35890839
22.760073,0.26062283,0.35040557,0.42990142,0.35790592
22.770103,0.26024476,0.3507576,0.42941016,0.35860857
22.780079,0.26037613,0.350353,0.4297794,0.3582731
22.790089,0.26058176,0.35057315,0.4289065,0.35677728
22.800089,0.25978735,0.34998626,0.4293971,0.35802263
22.810078,0.26021966,0.34919307,0.4288451,0.35870177
22.82008,0.26021028,0.35024196,0.42964253,0.35842374
22.830076,0.2605862,0.35050094,0.42959538,0.35761014
22.840082,0.26042655,0.3507356,0.42975968,0.35832033
22.850079,0.25938717,0.3506272,0.42987165,0.35851324
22.860077,0.2600002,0.3502484,0.42905638,0.35779476
22.870104,0.26008075,0.34991726,0.42917395,0.35720003
22.880075,0.26000082,0.35016415,0.42879528,0.35789552
22.890087,0.25881016,0.35033146,0.42902094,0.35803047
22.900078,0.25952363,0.3495379,0.4286969,0.35811502
22.910078,0.2604634,0.3498977,0.42937985,0.35806584
22.920078,0.26004666,0.35053355,0.42870793,0.3566988
22.930075,0.26007676,0.35091767,0.42896888,0.3571164
22.940073,0.25962603,0.35033435,0.4291636,0.3574896
22.950075,0.26064786,0.35058737,0.42954838,0.35729906
22.960075,0.26025042,0.35001045,0.428417,0.35808635
22.970074,0.26077262,0.35036674,0.42857143,0.35775834
22.980074,0.2600288,0.35013697,0.42870292,0.35650954
22.990076,0.25832468,0.34986696,0.4281271,0.35761198
23.000086,0.25892052,0.3494618,0.42842078,0.35760105
23.010078,0.25913778,0.34989947,0.4286414,0.3577141
23.020075,0.26002535,0.35015824,0.42817134,0.35716966
23.030077,0.25968948,0.34945184,0.4286224,0.35739043
23.040075,0.26036915,0.34982532,0.42801812,0.35761258
23.050074,0.26009315,0.34968072,0.4284731,0.3572781
23.060076,0.259602,0.35020992,0.42801133,0.35688388
23.070076,0.25927392,0.34976563,0.4283839,0.35679352
23.080072,0.26002574,0.34995368,0.42760384,0.35701185
23.090076,0.2597721,0.34992653,0.4286995,0.35719135
23.100075,0.26010305,0.3504026,0.42812505,0.3571915
23.110075,0.2598141,0.3500887,0.42828226,0.35697857
23.120075,0.2601509,0.35077864,0.42834386,0.3571655
23.130075,0.26027727,0.3498877,0.4280583,0.35687366
23.140072,0.26017654,0.34955248,0.42836875,0.3574291
23.150076,0.25976318,0.35055083,0.427921,0.35703278
23.160076,0.25946778,0.3498381,0.4284749,0.35734528
23.170074,0.26025337,0.35024574,0.4279108,0.35726988
23.180092,0.25993305,0.34998417,0.4283837,0.35610473
23.190088,0.25998846,0.35012123,0.4277843,0.35724273
23.200075,0.25990772,0.3494731,0.42857584,0.35708433
23.210077,0.26047757,0.34984198,0.42773086,0.35680562
23.220074,0.26003912,0.3496587,0.42697012,0.35685736
23.230074,0.26021886,0.34961194,0.4267304,0.35666156
23.240076,0.259716,0.34973383,0.42677805,0.35672954
23.250072,0.26063943,0.34988675,0.42832184,0.356916
23.260073,0.2598968,0.34873065,0.42933393,0.35729557
23.270079,0.26022458,0.3491482,0.42841953,0.35660967
23.280073,0.25989616,0.350699,0.42726806,0.35638696
23.290073,0.260378,0.35033733,0.42720875,0.35781577
23.300074,0.2601189,0.35038227,0.42742458,0.3544973
23.310074,0.26026452,0.34835684,0.426969,0.35521215
23.320074,0.25993764,0.34851822,0.42731008,0.3564013
23.330076,0.26128933,0.35047987,0.4279867,0.35621095
23.340073,0.2597431,0.34956113,0.42669126,0.35587555
23.350075,0.26011693,0.34996137,0.42770165,0.35595304
23.360073,0.25978148,0.3499783,0.42783687,0.3565226
23.370077,0.26024318,0.34862566,0.42721838,0.35588667
23.380075,0.25948942,0.34906867,0.42696783,0.35607427
23.390076,0.2592565,0.3504804,0.42712107,0.35567364
23.400074,0.2600213,0.3495261,0.4271256,0.356567
23.410072,0.2598908,0.3490391,0.42681673,0.35569283
23.420074,0.25917774,0.35007125,0.42734593,0.35628176
23.430077,0.25968724,0.3494656,0.4271951,0.35655302
23.440075,0.25981364,0.34952292,0.42732593,0.35559168
23.450075,0.2596278,0.3494307,0.42688683,0.35536793
23.460073,0.25994205,0.34903604,0.426674,0.3556535
23.470076,0.25932828,0.34959742,0.42706132,0.35603806
23.480074,0.25987554,0.34944025,0.42643607,0.35606027
23.490078,0.25775313,0.34857902,0.42498922,0.3553199
23.500084,0.25912794,0.34799546,0.4259543,0.35617378
23.510077,0.26029143,0.3492705,0.42631894,0.3561314
23.520073,0.25970155,0.3491333,0.42689905,0.35558715
23.530073,0.25985518,0.3493156,0.4269727,0.35583138
23.540075,0.26099864,0.3495038,0.42666996,0.3559678
23.550076,0.2599316,0.34930077,0.42682326,0.35604525
23.560076,0.25975075,0.3490855,0.42659658,0.35599846
23.570076,0.26021254,0.3489155,0.42700508,0.35542163
23.580074,0.2601648,0.34888762,0.42593646,0.35516706
23.590096,0.25978056,0.34884283,0.42643246,0.35610622
23.600073,0.25954145,0.34974158,0.42581594,0.35508928
23.610075,0.26008216,0.34929088,0.42687622,0.35545734
23.620073,0.2600231,0.34879693,0.4262338,0.355161
23.630075,0.2596462,0.34900194,0.42613485,0.3556871
23.640074,0.25991943,0.3489706,0.4265292,0.35530418
23.650072,0.2603748,0.34883013,0.42609268,0.35499182
23.660076,0.25986272,0.34947065,0.4263586,0.35482988
23.670074,0.26036367,0.3499765,0.42581037,0.3548937
23.680073,0.2606407,0.3486282,0.4256987,0.35509634
23.69009,0.26034495,0.34952015,0.4251521,0.35471067
23.700073,0.25983313,0.3498285,0.42682534,0.35489
23.710073,0.26073053,0.34968817,0.42722008,0.35520437
23.720076,0.2605539,0.34973553,0.42577255,0.35507512
23.730076,0.25951886,0.3486729,0.42516613,0.35457563
23.740076,0.2603329,0.34839606,0.4256956,0.35542876
23.750072,0.2596932,0.3496316,0.42450917,0.3543953
23.760073,0.26005045,0.34751847,0.42548805,0.35410342
23.770073,0.26015413,0.3506205,0.42483902,0.35264078
23.780075,0.2591672,0.34879896,0.42531922,0.3549895
23.790092,0.25930414,0.34892434,0.4250623,0.35483083
23.800076,0.26033813,0.34919846,0.4257601,0.35487327
23.810076,0.2599247,0.34975398,0.42577752,0.35524884
23.820072,0.2615179,0.34871662,0.42544937,0.35416618
23.830074,0.26036638,0.34900787,0.4255085,0.35516852
23.840075,0.25968292,0.34840015,0.4256303,0.35516167
23.850075,0.2605501,0.34962067,0.42599022,0.35497162
23.860077,0.26000726,0.34883165,0.42527294,0.35483837
23.870075,0.2600213,0.34863716,0.42451286,0.3542244
23.880075,0.26082027,0.34849006,0.42534438,0.35442135
23.890076,0.25971517,0.3490167,0.42569816,0.3548293
23.900074,0.2602205,0.3490151,0.42493498,0.35432097
23.910072,0.26040196,0.34843817,0.42499548,0.35453933
23.920073,0.25983137,0.34822753,0.42504558,0.35429645
23.930077,0.2592044,0.3486711,0.42464423,0.3540436
23.940073,0.2602594,0.34901232,0.42421433,0.3535796
23.950075,0.25980076,0.34913397,0.42476624,0.35459012
23.960075,0.25969008,0.3481775,0.4230606,0.3555314
23.970076,0.2590102,0.3488412,0.42408967,0.3528134
23.980074,0.25857776,0.34616938,0.4242758,0.35249853
23.990074,0.25892013,0.34764484,0.42292416,0.35446966
24.000101,0.25815013,0.3478467,0.42421386,0.35262075
24.010078,0.25885022,0.34837118,0.4251453,0.3545246
24.020075,0.2592968,0.34849313,0.42525652,0.354008
24.030073,0.25867867,0.34760034,0.424839,0.3537975
24.040071,0.2599615,0.3489157,0.4243609,0.35470033
24.050074,0.26035836,0.3491313,0.4244216,0.3541
24.060074,0.25975096,0.34835267,0.4239335,0.35457695
24.070076,0.25962138,0.34797287,0.42393476,0.3537009
24.080076,0.25976616,0.3486491,0.4240248,0.3538611
24.090076,0.26007015,0.34857947,0.42415562,0.35353798
24.100073,0.25949848,0.3487802,0.4244106,0.3529711
24.110075,0.26062378,0.34847796,0.42413926,0.35363832
24.120075,0.2596314,0.3484423,0.42414036,0.3540884
24.130074,0.2603012,0.3490188,0.4241085,0.35419768
24.140076,0.2600649,0.34838903,0.424104,0.35387197
24.150074,0.26049873,0.34906432,0.42434013,0.3535966
24.160076,0.26050487,0.34847057,0.4235318,0.3530698
24.170076,0.26029888,0.34917465,0.4239387,0.3535126
24.180073,0.25973722,0.34812805,0.4242972,0.35363036
24.190086,0.2586846,0.34650654,0.4240494,0.3538669
24.20008,0.25946102,0.3490501,0.42373434,0.35338506
24.210077,0.2595857,0.3487915,0.42376536,0.35375848
24.220076,0.25923657,0.34772328,0.42288154,0.35388243
24.230076,0.25941405,0.34799734,0.4234059,0.35338733
24.240076,0.25974703,0.34828746,0.42346373,0.35329518
24.25008,0.2600794,0.349159,0.4233695,0.35326588
24.260077,0.26007763,0.3481818,0.42287368,0.35292298
24.270077,0.2590544,0.34764946,0.42361903,0.35359254
24.280077,0.2595051,0.34818634,0.42368826,0.35403636
24.290075,0.25999504,0.34797883,0.4231617,0.35394883
24.300074,0.26030827,0.34874985,0.42317367,0.35344687
24.310076,0.25991645,0.3481796,0.42327395,0.35346484
24.320074,0.26001745,0.34800166,0.4233062,0.35350707
24.330074,0.2597818,0.34769493,0.42261568,0.3523894
24.340086,0.2593409,0.34755626,0.42338637,0.35341707
24.350077,0.2597096,0.3486936,0.42298037,0.35338685
24.360075,0.26013455,0.34814787,0.4228646,0.3536764
24.370073,0.2599023,0.3485693,0.42285627,0.35304546
24.380074,0.25941366,0.34822485,0.4234272,0.35298115
24.390076,0.26107928,0.34789705,0.42306834,0.35263512
24.400074,0.2608187,0.34844285,0.4233785,0.35322404
24.410082,0.2604041,0.3481232,0.4230862,0.35281366
24.420076,0.26021692,0.34772855,0.42250118,0.35204598
24.430075,0.25965708,0.34830612,0.4230094,0.35326836
24.440075,0.26003534,0.34789792,0.4227041,0.353009
24.450075,0.26066592,0.34938696,0.42201817,0.35270944
24.460073,0.2600079,0.34785923,0.4227158,0.3528868
24.470076,0.26003528,0.3485054,0.42298338,0.35270894
24.480076,0.25888786,0.34815165,0.4228005,0.35247478
24.490072,0.26063892,0.3484235,0.42203715,0.3529429
24.500114,0.25959632,0.34848532,0.42252022,0.35325885
24.510078,0.2600115,0.34795722,0.42244276,0.3531608
24.520073,0.25997123,0.34769493,0.42238697,0.35287625
24.530077,0.2601578,0.34770167,0.42212042,0.35282648
24.540073,0.2597669,0.34762752,0.422271,0.35273084
24.550076,0.26030004,0.3482901,0.42187387,0.35341606
24.560076,0.25940293,0.347387,0.4225352,0.3522534
24.570076,0.25950652,0.3469677,0.42214346,0.35326567
24.580076,0.26015496,0.34836248,0.42259824,0.35264996
24.590075,0.25979665,0.3474263,0.42206717,0.35242322
24.600094,0.25996098,0.34806588,0.42194661,0.35208842
24.610075,0.25985765,0.3472507,0.42198205,0.35285553
24.620075,0.2596003,0.3477992,0.42262077,0.35309044
24.630075,0.26016667,0.34708416,0.4214917,0.35227758
24.640074,0.26000482,0.3480648,0.42146268,0.35244074
24.650076,0.26031467,0.3479212,0.42216924,0.3522167
24.660072,0.25980344,0.34815782,0.4218731,0.3522956
24.670074,0.25986776,0.34760213,0.42179307,0.35322273
24.680075,0.2603381,0.34732968,0.42202845,0.35269383
24.690075,0.2594879,0.3476589,0.4214875,0.352344
24.70009,0.26041338,0.34638608,0.421475,0.35296327
24.710075,0.25940338,0.34778908,0.42118445,0.35244912
24.720076,0.2591271,0.3471261,0.42137727,0.352088
24.730072,0.26033282,0.34755698,0.42082724,0.35194775
24.740074,0.26054367,0.34717143,0.42151126,0.35212925
24.750074,0.2605882,0.34762847,0.4210768,0.35242113
24.760075,0.25971052,0.3472824,0.42151654,0.35183805
24.770075,0.26058075,0.3481064,0.4208754,0.35269025
24.780083,0.25872976,0.3470143,0.42121986,0.35210517
24.790108,0.25877306,0.34495917,0.4206448,0.35170093
24.800112,0.26054204,0.34676674,0.42141256,0.35244834
24.810076,0.26042876,0.34705326,0.42090547,0.3524325
24.820076,0.2603718,0.34753168,0.4209703,0.35239106
24.830076,0.25977764,0.3473572,0.42131025,0.3523894
24.840075,0.259261,0.34737554,0.42058462,0.35199988
24.850073,0.26059973,0.34780568,0.42086548,0.35227135
24.860075,0.25998735,0.34774113,0.42078173,0.35240602
24.870075,0.25968802,0.34729803,0.42078063,0.35202584
24.880075,0.2600054,0.34806687,0.4211266,0.3520099
24.890074,0.26013634,0.3469793,0.4208134,0.352009
24.900076,0.26039052,0.34789622,0.42054382,0.35176516
24.910076,0.259859,0.34665582,0.42074716,0.35138774
24.920074,0.26008424,0.34710178,0.4209188,0.35232937
24.93008,0.2597973,0.34789577,0.42059797,0.35215646
24.940077,0.26039967,0.34840357,0.42116216,0.35209394
24.950083,0.26058817,0.3473257,0.42020315,0.3516761
24.960075,0.26022455,0.34763116,0.42063496,0.35184535
24.970074,0.259941,0.34632176,0.42067572,0.3521581
24.980076,0.26014924,0.34713748,0.4201448,0.35157523
24.990076,0.25978184,0.34734252,0.42051157,0.3506489
25.000101,0.26044288,0.34747303,0.42044345,0.35178998
25.010084,0.25944978,0.34662095,0.42063373,0.3523973
25.02009,0.26003304,0.34650177,0.41900495,0.35112578
25.030083,0.25976518,0.34709504,0.42109594,0.35184324
25.040077,0.25940356,0.34658334,0.4194898,0.3518848
25.050089,0.26087618,0.34587246,0.42011315,0.3514521
25.06009,0.25963596,0.3462147,0.41890582,0.35148135
25.070078,0.2600913,0.3473597,0.42006123,0.35222036
25.080076,0.25921014,0.34605762,0.42030048,0.35154647
25.090075,0.26008776,0.34724817,0.41984463,0.35160097
25.100088,0.26063892,0.34696963,0.41993156,0.35199344
25.11008,0.26003996,0.34695107,0.419723,0.35188815
25.120087,0.25994223,0.34713286,0.41990402,0.35101286
25.130081,0.26016477,0.3474953,0.41933283,0.3513083
25.140074,0.25995025,0.3471247,0.41952038,0.3511952
25.150074,0.260165,0.34737644,0.41977325,0.35125834
25.160072,0.2599883,0.34670112,0.4209778,0.35146964
25.170076,0.25991344,0.34702176,0.41948435,0.35184866
25.180077,0.2604287,0.34716547,0.41964984,0.35148397
25.1901,0.25999004,0.34653932,0.4187514,0.35105556
25.200079,0.26060423,0.3467858,0.41901755,0.35139185
25.210073,0.25991508,0.34632185,0.41909337,0.35171792
25.22008,0.26020002,0.34697825,0.42009616,0.35171846
25.230078,0.25979346,0.34701988,0.4174135,0.3503138
25.240154,0.26049358,0.34759122,0.41808254,0.35004458
25.250092,0.25960898,0.34795654,0.41832668,0.3496949
25.260078,0.259946,0.34810865,0.41922405,0.35070497
25.270082,0.2602481,0.3466061,0.41885465,0.3521657
25.280077,0.26015285,0.34490785,0.41879663,0.35076657
25.290075,0.26059034,0.34556502,0.41874486,0.35095894
25.300074,0.2603747,0.34650475,0.41911152,0.3513416
25.310074,0.25988322,0.34719616,0.41889003,0.35110798
25.320076,0.26025715,0.34638128,0.41900134,0.35159603
25.330078,0.26056248,0.34691215,0.41824067,0.35153648
25.340075,0.25925517,0.34662163,0.4185806,0.35154614
25.350075,0.2605546,0.34675935,0.4186109,0.35080802
25.360073,0.2605327,0.34590867,0.41845563,0.35149115
25.370075,0.2604723,0.34723085,0.4186743,0.3510178
25.380074,0.2599302,0.3466115,0.4186786,0.3510206
25.390076,0.26004764,0.34749436,0.418467,0.35120752
25.400076,0.2601416,0.34687778,0.41876215,0.3510478
25.41009,0.25999102,0.346618,0.4187628,0.350861
25.420076,0.26005903,0.3464402,0.418529,0.35054976
25.430073,0.26067778,0.34688655,0.41816527,0.3506821
25.440077,0.26042828,0.3470851,0.41835597,0.35115767
25.450075,0.2596972,0.34652588,0.41859716,0.3510025
25.460083,0.25982147,0.34645286,0.41850284,0.35074624
25.470078,0.25981292,0.34644914,0.4176272,0.35070407
25.480078,0.26133418,0.34705904,0.41859326,0.3509956
25.490078,0.2603888,0.34683058,0.4183398,0.35033977
25.500088,0.26005596,0.3470438,0.41669405,0.3511681
25.510101,0.25929534,0.34573278,0.41828084,0.35143688
25.520075,0.2597202,0.34677237,0.41856417,0.35068622
25.530077,0.2601422,0.34622982,0.41784233,0.35135472
25.540075,0.260338,0.34603316,0.41817215,0.351024
25.550072,0.2604544,0.34708822,0.41802347,0.35072938
25.560078,0.25944033,0.34648418,0.4176292,0.35186777
25.570076,0.25994086,0.3460827,0.41733545,0.35041666
25.580074,0.25959867,0.34607866,0.41797084,0.34997845
25.590075,0.25971326,0.34670943,0.41803747,0.34971
25.600075,0.2604152,0.34590733,0.4177792,0.35035062
25.6101,0.2599972,0.34645683,0.41850019,0.35046017
25.620077,0.26049316,0.34670156,0.4180428,0.35097492
25.630083,0.2604641,0.3463505,0.4172321,0.35074311
25.640078,0.25986394,0.34633318,0.41737583,0.3506848
25.65008,0.26040134,0.34701714,0.41759622,0.35025057
25.660078,0.26069543,0.34616315,0.41741687,0.35050586
25.670074,0.2604228,0.3452736,0.41760314,0.35088274
25.680084,0.26034608,0.34720007,0.41725594,0.35060766
25.690075,0.26012436,0.34716994,0.41709036,0.35040516
25.700079,0.25992462,0.34628472,0.41795352,0.3498949
25.710077,0.2602653,0.34608704,0.4175687,0.35117573
25.720074,0.25969717,0.34608212,0.4175735,0.34984896
25.730076,0.26020283,0.34669578,0.4169908,0.35063282
25.740074,0.26015013,0.3462063,0.41703022,0.3501101
25.750082,0.26051682,0.3472288,0.41713804,0.34966934
25.760078,0.26019415,0.3457902,0.417074,0.350496
25.770082,0.2597906,0.3455762,0.41683605,0.35029405
25.780079,0.25982067,0.34604406,0.41690835,0.35045967
25.790073,0.25958383,0.34639192,0.41690987,0.35027856
25.800083,0.25985894,0.34667948,0.4173473,0.35021737
25.81008,0.2601431,0.3457192,0.41676256,0.35055855
25.820076,0.26092845,0.3469326,0.41704232,0.3505412
25.830076,0.2599905,0.34189507,0.41741192,0.35043246
25.840073,0.26002806,0.34652084,0.41683283,0.35082477
25.850075,0.25993317,0.34573016,0.4165671,0.35005477
25.860073,0.25983265,0.34622693,0.4174715,0.3494819
25.870083,0.25954935,0.34600842,0.41627482,0.3502474
25.880077,0.26005703,0.34619728,0.4160768,0.3506507
25.890078,0.26009923,0.34600085,0.41663608,0.34997463
25.900076,0.2596795,0.34620726,0.41505158,0.35009685
25.910072,0.2597349,0.3443544,0.41680458,0.35031563
25.92008,0.25971735,0.3463507,0.41672823,0.35049728
25.930077,0.2597461,0.34678847,0.41775382,0.3493555
25.940077,0.26055375,0.34620574,0.4162917,0.35127407
25.950077,0.2614638,0.34768957,0.41718173,0.3488543
25.960077,0.25991043,0.3472491,0.4169723,0.35054716
25.970078,0.25999808,0.34756467,0.4167237,0.34887913
25.980074,0.2586799,0.34462547,0.41605031,0.34969568
25.990082,0.26143226,0.3462239,0.41645274,0.349677
26.000101,0.2616217,0.34475312,0.41588336,0.34911472
26.010084,0.25824377,0.3457774,0.41627875,0.3499383
26.020079,0.25994247,0.3457206,0.41570464,0.3497743
26.030077,0.257028,0.34346685,0.41589186,0.35038376
26.040089,0.25881475,0.34449083,0.4155196,0.3505861
26.05008,0.25872973,0.3461602,0.41558197,0.34989417
26.060087,0.25960365,0.3448974,0.4159692,0.34948358
26.070082,0.26050237,0.345415,0.41642097,0.34975395
26.080074,0.26066554,0.34579808,0.41608799,0.34965077
26.090075,0.26000422,0.34594637,0.4154081,0.35052612
26.100073,0.2600062,0.3464593,0.41596064,0.35022435
26.110077,0.26015213,0.3446282,0.41584283,0.35041642
26.120096,0.26059204,0.3468135,0.4150663,0.34969282
26.130085,0.25946927,0.3454862,0.4157706,0.34954366
26.140078,0.25965,0.34578598,0.4160847,0.35043937
26.150074,0.26001275,0.34552404,0.4153571,0.35050383
26.160082,0.26012456,0.3462851,0.41572428,0.34992912
26.170078,0.26068267,0.34577042,0.41519666,0.34919026
26.180075,0.2597558,0.34634188,0.4156582,0.34897867
26.190088,0.25990194,0.34546506,0.41513482,0.34961322
26.200077,0.26020706,0.34570035,0.4153546,0.34952947
26.210072,0.25967076,0.34540263,0.41523,0.34953716
26.220098,0.26015946,0.34525445,0.41579953,0.34922978
26.230076,0.2604883,0.3462719,0.41521966,0.34985656
26.240074,0.26000565,0.34492204,0.41555998,0.34908065
26.25008,0.25990242,0.34582382,0.41516003,0.3505702
26.260077,0.25950873,0.34472638,0.41522485,0.3496889
26.270075,0.25990468,0.34576398,0.41562515,0.34966385
26.280075,0.2593732,0.34561247,0.41485548,0.3497752
26.290073,0.25998983,0.34594908,0.4148351,0.34961396
26.300074,0.2604151,0.3460464,0.41558865,0.34964058
26.310074,0.25964722,0.34616295,0.41511494,0.34956846
26.320093,0.25998008,0.34538728,0.4153741,0.34934878
26.330076,0.2600675,0.34492967,0.41558555,0.3492548
26.340075,0.2601082,0.34582785,0.41458088,0.34937367
26.350075,0.25945714,0.3452827,0.41491142,0.34932846
26.360086,0.2600619,0.34454295,0.41476238,0.3494004
26.370079,0.2597547,0.34559688,0.41452163,0.34965804
26.380075,0.25993517,0.34501064,0.4143584,0.34889504
26.390076,0.25933257,0.3447912,0.4144623,0.34940153
26.400076,0.2602574,0.34503946,0.4147286,0.34943515
26.410076,0.26015407,0.34463802,0.4144575,0.34895724
26.420097,0.25982377,0.34503537,0.4153201,0.34968346
26.430079,0.2597697,0.344722,0.4145835,0.35038063
26.440077,0.26068643,0.34538502,0.4142003,0.3493592
26.450077,0.25991285,0.3450863,0.41423303,0.34951648
26.46008,0.25957707,0.34542668,0.41478908,0.34992874
26.470078,0.26040965,0.34513074,0.41398898,0.35028964
26.480072,0.26022235,0.3456075,0.41452792,0.34935594
26.490072,0.26042318,0.34500644,0.4138302,0.34910294
26.500086,0.26060447,0.34451157,0.41466862,0.34893692
26.510077,0.25949886,0.34469202,0.4144185,0.3495441
26.5201,0.26066932,0.34510392,0.41459256,0.3492977
26.530079,0.26038757,0.34553993,0.41432774,0.34914455
26.540073,0.2597707,0.34538764,0.41415507,0.3492627
26.550077,0.26011565,0.34563515,0.4141419,0.34997535
26.560074,0.2597819,0.34505177,0.4138673,0.34928778
26.570078,0.26031363,0.34545866,0.41410708,0.34964138
26.580076,0.2595467,0.34440628,0.41374055,0.34900686
26.590076,0.26042256,0.34559053,0.41380537,0.34965065
26.600075,0.25981754,0.34489307,0.4144021,0.34887615
26.610073,0.26008958,0.3449104,0.41345856,0.34930676
26.620092,0.26014224,0.3447089,0.41423044,0.34973404
26.630077,0.25978866,0.34625167,0.41416314,0.3498359
26.640074,0.26008642,0.34442288,0.4134245,0.3494299
26.650076,0.26009005,0.34547716,0.41371512,0.34949702
26.660078,0.25982204,0.34447628,0.41386822,0.3497845
26.670078,0.26012126,0.34463716,0.413839,0.34924972
26.680075,0.25988886,0.3452014,0.41445678,0.34961745
26.690075,0.2600493,0.34461668,0.41412497,0.3489001
26.700075,0.2597179,0.34571892,0.41359347,0.34964898
26.710073,0.2597016,0.34474435,0.41306633,0.3492004
26.72008,0.25943872,0.34364596,0.41350678,0.3488807
26.730072,0.25937694,0.34460166,0.41364315,0.3486428
26.740074,0.2585792,0.34405965,0.41379982,0.34909904
26.750076,0.25856614,0.34368175,0.41316918,0.34940407
26.760077,0.25896353,0.34232625,0.4136944,0.35028797
26.770075,0.25789377,0.34207273,0.41327715,0.34710804
26.780073,0.25895464,0.34526324,0.41370377,0.35108212
26.790075,0.25842762,0.34475368,0.4130122,0.34962213
26.800076,0.25873175,0.34409577,0.41295213,0.34868982
26.810076,0.259706,0.34443784,0.41312256,0.34902823
26.82009,0.2596696,0.34475586,0.41357684,0.34986845
26.830076,0.26031813,0.34523258,0.4131105,0.34907705
26.840075,0.25984374,0.34498468,0.41271183,0.34957358
26.850073,0.2600909,0.34534797,0.41316724,0.349717
26.860083,0.259434,0.34422988,0.41289425,0.34934348
26.870075,0.26093227,0.3446585,0.41385725,0.34944105
26.880075,0.2602586,0.34522557,0.41299385,0.3491564
26.890076,0.26078734,0.3452069,0.41287,0.34918538
26.900074,0.26044407,0.34560406,0.41352355,0.34866264
26.910076,0.26003057,0.34472173,0.4133475,0.34948605
26.92008,0.26050305,0.3448175,0.41303036,0.34879982
26.93008,0.2601839,0.34514076,0.41368064,0.3485613
26.940077,0.25998375,0.34399086,0.41242835,0.34866112
26.950075,0.25999236,0.34438238,0.41335592,0.3488524
26.960075,0.2601274,0.34391254,0.4120115,0.34897986
26.970072,0.26022696,0.34476292,0.41276413,0.3488173
26.980076,0.2603758,0.34540027,0.41231462,0.34891048
26.990076,0.2593459,0.34412095,0.4127047,0.34941065
27.000101,0.26051834,0.34466094,0.41315025,0.34844226
27.010077,0.25951588,0.34437624,0.41266254,0.3495238
27.020094,0.2594276,0.34459344,0.41215456,0.34900725
27.030079,0.26028758,0.34422237,0.41323256,0.34901553
27.040083,0.2604672,0.34484756,0.41281122,0.34944856
27.05008,0.26028794,0.34451663,0.41313228,0.34883204
27.060081,0.25992274,0.3442865,0.4132639,0.3490391
27.070076,0.26015761,0.34418145,0.4123986,0.348496
27.080074,0.25996625,0.34450442,0.4126741,0.3491149
27.090075,0.25959724,0.34377778,0.41219106,0.3490217
27.100077,0.2596398,0.34461746,0.4120282,0.3491569
27.110075,0.2590626,0.34467757,0.41258642,0.34849006
27.120092,0.259454,0.3434553,0.41224757,0.3490463
27.130081,0.26140782,0.3446923,0.41217896,0.348586
27.140089,0.26030427,0.3439424,0.4118613,0.34846675
27.150082,0.26031253,0.34487927,0.4124783,0.34820032
27.160078,0.2598128,0.3439986,0.41213483,0.34866127
27.170074,0.26003796,0.34450382,0.41255525,0.34949598
27.180075,0.2606154,0.34400448,0.41229403,0.3489252
27.190098,0.2596624,0.34452063,0.41252562,0.3487945
27.200079,0.2595984,0.34368142,0.41243592,0.34880638
27.210077,0.2601426,0.34427804,0.41243583,0.34924746
27.2201,0.2594978,0.34391987,0.41272995,0.3485856
27.230076,0.26055294,0.34453762,0.4120613,0.3486576
27.240076,0.25990462,0.34338668,0.41191,0.3486559
27.251,0.2594296,0.3432571,0.4117221,0.34951755
27.260098,0.25971448,0.344094,0.41178244,0.34796408
27.270084,0.26041076,0.3437727,0.41132417,0.348445
27.280079,0.26008,0.3450015,0.41234517,0.34821105
27.290071,0.25981247,0.3438673,0.41130343,0.34882343
27.300076,0.26048246,0.34473637,0.41199586,0.3492552
27.310076,0.259775,0.3437829,0.411999,0.34890416
27.320074,0.26017615,0.3440243,0.41229358,0.34862214
27.330074,0.2603368,0.34498754,0.41259748,0.34890035
27.340076,0.2606058,0.3443349,0.4118716,0.34871075
27.350073,0.2598736,0.34449083,0.41187885,0.34866205
27.360075,0.26014736,0.3445207,0.41194054,0.34939712
27.370077,0.25992352,0.34385085,0.4116706,0.34868476
27.380074,0.26069126,0.3445426,0.411415,0.34841922
27.390074,0.26020867,0.3442145,0.4118162,0.3487198
27.400076,0.26005232,0.34391195,0.41219708,0.3484208
27.410074,0.25985762,0.343474,0.41142276,0.34873518
27.420073,0.2594154,0.34429377,0.41290852,0.3489465
27.430075,0.2609097,0.34387377,0.4096154,0.34660295
27.440073,0.2600716,0.34211776,0.41280073,0.34845307
27.450073,0.25983596,0.3442628,0.4105611,0.3498502
27.46008,0.25961313,0.34482256,0.41137242,0.34925035
27.470078,0.2607042,0.34346008,0.41233483,0.3500043
27.480076,0.25981802,0.34388122,0.41148883,0.347867
27.490074,0.25922266,0.34306288,0.4113519,0.3477247
27.500095,0.25991726,0.3435283,0.41130146,0.3482092
27.510078,0.26049733,0.34363478,0.41159722,0.34864202
27.520084,0.25918323,0.3425047,0.41033792,0.3483358
27.530077,0.25977913,0.34351122,0.4113866,0.34868124
27.540077,0.25898716,0.34348363,0.4115361,0.34780174
27.550074,0.25994775,0.34318635,0.41114473,0.34846553
27.560081,0.25959694,0.34338787,0.4113857,0.34798977
27.570076,0.2595975,0.34340397,0.41167617,0.34805366
27.580076,0.260579,0.3436118,0.41105056,0.34800512
27.590078,0.25947985,0.34430194,0.41138554,0.34846476
27.600075,0.26015893,0.34301156,0.41161814,0.34845108
27.610075,0.2599109,0.3435353,0.4114886,0.34863052
27.620073,0.25990292,0.3432438,0.41123617,0.34839383
27.630075,0.26036137,0.34357727,0.41062942,0.34817243
27.640074,0.25970975,0.34400803,0.4110656,0.34839934
27.650074,0.25964504,0.34321007,0.41100964,0.34813866
27.66008,0.25978515,0.34372714,0.41194665,0.3484214
27.670076,0.26017612,0.34321257,0.41083074,0.34846577
27.680075,0.2608221,0.34376338,0.41111845,0.34856468
27.690088,0.2601474,0.3417362,0.410385,0.34837404
27.700102,0.25804284,0.34213665,0.4106866,0.34718934
27.7101,0.25971407,0.34358686,0.4112842,0.3486945
27.720078,0.2596595,0.34365368,0.41096967,0.34815663
27.730074,0.25981995,0.34381035,0.41078833,0.34836137
27.740074,0.2594553,0.3438932,0.41031015,0.34856266
27.750076,0.25993505,0.34311187,0.41021833,0.3492389
27.760084,0.25926295,0.34314227,0.4109071,0.34768957
27.770086,0.2603717,0.34482154,0.4115801,0.34785196
27.780075,0.26031497,0.3430241,0.41080242,0.3483064
27.790075,0.25996345,0.34389308,0.4112796,0.34919372
27.800074,0.25913405,0.34357867,0.41066745,0.34871787
27.810074,0.25983232,0.34356865,0.410691,0.3480891
27.820078,0.2600642,0.34322435,0.4114342,0.34853256
27.830095,0.26079205,0.34388375,0.41015854,0.3483459
27.840075,0.26068184,0.3435977,0.41076848,0.3482104
27.850077,0.25955042,0.3438325,0.4106398,0.3480926
27.860073,0.25952452,0.3441533,0.410781,0.34876838
27.870075,0.26005462,0.3438986,0.4108341,0.34865403
27.880074,0.25983262,0.34355664,0.41095346,0.34788346
27.890076,0.25913313,0.3430368,0.411088,0.34876356
27.900074,0.25989875,0.34418133,0.41099405,0.34807372
27.910076,0.26047108,0.343138,0.4099631,0.3483397
27.920074,0.260078,0.3437159,0.41065627,0.3483486
27.930073,0.26013726,0.34229398,0.4102231,0.34867537
27.94008,0.2606393,0.34396383,0.410565,0.34868765
27.950075,0.25925195,0.34348828,0.41047737,0.3481656
27.960085,0.26055723,0.34408087,0.41133866,0.348455
27.97008,0.26000565,0.34322935,0.4107529,0.34785828
27.980074,0.2596547,0.3435604,0.41059798,0.34867218
27.990076,0.25971448,0.34362742,0.41046563,0.34874475
28.000116,0.25711784,0.34276655,0.41036844,0.34805584
28.010084,0.25915933,0.34304193,0.41035253,0.34867322
28.02008,0.25939468,0.34350014,0.40985668,0.34849986
28.030075,0.2599311,0.34348932,0.41017392,0.34797654
28.040075,0.2599296,0.34284815,0.4104994,0.34870577
28.050074,0.25950268,0.34298596,0.41032326,0.347844
28.060078,0.25954622,0.34318745,0.40995055,0.3481512
28.070078,0.26033038,0.3435514,0.40972817,0.34827816
28.08008,0.2603389,0.3432101,0.40998814,0.34766918
28.090078,0.26064596,0.3432374,0.41077286,0.34863773
28.100075,0.2598324,0.34362411,0.4087617,0.34802037
28.110083,0.26008534,0.34377638,0.4118533,0.34872368
28.12008,0.25940824,0.34271815,0.40991986,0.34788787
28.130093,0.25937006,0.34261855,0.40994886,0.3483028
28.140081,0.26002607,0.34295455,0.41002625,0.34837446
28.15009,0.2599852,0.34302926,0.41029936,0.34829417
28.160082,0.2593699,0.3430704,0.4117116,0.34823212
28.170074,0.25937983,0.3403695,0.40885827,0.34743288
28.180086,0.25976074,0.34397238,0.41148844,0.34926265
28.190088,0.25949535,0.3444973,0.40907195,0.34919277
28.200077,0.26033342,0.34175748,0.41022363,0.34899357
28.210077,0.25944263,0.3424018,0.4088178,0.35003182
28.220074,0.2601808,0.34320635,0.4103416,0.3491379
28.230076,0.25865075,0.34304357,0.40997598,0.3476023
28.240097,0.26087335,0.34331653,0.41028532,0.3483266
28.250086,0.25949854,0.34266886,0.41000924,0.34837744
28.260126,0.26003206,0.34256616,0.40985417,0.34803158
28.270084,0.25930712,0.3431794,0.4097021,0.3471094
28.280077,0.26046434,0.34305203,0.40999797,0.34814802
28.290075,0.25935557,0.34231415,0.4098903,0.34845042
28.300077,0.25909293,0.34269127,0.40985063,0.3487406
28.31008,0.2593995,0.34275362,0.4099834,0.34806556
28.32008,0.2596879,0.34260082,0.40994427,0.3477604
28.330076,0.2610618,0.3439501,0.4105399,0.34793958
28.340073,0.25923672,0.34336367,0.4101192,0.34877792
28.350077,0.2599456,0.3426048,0.41010782,0.34784803
28.360073,0.25987282,0.34266147,0.40956095,0.34846252
28.370089,0.2598933,0.34281486,0.41025698,0.3481389
28.380077,0.25957268,0.34309477,0.41014808,0.34826717
28.390076,0.2603303,0.34367794,0.40990534,0.34795675
28.400076,0.2603214,0.34305203,0.40988508,0.34731793
28.410072,0.25955358,0.34295765,0.4101606,0.34813476
28.420084,0.25933602,0.34309545,0.40963438,0.34736675
28.430079,0.26004505,0.3428508,0.41010737,0.3479606
28.44009,0.2583908,0.3414994,0.40916395,0.34689638
28.450098,0.25954053,0.3437524,0.41018063,0.3476886
28.46008,0.25869545,0.34286168,0.41001627,0.34734207
28.470078,0.25941855,0.34272888,0.40974033,0.3482823
28.480074,0.2593868,0.34268686,0.41004667,0.34762377
28.490074,0.25909168,0.34182182,0.40996587,0.34823895
28.500088,0.26080436,0.34257442,0.41000518,0.3483619
28.510078,0.25967866,0.34319648,0.4093545,0.34754455
28.520073,0.25929457,0.34368554,0.4097928,0.34808508
28.530073,0.25931686,0.3427211,0.4098286,0.34783313
28.540075,0.25927684,0.34277663,0.40942344,0.34760466
28.550077,0.25913528,0.34278083,0.40934363,0.3483332
28.560078,0.26057512,0.34327763,0.40941724,0.34747353
28.570078,0.25924277,0.342774,0.40927204,0.34849748
28.580074,0.25973326,0.34325248,0.40920225,0.34775063
28.590082,0.25912386,0.3422553,0.40954173,0.3477807
28.600077,0.2597369,0.3423162,0.40943652,0.347973
28.610075,0.26016533,0.34285453,0.4099884,0.34781575
28.620075,0.2597407,0.34258452,0.4100099,0.3477228
28.630083,0.26030403,0.3430477,0.4096917,0.3479923
28.64008,0.25956273,0.34283417,0.40945834,0.34834886
28.650074,0.25986865,0.34328756,0.40949464,0.34812465
28.660078,0.25949663,0.34218594,0.40891105,0.34757623
28.670076,0.2573543,0.3426458,0.40980572,0.34789303
28.680079,0.26018468,0.34223875,0.40973437,0.3477462
28.690075,0.25975254,0.34338188,0.40965822,0.34794334
28.700077,0.25935823,0.34253722,0.41002893,0.34817135
28.71008,0.26009628,0.34303352,0.40972525,0.34843355
28.720076,0.25969338,0.34246203,0.40951887,0.34797984
28.730082,0.2587163,0.34259278,0.40954965,0.34825346
28.740076,0.25919124,0.34251434,0.40933013,0.34777847
28.75008,0.2598831,0.3432822,0.40934464,0.34785864
28.760077,0.25963402,0.3430247,0.4091949,0.34840676
28.770075,0.2588494,0.34211054,0.40959075,0.34761998
28.780079,0.2607061,0.34367788,0.41019064,0.34792408
28.790075,0.25998467,0.34239325,0.41016328,0.34739864
28.800081,0.26000482,0.34360075,0.41004914,0.34813666
28.810078,0.2608489,0.34357423,0.409478,0.34831235
28.820072,0.259574,0.3434372,0.40953383,0.3482668
28.830076,0.25940835,0.343004,0.40888336,0.3477007
28.840075,0.25976986,0.3426988,0.40944368,0.34811592
28.8501,0.2601548,0.34266484,0.4095119,0.34761283
28.860077,0.26043087,0.34300137,0.40990782,0.34794837
28.870077,0.26008612,0.3425436,0.4097509,0.3479264
28.880075,0.25965613,0.3429136,0.40982792,0.34812248
28.890074,0.25915125,0.3425063,0.40995616,0.3471012
28.900074,0.2597309,0.34238458,0.40958482,0.348131
28.910074,0.25796098,0.34303933,0.40940854,0.3477393
28.92008,0.25950834,0.34283736,0.40980643,0.34755635
28.930079,0.26031262,0.34299493,0.41004917,0.3472974
28.940073,0.2594697,0.34271932,0.4099238,0.34781545
28.950075,0.25985768,0.34309024,0.4099419,0.34802946
28.960075,0.25914136,0.34277928,0.41003814,0.34746894
28.970076,0.2595486,0.34349376,0.409401,0.3479608
28.980074,0.25943786,0.34254953,0.40898916,0.34778857
28.990076,0.26013651,0.34267694,0.40931648,0.34842297
29.00009,0.2591965,0.34040436,0.4075548,0.34739465
29.010082,0.25907743,0.34218153,0.4090451,0.34905466
29.02008,0.25863382,0.34241468,0.40933076,0.34782255
29.030077,0.25896966,0.34226483,0.40904278,0.34788048
29.040073,0.25866106,0.34223336,0.4100294,0.34771675
29.050076,0.2596047,0.34237623,0.4093794,0.34795675
29.060078,0.26015228,0.34325153,0.40887412,0.3475126
29.070078,0.2588824,0.3424879,0.40902883,0.348369
29.080074,0.25915107,0.34221837,0.40903854,0.34777984
29.090082,0.25978652,0.34228286,0.4094196,0.34714743
29.10008,0.2593598,0.34252176,0.4091773,0.3474635
29.110075,0.25838965,0.34211144,0.40883645,0.34755158
29.120073,0.25973368,0.3422877,0.4096325,0.34728098
29.130075,0.2590887,0.34264767,0.41009328,0.34812763
29.140074,0.25904694,0.34285188,0.40973833,0.34775552
29.150076,0.25932428,0.3427195,0.4096913,0.34782583
29.160072,0.25989795,0.34310278,0.40942922,0.34778607
29.170074,0.25949785,0.34278998,0.40948403,0.3477847
29.180077,0.25935003,0.3425148,0.40980387,0.34736443
29.190086,0.25860295,0.34256873,0.40954557,0.34806558
29.200077,0.25927177,0.3426145,0.40916476,0.34790558
29.210075,0.2591748,0.342105,0.41026664,0.34720007
29.220076,0.25969344,0.34229493,0.40942496,0.34778845
29.230074,0.25944686,0.3410233,0.40830818,0.34794942
29.240084,0.25904736,0.34249938,0.40980086,0.3479598
29.25008,0.25815386,0.34301442,0.40968615,0.34754825
29.260077,0.25896257,0.34167457,0.40982103,0.34728006
29.270079,0.25983655,0.3425406,0.40977734,0.34801134
29.28009,0.25979656,0.342495,0.40915594,0.34768698
29.29008,0.25881577,0.34216666,0.40947637,0.3475467
29.300074,0.25840604,0.3429629,0.40962037,0.34742558
29.310076,0.2597469,0.34232005,0.4094921,0.3482011
29.320076,0.25931665,0.34174645,0.4096357,0.34770346
29.330086,0.2595595,0.34239212,0.40984377,0.3480732
29.340076,0.26005456,0.3437197,0.40972784,0.3477392
29.35008,0.25751972,0.34145018,0.40888047,0.34668815
29.360102,0.2585481,0.3422116,0.40905657,0.34668773
29.37008,0.25875315,0.34150618,0.40938807,0.34801337
29.380075,0.25958586,0.3421665,0.40907565,0.34793484
29.390078,0.25898597,0.34217852,0.4085817,0.34732622
29.400076,0.25907317,0.34243497,0.4099667,0.34706318
29.410076,0.25898835,0.34288064,0.40944186,0.3473046
29.420076,0.259766,0.34261328,0.41019282,0.34736043
29.430077,0.25934142,0.34231558,0.409534,0.3478777
29.440075,0.25917292,0.34260207,0.40964612,0.34796345
29.450073,0.25927997,0.34286058,0.40960902,0.34730354
29.460075,0.26003328,0.34319043,0.41034758,0.34803155
29.470078,0.25992504,0.34232002,0.40945733,0.34802514
29.480074,0.25860757,0.3429738,0.4097065,0.3472121
29.490076,0.25733247,0.34237736,0.40905467,0.34742588
29.500084,0.25773397,0.3403136,0.40668613,0.3475611
29.51008,0.2585179,0.34170148,0.40796116,0.34921247
29.520073,0.25809026,0.34207794,0.4096199,0.34749407
29.530077,0.25863537,0.34132853,0.40808576,0.3472452
29.540075,0.25781283,0.34146348,0.40847462,0.3472713
29.550076,0.25836304,0.3416432,0.4086959,0.34777346
29.560074,0.25865996,0.34194306,0.40919906,0.34724787
29.570074,0.2594658,0.34231097,0.4101084,0.34698242
29.580076,0.25871262,0.3421978,0.40978912,0.34813112
29.590075,0.259372,0.3422629,0.4104847,0.3474407
29.600077,0.25868163,0.3418514,0.40968964,0.3480114
29.610075,0.2593229,0.34336284,0.41006523,0.34825635
29.620073,0.25929803,0.341788,0.40949905,0.3471213
29.630074,0.25832427,0.34294623,0.4103232,0.34754056
29.640076,0.25881466,0.3425181,0.40965423,0.34741533
29.650076,0.25888267,0.34217253,0.40977734,0.34759238
29.660074,0.25841168,0.3428773,0.40959135,0.34734058
29.670088,0.25841546,0.34119365,0.4095191,0.34729376
29.68009,0.2588402,0.3419078,0.4097107,0.34775174
29.690079,0.25867555,0.3419076,0.40951037,0.3471407
29.700077,0.25924093,0.34171906,0.410096,0.34836328
29.710077,0.2592328,0.3422714,0.4098653,0.34767464
29.720074,0.25911874,0.34222835,0.41012412,0.34762782
29.730074,0.25905132,0.3424386,0.41003257,0.34808767
29.740076,0.25923976,0.34220067,0.4098856,0.3480298
29.750076,0.258763,0.34172216,0.40925586,0.34743086
29.760075,0.25960147,0.34297523,0.4102846,0.34761855
29.770073,0.2582922,0.34052026,0.40985888,0.34698576
29.780077,0.25852615,0.34211555,0.4097592,0.34808773
29.790075,0.25837797,0.3418028,0.4095397,0.34747672
29.800076,0.2590063,0.3420903,0.4098925,0.34679842
29.810076,0.25891095,0.3429497,0.4100702,0.34741232
29.820076,0.25918448,0.3423414,0.40971142,0.34798717
29.830076,0.25911847,0.34208238,0.40989065,0.34771657
29.840073,0.2582976,0.34248212,0.40937677,0.3475445
29.850073,0.25882304,0.34212163,0.40999505,0.34729114
29.8601,0.2596268,0.34199443,0.410459,0.34736314
29.870077,0.2583982,0.3419139,0.41062674,0.3475285
29.880074,0.25874716,0.34243706,0.41018498,0.3475309
29.890076,0.25958765,0.34258962,0.41041756,0.34803295
29.900076,0.25914234,0.3421846,0.41028252,0.34724465
29.910072,0.25958687,0.34345433,0.4097881,0.34742367
29.920076,0.2589383,0.3422248,0.40984964,0.3474878
29.930073,0.25877172,0.34254876,0.41013798,0.34762716
29.940075,0.258654,0.3420347,0.41084453,0.3475897
29.950075,0.25805572,0.34192747,0.41037402,0.34764352
29.960073,0.2590853,0.34274742,0.409917,0.3475899
29.970076,0.25843412,0.34155136,0.40966412,0.34751022
29.980076,0.25814763,0.34202865,0.41051957,0.34754977
29.990076,0.25848442,0.3419982,0.41012588,0.3474862
30.000088,0.2581062,0.34170073,0.40909448,0.34814915
30.010082,0.25813287,0.34228593,0.41008878,0.34774125
30.020075,0.25846958,0.34159073,0.40987018,0.3478616
30.030075,0.25843745,0.34205586,0.4101338,0.34766954
30.040073,0.25868884,0.34145486,0.41011345,0.3481277
30.050076,0.258556,0.3412916,0.4096674,0.34755948
30.060074,0.25918505,0.34274328,0.41040745,0.34732825
30.070078,0.25832835,0.34114155,0.41042775,0.34759787
30.080074,0.25877774,0.34189895,0.40999123,0.3477105
30.090073,0.25827625,0.34173858,0.41060236,0.3471525
30.100075,0.2584394,0.34138232,0.41005263,0.34748518
30.110077,0.2595606,0.34180173,0.41021186,0.34710616
30.120075,0.25857973,0.34261146,0.41090566,0.34788167
30.130075,0.2585511,0.34171987,0.41003147,0.34795302
30.140076,0.2589566,0.34193084,0.41011027,0.34728205
30.150074,0.25843045,0.34170243,0.41091022,0.3473943
30.160076,0.25867122,0.34250242,0.4105131,0.34757712
30.170074,0.25878522,0.34240493,0.4109342,0.3472779
30.180077,0.25857824,0.3423393,0.41031054,0.34743074
30.190086,0.25933355,0.34168977,0.41021848,0.3479226
30.200075,0.2585238,0.34168977,0.41077432,0.34783483
30.210073,0.2603389,0.34238666,0.41020256,0.34713882
30.220076,0.25846714,0.34203836,0.410143,0.34713897
30.230076,0.25904757,0.3431186,0.4107603,0.34788513
30.240074,0.25862774,0.34209076,0.4104571,0.34723258
30.250076,0.25806257,0.3414513,0.4107514,0.34812045
30.260075,0.25893357,0.34197515,0.41056442,0.34755528
30.270075,0.25739828,0.3418903,0.4110335,0.34768605
30.280073,0.2581928,0.34119847,0.41064835,0.347781
30.290073,0.2580897,0.34196082,0.40973634,0.3481216
30.300076,0.25852942,0.34142503,0.41058347,0.3470808
30.310076,0.2592025,0.34200084,0.41037363,0.34789017
30.320072,0.2585705,0.34210384,0.41047436,0.34715387
30.330076,0.25895464,0.3418434,0.4107922,0.34807718
30.340075,0.25931278,0.34255087,0.41027552,0.34747452
30.350075,0.25847977,0.34183738,0.4111707,0.3477429
30.360077,0.2576673,0.34024838,0.41100633,0.34712785
30.370079,0.25872314,0.3424028,0.41083676,0.34742686
30.380075,0.25861982,0.3422369,0.41103813,0.34748292
30.390074,0.2585563,0.34196848,0.410722,0.3479591
30.400076,0.2582437,0.34175563,0.41146752,0.34731114
30.410074,0.25861347,0.34147972,0.4105545,0.34743917
30.420076,0.25798607,0.34197673,0.41078186,0.3472547
30.430075,0.25881642,0.34140974,0.4113034,0.34784204
30.440073,0.25823247,0.34128228,0.41086861,0.34751758
30.450075,0.25813115,0.3411459,0.41138,0.34743226
30.460075,0.25931498,0.34198052,0.41057777,0.34680185
30.470095,0.2587399,0.34168965,0.41116142,0.34749565
30.480108,0.25780448,0.34230274,0.41093287,0.34710523
30.490078,0.25861618,0.34086582,0.4113356,0.34691226
30.500086,0.25852665,0.34142634,0.41074204,0.3469003
30.51009,0.25820145,0.34146452,0.4112218,0.3477891
30.520075,0.2578123,0.3417628,0.41105446,0.34696075
30.530077,0.25836354,0.34234485,0.411055,0.34765765
30.540077,0.25799477,0.34101006,0.41127282,0.3475949
30.550076,0.25775617,0.3418404,0.4112006,0.34776884
30.560074,0.2580711,0.3413547,0.4110637,0.34770268
30.570095,0.2580952,0.3415793,0.41133854,0.34746632
30.580078,0.25820088,0.3409781,0.41130346,0.34779134
30.590075,0.2581052,0.3421136,0.41119522,0.34738392
30.600075,0.25843197,0.34145594,0.41149944,0.34740314
30.610075,0.25841066,0.3427509,0.41144288,0.34738246
30.620075,0.25846267,0.341772,0.41157314,0.3474802
30.630074,0.2584327,0.34231564,0.41171616,0.3475454
30.640074,0.2576621,0.342083,0.41134456,0.34739897
30.650085,0.25858557,0.34169134,0.4112696,0.34785587
30.660078,0.25880283,0.34216315,0.41160715,0.3474399
30.670095,0.25799903,0.34180295,0.411547,0.34746242
30.680075,0.25936264,0.341338,0.41142914,0.34748662
30.690075,0.25783837,0.34163862,0.41153082,0.34745762
30.700073,0.25821987,0.34232074,0.41167238,0.34803426
30.710073,0.25796467,0.34178105,0.41092518,0.34710366
30.720076,0.25819084,0.34128788,0.41155204,0.34733993
30.730076,0.2578524,0.34196132,0.4113268,0.34743303
30.740074,0.25824085,0.3417198,0.41170478,0.34727478
30.750072,0.25859913,0.3421092,0.41167918,0.34767303
30.760075,0.25835073,0.3423309,0.41238546,0.3471673
30.770073,0.25835624,0.34139782,0.41159338,0.34714538
30.780075,0.25845268,0.34139255,0.41181687,0.34673187
30.790073,0.25794345,0.3421503,0.41120884,0.34735486
30.800142,0.2565607,0.3403935,0.41159418,0.34773958
30.810133,0.25699788,0.33875746,0.41115135,0.3473056
30.820093,0.25888422,0.34213904,0.4118904,0.34801462
30.830076,0.25832206,0.34200773,0.4122037,0.34835476
30.840075,0.2580425,0.34151325,0.4110579,0.3473193
30.850075,0.25817388,0.34135094,0.41132286,0.34767717
30.860073,0.25757366,0.341327,0.4115629,0.34782463
30.870073,0.2583073,0.34156996,0.41181713,0.3469683
30.880075,0.25805685,0.34278795,0.412277,0.3475275
30.890076,0.25754067,0.3420468,0.41218337,0.34758073
30.900074,0.25776598,0.34183502,0.41170537,0.3474107
30.910076,0.25762203,0.34151173,0.4122054,0.34730986
30.920074,0.25756767,0.3413752,0.41255602,0.34689835
30.930075,0.25778413,0.34200543,0.41201,0.3473083
30.940075,0.25916672,0.34216958,0.41237578,0.34767658
30.950075,0.2580653,0.34135938,0.41257486,0.3475642
30.960075,0.2579651,0.3419416,0.41225722,0.3472987
30.970074,0.25822452,0.34150454,0.41220373,0.3473644
30.980074,0.25822088,0.3417788,0.4122557,0.34734607
30.990076,0.25762567,0.34197772,0.4118831,0.34720325
31.000092,0.25773725,0.34146175,0.41240117,0.3471154
31.010088,0.2581078,0.34152108,0.41214788,0.3472674
31.020079,0.2576125,0.341216,0.4118472,0.34758532
31.030075,0.25727704,0.3419461,0.4118387,0.34801784
31.040073,0.25760427,0.3421216,0.41427684,0.34782797
31.050077,0.25783166,0.3411773,0.41217023,0.34790137
31.060076,0.2578802,0.34120768,0.4131761,0.34686705
31.070076,0.2582738,0.34242696,0.41263217,0.3479092
31.080074,0.25785375,0.34113458,0.41421986,0.34788972
31.090075,0.25796947,0.3422755,0.41314688,0.3488512
31.100075,0.25774765,0.34090325,0.41155326,0.34847105
31.110073,0.25820085,0.3426224,0.41112745,0.34625015
31.120073,0.25810525,0.3396722,0.41348842,0.34730968
31.130077,0.25853202,0.3425556,0.4120844,0.34850526
31.140087,0.2578993,0.34106398,0.4131317,0.34552664
31.150082,0.25731197,0.34054998,0.41190082,0.3483983
31.160078,0.25622037,0.34292698,0.41280457,0.3474159
31.170078,0.25748852,0.34210336,0.41309384,0.34729865
31.180075,0.25828496,0.34148854,0.41238758,0.3471254
31.19009,0.2582861,0.34181774,0.413207,0.34740156
31.200079,0.25779268,0.3419511,0.41227043,0.3468771
31.210075,0.25688833,0.34139794,0.4123032,0.34763402
31.220074,0.25757354,0.34102243,0.4128414,0.34691992
31.230076,0.25689298,0.3418348,0.4140658,0.34837738
31.240076,0.25780073,0.34101093,0.4121554,0.34756672
31.250076,0.25821894,0.3411249,0.41334292,0.34709
31.260092,0.25771263,0.34097418,0.41307646,0.34655383
31.270086,0.2575274,0.34116602,0.4132566,0.34734756
31.280079,0.25716257,0.34129608,0.41349784,0.34784046
31.290075,0.25760564,0.34133044,0.41258368,0.34704646
31.300076,0.25782797,0.34168005,0.41275907,0.34710127
31.310076,0.25786787,0.341168,0.4123005,0.34757635
31.320074,0.25759992,0.34207976,0.41295084,0.34735006
31.330074,0.2574747,0.34191144,0.4135441,0.34779114
31.340075,0.25756785,0.341659,0.4130646,0.34763393
31.350075,0.25739738,0.341949,0.41247234,0.3468304
31.360077,0.25799885,0.3422918,0.41332212,0.3478334
31.370077,0.2578017,0.34170437,0.41339448,0.34724236
31.380074,0.25745875,0.34125438,0.41317725,0.34810117
31.390076,0.25694755,0.34182438,0.4130458,0.34755367
31.400076,0.2578794,0.34130132,0.41330552,0.34702775
31.410074,0.25771558,0.34232685,0.4129127,0.3480987
31.420074,0.2580374,0.34204283,0.41307268,0.34710085
31.43009,0.25795305,0.34188786,0.41382834,0.34794864
31.440083,0.25728536,0.34197643,0.41370785,0.34782192
31.450075,0.25710085,0.34191158,0.41331238,0.3475189
31.46008,0.25724193,0.34138408,0.41295692,0.34797084
31.470078,0.25765598,0.34141684,0.4130748,0.3470673
31.480099,0.2575342,0.34204233,0.4134024,0.34809053
31.490076,0.25780573,0.3414829,0.413755,0.3474066
31.500088,0.25714663,0.34129277,0.41279626,0.3471498
31.510094,0.25715545,0.34132004,0.41346163,0.3474946
31.52008,0.2563411,0.3410341,0.4137318,0.34752685
31.530077,0.25759894,0.3409821,0.4137567,0.34760043
31.540073,0.25702658,0.34154347,0.41343302,0.347223
31.55009,0.25749603,0.34159276,0.41349167,0.34704742
31.560081,0.25808868,0.3417871,0.4140621,0.34768
31.570074,0.2566487,0.34165406,0.41368613,0.3471437
31.58011,0.2574136,0.34146437,0.414056,0.34778085
31.59008,0.25723264,0.34163344,0.41375288,0.3469717
31.600075,0.25700244,0.3415183,0.41390967,0.34728283
31.610075,0.257615,0.34190306,0.41360885,0.34739882
31.620075,0.2574781,0.3410424,0.4131943,0.3470153
31.630075,0.25681865,0.34106907,0.413873,0.34700128
31.640076,0.25698048,0.34144887,0.41393736,0.34739766
31.650085,0.25728542,0.34134397,0.41375133,0.3473194
31.66008,0.25824258,0.3416664,0.41332367,0.34700304
31.670086,0.25722748,0.34133658,0.4145027,0.34715846
31.680075,0.25672036,0.3410936,0.41366693,0.34707928
31.690077,0.25731936,0.34248614,0.41345063,0.34787896
31.700075,0.25679085,0.34182417,0.41399997,0.34728974
31.710075,0.25839752,0.3422201,0.413748,0.34694257
31.720076,0.25706306,0.34114268,0.41371378,0.34662545
31.730076,0.25767553,0.34256583,0.41427472,0.34710664
31.740072,0.25740677,0.34142083,0.41412306,0.34707063
31.750074,0.25658816,0.34175664,0.4141896,0.34752458
31.760077,0.2569708,0.34110376,0.4139882,0.34695134
31.770086,0.25708947,0.34044737,0.413633,0.34753633
31.780087,0.25682423,0.34116045,0.41414785,0.34683165
31.790077,0.25712132,0.34193653,0.4143645,0.3473216
31.800076,0.25752962,0.3419831,0.41427544,0.34687847
31.810074,0.25678352,0.34241283,0.41421422,0.3470169
31.820078,0.256714,0.3414314,0.41409534,0.348033
31.830076,0.2564048,0.34196368,0.41415673,0.34699017
31.840073,0.2574511,0.34190947,0.41378438,0.34764406
31.850075,0.25755274,0.3414881,0.41401333,0.34742892
31.860079,0.25769702,0.34195215,0.41349548,0.3473568
31.870079,0.25636366,0.34158483,0.4137665,0.34782887
31.880075,0.25745136,0.3412634,0.41411942,0.34758022
31.89009,0.25699988,0.34138814,0.41413277,0.34769976
31.900082,0.25737676,0.3412692,0.41395113,0.34700647
31.910076,0.2568937,0.33961558,0.4143132,0.34702098
31.920084,0.2569161,0.34220698,0.41422546,0.3478095
31.930077,0.25743127,0.341981,0.41435894,0.3470662
31.940073,0.256352,0.34126848,0.4143934,0.34675667
31.950075,0.25740486,0.34111765,0.4150033,0.34730944
31.960075,0.25671405,0.34114683,0.41472134,0.3478662
31.970078,0.257244,0.34186408,0.41393155,0.34714717
31.980074,0.257084,0.3420862,0.41467693,0.34698674
31.990095,0.25800464,0.34242386,0.41529095,0.3477771
32.000103,0.25558138,0.34085304,0.41453046,0.34732062
32.01009,0.2564299,0.3419037,0.41515383,0.3467225
32.02008,0.25705785,0.34060383,0.41486874,0.3476013
32.030075,0.25688857,0.3411651,0.41440338,0.34750104
32.040073,0.2564831,0.34157315,0.4143739,0.3472938
32.050076,0.2561966,0.34154052,0.41454875,0.34719175
32.06009,0.25734624,0.34081998,0.41464487,0.3470771
32.070084,0.25714162,0.34113085,0.41484946,0.34727457
32.080093,0.25575086,0.3400615,0.41434672,0.34751415
32.09024,0.25529528,0.3406797,0.41438007,0.34694353
32.100086,0.25691736,0.34100413,0.4143156,0.34786934
32.11008,0.25579962,0.34137347,0.4145285,0.34756032
32.12009,0.2567789,0.3413791,0.41389337,0.34726357
32.13008,0.25690353,0.34184885,0.41491413,0.3470054
32.140076,0.25663918,0.34191725,0.41494784,0.34730983
32.150074,0.2568001,0.34079036,0.4145115,0.34736657
32.16008,0.25705844,0.34142733,0.41523263,0.34792402
32.170074,0.25636473,0.3410577,0.41441262,0.34766755
32.180073,0.25752696,0.341441,0.41500264,0.34696692
32.190086,0.25774476,0.34185764,0.41464087,0.34810126
32.20009,0.2567393,0.34199703,0.41459143,0.34749976
32.21008,0.25690404,0.34153122,0.4142674,0.34760022
32.220074,0.2562004,0.3408211,0.41518882,0.34700006
32.230076,0.25640765,0.34083167,0.41482112,0.3468878
32.24007,0.2568427,0.3420276,0.4154875,0.34718078
32.250076,0.25711504,0.341337,0.4144759,0.34739926
32.26008,0.25607377,0.34021994,0.41413537,0.34655428
32.270073,0.25549546,0.33936098,0.41422153,0.34786254
32.28008,0.2554068,0.33973223,0.4145391,0.3478448
32.290073,0.25511223,0.34013095,0.41410634,0.34656033
32.300076,0.25554433,0.33965045,0.4150448,0.34684336
32.310074,0.25636792,0.34080806,0.4145315,0.34758347
32.320076,0.2552703,0.34051841,0.41448694,0.3466756
32.330074,0.25509846,0.34098232,0.41463163,0.34718427
32.340073,0.256458,0.34153548,0.41546345,0.34745812
32.35008,0.25636888,0.3408412,0.41486543,0.34746963
32.360077,0.2566958,0.3412318,0.4155618,0.3475656
32.370075,0.25694096,0.34180555,0.41482663,0.3472741
32.380077,0.2567925,0.34150788,0.41514343,0.34735212
32.39007,0.2560978,0.34173882,0.41448528,0.3466817
32.400074,0.25700176,0.34109202,0.41483688,0.3469175
32.410076,0.25607842,0.34140623,0.41479796,0.34661576
32.420074,0.25658977,0.3417056,0.4157997,0.34785226
32.430077,0.2560896,0.3426574,0.41546014,0.34736884
32.440075,0.25706118,0.34167442,0.41580194,0.3476026
32.450073,0.25702998,0.34105727,0.41543365,0.34678572
32.460075,0.2571655,0.34159893,0.4149573,0.34784365
32.470078,0.25651804,0.34131375,0.41548675,0.34761193
32.480072,0.25635144,0.3420262,0.41487485,0.3471894
32.490074,0.2573208,0.34205332,0.41460937,0.3474341
32.50009,0.25547242,0.34198698,0.41482526,0.3468819
32.510086,0.2557417,0.34073693,0.41612053,0.34766427
32.520077,0.2558726,0.34072018,0.41512996,0.34767047
32.530075,0.2563466,0.34082595,0.41464162,0.34747842
32.540073,0.25683525,0.34145892,0.41617054,0.34708282
32.550076,0.2563559,0.34114838,0.41494918,0.34726262
32.560074,0.2567521,0.34156767,0.41569307,0.347127
32.570076,0.25677013,0.341696,0.41584495,0.3471484
32.580082,0.25632697,0.3409907,0.4151264,0.347452
32.590076,0.25726688,0.34186882,0.41510573,0.3470777
32.600098,0.25644928,0.34094006,0.41505042,0.34706464
32.610077,0.25652426,0.340737,0.4157594,0.34720144
32.620075,0.25553998,0.33989945,0.41618562,0.34704134
32.630074,0.2568533,0.3414214,0.4155638,0.34774366
32.64007,0.2571929,0.3417917,0.41581687,0.34696272
32.650074,0.2563705,0.341058,0.41573563,0.34792444
32.660076,0.25661182,0.34151274,0.41518778,0.34619418
32.67008,0.25618473,0.341051,0.416437,0.34783936
32.680073,0.25662798,0.3412667,0.41533658,0.34732625
32.690075,0.25627282,0.34145463,0.41520348,0.34711197
32.700092,0.25669214,0.34069997,0.41535264,0.3467715
32.710087,0.25602186,0.34185976,0.41591427,0.3468346
32.720078,0.25691706,0.34109473,0.41562793,0.3465665
32.73008,0.25674877,0.3406823,0.41540247,0.34692517
32.740078,0.25734818,0.34173873,0.41549113,0.34731206
32.750076,0.25594017,0.34021002,0.41590774,0.34687543
32.76008,0.25588262,0.34071398,0.41563207,0.34730768
32.770077,0.25628904,0.34166798,0.41558412,0.34697995
32.780075,0.25748014,0.34194124,0.41598028,0.347489
32.790077,0.2570715,0.3416349,0.41547725,0.34753662
32.8001,0.25640246,0.3409558,0.4158711,0.3469108
32.810078,0.2563029,0.3410791,0.41499734,0.3470413
32.820076,0.25520724,0.34076166,0.4153224,0.34699804
32.830082,0.2565966,0.3409111,0.41548023,0.34744933
32.840076,0.2574903,0.3406105,0.41554362,0.34753296
32.850086,0.25613263,0.34068942,0.41562462,0.3466067
32.86009,0.2551976,0.34097412,0.41605812,0.3475661
32.87008,0.2558596,0.3413441,0.41578567,0.34719554
32.880077,0.255745,0.3409106,0.41569743,0.3474955
32.89007,0.2563289,0.3406982,0.41582972,0.34711593
32.900097,0.25623628,0.34028098,0.41656554,0.34675476
32.910076,0.25584364,0.34107593,0.41636783,0.34766492
32.920074,0.2556591,0.34105977,0.4157695,0.34691915
32.930077,0.25673962,0.3411088,0.41526338,0.347056
32.940075,0.25650224,0.34155694,0.4154866,0.34673747
32.950073,0.2558378,0.3410447,0.41512293,0.34696388
32.960075,0.2559565,0.34039718,0.4157075,0.3471211
32.970074,0.25570002,0.34078285,0.41606435,0.3466229
32.980076,0.25580364,0.34135747,0.41562536,0.34645465
32.990074,0.2566602,0.34132826,0.41580915,0.34635422
33.000122,0.25416782,0.33940426,0.41551808,0.34621814
33.01009,0.25565413,0.340266,0.41569868,0.3472163
33.020077,0.25647137,0.34033024,0.41588482,0.34731096
33.030075,0.25585848,0.34027925,0.4156844,0.34640664
33.040073,0.25725242,0.340982,0.4161596,0.34712774
33.050076,0.2561832,0.3416736,0.41600585,0.34661207
33.060078,0.25701943,0.34165815,0.4157621,0.34680992
33.070076,0.255439,0.34159225,0.41577688,0.34708095
33.080086,0.25659436,0.3410168,0.41664928,0.34658656
33.09008,0.2564869,0.34114635,0.4157681,0.34713733
33.100098,0.25591448,0.34078583,0.41556123,0.34702185
33.110073,0.2548882,0.34129104,0.41604,0.34633267
33.120075,0.2555935,0.34117752,0.4157782,0.346506
33.130077,0.2560773,0.34043595,0.4153464,0.346719
33.14007,0.25666228,0.34055382,0.41668156,0.34660262
33.150074,0.25633016,0.34120026,0.41552934,0.3469025
33.160072,0.25634956,0.33997065,0.41527885,0.3459525
33.170074,0.2565461,0.3410239,0.41583538,0.34651268
33.180077,0.25640312,0.34115228,0.41670755,0.34624735
33.190086,0.25570288,0.34171277,0.4163761,0.34774283
33.2001,0.2558503,0.33990327,0.41546744,0.34735382
33.210075,0.2562614,0.34135133,0.4162411,0.3466637
33.220074,0.2561153,0.3405919,0.4163405,0.34674397
33.230076,0.25592434,0.3413439,0.4158078,0.34683478
33.240074,0.2561186,0.34138098,0.41603646,0.34689873
33.250355,0.25426126,0.33957762,0.41572538,0.34672543
33.260086,0.25561342,0.3400748,0.41575393,0.3464222
33.27008,0.25511748,0.340612,0.4157754,0.34657496
33.28008,0.2549493,0.34040603,0.4161267,0.3469443
33.290073,0.2555825,0.3402944,0.41578418,0.3464205
33.300076,0.2555994,0.3408708,0.41639453,0.34717932
33.310074,0.25596195,0.34055528,0.41615102,0.3469548
33.32008,0.25559065,0.34086218,0.4165234,0.3465977
33.330074,0.25605837,0.34047085,0.4154915,0.34679398
33.340076,0.2568036,0.3413868,0.4162885,0.34706774
33.350075,0.256137,0.34100017,0.41648158,0.3464413
33.3601,0.25609827,0.3402567,0.41613352,0.3461462
33.37009,0.255142,0.33977178,0.41649076,0.346565
33.380085,0.25445774,0.3411131,0.4158572,0.34702358
33.390076,0.25510013,0.34041974,0.41569227,0.34651408
33.400074,0.25507617,0.34055543,0.41617137,0.34726968
33.410076,0.25627455,0.34113052,0.4157903,0.34674108
33.420074,0.2556447,0.3404212,0.4162819,0.3470209
33.430073,0.25593764,0.33998662,0.41610658,0.34678355
33.440075,0.25538117,0.34091306,0.41658995,0.34661567
33.450077,0.25572452,0.34025377,0.41591704,0.3470546
33.460083,0.25604594,0.3405397,0.41597587,0.34666583
33.470078,0.25621113,0.34104836,0.41584113,0.34610885
33.480076,0.25550455,0.3407344,0.41661283,0.34662086
33.490078,0.25615132,0.3411752,0.41648978,0.34673968
33.500076,0.25468692,0.33939788,0.41612518,0.34640786
33.510086,0.2560443,0.3400495,0.41678795,0.34735402
33.520077,0.25531653,0.34042078,0.4160469,0.34715533
33.530075,0.25653124,0.34166366,0.41630313,0.34663802
33.540073,0.2559172,0.34078568,0.4160465,0.346898
33.550076,0.2555624,0.34050927,0.41627926,0.34647956
33.560078,0.25484857,0.34036326,0.41636086,0.34658536
33.57009,0.25593382,0.34079152,0.41585556,0.34708035
33.58008,0.25574324,0.34085646,0.41650155,0.34620148
33.590076,0.25591728,0.34076306,0.4160111,0.34721792
33.600075,0.2558364,0.34041768,0.41594943,0.34632236
33.610073,0.2554696,0.3406283,0.4163329,0.34659877
33.620075,0.25656563,0.34086785,0.41601613,0.34621662
33.63008,0.25550824,0.34088707,0.41604364,0.3460813
33.64008,0.25517154,0.3403341,0.4166207,0.34699813
33.650074,0.25641575,0.34134528,0.41588217,0.3465606
33.66008,0.25641418,0.34182286,0.41724563,0.34606516
33.67008,0.25548384,0.34068677,0.41594708,0.3467035
33.680084,0.2560907,0.34004277,0.41643938,0.3464277
33.69008,0.25543898,0.33990303,0.41624793,0.34603277
33.700073,0.25581163,0.3407639,0.4162023,0.34643763
33.710075,0.25598454,0.340395,0.41684198,0.34669384
33.720074,0.25642696,0.34142086,0.41676995,0.34651375
33.73008,0.25536972,0.34049568,0.4163598,0.3461121
33.740078,0.25558034,0.34071222,0.41618052,0.34605414
33.750095,0.2540356,0.33880752,0.41666278,0.34687197
33.760082,0.2554187,0.34039366,0.4154763,0.34623295
33.77008,0.25541118,0.34055236,0.4161195,0.34620923
33.780075,0.2560899,0.3405828,0.4167605,0.3460376
33.79007,0.2557513,0.3406118,0.41679415,0.3466084
33.800076,0.25518268,0.34048116,0.4165854,0.34597203
33.810093,0.25592983,0.34018394,0.41714746,0.34654602
33.820076,0.25546306,0.3407108,0.4181691,0.34657833
33.830074,0.25603867,0.34144786,0.41657585,0.34684622
33.840073,0.2563391,0.34097698,0.41679573,0.34545693
33.850075,0.25541818,0.34078458,0.41639474,0.3466983
33.860077,0.2558083,0.3410007,0.4156699,0.34754014
33.870083,0.25560552,0.34088945,0.41651812,0.34664991
33.880077,0.2552693,0.34012002,0.41650417,0.346139
33.89007,0.25546122,0.34036538,0.4169495,0.34659073
33.900078,0.2554125,0.34003267,0.41650006,0.34657755
33.910095,0.25602785,0.3407623,0.4162546,0.346666
33.920074,0.25566748,0.34041375,0.4167971,0.346586
33.930077,0.25581327,0.3408288,0.4164369,0.34670153
33.94007,0.25576755,0.34076017,0.4169131,0.34621176
33.950073,0.25530085,0.34091207,0.41639355,0.34657463
33.960075,0.25590193,0.34065244,0.41664332,0.346658
33.970074,0.25562558,0.3411625,0.41668585,0.34671855
33.980072,0.25616717,0.34120157,0.41682413,0.34667942
33.990074,0.25617534,0.34062415,0.41692996,0.3460958
34.000088,0.25443843,0.33886692,0.41616252,0.34576306
34.010086,0.2549276,0.33751994,0.4158819,0.34679434
34.02008,0.25523344,0.3397763,0.41673562,0.34703878
34.030075,0.25586283,0.34077984,0.41720495,0.34592766
34.040073,0.255226,0.34035277,0.4163374,0.34650135
34.050076,0.25583777,0.3404285,0.41598275,0.34592375
34.06008,0.25484428,0.3401887,0.4158956,0.34635216
34.07008,0.25552619,0.34067887,0.41775084,0.34646493
34.080074,0.25527975,0.34023762,0.41611373,0.3472107
34.090076,0.256739,0.34096494,0.41555062,0.34607178
34.100075,0.25542662,0.34063542,0.41619095,0.3466884
34.110073,0.25555265,0.34083042,0.4171647,0.34627017
34.120075,0.2550936,0.34008247,0.41621596,0.34656182
34.130077,0.2556951,0.33986378,0.41674018,0.34679908
34.14008,0.25531825,0.34091932,0.41684115,0.34656847
34.150078,0.2559655,0.34091577,0.4165721,0.3465135
34.160084,0.2551265,0.3402976,0.4171275,0.34640196
34.170074,0.25520113,0.3403986,0.41597593,0.3465256
34.180073,0.25586876,0.3404397,0.41621298,0.34557262
34.190086,0.25624892,0.33975664,0.41692498,0.3460125
34.200077,0.25536293,0.33923647,0.4160406,0.3469474
34.210083,0.25582048,0.34029624,0.41692993,0.34588286
34.22009,0.25544775,0.34043124,0.41752905,0.34593767
34.230076,0.25546178,0.34031048,0.41679648,0.34643176
34.240074,0.2553147,0.34027842,0.41685435,0.3465772
34.250072,0.25498095,0.33947185,0.4172667,0.3460399
34.26008,0.25549498,0.34026396,0.41707414,0.34606186
34.270077,0.25530756,0.3408983,0.41660285,0.34607753
34.280075,0.25559863,0.34074482,0.41709492,0.34612304
34.290073,0.25564855,0.34018618,0.41693717,0.34647122
34.30007,0.2549251,0.33990481,0.41729447,0.34588164
34.310078,0.2547684,0.33965796,0.41734448,0.34605792
34.32009,0.25505787,0.3398343,0.41762984,0.34570733
34.330074,0.2558992,0.3397198,0.41760477,0.34554905
34.340076,0.25604716,0.34076446,0.41736078,0.34619713
34.350082,0.25544754,0.34009334,0.4175615,0.34587947
34.360085,0.25476563,0.34085596,0.4169311,0.3465523
34.370083,0.25538135,0.33856338,0.41696677,0.34597427
34.38008,0.25496954,0.33964342,0.41665775,0.34597948
34.390076,0.25566941,0.34049416,0.4172662,0.3466463
34.400074,0.25591785,0.3395325,0.41760245,0.34660384
34.410076,0.25602257,0.34047052,0.4173566,0.3471745
34.420074,0.25546917,0.3398342,0.41736972,0.3459436
34.430073,0.2554889,0.34040523,0.41746104,0.3461722
34.440075,0.25548047,0.33989888,0.4179439,0.34654668
34.450077,0.25588998,0.3397349,0.41776285,0.3465695
34.46008,0.25572637,0.34055278,0.41768453,0.3457783
34.47008,0.25511274,0.34046677,0.41728643,0.34661442
34.480076,0.25538915,0.34007564,0.41718543,0.34581074
34.490074,0.25582784,0.3397144,0.4169337,0.34652495
34.500076,0.2548424,0.33813766,0.4171126,0.34549087
34.510086,0.25519127,0.34046102,0.41697288,0.34572783
34.520077,0.2556133,0.3399546,0.4174013,0.34663457
34.530075,0.25561494,0.34054008,0.41784897,0.3462538
34.540073,0.25548783,0.34062868,0.4170377,0.34658888
34.550076,0.25565553,0.33949587,0.41709766,0.34621304
34.56008,0.25529388,0.3401255,0.41822648,0.34612074
34.5701,0.25331923,0.33801016,0.41734374,0.3456486
34.5801,0.25615665,0.33994722,0.41765708,0.34626245
34.59008,0.25521937,0.3397605,0.4178578,0.34615773
34.600075,0.25457278,0.34018585,0.4185344,0.3456522
34.610077,0.25495774,0.3387201,0.4175464,0.34662178
34.620075,0.25607222,0.33960757,0.4176726,0.3463142
34.630074,0.25432286,0.3389092,0.41861448,0.3472937
34.64007,0.25565577,0.33944002,0.41798094,0.3457444
34.650074,0.2553968,0.33894083,0.4177525,0.34707218
34.660072,0.25521109,0.33988643,0.41784564,0.34568822
34.670082,0.25545472,0.34053925,0.41821748,0.34628233
34.680077,0.2549515,0.33941063,0.41814283,0.3455034
34.69008,0.25585166,0.34028876,0.4181861,0.3463491
34.700077,0.25590685,0.3401741,0.41734985,0.3458433
34.710075,0.25489217,0.33775067,0.41852736,0.3463163
34.72008,0.2560212,0.34107468,0.41823393,0.34633464
34.730076,0.25541714,0.3401457,0.41805026,0.34573802
34.740074,0.25547108,0.3392967,0.4179018,0.34667712
34.750072,0.2554772,0.34013772,0.4176219,0.3457018
34.76008,0.25583395,0.34004655,0.41789714,0.34589764
34.770073,0.25609186,0.34011808,0.41828743,0.34616593
34.78007,0.2552892,0.3398637,0.41772658,0.34571958
34.79008,0.2553087,0.3397764,0.41812247,0.34559503
34.80008,0.25513095,0.3397531,0.4181719,0.345947
34.810078,0.25491634,0.33973482,0.41785875,0.34571978
34.820076,0.25605994,0.34012285,0.41817704,0.34566432
34.830074,0.25520152,0.3399556,0.41813165,0.34602112
34.840076,0.25546777,0.33997878,0.41839036,0.34582794
34.85008,0.25569996,0.33975333,0.41827974,0.3460063
34.860085,0.25586239,0.3396745,0.41800368,0.34531537
34.87008,0.25487638,0.3395369,0.41828948,0.3453344
34.880077,0.2550569,0.33975694,0.41824123,0.34635493
34.89008,0.25501356,0.33961755,0.41760048,0.34542152
34.900085,0.25472915,0.34010336,0.41821545,0.34607774
34.910076,0.25506556,0.33932155,0.41876116,0.345873
34.920074,0.25480977,0.33958834,0.4188948,0.34578168
34.930077,0.2554772,0.3383671,0.41811234,0.34523627
34.940075,0.25566676,0.3404981,0.4188684,0.34639463
34.950073,0.25502774,0.33996865,0.41865695,0.34583092
34.96008,0.25515527,0.33991838,0.41881713,0.34559435
34.970078,0.25522026,0.34027767,0.4184883,0.34584448
34.98008,0.25503415,0.3386278,0.41920772,0.34514847
34.990078,0.25484672,0.3392945,0.41901317,0.3462191
35.000084,0.2559647,0.3391412,0.4180223,0.3449714
35.010086,0.25503537,0.33961174,0.41909766,0.3473316
35.020077,0.25418478,0.34001186,0.41947758,0.34593382
35.030075,0.25400883,0.33771494,0.41702998,0.34671193
35.040073,0.25372812,0.33874705,0.4204418,0.34576386
35.050076,0.25348616,0.3389786,0.41852283,0.34561065
35.06008,0.25495854,0.33869097,0.41897008,0.3449972
35.070072,0.2535035,0.33934894,0.41807815,0.3455915
35.08006,0.25405958,0.33783942,0.41845715,0.3448922
35.09008,0.25403932,0.3378173,0.42046434,0.3448544
35.100075,0.2532577,0.3381564,0.41995853,0.34501955
35.110073,0.25454646,0.33862126,0.41845295,0.34554863
35.120075,0.25660786,0.3392609,0.4194327,0.34575498
35.130074,0.25560883,0.3395395,0.41924885,0.34613746
35.140076,0.25501913,0.3402627,0.419322,0.34563386
35.15008,0.25556004,0.33905336,0.418632,0.34565714
35.160076,0.25582418,0.33906615,0.4196793,0.34621218
35.170074,0.25559685,0.33915293,0.41886088,0.34510475
35.180077,0.2548027,0.3396069,0.4191282,0.3449767
35.19009,0.25588346,0.33985382,0.4188356,0.34611824
35.200077,0.25538632,0.33884677,0.4189728,0.34686244
35.210075,0.25523615,0.33883545,0.4194097,0.34606203
35.220074,0.2551998,0.33957332,0.41869694,0.3457478
35.2301,0.25531748,0.3390545,0.4191049,0.34618637
35.240078,0.2547021,0.33893225,0.41970178,0.34561732
35.250076,0.25554028,0.33875564,0.41938776,0.3453994
35.26008,0.25592744,0.33955923,0.41985536,0.34553033
35.270096,0.2552126,0.3405604,0.4195461,0.34548807
35.28008,0.25507337,0.3390256,0.41867557,0.34568477
35.29008,0.2550231,0.3390862,0.41945106,0.3456724
35.30008,0.25441352,0.3388526,0.4198259,0.3454323
35.310074,0.25575703,0.3388192,0.4199704,0.34582207
35.320087,0.2561901,0.33942524,0.4189998,0.34519756
35.330097,0.2555204,0.33936664,0.41986814,0.34579647
35.34008,0.25512686,0.33929795,0.41924906,0.3462782
35.350075,0.25511256,0.34014875,0.41924867,0.3463127
35.360085,0.25550067,0.33887592,0.42006445,0.34542215
35.37008,0.25568435,0.3396515,0.4193509,0.345876
35.380074,0.2560572,0.33910593,0.41941854,0.34545586
35.390083,0.25569215,0.3393399,0.41975257,0.3457166
35.400078,0.2555063,0.33901584,0.4198806,0.345559
35.410095,0.25499073,0.33880183,0.41923296,0.34577575
35.420082,0.2561899,0.33963066,0.42067513,0.345155
35.430073,0.25500712,0.33883926,0.41950473,0.34505513
35.44008,0.25521547,0.33885872,0.41945526,0.34540662
35.450077,0.25593013,0.34006488,0.4196905,0.34473902
35.46008,0.25544468,0.33938065,0.41975173,0.34565684
35.470078,0.2559514,0.33907118,0.4197023,0.345429
35.480076,0.25572377,0.33828852,0.41969913,0.34598377
35.490078,0.25513032,0.3378647,0.41929787,0.34578094
35.500076,0.25485954,0.33857545,0.42052856,0.34525624
35.510086,0.25483,0.33821186,0.4196847,0.3461824
35.520077,0.2557547,0.33870116,0.42055604,0.34541038
35.530075,0.25513363,0.33843106,0.42050368,0.3452451
35.540077,0.2550441,0.3389428,0.4199133,0.3452438
35.550076,0.25525188,0.3384683,0.42069775,0.34501234
35.56008,0.25495896,0.33882615,0.41955507,0.34534582
35.570076,0.25622237,0.33932596,0.42137176,0.3451539
35.580086,0.25446185,0.3378893,0.41975728,0.34463337
35.59008,0.25545734,0.33926246,0.42085022,0.3451816
35.60007,0.25473776,0.33961764,0.4201368,0.3452864
35.610073,0.25527522,0.33998674,0.4206751,0.34548548
35.62007,0.25553688,0.3396538,0.42061967,0.34475118
35.630077,0.25570303,0.33852416,0.42020184,0.34573808
35.640095,0.25532106,0.33872074,0.42048526,0.3454458
35.650074,0.2554498,0.3388467,0.42079303,0.34590837
35.66008,0.25495842,0.33824643,0.42061543,0.34530544
35.67008,0.25515786,0.3390717,0.4203131,0.34616363
35.680077,0.25514635,0.33842826,0.42039087,0.34563997
35.690075,0.256202,0.33907014,0.42038944,0.345642
35.700073,0.25553864,0.33826798,0.42048514,0.34523913
35.710075,0.2553614,0.33839956,0.42050087,0.34564543
35.720074,0.25587165,0.33836845,0.4209972,0.34554288
35.730076,0.2554271,0.33879364,0.42078853,0.34562203
35.74009,0.25499973,0.33902457,0.42064825,0.34509552
35.750076,0.2550518,0.33830142,0.42048156,0.34538582
35.76008,0.25500488,0.3385199,0.42125058,0.34536278
35.770077,0.25541624,0.3384185,0.4207506,0.3454934
35.780075,0.25522894,0.338286,0.42086145,0.34544966
35.790077,0.25441855,0.33866987,0.4208157,0.34562802
35.80007,0.25490013,0.33837533,0.42082557,0.34559953
35.810074,0.25503734,0.33918053,0.42141557,0.34523115
35.82008,0.25583506,0.33853045,0.4206129,0.34594592
35.83008,0.25519794,0.33806917,0.42073253,0.34571493
35.840096,0.25510117,0.33869243,0.42122447,0.34559044
35.850082,0.25522324,0.33876413,0.42105746,0.34555992
35.860085,0.25494486,0.3387082,0.42045242,0.3457124
35.87008,0.25632018,0.33867803,0.42105556,0.34555402
35.880077,0.2562229,0.3387106,0.42110488,0.3452869
35.89007,0.2556778,0.33714733,0.4213001,0.3453798
35.90008,0.2547096,0.33842558,0.4209916,0.34509534
35.910076,0.25511435,0.33889872,0.42107362,0.34627593
35.920074,0.25521174,0.33822995,0.4210121,0.34529555
35.930077,0.25582442,0.3386971,0.42124036,0.3456727
35.94007,0.25511637,0.33875296,0.42193818,0.34564927
35.950073,0.2560029,0.3396602,0.42119208,0.34565488
35.960083,0.25529444,0.33919582,0.42102453,0.345269
35.970078,0.2550631,0.3388184,0.42150977,0.34536645
35.980072,0.2557288,0.33838895,0.42094147,0.3456971
35.99008,0.25514263,0.33827314,0.42160168,0.34493327
36.000088,0.25480235,0.33769614,0.42138252,0.34548262
36.01009,0.25450334,0.33787242,0.42126608,0.3456044
36.020077,0.25540632,0.33871287,0.42034888,0.34574324
36.030075,0.25450322,0.33848247,0.4215983,0.34567365
36.040077,0.2558192,0.33831346,0.4219254,0.34591195
36.050095,0.25481123,0.33782053,0.42202395,0.34503576
36.060085,0.25501126,0.33826977,0.42269874,0.34509632
36.07008,0.25523233,0.3382721,0.42155507,0.34574562
36.080074,0.2553379,0.33878598,0.42157274,0.34452492
36.090076,0.254745,0.3379076,0.42203858,0.34568036
36.100075,0.25563383,0.33877042,0.42156526,0.34540167
36.110073,0.25472292,0.33852428,0.4217661,0.34496978
36.120075,0.2553223,0.33839676,0.42096576,0.34559372
36.13008,0.25499487,0.33655715,0.42097172,0.34475958
36.14009,0.25491554,0.3382446,0.42153102,0.34558657
36.1501,0.2548408,0.33838,0.42217794,0.3449895
36.160088,0.25526926,0.3381463,0.42175972,0.34511393
36.170082,0.25520676,0.33874547,0.42182422,0.3456081
36.180077,0.25576192,0.33819407,0.42173523,0.3451104
36.190086,0.2558325,0.3383203,0.42235324,0.34490034
36.200077,0.25533587,0.3380388,0.42198431,0.34592688
36.210083,0.2553447,0.33819664,0.4217554,0.3459488
36.220078,0.2550534,0.3378807,0.42223543,0.34545946
36.230076,0.2550346,0.33854583,0.4217766,0.34578842
36.240078,0.25554752,0.33788425,0.42312723,0.3455522
36.250095,0.25543323,0.33812287,0.422507,0.34503427
36.260086,0.2553635,0.3382001,0.42222416,0.34540516
36.270073,0.2550177,0.33825004,0.42204902,0.3453591
36.280083,0.25455302,0.33818972,0.42224687,0.3455757
36.290077,0.25509354,0.3380509,0.42280596,0.34566882
36.300076,0.25529152,0.33791885,0.4220027,0.34543112
36.310078,0.25518128,0.33832276,0.42181116,0.34569103
36.32008,0.25485092,0.33834052,0.42250663,0.3453088
36.330082,0.25458694,0.337358,0.42257592,0.34509456
36.340076,0.2555805,0.33824882,0.4232405,0.34571815
36.350075,0.2545275,0.33586144,0.42333007,0.3443177
36.360085,0.25595498,0.33836257,0.42304242,0.34544462
36.37008,0.2548497,0.33808616,0.42244953,0.3454959
36.38008,0.25575778,0.3382867,0.42278004,0.34543326
36.390076,0.25539702,0.3386794,0.42254874,0.34500962
36.400074,0.25553048,0.33815053,0.42285106,0.34505638
36.410076,0.2547019,0.3386876,0.4227364,0.3456364
36.420074,0.25506425,0.33754134,0.42263633,0.34586263
36.430077,0.25529918,0.33758494,0.4229966,0.3453498
36.440075,0.2554374,0.33809122,0.42231086,0.34565094
36.450077,0.25461563,0.3379249,0.42323738,0.34537736
36.46008,0.2552969,0.3378657,0.4234551,0.34510693
36.470074,0.25528404,0.33810842,0.42347956,0.3450017
36.480072,0.25526398,0.3376186,0.42260683,0.34485504
36.490074,0.25609875,0.33865467,0.4227726,0.34474158
36.500076,0.25441456,0.3375356,0.42304498,0.3452007
36.510082,0.2551125,0.33833295,0.4222479,0.34533757
36.520077,0.25449175,0.3380363,0.4231621,0.34493178
36.530075,0.25601077,0.33749822,0.42318293,0.3455387
36.540073,0.25453538,0.337918,0.4223196,0.34548223
36.550076,0.25522926,0.33851552,0.4225018,0.34533575
36.560078,0.25479317,0.33747655,0.4224243,0.34489968
36.570084,0.25450546,0.33788708,0.42348087,0.34543762
36.58008,0.25409445,0.3371144,0.4235718,0.34455195
36.590073,0.25518042,0.33749366,0.42289442,0.3455761
36.600075,0.25508967,0.33800226,0.42305145,0.3453837
36.61007,0.25581384,0.33788002,0.4234248,0.3455675
36.620075,0.2558741,0.3376118,0.42263943,0.34503973
36.630077,0.255931,0.33782148,0.42288426,0.34504765
36.64008,0.25530973,0.33737728,0.4230454,0.34532756
36.650078,0.2545206,0.33767095,0.42341724,0.3450493
36.660076,0.25533777,0.33786267,0.42359036,0.3449727
36.67008,0.25505045,0.3374005,0.42328024,0.34526363
36.680077,0.25520623,0.33776107,0.42372388,0.34514415
36.690075,0.2553804,0.33765844,0.42343205,0.34466738
36.700073,0.2547325,0.33754057,0.4235115,0.3454836
36.71007,0.25474933,0.33742929,0.42328635,0.3450478
36.720074,0.25509626,0.33745837,0.42273897,0.344845
36.730076,0.25498432,0.33791006,0.42373335,0.34531993
36.740074,0.2555774,0.33775735,0.42356235,0.34510732
36.750076,0.25549814,0.33778468,0.42323494,0.3451374
36.76008,0.25508946,0.33760864,0.42290297,0.34494105
36.770073,0.25576273,0.33816585,0.42403573,0.34517807
36.78007,0.2552937,0.33693495,0.42219704,0.34561622
36.790077,0.25552067,0.3377419,0.42316282,0.3447697
36.80007,0.25584593,0.3379776,0.42397243,0.3453152
36.810078,0.25602844,0.33742803,0.42391515,0.34574297
36.820072,0.25520384,0.3371512,0.42358145,0.34498993
36.830074,0.2546784,0.33560437,0.42412612,0.3448576
36.840076,0.25462568,0.33675998,0.42421722,0.3448684
36.850075,0.25457764,0.3373796,0.4238125,0.34484103
36.86008,0.25597066,0.3372349,0.42386398,0.34508035
36.87008,0.25512043,0.3374454,0.42363286,0.34555557
36.880074,0.25489983,0.33758557,0.42349973,0.34447658
36.890076,0.25493178,0.33792102,0.42289641,0.34540734
36.900074,0.25485668,0.33752254,0.42500877,0.34509516
36.910072,0.25455937,0.33711717,0.42348623,0.34476495
36.920074,0.2561004,0.33784837,0.42491844,0.3448692
36.930077,0.25528836,0.33733195,0.42324102,0.34559634
36.940075,0.25505823,0.3378072,0.42577168,0.34533766
36.95007,0.2533721,0.33716372,0.42535636,0.34576377
36.960075,0.25521478,0.338212,0.4247666,0.34714228
36.970074,0.2549532,0.33818114,0.42493594,0.346456
36.980076,0.25603107,0.33933514,0.42441204,0.34606233
36.990074,0.2545186,0.33615604,0.42392114,0.34619483
37.000084,0.25505254,0.3367688,0.4245227,0.34538618
37.010086,0.25547114,0.3373651,0.4242215,0.34523305
37.020077,0.25598836,0.33669278,0.4246484,0.344262
37.03008,0.25649294,0.3368026,0.42471477,0.34517908
37.040077,0.25562602,0.33745652,0.42472655,0.34475014
37.05007,0.25595164,0.33684528,0.4237505,0.34401742
37.060078,0.2553408,0.3377582,0.42422476,0.34528884
37.070076,0.25454855,0.3373439,0.4250474,0.34512943
37.080074,0.25462133,0.3370618,0.42458418,0.34492576
37.090076,0.25512958,0.3376049,0.4246787,0.34492815
37.100075,0.2552928,0.3373346,0.42577475,0.34577718
37.110073,0.254925,0.33715993,0.42417908,0.34482774
37.120075,0.25475934,0.33689263,0.42473155,0.34517226
37.130074,0.2547091,0.33713,0.42509186,0.34507936
37.140076,0.25498283,0.33709827,0.42485577,0.34473348
37.150074,0.25587994,0.33796394,0.42538863,0.34559217
37.160076,0.25432032,0.33733135,0.42526644,0.345388
37.170074,0.2550089,0.3365338,0.42499015,0.34521085
37.180077,0.25445297,0.33754396,0.42502576,0.34479356
37.190086,0.25418943,0.33714455,0.4254084,0.34467933
37.200077,0.25466946,0.33675945,0.42486042,0.34514442
37.210075,0.25502747,0.33715266,0.4245367,0.34592322
37.22008,0.25548962,0.33780748,0.4251066,0.34529528
37.23008,0.2549331,0.33665007,0.42513144,0.3451647
37.240074,0.25430432,0.33717582,0.42498696,0.34477103
37.250076,0.25457636,0.3367542,0.4249391,0.3449887
37.260075,0.25515997,0.33727515,0.4253973,0.34535882
37.270077,0.25537476,0.33620963,0.42557833,0.34495333
37.28008,0.25525448,0.3364579,0.4255437,0.34521592
37.290077,0.25504324,0.33714664,0.42495564,0.3447417
37.30008,0.2550389,0.3371901,0.4250388,0.3449228
37.31007,0.25475782,0.336439,0.4253615,0.34516
37.320076,0.2546649,0.33703384,0.4252832,0.34455392
37.330074,0.25526372,0.33715945,0.425545,0.34493575
37.340076,0.25532722,0.33609375,0.42557207,0.3452148
37.350082,0.2553059,0.3377689,0.42556876,0.34472778
37.360077,0.25426373,0.33719438,0.42553923,0.34473956
37.370075,0.25501072,0.33772683,0.42545745,0.34522504
37.380074,0.25481117,0.33684263,0.42565206,0.34510413
37.390076,0.25476035,0.33758447,0.42627728,0.34532976
37.400085,0.2552407,0.33662942,0.42576143,0.3448252
37.410076,0.25529853,0.3368425,0.4261151,0.3454
37.42008,0.2545836,0.33725774,0.42528015,0.34523946
37.430077,0.25522852,0.33680594,0.42617697,0.3458249
37.440075,0.25421363,0.33654583,0.42564613,0.344602
37.450073,0.25599205,0.33807254,0.42629263,0.34488863
37.460075,0.25533468,0.3362892,0.42642623,0.3447268
37.470078,0.25546488,0.33682996,0.42640102,0.34475425
37.480072,0.25436726,0.3367331,0.42646545,0.34518927
37.490074,0.25524187,0.33655006,0.42557976,0.34475878
37.500076,0.2547747,0.33675137,0.42599514,0.34503064
37.510086,0.2553167,0.3349672,0.42521304,0.34521514
37.52008,0.25593618,0.33776316,0.4260606,0.34496403
37.530075,0.25448522,0.3369702,0.42608514,0.34504434
37.540073,0.25544196,0.3366344,0.4260277,0.3449785
37.550076,0.25498503,0.33673188,0.4261807,0.34491587
37.560074,0.2550599,0.33681563,0.42594123,0.34497756
37.570076,0.2555581,0.3368961,0.42597896,0.34476918
37.580074,0.25550702,0.33763003,0.42725074,0.34493065
37.590076,0.2555084,0.3368899,0.4268533,0.3448979
37.600075,0.2554958,0.33705533,0.4264008,0.34444302
37.610073,0.254321,0.33607653,0.42620283,0.3447339
37.620075,0.2551661,0.33622795,0.4264782,0.34527147
37.630074,0.25543508,0.3367678,0.4269055,0.34454244
37.640076,0.25447568,0.33740336,0.4263522,0.34446704
37.650074,0.25519165,0.33660483,0.4262214,0.34530577
37.660072,0.255051,0.33684465,0.42679107,0.34514526
37.670074,0.254621,0.3365208,0.42661092,0.34530792
37.680073,0.2551766,0.33644003,0.4269878,0.3449304
37.690075,0.25569794,0.33690143,0.42650467,0.34463027
37.700073,0.25529495,0.337045,0.42703694,0.34610006
37.710075,0.25505134,0.33717564,0.42750147,0.3450589
37.720074,0.25501803,0.33601886,0.42691588,0.34483278
37.730072,0.25516218,0.33676362,0.42759398,0.3455238
37.740074,0.25437626,0.33691752,0.42696834,0.34524074
37.750076,0.25575158,0.33796185,0.4271821,0.34437343
37.760075,0.25521776,0.33615875,0.42692006,0.34541988
37.770073,0.25563234,0.3366608,0.42678028,0.34521705
37.78007,0.25509486,0.3361922,0.42688975,0.34490138
37.790073,0.25403482,0.33607236,0.42676443,0.34471637
37.800076,0.25444165,0.3354939,0.42664835,0.34409988
37.81009,0.25430867,0.33627176,0.42688665,0.3450704
37.82008,0.25463954,0.3360993,0.42699644,0.34435025
37.83008,0.25375813,0.3354711,0.42682427,0.34436047
37.840076,0.25356835,0.3349396,0.4269124,0.34523126
37.85008,0.25378397,0.33586335,0.42731506,0.3447636
37.860096,0.2540381,0.33509293,0.42722145,0.34514552
37.870075,0.25379142,0.33518136,0.42698,0.34472564
37.880074,0.25529402,0.33688158,0.42723712,0.34474686
37.890076,0.25487936,0.33684683,0.42756784,0.3450539
37.900074,0.2553226,0.33742237,0.4272268,0.34490162
37.910076,0.2547851,0.33658907,0.42643148,0.34421435
37.920074,0.2554543,0.33612588,0.42832062,0.34379423
37.930073,0.25586656,0.33723345,0.4287231,0.34474376
37.940075,0.25526533,0.3368965,0.42734277,0.34558293
37.950092,0.2554733,0.3365582,0.42627117,0.34505743
37.960102,0.25465593,0.33673063,0.42554548,0.3443987
37.970074,0.2548755,0.33548126,0.42826465,0.34410107
37.980083,0.25495356,0.33763108,0.4287571,0.3445647
37.990074,0.25533476,0.3351238,0.4282156,0.34347987
38.000088,0.25529566,0.33557495,0.42736572,0.3460912
38.010086,0.25337774,0.33494237,0.4278885,0.343406
38.02008,0.25331795,0.33559608,0.42799425,0.34374365
38.030075,0.2552383,0.33570495,0.4277673,0.34450758
38.040073,0.25504777,0.33573133,0.42755815,0.34440526
38.05008,0.25613368,0.33725053,0.42786822,0.34592733
38.0601,0.2549892,0.3357088,0.42758253,0.34462896
38.070076,0.25478384,0.33653656,0.42841297,0.3446798
38.08008,0.25519758,0.3360189,0.4283127,0.3450799
38.090073,0.2542116,0.33652356,0.42759797,0.345084
38.100086,0.25638875,0.33655143,0.42824262,0.34437802
38.11008,0.25452003,0.3358545,0.42821723,0.34436414
38.120075,0.2558764,0.33686987,0.42811704,0.34479058
38.130077,0.255583,0.33545107,0.4274932,0.34481722
38.140076,0.25534245,0.33703694,0.4285703,0.3446723
38.150074,0.25555998,0.33602956,0.4277522,0.3448913
38.160095,0.2541184,0.3366512,0.42806813,0.3446452
38.170082,0.25464696,0.33620298,0.42825794,0.34463635
38.180077,0.25522366,0.33659038,0.4284818,0.3444702
38.190086,0.2548755,0.33618385,0.42826557,0.34407097
38.200077,0.25481915,0.33621427,0.42818654,0.34484002
38.210083,0.25494596,0.33465013,0.42807385,0.34454665
38.220085,0.25404492,0.33532196,0.42815995,0.34525034
38.230076,0.25501972,0.3361227,0.42849752,0.34474877
38.240074,0.25505483,0.33557522,0.42859682,0.34445095
38.250076,0.25586528,0.33653018,0.42863858,0.344687
38.2601,0.25483555,0.3360465,0.42878178,0.34484956
38.270077,0.25454217,0.33655998,0.42852163,0.34518522
38.280075,0.254448,0.33657905,0.42898238,0.34421986
38.290077,0.2546058,0.3362304,0.42884964,0.34420797
38.30008,0.2555354,0.33605188,0.42885816,0.34430996
38.310074,0.2554565,0.33704096,0.42897397,0.34486613
38.320076,0.2550025,0.3361746,0.429536,0.34507692
38.33007,0.25491074,0.3365539,0.4290872,0.3446675
38.340076,0.25493568,0.33655962,0.42862758,0.3449037
38.350075,0.25585738,0.33615825,0.4297663,0.34483334
38.360092,0.25483516,0.33606616,0.42847696,0.34502327
38.370075,0.25506392,0.33620608,0.42893422,0.34507108
38.380074,0.2546838,0.3353907,0.42928523,0.3445056
38.390076,0.2552072,0.33554175,0.4292626,0.34482938
38.400074,0.25579393,0.33551806,0.42957407,0.3447746
38.410076,0.2541224,0.33598432,0.42998746,0.34541002
38.420074,0.25555885,0.33618456,0.42995358,0.34447876
38.43008,0.25527892,0.33597168,0.42897594,0.34527746
38.44008,0.2558564,0.3362092,0.42948115,0.34503925
38.450073,0.25586024,0.3357995,0.42947814,0.3451178
38.4601,0.25490257,0.33616358,0.42898688,0.34479505
38.470078,0.25484902,0.3361792,0.42964813,0.34412217
38.48008,0.2550245,0.33553925,0.4288484,0.34461665
38.490078,0.25526142,0.33625856,0.42967212,0.3447575
38.500072,0.2555355,0.3364309,0.42925212,0.34466484
38.5101,0.2548119,0.33596137,0.42969492,0.34494314
38.520077,0.25481284,0.33575812,0.43006584,0.34376004
38.530075,0.2543225,0.3356296,0.42955115,0.34490195
38.540077,0.25414565,0.3353973,0.42937815,0.3443565
38.550083,0.2555354,0.33567482,0.42954695,0.34487677
38.560097,0.255222,0.3357389,0.42976466,0.3443297
38.570072,0.25477955,0.33567062,0.42958862,0.34512934
38.580074,0.2547782,0.33562937,0.42991254,0.34452274
38.590076,0.25564292,0.33596823,0.42978996,0.34521872
38.600075,0.25577614,0.33546603,0.43012834,0.3441813
38.610073,0.2556291,0.33624864,0.42991987,0.3446516
38.62007,0.25554302,0.33582333,0.42973855,0.34504524
38.630074,0.2553186,0.3357043,0.42974547,0.34509492
38.640076,0.25472686,0.33567998,0.4301587,0.34426507
38.650085,0.2553147,0.33583564,0.4302266,0.34464693
38.660103,0.25543797,0.33517584,0.4301464,0.34364507
38.67009,0.25553948,0.33584145,0.4296108,0.34450153
38.68008,0.25542262,0.33608788,0.42974037,0.34470952
38.690075,0.25495684,0.33512425,0.43029824,0.3439162
38.700077,0.2547438,0.3355164,0.42996216,0.3442432
38.710075,0.25553522,0.33571422,0.43061244,0.34416124
38.720085,0.25516918,0.33579347,0.43016702,0.3439308
38.73008,0.2546358,0.3356975,0.4305922,0.3436206
38.740078,0.25549525,0.33570448,0.43076342,0.34458825
38.750076,0.2561198,0.3360849,0.42981467,0.3446927
38.760082,0.25589418,0.33522257,0.43055746,0.34493658
38.770084,0.2549513,0.33572665,0.43036437,0.34437048
38.78008,0.2552491,0.33553,0.43113494,0.34463528
38.790085,0.25530967,0.33575097,0.43049258,0.34421515
38.80008,0.25494954,0.3353461,0.43113488,0.3448014
38.810074,0.25571093,0.33386782,0.43074486,0.34435773
38.82008,0.2554892,0.33612415,0.43029228,0.34510493
38.830074,0.25485918,0.33577743,0.43057168,0.34443024
38.840084,0.25564662,0.3354141,0.43084192,0.34407398
38.850075,0.2547541,0.33575633,0.43066642,0.3440192
38.860077,0.2551164,0.3351087,0.43154442,0.34405246
38.87008,0.2554851,0.33503917,0.43114614,0.34455907
38.880074,0.2543627,0.33525643,0.43080902,0.34466273
38.890083,0.25558844,0.33621883,0.43203992,0.34469432
38.900078,0.25526595,0.33522397,0.4330189,0.34520158
38.910076,0.25577724,0.33558634,0.43066752,0.34468013
38.920074,0.25540084,0.3356345,0.4316636,0.3442698
38.930073,0.2554633,0.33527943,0.42963183,0.3446824
38.940075,0.2552272,0.33533105,0.43173403,0.34345868
38.950077,0.2552602,0.33686042,0.43085963,0.34447983
38.960083,0.25490618,0.3343707,0.43079993,0.34365487
38.970078,0.2561851,0.33382794,0.4309913,0.34579754
38.980076,0.25539052,0.33383527,0.4312879,0.34522673
38.990078,0.25438842,0.33370242,0.43095863,0.3449127
39.000088,0.25386515,0.3344278,0.4306765,0.34416273
39.01011,0.25131166,0.33494082,0.4306668,0.3440873
39.02008,0.2545612,0.33521926,0.4305803,0.34409964
39.030075,0.2556358,0.33517075,0.43110394,0.3446062
39.040073,0.2553613,0.33508492,0.4305583,0.34404805
39.05007,0.2551569,0.33486906,0.43113133,0.3451087
39.06008,0.25507188,0.33562467,0.43195358,0.34425414
39.07008,0.2547712,0.33573785,0.43052787,0.34462312
39.080074,0.25615653,0.33594695,0.4316509,0.344604
39.090076,0.2556531,0.334986,0.43126595,0.34444258
39.10007,0.25536934,0.336098,0.4312913,0.34441742
39.110077,0.25462165,0.33534795,0.43163618,0.34493372
39.120075,0.2547928,0.3356591,0.43165585,0.34433725
39.130077,0.25511274,0.33588552,0.43198085,0.34423268
39.140076,0.25525513,0.3348506,0.4316467,0.34456602
39.150074,0.25533783,0.33557117,0.43139917,0.34432214
39.160076,0.25512937,0.33592188,0.43172938,0.34402266
39.170074,0.25523874,0.3356677,0.43167785,0.343965
39.180077,0.2551728,0.33498108,0.43188882,0.34428895
39.19009,0.25500885,0.33529472,0.43177095,0.3450189
39.200077,0.25354883,0.3352699,0.43161795,0.3445186
39.21008,0.2558326,0.335124,0.43234283,0.34439597
39.22008,0.25457808,0.33442694,0.4324237,0.34501767
39.23008,0.25485277,0.33501315,0.43175223,0.34471908
39.240074,0.25492784,0.3355638,0.43155485,0.3444408
39.25009,0.25285888,0.3354796,0.43229768,0.34416655
39.26008,0.2551149,0.33528617,0.43180227,0.3440911
39.270084,0.2536793,0.3357705,0.43173414,0.34434664
39.28008,0.25469226,0.33509922,0.43110228,0.3454522
39.290077,0.25483793,0.3331757,0.43134317,0.34376073
39.30008,0.25458288,0.33534637,0.43215212,0.3447027
39.310078,0.25487366,0.33432317,0.43178076,0.34356305
39.32008,0.2559329,0.33499134,0.4322484,0.34448132
39.33008,0.25482228,0.33527642,0.43238962,0.34461984
39.340076,0.25538355,0.3351368,0.43238962,0.34361494
39.35008,0.25484437,0.33533382,0.43230316,0.34477141
39.360073,0.25480637,0.33387315,0.43272227,0.34406233
39.370083,0.25548688,0.33531606,0.4322214,0.3441952
39.380074,0.25514126,0.33517012,0.432623,0.34401095
39.390076,0.2550502,0.3351408,0.43245092,0.34446532
39.400074,0.25450876,0.3348533,0.43270618,0.34457022
39.410072,0.25449142,0.33473206,0.43268934,0.34459215
39.420074,0.2553724,0.33432665,0.43229604,0.34449175
39.430077,0.25478154,0.3348689,0.43260184,0.3447088
39.440075,0.2549674,0.33501184,0.4326518,0.34383827
39.450077,0.25552076,0.3355042,0.43255982,0.34408635
39.46007,0.2550776,0.3352402,0.43260255,0.34396526
39.470093,0.25515187,0.334516,0.43267876,0.3444005
39.480076,0.25418803,0.33488634,0.43270722,0.34404647
39.490074,0.2557179,0.335244,0.43313485,0.34372663
39.500076,0.25463837,0.33471608,0.43265936,0.3443036
39.510086,0.25225767,0.3338389,0.4328442,0.34470674
39.52008,0.25489062,0.33478418,0.4332433,0.34419996
39.530075,0.25472963,0.33505735,0.4325951,0.34435055
39.540077,0.25466302,0.33500037,0.43306032,0.3446009
39.55007,0.25501585,0.33571193,0.43278387,0.34441194
39.560078,0.25436625,0.33465296,0.43283105,0.34382987
39.5701,0.25522274,0.33448747,0.43262914,0.34431067
39.580074,0.25503063,0.33539745,0.43266004,0.34441143
39.590076,0.25449106,0.33451676,0.43309653,0.34450597
39.600075,0.2554681,0.33502728,0.43310767,0.3442166
39.610077,0.25511277,0.33438894,0.43294102,0.3437863
39.620075,0.25563776,0.33519822,0.4331794,0.34375626
39.630077,0.25458318,0.33472106,0.43285394,0.34391704
39.640076,0.25555342,0.33535653,0.433465,0.34325173
39.65007,0.25491118,0.33508155,0.4334194,0.34382695
39.660076,0.2558826,0.33490124,0.43340182,0.3445635
39.67009,0.25465924,0.33514953,0.43343127,0.34427407
39.680077,0.25547284,0.33467922,0.43350902,0.34457237
39.690075,0.25483003,0.3347152,0.4329117,0.34376484
39.700073,0.25534567,0.3349465,0.4335104,0.34387392
39.710075,0.25471798,0.33484188,0.43339005,0.3437093
39.720074,0.25511852,0.33502248,0.43353546,0.34422436
39.730076,0.2552036,0.3351952,0.43328783,0.34412715
39.740074,0.25554278,0.3351209,0.43441263,0.34374782
39.750076,0.2541842,0.33434343,0.4335037,0.34425488
39.760075,0.25481266,0.33403787,0.43358836,0.34372628
39.770073,0.25534192,0.33497453,0.43376458,0.3441653
39.78007,0.25470555,0.33512664,0.4341188,0.34434617
39.790077,0.25591707,0.33551487,0.43392318,0.3442108
39.800076,0.25539824,0.33461234,0.4331397,0.34400022
39.810074,0.25524783,0.33546373,0.43406188,0.34453067
39.820072,0.25455204,0.33466476,0.4342875,0.34411854
39.830074,0.25559875,0.33495983,0.433788,0.34436667
39.84007,0.25448743,0.33477417,0.43478563,0.3438349
39.850075,0.25477603,0.33521697,0.43405035,0.3436566
39.86008,0.25548118,0.33509108,0.4334751,0.34437132
39.87007,0.25546345,0.33463308,0.4332635,0.34425756
39.880074,0.25451684,0.33454955,0.43224066,0.34447515
39.89007,0.25520068,0.33532754,0.4351997,0.34452802
39.90008,0.25474855,0.33586326,0.43473414,0.34231794
39.910076,0.25467068,0.33362526,0.434097,0.34232974
39.92007,0.2551178,0.33508894,0.4342884,0.34235233
39.930077,0.25561014,0.3338474,0.43353045,0.3455068
39.940075,0.25442687,0.33507895,0.43419304,0.34488416
39.950077,0.25502425,0.33345327,0.4337031,0.3438585
39.960083,0.25700673,0.33425787,0.43414283,0.3438516
39.970078,0.253872,0.33373034,0.43399784,0.34386244
39.980076,0.2537873,0.33420387,0.43418232,0.344512
39.990078,0.25536394,0.3351338,0.4346668,0.3438449
40.000088,0.25412768,0.33535728,0.43515664,0.34425294
40.010094,0.2538042,0.33161074,0.43358955,0.343296
40.02008,0.25515893,0.33373693,0.43418896,0.34437892
40.030075,0.25428727,0.33374688,0.43441555,0.3448952
40.040085,0.25547233,0.33504194,0.43384147,0.34340754
40.050083,0.24891949,0.33463007,0.4340733,0.34441528
40.060078,0.25393218,0.33517462,0.4344241,0.34357047
40.070076,0.25462908,0.33438212,0.43469495,0.3440608
40.080074,0.25478932,0.3351264,0.43399528,0.343591
40.090076,0.25464174,0.33443016,0.43459973,0.34500608
40.100075,0.25466523,0.33499587,0.43379653,0.3436309
40.110077,0.25471875,0.33488122,0.43492654,0.34408548
40.120075,0.25492597,0.334512,0.43484724,0.3433689
40.130074,0.25471398,0.33556575,0.4349541,0.34413296
40.140083,0.2548649,0.3343578,0.43501678,0.3439336
40.150078,0.25487804,0.33453593,0.43516538,0.34386024
40.160076,0.2553364,0.33438975,0.43505517,0.34338573
40.170074,0.2551022,0.33493993,0.43441728,0.34374085
40.180073,0.255221,0.3349447,0.43536,0.34354603
40.19009,0.2520717,0.33190358,0.4346659,0.34346148
40.200085,0.2552461,0.3342822,0.4345158,0.34313828
40.21008,0.25457236,0.33455387,0.43487996,0.3436396
40.220074,0.25415674,0.33459842,0.43495443,0.34335625
40.230076,0.2549087,0.335169,0.4351047,0.3445909
40.24007,0.25482398,0.33508152,0.43442845,0.34488136
40.250076,0.2548845,0.33439338,0.4350025,0.34397224
40.26007,0.255362,0.33510554,0.43529508,0.3436382
40.270073,0.2542545,0.3341206,0.43478742,0.3438825
40.280075,0.2548986,0.3352541,0.4353997,0.3438897
40.290077,0.2544443,0.33446923,0.43509352,0.34409806
40.300095,0.25566047,0.33533788,0.43541244,0.34368625
40.310078,0.25456712,0.33470437,0.4351479,0.34458685
40.320072,0.25409457,0.33472484,0.43601504,0.34385824
40.330074,0.25416833,0.33531046,0.43586507,0.34386903
40.340076,0.25470266,0.33459318,0.43546313,0.34326795
40.350075,0.25466225,0.33444065,0.43514785,0.3438513
40.360077,0.25460845,0.3343169,0.43475866,0.34357443
40.370075,0.25479895,0.33565384,0.43551004,0.34397897
40.380077,0.254731,0.33484003,0.4361355,0.34357214
40.390076,0.25478208,0.33459383,0.43476096,0.3435665
40.400074,0.25400206,0.33391187,0.43544528,0.34341335
40.410076,0.25508708,0.3340486,0.43513146,0.34359604
40.420074,0.2546864,0.3337893,0.4356333,0.3434374
40.430073,0.2543965,0.3353889,0.43551216,0.3433306
40.440075,0.2550241,0.33460248,0.4355122,0.3432345
40.450073,0.25522935,0.33526215,0.43619442,0.34394416
40.460075,0.25485897,0.3341659,0.43561032,0.343492
40.470074,0.25472286,0.33340612,0.43513772,0.3433122
40.480076,0.2545732,0.33526847,0.43520743,0.3436504
40.490078,0.25426215,0.33411446,0.43614095,0.34353578
40.500084,0.25470516,0.3347529,0.43566447,0.34314266
40.510098,0.25446612,0.3327365,0.43591553,0.3437066
40.52008,0.25449067,0.33445454,0.43556398,0.3436224
40.53008,0.25291318,0.3343305,0.4364309,0.344016
40.540073,0.25423476,0.3340896,0.43726268,0.3446689
40.550083,0.25401175,0.33425105,0.43717343,0.34319037
40.560078,0.2536486,0.33369908,0.43553978,0.34358713
40.570084,0.2537205,0.3337361,0.43534774,0.34306204
40.580074,0.25510597,0.3339775,0.43579125,0.3438656
40.590073,0.25366566,0.33296862,0.43557614,0.34310633
40.600082,0.25401402,0.33410975,0.43597946,0.34369174
40.610077,0.25325432,0.3333895,0.43628156,0.34318286
40.620083,0.2531904,0.3337022,0.4360863,0.3430611
40.630077,0.25452283,0.3335756,0.4358301,0.34288412
40.64008,0.25306907,0.33274165,0.43580404,0.342517
40.650078,0.25459164,0.33622944,0.4358317,0.3429151
40.660076,0.25478688,0.33427024,0.4358755,0.34351444
40.670082,0.25351363,0.33400878,0.43590698,0.34323078
40.680077,0.2536545,0.33483168,0.43551916,0.343022
40.690083,0.25522372,0.33417982,0.43615487,0.34392932
40.700077,0.2536966,0.3342602,0.4366428,0.3424594
40.71007,0.25477898,0.33486995,0.4360403,0.34320244
40.720078,0.25509897,0.3336732,0.43659914,0.34389937
40.730076,0.25533256,0.33563155,0.43644553,0.34366596
40.740078,0.2543037,0.3344039,0.43634355,0.34283233
40.75008,0.2547058,0.33427557,0.43682745,0.34307685
40.76008,0.25439587,0.33500716,0.4355718,0.34306613
40.770077,0.25420493,0.33381116,0.43638942,0.3441247
40.780075,0.25540516,0.33436066,0.43680143,0.3433815
40.79008,0.2541772,0.33436948,0.43604302,0.34353903
40.80008,0.2547864,0.33471003,0.43622693,0.3432621
40.8101,0.25241286,0.33279023,0.43675476,0.3434707
40.82013,0.25305548,0.33328038,0.436372,0.34265926
40.830093,0.25471222,0.33388883,0.4365699,0.3433754
40.840076,0.25440973,0.3346654,0.43650603,0.34354007
40.850075,0.25431824,0.33433887,0.43649524,0.3428107
40.860077,0.25496626,0.33466828,0.4367209,0.3437298
40.870075,0.25393835,0.33424756,0.43685493,0.3436969
40.880074,0.25511467,0.33455262,0.43634576,0.34362045
40.890076,0.25407785,0.3341912,0.43663305,0.34311894
40.900074,0.25450528,0.33481824,0.43734127,0.3433194
40.910076,0.25460428,0.33440378,0.43742305,0.3434908
40.920074,0.25394157,0.3337175,0.4380648,0.34326398
40.930073,0.25463688,0.33413333,0.43558577,0.3431696
40.940075,0.2548067,0.33414426,0.4367298,0.34367624
40.950073,0.25487682,0.33451357,0.43587598,0.343313
40.960075,0.25437656,0.33432424,0.43853587,0.34405765
40.970078,0.25416544,0.33379838,0.43663922,0.3433737
40.98009,0.25494197,0.3345566,0.43711492,0.34360763
40.990078,0.25451916,0.33519143,0.43702203,0.34392476
41.00008,0.25465748,0.33371985,0.43696377,0.3430853
41.010086,0.25477532,0.3339368,0.43679553,0.34256425
41.02008,0.25414428,0.33370876,0.43704864,0.34387416
41.030075,0.2554872,0.33490518,0.4376792,0.34361625
41.040077,0.25376442,0.3347295,0.43701515,0.3428971
41.050076,0.25493506,0.33451816,0.4372573,0.34339732
41.060074,0.25383836,0.33400857,0.4364824,0.34282207
41.070072,0.25418255,0.3343854,0.43714803,0.3430278
41.080093,0.25544894,0.33442804,0.43698063,0.34362665
41.090076,0.25452477,0.3340953,0.43712997,0.343337
41.100075,0.25461558,0.33441815,0.43708637,0.3431993
41.110077,0.25444826,0.33480898,0.43729436,0.34281725
41.120075,0.25467274,0.33448035,0.4373162,0.34339812
41.130077,0.25523606,0.33403796,0.4371514,0.3434728
41.140076,0.2553077,0.33468837,0.43728822,0.34307796
41.150078,0.25433454,0.33433086,0.43711868,0.34310824
41.160076,0.2546368,0.3346756,0.43735003,0.3428525
41.170074,0.25392824,0.33410743,0.43694252,0.34305045
41.18009,0.25470617,0.33417997,0.43771216,0.3427671
41.19009,0.25461712,0.33408022,0.43749574,0.3426034
41.200077,0.25459242,0.33468914,0.4372952,0.34321892
41.21008,0.25305226,0.33450714,0.43652514,0.3430829
41.220078,0.25426584,0.33445838,0.43723908,0.34341273
41.230076,0.25373763,0.33429968,0.4374396,0.34269658
41.240074,0.2542824,0.33462763,0.43724132,0.34348536
41.250076,0.25365224,0.3342984,0.4374094,0.34302124
41.260075,0.2539047,0.33393285,0.43827504,0.34308177
41.270077,0.25414163,0.33408815,0.43785745,0.34277293
41.2801,0.25364652,0.3336744,0.43645138,0.34249356
41.290073,0.25448975,0.33388913,0.43755904,0.34341258
41.300076,0.25372028,0.33467877,0.4380433,0.34273174
41.310074,0.2546668,0.33480245,0.43790764,0.34369126
41.320076,0.2545787,0.3339172,0.4378911,0.34274933
41.33008,0.25476128,0.33469176,0.43774295,0.34332836
41.340076,0.25404036,0.33371887,0.43711683,0.34329858
41.35008,0.25555712,0.3346735,0.43796012,0.3432595
41.360073,0.25419647,0.33447525,0.43773898,0.34301597
41.370075,0.25424165,0.33430067,0.43867603,0.3434701
41.380093,0.25466162,0.33392888,0.4380961,0.34320378
41.390076,0.25427765,0.33426678,0.4372477,0.34274626
41.400074,0.25452426,0.33319604,0.43788278,0.3437409
41.410076,0.2541248,0.33421046,0.43786564,0.3426518
41.420074,0.2544953,0.33464321,0.43817252,0.34320056
41.430073,0.2538681,0.33451056,0.43737534,0.3429626
41.440075,0.25406596,0.3351069,0.43897492,0.3434268
41.450073,0.254097,0.33382258,0.43738642,0.34308642
41.460075,0.2546807,0.33471456,0.43797326,0.34377006
41.470074,0.25439397,0.33405626,0.43844226,0.34245154
41.480072,0.2549188,0.33540606,0.4386539,0.34342697
41.490074,0.25459146,0.3342861,0.43754724,0.34320167
41.500072,0.254618,0.33519843,0.43841636,0.34388295
41.510094,0.25374797,0.335053,0.438281,0.34203294
41.520084,0.25458863,0.33438945,0.43778142,0.3435651
41.530075,0.2540953,0.3340848,0.43831527,0.34316623
41.540073,0.25393146,0.33431348,0.4380591,0.3431882
41.55007,0.2543003,0.33430278,0.43791243,0.34310943
41.560078,0.25401622,0.33492607,0.43812808,0.34319657
41.570076,0.2545883,0.33420786,0.4381392,0.34283963
41.580074,0.25367382,0.33416015,0.4381139,0.34327686
41.590096,0.2542389,0.33484808,0.43870595,0.34287405
41.600075,0.25433084,0.33426252,0.43824622,0.34308037
41.610077,0.25488636,0.3347457,0.4379889,0.3435518
41.620075,0.25428617,0.33416718,0.43738315,0.3430151
41.630077,0.25444314,0.33459434,0.43866804,0.34305194
41.640076,0.25444037,0.33407283,0.43845227,0.34280166
41.650074,0.2541948,0.33394077,0.43846655,0.3431348
41.660076,0.25427637,0.33410627,0.43860382,0.3433609
41.670074,0.25357297,0.33418933,0.43708926,0.34340197
41.680073,0.2538568,0.33487844,0.43755096,0.34315097
41.690094,0.254269,0.3342781,0.43685576,0.34312272
41.700077,0.25450313,0.33496562,0.43858102,0.34374818
41.710075,0.2546155,0.33506832,0.43822655,0.34384438
41.72008,0.25220087,0.33233282,0.4379652,0.34275666
41.730137,0.25094146,0.33198604,0.4375675,0.34238398
41.74008,0.25409058,0.334055,0.4380566,0.34383863
41.750084,0.25422347,0.33430445,0.43798888,0.34346995
41.760075,0.25447986,0.3342574,0.4382538,0.3440961
41.770077,0.2534962,0.33420846,0.43833715,0.34321705
41.780075,0.25403816,0.33458403,0.4386344,0.34336022
41.7901,0.25329614,0.3339924,0.43829933,0.34273353
41.80007,0.25411412,0.3346187,0.43801287,0.34358403
41.810074,0.25469705,0.33489102,0.43813747,0.34331748
41.820072,0.253966,0.33445606,0.43833587,0.3434817
41.830074,0.25410283,0.33472124,0.43892702,0.34343037
41.840076,0.2540744,0.3340149,0.43859538,0.34258336
41.85007,0.25379574,0.33389366,0.43801108,0.34341717
41.860077,0.25380996,0.33433998,0.4385334,0.3434145
41.870075,0.25492227,0.334149,0.43805024,0.3436038
41.880085,0.2553242,0.33462742,0.4389686,0.34317428
41.890102,0.2542534,0.33420444,0.43835634,0.34311935
41.90008,0.2541268,0.33424568,0.43817937,0.34273064
41.91008,0.25409806,0.33439994,0.4390247,0.34290504
41.920074,0.25371876,0.3346204,0.43934733,0.34347668
41.930077,0.2541827,0.3345215,0.43763041,0.343088
41.940075,0.25464988,0.33391407,0.43734783,0.34264016
41.95008,0.25499916,0.33439478,0.438385,0.34323657
41.96008,0.25388148,0.33443707,0.4386144,0.34311596
41.970078,0.25346437,0.33458576,0.43834656,0.34360808
41.980076,0.25430527,0.33382723,0.4387967,0.34355935
41.990074,0.25411457,0.3334581,0.43856165,0.34341246
42.00008,0.25421444,0.33503336,0.43850434,0.3433747
42.010086,0.25395617,0.3339125,0.43884474,0.34359357
42.020084,0.2534436,0.33458,0.43845534,0.3441726
42.03008,0.25312614,0.33411327,0.43843535,0.34333983
42.040077,0.25379997,0.33353356,0.43923846,0.34346396
42.050076,0.25385094,0.33450225,0.43911162,0.34363657
42.060074,0.2539662,0.33454296,0.439497,0.34395197
42.070087,0.2540944,0.33409292,0.43914545,0.34233302
42.080074,0.25386956,0.33473045,0.4390713,0.3439842
42.090084,0.25420028,0.33433914,0.43843892,0.3429077
42.10008,0.25417492,0.33414912,0.43949145,0.34312692
42.110073,0.25403088,0.33280253,0.43855143,0.34358066
42.12008,0.2533847,0.33482915,0.44013172,0.3430814
42.130077,0.25396007,0.3342232,0.4397106,0.34308377
42.140076,0.25430924,0.33459994,0.4403737,0.34289336
42.150074,0.25390622,0.3349306,0.43865457,0.3437861
42.160072,0.2532583,0.33482182,0.43880287,0.34405428
42.17008,0.25390717,0.3344443,0.4391225,0.34250522
42.180073,0.2536132,0.3323209,0.43877983,0.34309018
42.19009,0.25333282,0.33261093,0.43874243,0.34397814
42.200077,0.25448582,0.33431536,0.43867597,0.34340575
42.210075,0.2545436,0.3347075,0.43877393,0.34338877
42.220085,0.25397903,0.3337841,0.43888903,0.34347376
42.230076,0.25390252,0.33463347,0.43871266,0.3436069
42.240086,0.25341848,0.3332987,0.43859115,0.34298027
42.25008,0.2536428,0.334573,0.43999088,0.34353578
42.260082,0.25441274,0.33384168,0.4390498,0.34391692
42.270077,0.25454855,0.3341876,0.43887094,0.3432843
42.28008,0.25374082,0.3346844,0.4387074,0.3423017
42.290077,0.25299323,0.33374277,0.4396378,0.3436866
42.3001,0.25413254,0.33404413,0.4388369,0.34282145
42.31008,0.25388026,0.33383483,0.43886283,0.34335822
42.32008,0.25399548,0.33454013,0.43909162,0.3431673
42.330082,0.25499743,0.33484766,0.4387302,0.34346643
42.34008,0.25457534,0.33458188,0.43848062,0.34384388
42.35007,0.2538521,0.33461604,0.43856242,0.3440543
42.360077,0.253854,0.3348095,0.4392117,0.34368715
42.37008,0.25389144,0.33423802,0.43894216,0.34287477
42.380074,0.25479442,0.33461642,0.4392358,0.3444245
42.390076,0.25434893,0.3343703,0.43891147,0.34306446
42.400078,0.25462946,0.33506122,0.43919376,0.34405574
42.410076,0.25370282,0.33415774,0.43847525,0.3437555
42.420074,0.25386152,0.33410713,0.43929955,0.342971
42.430073,0.25423732,0.33390582,0.43919083,0.34373564
42.440075,0.2537324,0.33345732,0.43936023,0.3433838
42.45008,0.25478324,0.3343653,0.4393078,0.34316382
42.46008,0.25405696,0.33402354,0.43826258,0.3437459
42.470074,0.254104,0.33313492,0.43901923,0.34353656
42.480072,0.2541686,0.33428368,0.43905532,0.34314758
42.490074,0.25382274,0.3339704,0.43845966,0.34368467
42.50008,0.25440812,0.33362627,0.43934745,0.3431048
42.51009,0.25503305,0.33498493,0.43980688,0.34314543
42.520084,0.253961,0.3339352,0.43939003,0.3434846
42.530075,0.2537138,0.33449912,0.44018313,0.34384334
42.540073,0.25406393,0.3334387,0.4390096,0.34398347
42.55008,0.25470307,0.33376577,0.43930724,0.34375915
42.560078,0.25384146,0.33425146,0.43919125,0.34406355
42.570076,0.25457317,0.33499968,0.43978196,0.34447947
42.580074,0.253249,0.33362412,0.43941557,0.3433832
42.590073,0.2536454,0.33132145,0.43906853,0.34386614
42.60008,0.2542051,0.33394715,0.43954644,0.34324047
42.610077,0.25340635,0.33419803,0.4393378,0.34356833
42.62007,0.25362033,0.33423004,0.43932113,0.34351557
42.630077,0.2542133,0.3342156,0.43954557,0.3433154
42.64007,0.25446796,0.3337982,0.43907234,0.34351757
42.650078,0.25414017,0.33423772,0.43904707,0.34346896
42.660076,0.25400007,0.33420682,0.4395776,0.34336153
42.67008,0.25311136,0.3337463,0.43922418,0.34387153
42.680073,0.2540882,0.3338607,0.4402846,0.34379768
42.690083,0.2545423,0.33440107,0.439088,0.34446263
42.700077,0.2539387,0.33541143,0.43913648,0.34472758
42.710075,0.2545537,0.33401123,0.43960738,0.34351116
42.72008,0.253987,0.33382484,0.43945265,0.3438721
42.730076,0.25390556,0.3339116,0.4395235,0.34398308
42.74008,0.25370193,0.33444023,0.43920472,0.34397542
42.750076,0.2547912,0.33437815,0.43891993,0.34393355
42.76009,0.25319698,0.33310828,0.43975773,0.3439129
42.770107,0.25259724,0.33094448,0.43799564,0.34291324
42.780083,0.2541596,0.33400965,0.4397377,0.34308875
42.79009,0.25411633,0.33453247,0.43986392,0.3438745
42.80008,0.25375116,0.33450082,0.43928322,0.3440535
42.810074,0.25425622,0.33438897,0.43932626,0.34358022
42.820072,0.25354463,0.33372843,0.43948278,0.3435998
42.830074,0.25392723,0.33374578,0.4394042,0.344061
42.840076,0.25381473,0.33452976,0.4389991,0.3438519
42.850075,0.25426343,0.33366615,0.43940452,0.34369242
42.860077,0.2537135,0.33455434,0.4394143,0.3436887
42.870075,0.25437245,0.33468124,0.43956116,0.34370574
42.880074,0.25352177,0.33413538,0.43934125,0.3432878
42.890076,0.25438178,0.3342416,0.43977496,0.3434493
42.900074,0.2544827,0.33419424,0.4390392,0.34365606
42.910076,0.25409368,0.33473903,0.43926665,0.3438077
42.920074,0.254209,0.33326513,0.43955812,0.3442686
42.930073,0.25313893,0.3338581,0.43917388,0.34368214
42.940075,0.25403002,0.3349364,0.44039467,0.34309426
42.950073,0.25363678,0.33378202,0.43930852,0.34398565
42.960075,0.25425908,0.33447203,0.4394595,0.34436685
42.970097,0.2530173,0.33353394,0.43937978,0.34370798
42.980076,0.2540872,0.33473474,0.43983108,0.34397507
42.990074,0.2533202,0.33353612,0.44002536,0.34355718
43.00008,0.25427055,0.33360156,0.43968946,0.3443683
43.010094,0.25271177,0.3347733,0.4397266,0.34366092
43.020084,0.25324056,0.33353755,0.4385994,0.34394246
43.03008,0.25343058,0.3336519,0.43950313,0.34405273
43.040077,0.25340033,0.3340963,0.43941486,0.34417173
43.050076,0.25371492,0.3335581,0.43933904,0.34371054
43.060074,0.25368682,0.33402643,0.43957424,0.34352732
43.070076,0.25383842,0.33405507,0.4394051,0.34380427
43.080074,0.25315905,0.3336379,0.43952855,0.3440419
43.090076,0.25417444,0.3337772,0.44003475,0.34383965
43.100075,0.25353566,0.33372033,0.43998563,0.34400365
43.110096,0.25375068,0.3347282,0.439514,0.34425455
43.120083,0.2535609,0.3339311,0.43984395,0.34408212
43.13008,0.25445223,0.33380565,0.43903962,0.34362128
43.140076,0.25421518,0.33415794,0.43975416,0.3437953
43.150078,0.25424314,0.3342229,0.44096184,0.34463224
43.160076,0.25398815,0.33424842,0.4390513,0.34372818
43.170074,0.25341794,0.33378276,0.4399708,0.34399515
43.180077,0.2535675,0.33342907,0.4397529,0.34318522
43.190086,0.25315678,0.33364028,0.43930176,0.34374088
43.200077,0.25344262,0.33451617,0.43916515,0.3440981
43.210094,0.25417295,0.3348368,0.4398492,0.34415314
43.220074,0.25360522,0.33364555,0.43990058,0.34453648
43.230076,0.2531252,0.33340085,0.43980816,0.3438262
43.24007,0.253666,0.33318383,0.43999812,0.34339997
43.25008,0.2525396,0.33409855,0.43952554,0.34438953
43.26008,0.25428185,0.33442163,0.44049448,0.343893
43.27008,0.25437182,0.33483678,0.439239,0.34286898
43.28008,0.25322905,0.3345123,0.44027337,0.3443328
43.290073,0.25304708,0.33216158,0.439659,0.3443602
43.30008,0.2537764,0.33429846,0.43959,0.34425855
43.3101,0.2540542,0.3340467,0.4396947,0.34419236
43.320084,0.25385067,0.33411172,0.44025803,0.34374478
43.33008,0.25243697,0.3329967,0.43981892,0.34332538
43.340076,0.25283924,0.33270586,0.43962073,0.34382504
43.35008,0.25242087,0.3322177,0.43994775,0.34391782
43.360077,0.25344768,0.33320576,0.44036722,0.34383008
43.370075,0.25162283,0.33288118,0.43921474,0.34397942
43.380074,0.25276315,0.33308485,0.4386519,0.34378237
43.390076,0.25274888,0.33287692,0.43929726,0.343998
43.400074,0.2519775,0.33238673,0.43983072,0.34408227
43.410072,0.25462404,0.33434612,0.44080347,0.3428868
43.420074,0.2534684,0.3336341,0.44000617,0.34352037
43.430073,0.25418743,0.3341345,0.4401428,0.3444763
43.440075,0.254096,0.33336306,0.43966562,0.34345117
43.450077,0.2545371,0.33376005,0.43984607,0.3441578
43.460075,0.25501823,0.33397552,0.43931082,0.34345612
43.470078,0.2545843,0.33335736,0.439928,0.3440846
43.480072,0.25388283,0.33390105,0.43931845,0.34370255
43.490074,0.25441065,0.33403817,0.43927333,0.34391555
43.500072,0.25332838,0.33400953,0.4393051,0.34456497
43.51009,0.2527807,0.3335628,0.4395465,0.34424022
43.520084,0.25292104,0.33301198,0.4395345,0.34446234
43.53008,0.2529911,0.33360153,0.439929,0.3442517
43.540073,0.25391173,0.3342446,0.44049418,0.3440737
43.55007,0.25310582,0.333872,0.4392533,0.3445782
43.560074,0.25381872,0.33374587,0.43992043,0.3447136
43.570076,0.25355354,0.33369258,0.43993038,0.34427387
43.580074,0.25447696,0.33442554,0.43988037,0.34441528
43.590073,0.25335371,0.333919,0.44004938,0.34404066
43.600075,0.25384617,0.33401904,0.44012693,0.34487256
43.610077,0.25398058,0.33373523,0.43940678,0.34403652
43.620075,0.25421888,0.33389765,0.44037765,0.34420073
43.630077,0.25379655,0.33318442,0.4396224,0.3439479
43.640076,0.25350672,0.33384034,0.43970427,0.34436288
43.650074,0.25332043,0.3338234,0.4401563,0.34388497
43.660072,0.25437754,0.333664,0.4388202,0.3439498
43.670074,0.2539804,0.33333278,0.4395152,0.34462354
43.680073,0.2536667,0.3333561,0.4397839,0.343771
43.690075,0.2535836,0.33325574,0.43994322,0.3445403
43.700073,0.25347602,0.33381078,0.4399326,0.3445217
43.710075,0.2542618,0.33436197,0.4397957,0.3447513
43.720074,0.25328618,0.33405715,0.43998325,0.34371328
43.730076,0.2539249,0.3331459,0.4413002,0.34459296
43.740074,0.25260213,0.33350456,0.44089898,0.344599
43.750072,0.25464958,0.33334887,0.43996903,0.3448815
43.760075,0.25409165,0.33408448,0.43954393,0.34396636
43.770073,0.25331348,0.33376333,0.43955284,0.3448498
43.78007,0.25329497,0.3331493,0.44015753,0.34423527
43.79008,0.25265366,0.3335153,0.43938902,0.3451781
43.800076,0.2538772,0.33332485,0.44000107,0.3443763
43.810074,0.2548171,0.33377078,0.43948942,0.34390366
43.820072,0.25338262,0.33324158,0.4401303,0.34470817
43.830074,0.25338513,0.3336776,0.44046214,0.34512696
43.840076,0.25386167,0.33380368,0.43975466,0.34461856
43.850075,0.25372863,0.33353868,0.44002005,0.3443448
43.860077,0.25429586,0.33382845,0.43995878,0.3452293
43.870075,0.25375593,0.33342454,0.43995088,0.3443273
43.880074,0.2545845,0.33415312,0.43947726,0.34529907
43.89007,0.2537937,0.33409768,0.4404594,0.3445502
43.900074,0.25390634,0.33397913,0.43959945,0.3444323
43.910076,0.25385678,0.33379003,0.4400531,0.3447707
43.920074,0.25319073,0.33375382,0.43973237,0.34475386
43.930073,0.25333968,0.33380473,0.4396858,0.34419078
43.94007,0.25356308,0.3337308,0.43967426,0.34490386
43.950077,0.25372595,0.3333512,0.44042104,0.34476608
43.960075,0.2539581,0.33352944,0.43977115,0.34451708
43.970074,0.2537448,0.33396742,0.43991056,0.34473702
43.980072,0.25359327,0.33388183,0.4395383,0.34472543
43.990074,0.25332606,0.33367306,0.44031718,0.345401
44.00008,0.2537708,0.33345914,0.44034594,0.34385598
44.010082,0.25275597,0.33271137,0.4397799,0.34505165
44.020084,0.2529029,0.33304575,0.4395401,0.3447964
44.03008,0.25421977,0.33353874,0.43962198,0.34542954
44.040073,0.25368935,0.33387956,0.43986306,0.34463668
44.05008,0.25355196,0.33339125,0.44042054,0.34449467
44.060074,0.25355515,0.33412018,0.4400633,0.3442579
44.070076,0.25364688,0.33343747,0.44027576,0.34460223
44.080074,0.25286952,0.33238482,0.4401902,0.3442514
44.090076,0.25289297,0.33346567,0.43956235,0.34468007
44.100075,0.25379765,0.33326247,0.44008046,0.34492037
44.110077,0.25317612,0.33295193,0.4396963,0.34445232
44.120075,0.2524724,0.33289987,0.4405363,0.3451888
44.130074,0.25350177,0.33394754,0.43999362,0.3449475
44.140076,0.25370517,0.33376098,0.43982652,0.34474954
44.150074,0.2539009,0.33337733,0.4392661,0.34481645
44.160076,0.25426757,0.33389872,0.4404133,0.34465322
44.170074,0.2535183,0.33270842,0.43975484,0.34492603
44.180073,0.25387585,0.3337361,0.43982646,0.34429696
44.19009,0.25353014,0.3336336,0.43940926,0.34530765
44.200077,0.25375634,0.33371302,0.43966463,0.3449662
44.210075,0.25316137,0.33384407,0.43921566,0.34483415
44.22008,0.2529322,0.33284396,0.4396354,0.34462395
44.230076,0.2524299,0.33324274,0.44028428,0.34496474
44.240074,0.25318387,0.33364215,0.4398577,0.34463087
44.25008,0.253512,0.33358642,0.43979344,0.34409606
44.26008,0.2530653,0.33328736,0.43997103,0.34450772
44.270077,0.25386813,0.33333617,0.43887353,0.34492674
44.280075,0.25316384,0.33258316,0.4404671,0.34514394
44.290073,0.2534132,0.33411676,0.4401854,0.344956
44.30008,0.2536669,0.33359382,0.43959475,0.34511715
44.310074,0.25350973,0.33346003,0.4403782,0.34529757
44.3201,0.25344217,0.33282623,0.43934616,0.344151
44.330074,0.2537419,0.33392704,0.44064426,0.34483358
44.340076,0.25392756,0.33310398,0.44003054,0.3449717
44.350075,0.25424102,0.33376914,0.44026437,0.34504086
44.360077,0.25412193,0.33337328,0.44038394,0.345503
44.370075,0.25381073,0.33408827,0.44038066,0.34528485
44.380077,0.253756,0.3331629,0.4400336,0.34459475
44.390076,0.25376937,0.33334655,0.4405274,0.34526876
44.400074,0.2540496,0.33298138,0.44003224,0.34468955
44.410076,0.25347787,0.33333242,0.44009587,0.3442703
44.420074,0.25298533,0.3327357,0.43985105,0.34510514
44.430077,0.25276557,0.33327103,0.44020522,0.34506074
44.440075,0.25373083,0.3341183,0.43981117,0.34502053
44.450073,0.2532268,0.33321515,0.43980837,0.34488896
44.460075,0.25379798,0.3343923,0.44081983,0.34492847
44.470078,0.25312912,0.33347923,0.4400544,0.3453041
44.480072,0.2536747,0.33417737,0.44052333,0.3452423
44.49007,0.25301805,0.3327957,0.43970975,0.34508416
44.500076,0.2542046,0.33417243,0.44001046,0.34491622
44.510075,0.2521102,0.33283132,0.4396999,0.34499204
44.520084,0.2529081,0.33323202,0.4402732,0.34533152
44.53008,0.25202334,0.33344683,0.4397509,0.34466913
44.540073,0.2531631,0.33344102,0.4396623,0.3448364
44.550076,0.25375038,0.33339998,0.439301,0.34457746
44.560074,0.25337136,0.3333719,0.43920952,0.34511954
44.570076,0.25320935,0.33325905,0.44171727,0.3456994
44.580074,0.2529405,0.3329521,0.4381122,0.34540716
44.590073,0.25288546,0.33398432,0.441243,0.34503424
44.600075,0.25325114,0.33348262,0.43886888,0.34458718
44.610073,0.2533002,0.33208957,0.44014058,0.34550536
44.62007,0.2532324,0.3323207,0.44005638,0.34596285
44.630074,0.25196204,0.33348572,0.44050077,0.34692305
44.640076,0.25413057,0.3321913,0.43980405,0.3465739
44.650078,0.25406143,0.3330394,0.43988055,0.3448898
44.660072,0.25356838,0.33333886,0.43964496,0.3449145
44.670074,0.2547054,0.33412546,0.43949965,0.34530902
44.680077,0.25373784,0.33332193,0.4399783,0.34491563
44.690075,0.2537968,0.3333115,0.43927327,0.3452356
44.700077,0.2528954,0.33352894,0.44053775,0.34491438
44.710075,0.2535413,0.33382764,0.44082695,0.3445851
44.720074,0.2533658,0.33311492,0.439815,0.34518203
44.730072,0.2538587,0.3337965,0.44031417,0.34478268
44.740074,0.25384727,0.33397716,0.4402903,0.34494185
44.750072,0.25321424,0.333434,0.44040665,0.34512296
44.760075,0.253024,0.3341083,0.4404995,0.34545293
44.770077,0.25317368,0.33371994,0.43990403,0.3453491
44.78008,0.25356132,0.333569,0.4403333,0.34479356
44.790073,0.2531799,0.33324233,0.44035602,0.3447172
44.80007,0.25397435,0.33409268,0.43983856,0.34479725
44.810074,0.25356692,0.33315754,0.4399317,0.3449888
44.820076,0.25357524,0.3331756,0.43981934,0.34469122
44.830074,0.2531309,0.3335056,0.43991184,0.3454269
44.840076,0.252836,0.33333907,0.44011042,0.34479648
44.85007,0.2531965,0.3333116,0.4402143,0.3453133
44.860077,0.25299677,0.333355,0.44022578,0.34528375
44.870075,0.252704,0.3328716,0.44037032,0.3453855
44.880074,0.25290293,0.33291364,0.43990186,0.34527454
44.890076,0.25333914,0.33333868,0.4395616,0.34511203
44.900074,0.25375038,0.33399126,0.43974325,0.34496725
44.910076,0.25430748,0.33375004,0.44042617,0.34463358
44.920074,0.25334975,0.33355895,0.43986183,0.3451774
44.930077,0.25288433,0.33333123,0.44003356,0.34557694
44.940075,0.25331303,0.33379388,0.43977284,0.34551096
44.950073,0.25387564,0.33413306,0.43965396,0.34478253
44.960075,0.25334805,0.3332828,0.43943956,0.3451179
44.970074,0.25325656,0.33379993,0.44032568,0.34487006
44.980076,0.25337088,0.33363515,0.4396436,0.3442512
44.99007,0.25337332,0.33330435,0.43986654,0.34489095
45.00008,0.25306806,0.33333066,0.44009918,0.34445703
45.010075,0.25203148,0.33173957,0.43949842,0.34525385
45.020084,0.2528968,0.33262807,0.44015625,0.34508345
45.03008,0.25353822,0.33320224,0.4398896,0.34552836
45.040073,0.25382492,0.33403355,0.44058487,0.34490356
45.050076,0.25296187,0.33390623,0.4395191,0.34488332
45.060074,0.25362316,0.33435515,0.44038188,0.34482935
45.070076,0.2531922,0.3331561,0.44024444,0.34485233
45.080074,0.2531197,0.33383924,0.44017097,0.34530172
45.090073,0.25317988,0.33326304,0.44010508,0.34499082
45.100075,0.25313413,0.33380696,0.44033453,0.3453513
45.110073,0.25310117,0.3324758,0.43982074,0.34577668
45.120075,0.25295746,0.33338845,0.43998933,0.3452869
45.130093,0.25356433,0.33334395,0.44006038,0.3450306
45.140076,0.253284,0.33304986,0.4404225,0.345972
45.150074,0.25287372,0.33349997,0.4403296,0.3450868
45.160076,0.25307602,0.33332488,0.4392691,0.34568927
45.170074,0.25363743,0.33354077,0.4398041,0.3457223
45.180077,0.25354216,0.334469,0.43991026,0.34481946
45.19009,0.2533585,0.33377326,0.43969208,0.34500068
45.200077,0.25290388,0.33258653,0.4401021,0.34503302
45.21008,0.2516091,0.3334605,0.44034407,0.34519583
45.220078,0.25380147,0.33317378,0.4401772,0.34537798
45.230072,0.25314093,0.3339786,0.44025937,0.34549657
45.240074,0.25281668,0.33257923,0.4395278,0.34490332
45.25008,0.25296593,0.33371723,0.4397462,0.3453349
45.26008,0.2529766,0.3329003,0.43983513,0.3449646
45.270077,0.25115532,0.33322725,0.43971354,0.34497896
45.280075,0.25361043,0.3327633,0.4407132,0.34476158
45.290073,0.25344023,0.3335456,0.4402599,0.3454162
45.300076,0.2525581,0.33316436,0.4399122,0.3447651
45.310078,0.2529151,0.3333695,0.44017616,0.34505355
45.320076,0.25306985,0.33327743,0.439616,0.34519437
45.330074,0.25311962,0.33353576,0.44006807,0.34486416
45.340073,0.25306046,0.3338456,0.44003704,0.34487227
45.350075,0.2533898,0.33350107,0.43993384,0.34507075
45.360077,0.25357053,0.3340181,0.43994504,0.345528
45.370087,0.25281078,0.3338813,0.43980587,0.34540892
45.38008,0.25313824,0.3332258,0.4399566,0.3453715
45.390076,0.25261524,0.33371884,0.43974313,0.34538308
45.400074,0.2533896,0.3329647,0.43934247,0.34512806
45.410072,0.25289857,0.33336386,0.4396208,0.3451329
45.420074,0.25292808,0.33444715,0.4411467,0.3453336
45.430077,0.25285277,0.33308113,0.43963593,0.34540522
45.44007,0.25336263,0.33380973,0.43961164,0.34554562
45.450073,0.25354445,0.33325863,0.43942377,0.34533203
45.46008,0.25314158,0.3333514,0.43954375,0.34418216
45.470078,0.25324997,0.33266515,0.44004875,0.34468514
45.480076,0.25327456,0.33370855,0.4402186,0.3453039
45.490074,0.25343886,0.33429074,0.44023737,0.34554237
45.50007,0.25251913,0.3328045,0.4400033,0.345451
45.510075,0.2532259,0.33240986,0.43951616,0.3449731
45.520084,0.25303063,0.3330104,0.43985856,0.34511107
45.53008,0.25273147,0.33402565,0.43992215,0.34573135
45.540073,0.25316015,0.33402553,0.43965065,0.3450407
45.550076,0.25329906,0.33373597,0.4394118,0.34508666
45.560078,0.25346175,0.33322936,0.43981934,0.3448178
45.570076,0.25266516,0.3334604,0.4402077,0.34597713
45.580074,0.25236022,0.33303264,0.4394713,0.3450333
45.590076,0.25267383,0.33338103,0.4401046,0.34509724
45.600075,0.25323892,0.3331375,0.4395579,0.34490424
45.610073,0.2531399,0.3335755,0.4395068,0.34573233
45.62008,0.25243816,0.3330109,0.44003582,0.34563118
45.630077,0.25251347,0.33311054,0.43927386,0.34563154
45.640076,0.25316432,0.3340053,0.43941444,0.34535444
45.65008,0.2534502,0.33313859,0.43933928,0.345358
45.660084,0.25319302,0.33359224,0.43940192,0.34537104
45.670082,0.25236794,0.33274204,0.43928263,0.3450301
45.680077,0.25391194,0.3338514,0.43946055,0.34513846
45.69007,0.25314134,0.33364478,0.4394634,0.34570795
45.700073,0.2531305,0.3332109,0.43969965,0.3456562
45.710075,0.2525642,0.33318874,0.43904683,0.3448586
45.72008,0.2528834,0.33351165,0.43991765,0.34592676
45.73008,0.25262663,0.33317712,0.43949944,0.34488964
45.740078,0.2531401,0.33383003,0.43940794,0.34530228
45.75008,0.25419515,0.33381036,0.43905488,0.3451688
45.760082,0.25309044,0.3333484,0.43917057,0.34527344
45.770084,0.25153255,0.33347037,0.4391295,0.34516865
45.78008,0.2524888,0.3333931,0.4392058,0.34554395
45.790077,0.25341105,0.33369303,0.4388841,0.3455762
45.80008,0.2529205,0.33337158,0.4386415,0.3450107
45.810078,0.2514839,0.3338819,0.43939734,0.34520656
45.820084,0.25285214,0.33344084,0.43894276,0.34544444
45.830074,0.25298303,0.33348915,0.44050002,0.34503204
45.84009,0.2529131,0.33374193,0.440615,0.34543875
45.850075,0.25387228,0.33416086,0.43696663,0.34508684
45.860073,0.25332025,0.33326992,0.43935043,0.3449666
45.870075,0.2528366,0.3343804,0.4399046,0.34560442
45.880074,0.25264406,0.33439475,0.4392427,0.34600988
45.890076,0.25316077,0.33422327,0.43922377,0.34542468
45.900074,0.25310498,0.3337305,0.4381653,0.3455645
45.910076,0.25325924,0.33355293,0.43887967,0.34513196
45.920074,0.2530147,0.33339867,0.43919185,0.3452929
45.930073,0.25301406,0.33334816,0.43861088,0.34522963
45.94009,0.2539496,0.33406112,0.43897268,0.34574562
45.950073,0.25272977,0.33352634,0.43832713,0.34517148
45.960075,0.25332958,0.33377177,0.43861878,0.34569243
45.970074,0.2526891,0.3337924,0.43851855,0.34544146
45.980072,0.25281796,0.3337921,0.43940604,0.34588936
45.990074,0.2529469,0.33320558,0.438758,0.34552598
46.00008,0.25316206,0.33328775,0.43906826,0.34604418
46.01008,0.25248396,0.33322823,0.43820894,0.3453241
46.02009,0.2516587,0.33294544,0.43925554,0.3460041
46.03008,0.2523961,0.33282542,0.4388266,0.3456761
46.040104,0.2531467,0.33372182,0.4390664,0.34570983
46.050076,0.2523926,0.33328316,0.43870455,0.34520468
46.060074,0.25199443,0.33321127,0.43903098,0.34511063
46.070076,0.25258848,0.33256298,0.43880206,0.34572843
46.080074,0.25251096,0.33321428,0.4387685,0.34532523
46.090076,0.25297838,0.3337451,0.4383512,0.34562337
46.100075,0.25120056,0.33233035,0.4386172,0.34507024
46.110073,0.25200024,0.33206308,0.43825018,0.34515622
46.120075,0.25182855,0.3325235,0.4383475,0.34495577
46.130074,0.25144902,0.33273527,0.43866596,0.34519
46.140095,0.25222683,0.3329921,0.43856525,0.34477875
46.150078,0.2516019,0.3322242,0.43818343,0.34557807
46.160076,0.25204727,0.3320173,0.43804637,0.34514382
46.170074,0.24988984,0.33232045,0.4383363,0.34595585
46.180077,0.25251433,0.3338268,0.43798167,0.34476665
46.190086,0.2529065,0.33335707,0.43842608,0.3450056
46.200077,0.25204343,0.33236477,0.43793407,0.34562823
46.210083,0.25242326,0.33284667,0.43802217,0.3454521
46.220078,0.25220525,0.33263966,0.43856135,0.34553412
46.230076,0.25331548,0.3329919,0.43817458,0.34512174
46.240074,0.2533233,0.3331663,0.43858734,0.3447184
46.250084,0.25277492,0.33266214,0.43761033,0.34592226
46.260075,0.25294343,0.33391616,0.4384581,0.34535673
46.270077,0.25137854,0.33304757,0.4379407,0.3456588
46.280075,0.2532628,0.33388567,0.4386621,0.3453332
46.290073,0.25204962,0.33365017,0.43844342,0.34514743
46.300076,0.252722,0.33393443,0.4383325,0.34530094
46.310074,0.25286692,0.3337192,0.4380311,0.3457477
46.320076,0.25345525,0.33350837,0.4379581,0.34599242
46.330074,0.25323653,0.3332844,0.43819252,0.34485996
46.340073,0.25293404,0.3333321,0.4381071,0.34590515
46.350075,0.25290346,0.33404306,0.43800473,0.34629315
46.360077,0.25317714,0.3329198,0.43806812,0.34514397
46.37007,0.2524454,0.33100066,0.43785292,0.3451093
46.380074,0.25302014,0.33259064,0.4373913,0.34559867
46.390076,0.25326014,0.3335357,0.4376932,0.34620005
46.400074,0.25271738,0.33335805,0.43841386,0.34556022
46.410072,0.25313577,0.3336951,0.4382794,0.3459568
46.420074,0.2523833,0.33324665,0.4376872,0.3454435
46.430077,0.25289804,0.33342648,0.43785647,0.3458482
46.440075,0.2533856,0.3336017,0.43768013,0.3448555
46.450077,0.25315464,0.33329114,0.4377114,0.3458529
46.46007,0.25254035,0.33256954,0.4378689,0.34623045
46.470078,0.2525172,0.33333167,0.4375445,0.34533194
46.480076,0.25256518,0.33321396,0.43712133,0.34579343
46.490078,0.25318876,0.3332253,0.43814236,0.34585264
46.500076,0.25250292,0.33325094,0.4379609,0.34617364
46.510075,0.25307497,0.3334546,0.43766654,0.34519643
46.52009,0.2525446,0.3330587,0.43730563,0.34604564
46.53008,0.2525016,0.33322138,0.43707895,0.34570384
46.540073,0.25284582,0.33290407,0.43795368,0.34567055
46.550076,0.25252962,0.33348674,0.43771252,0.34536693
46.560078,0.25299567,0.33317798,0.4371242,0.34538376
46.570076,0.25260004,0.33291686,0.43776727,0.34517604
46.580074,0.25279197,0.33318403,0.43736264,0.34551284
46.590073,0.25239402,0.3335035,0.43734986,0.3458861
46.600075,0.25327393,0.33336887,0.439086,0.34543896
46.610077,0.25263274,0.33336085,0.43723142,0.34628898
46.620075,0.25262165,0.3325265,0.43693602,0.34560853
46.630074,0.25375766,0.33333442,0.4369293,0.3454186
46.640076,0.25312963,0.33282363,0.4375782,0.3453556
46.650074,0.2532928,0.33332133,0.43679857,0.345474
46.660072,0.2528213,0.33357838,0.436762,0.34542504
46.670074,0.252909,0.33374506,0.437122,0.3455993
46.680077,0.2531107,0.3329283,0.4363621,0.3457415
46.690075,0.25330916,0.33295164,0.4368285,0.34646162
46.700073,0.25292662,0.33347613,0.43665403,0.34565812
46.710075,0.2522,0.33322915,0.4374948,0.346292
46.72007,0.2528272,0.33301824,0.43706226,0.34578976
46.730076,0.25331932,0.33324838,0.4366889,0.3463403
46.740074,0.25285146,0.33332846,0.43702134,0.34619454
46.750076,0.25335792,0.33345816,0.43667576,0.3465881
46.760075,0.25283888,0.3327956,0.4364629,0.34605736
46.770073,0.25280792,0.33363134,0.43675348,0.34594855
46.780075,0.25278762,0.33326453,0.43655616,0.3460414
46.790073,0.25279272,0.33330122,0.43708998,0.34637767
46.80007,0.2521346,0.33334908,0.43613914,0.34591636
46.810074,0.25268438,0.33311597,0.43621212,0.34598646
46.820072,0.25242755,0.3331758,0.43628994,0.34634733
46.830074,0.25279167,0.3331002,0.43605638,0.34559175
46.840073,0.2523107,0.3327311,0.43633208,0.3457194
46.85009,0.25238124,0.33289173,0.4359602,0.34655187
46.860077,0.25306106,0.333468,0.43664446,0.34658378
46.870075,0.2523776,0.3330458,0.43592605,0.34590024
46.880074,0.2525625,0.33351162,0.43655977,0.34588206
46.89007,0.25222275,0.3330287,0.43671262,0.34581694
46.900074,0.25214845,0.33297265,0.43639907,0.34606218
46.910076,0.25258827,0.33339402,0.4366251,0.34651935
46.920074,0.2527368,0.33374286,0.4356609,0.3466931
46.930077,0.25264284,0.33283156,0.43636578,0.34620085
46.94007,0.25218463,0.3330352,0.43608558,0.34584546
46.95009,0.2525958,0.3326029,0.43565723,0.34572735
46.96007,0.25246623,0.33275932,0.43553618,0.34590358
46.970074,0.25316402,0.3327993,0.4359357,0.34612778
46.980076,0.25233546,0.3331176,0.43585825,0.3453503
46.990074,0.2526472,0.33290902,0.43585855,0.3454798
47.00008,0.25216118,0.333011,0.43587583,0.34551343
47.01008,0.2523372,0.33327466,0.43526024,0.34590113
47.020084,0.2523858,0.3320827,0.43591192,0.3459625
47.03008,0.2529547,0.33265018,0.4355765,0.3466943
47.040073,0.25252342,0.333399,0.43501768,0.34607843
47.050095,0.25329033,0.33338848,0.43565938,0.34600812
47.060074,0.25220394,0.33244282,0.4354491,0.34604952
47.070076,0.2535435,0.3331755,0.43569857,0.34557837
47.080074,0.25225168,0.3326836,0.43707246,0.34598815
47.090076,0.25267938,0.3329068,0.43544012,0.3462262
47.100075,0.2529812,0.33212137,0.43463108,0.34574008
47.110073,0.25255367,0.33241808,0.4355353,0.3456783
47.120075,0.25204706,0.33291596,0.43503156,0.34613815
47.13007,0.252511,0.3324981,0.43489406,0.3457256
47.140076,0.25272506,0.33267918,0.4351358,0.3459059
47.150093,0.25245303,0.3334447,0.43596232,0.34616438
47.160076,0.25257155,0.33359796,0.43475756,0.34600344
47.170074,0.25197124,0.33240363,0.43625382,0.34618822
47.180073,0.25381532,0.3342532,0.4355103,0.34671518
47.190086,0.25239334,0.33278885,0.43478152,0.34610066
47.200077,0.25263387,0.33296788,0.43501422,0.346093
47.210075,0.2524123,0.33245888,0.43464607,0.34619638
47.220078,0.25268584,0.3333804,0.43500715,0.3463469
47.230076,0.25177866,0.3328411,0.43497172,0.34598798
47.240074,0.25203025,0.3326672,0.4345715,0.34615323
47.250095,0.2521508,0.33237317,0.43489933,0.34620944
47.26008,0.2523559,0.33333123,0.4349207,0.3457527
47.270073,0.25195423,0.33260062,0.43394488,0.34595415
47.280075,0.25198755,0.33097088,0.4349029,0.3467454
47.290077,0.25204313,0.33250588,0.43432632,0.34619147
47.30007,0.25193083,0.33241856,0.43467957,0.346067
47.310074,0.2534784,0.3334779,0.43483257,0.34617007
47.320076,0.25269306,0.3333707,0.43496346,0.34559774
47.330074,0.25287327,0.33353102,0.4350223,0.3469745
47.340076,0.25227138,0.33321142,0.43465173,0.34626403
47.35009,0.2521508,0.33262843,0.43441036,0.34661353
47.360077,0.25230867,0.33272266,0.4344639,0.346974
47.370075,0.25294673,0.3328872,0.43533117,0.34673747
47.380074,0.25329238,0.3322286,0.4342757,0.3463937
47.390076,0.25203115,0.33266234,0.4348355,0.3463595
47.400074,0.25130028,0.33296958,0.4341174,0.3464921
47.410076,0.2526431,0.33264348,0.43436992,0.34645453
47.420074,0.25402874,0.33292845,0.434175,0.34587303
47.430077,0.25244898,0.33282107,0.43437496,0.34594822
47.440075,0.25273046,0.33384252,0.4342123,0.34608242
47.45009,0.2521049,0.33314374,0.43378133,0.3461512
47.460075,0.25314167,0.3333553,0.43467182,0.3460939
47.470074,0.25288844,0.33326066,0.43391788,0.34669614
47.480072,0.25309852,0.33325547,0.43451944,0.34630427
47.490074,0.2525627,0.33287364,0.4342965,0.34657043
47.500076,0.2533611,0.33317235,0.4346462,0.34677488
47.510075,0.25310844,0.3326375,0.43428543,0.3462136
47.52009,0.25178897,0.3331518,0.4340227,0.34654823
47.53008,0.251786,0.3325702,0.43390796,0.3466781
47.540073,0.25181717,0.33324954,0.43360737,0.34630436
47.55009,0.25260594,0.33274493,0.43348494,0.34646335
47.560078,0.2525709,0.33277592,0.43411115,0.3459749
47.570076,0.2520866,0.33276197,0.43415326,0.34631357
47.58008,0.2520077,0.3328111,0.43274614,0.3459001
47.590076,0.25301215,0.33315563,0.4336965,0.346292
47.600075,0.25256333,0.33314154,0.43377322,0.3463364
47.610073,0.2525058,0.33272293,0.43329373,0.34644604
47.620075,0.25242552,0.3319948,0.43328327,0.34677532
47.630077,0.25261575,0.33375928,0.43400678,0.34676233
47.640076,0.25236636,0.33211714,0.43306783,0.3466024
47.65009,0.25286,0.3324403,0.4332706,0.3465369
47.660072,0.25223044,0.3320455,0.4336035,0.34617254
47.670074,0.25261956,0.3324793,0.43353865,0.3469079
47.680077,0.25202593,0.33254322,0.43309698,0.3464304
47.690075,0.2529089,0.33278027,0.43342274,0.34627092
47.700077,0.25228852,0.33312094,0.43388647,0.34668472
47.710075,0.25125086,0.3327446,0.43365106,0.3465479
47.720078,0.2524833,0.3323483,0.43330246,0.34659782
47.730072,0.25234556,0.33275524,0.4333988,0.34631693
47.740074,0.25246954,0.33262706,0.43312612,0.34628624
47.75009,0.25246307,0.33286062,0.43271437,0.34629267
47.760075,0.2527703,0.3332885,0.4334679,0.34646168
47.770077,0.25228935,0.33275065,0.43314776,0.3464991
47.780075,0.25280967,0.33315632,0.4332804,0.34665704
47.790073,0.25196648,0.33249947,0.4329841,0.34605637
47.800076,0.2526943,0.33286068,0.43358332,0.3467156
47.810074,0.25273874,0.33257765,0.43300104,0.34651953
47.820076,0.25244305,0.33334994,0.43318927,0.34706756
47.830074,0.25248033,0.33259195,0.43320394,0.34609935
47.840076,0.25335604,0.33310804,0.43322068,0.34619164
47.85007,0.25249282,0.33205357,0.432852,0.3463221
47.860073,0.251899,0.33242923,0.43292025,0.34640604
47.870075,0.25229174,0.3332154,0.4323182,0.34689343
47.880074,0.25229388,0.33243474,0.43235508,0.34662062
47.890076,0.2529754,0.33311445,0.4333107,0.34613594
47.90007,0.25224936,0.33346984,0.43258137,0.34727362
47.910076,0.25250033,0.33304116,0.4330708,0.3463765
47.920074,0.25225475,0.33315042,0.4323135,0.3465611
47.930077,0.25251207,0.33313683,0.43225658,0.34708503
47.940075,0.25241303,0.33286643,0.43239042,0.3466136
47.950073,0.2529462,0.333298,0.43249187,0.347
47.960075,0.2525058,0.33314767,0.43181765,0.34626275
47.970074,0.25315297,0.33303538,0.43292773,0.34659117
47.980072,0.25195685,0.33221766,0.4328541,0.34651875
47.990074,0.25217167,0.3329349,0.4327313,0.3468571
48.000076,0.25148842,0.33224246,0.43240058,0.34660473
48.010075,0.25019154,0.3324001,0.43089074,0.34665462
48.020084,0.25191095,0.33239165,0.4326922,0.34558922
48.030075,0.25173935,0.33237103,0.4323612,0.34775066
48.040073,0.25129992,0.33219203,0.43209124,0.34710467
48.05008,0.2523523,0.33204496,0.43249318,0.34710032
48.060078,0.25226232,0.33214316,0.4326616,0.34683982
48.070076,0.25213727,0.33233917,0.43249258,0.34707868
48.080074,0.25174993,0.33274865,0.43210742,0.34691527
48.090073,0.25204286,0.33179268,0.43159026,0.34636113
48.100075,0.2520564,0.33337903,0.43206337,0.34693727
48.110077,0.25215492,0.33247852,0.4331735,0.34657013
48.120075,0.25233448,0.33287907,0.43251222,0.3468917
48.130077,0.2517264,0.3327035,0.43219993,0.34766388
48.140076,0.25204933,0.33294025,0.43272555,0.34703317
48.150074,0.2513653,0.33272675,0.4321752,0.34668112
48.160076,0.2526044,0.3328177,0.43211234,0.3463814
48.170074,0.25197163,0.33242497,0.43224135,0.3460352
48.180077,0.2527664,0.3330053,0.43189824,0.34661913
48.190086,0.25303575,0.33280066,0.43208832,0.34724346
48.200077,0.25271663,0.33187857,0.43156824,0.34726536
48.210075,0.2528044,0.33322868,0.432004,0.3476301
48.220074,0.2523021,0.33351877,0.43215838,0.34596694
48.230076,0.25284505,0.33311573,0.4327278,0.34717718
48.240074,0.2524453,0.33265144,0.43187213,0.3467446
48.250084,0.2525364,0.33319166,0.43284637,0.34720942
48.26008,0.25265074,0.33286926,0.4321639,0.34722477
48.270077,0.25214005,0.3336432,0.43235487,0.34709862
48.280075,0.2521672,0.33295736,0.43211526,0.3467897
48.290073,0.25190485,0.33269656,0.4320476,0.34684524
48.300076,0.2522759,0.33241317,0.43099865,0.34652194
48.310074,0.2523386,0.33287987,0.43213698,0.34692782
48.320076,0.2529235,0.3332513,0.431673,0.34620076
48.330074,0.25309348,0.3327057,0.43142423,0.3470179
48.340076,0.25207835,0.33263588,0.43223897,0.34710675
48.350075,0.2527254,0.33245268,0.4319416,0.3473576
48.360073,0.2526923,0.33297068,0.43244427,0.3467612
48.370075,0.25267148,0.332464,0.43193427,0.3473427
48.380074,0.2530181,0.3332536,0.43184173,0.34722525
48.390076,0.2519579,0.33280376,0.4318407,0.3471994
48.400074,0.25214574,0.3322845,0.4326282,0.34762785
48.410076,0.25222972,0.33287865,0.4318958,0.34673253
48.420074,0.25243652,0.33311784,0.4319005,0.3472269
48.430077,0.2521569,0.3326644,0.4314934,0.34750342
48.440075,0.25195152,0.3329365,0.43161616,0.34698576
48.450073,0.25233728,0.33221763,0.4318571,0.3475337
48.460075,0.25202274,0.3327634,0.43120062,0.34670982
48.470074,0.25244325,0.33306125,0.4318173,0.34699997
48.480076,0.2516791,0.33307615,0.43165773,0.34646055
48.490074,0.25271478,0.33270848,0.43197155,0.346797
48.500072,0.2526828,0.33289582,0.43093726,0.34724295
48.51007,0.2526639,0.3325764,0.4301336,0.34729236
48.520084,0.2520669,0.3328412,0.43311805,0.347174
48.53008,0.2518923,0.33198124,0.4308845,0.34745777
48.540073,0.25207868,0.33289573,0.43267527,0.34717035
48.55007,0.25226086,0.33339494,0.43172845,0.34757417
48.560074,0.25132996,0.33245477,0.43118408,0.3477311
48.570072,0.2527144,0.33334544,0.43151236,0.34756175
48.580074,0.2520782,0.33264953,0.43194816,0.34727007
48.590076,0.25215274,0.33201468,0.43161651,0.34770176
48.600075,0.25208512,0.33299655,0.43131772,0.3471895
48.610077,0.25186688,0.33281434,0.43186688,0.34705952
48.62007,0.25218052,0.33321002,0.43169487,0.34739107
48.630077,0.25173348,0.33311185,0.4318145,0.34715024
48.640076,0.25293237,0.33332643,0.43126673,0.34682798
48.650074,0.25204074,0.33222193,0.43120566,0.34708795
48.660076,0.25298852,0.33371294,0.43123797,0.34773052
48.670074,0.25309524,0.3339337,0.43084705,0.3472167
48.680077,0.25246063,0.33274502,0.43103948,0.34791934
48.690075,0.25227505,0.33294344,0.4310414,0.34757444
48.700077,0.25238714,0.33258393,0.43129048,0.34793323
48.71008,0.251638,0.3323403,0.43098092,0.34755933
48.720078,0.25269708,0.33309573,0.43147656,0.34730443
48.730076,0.25316194,0.33285758,0.4308503,0.34705335
48.740074,0.25214183,0.3327931,0.4310428,0.347568
48.750076,0.25179568,0.33294445,0.43125954,0.34711215
48.760075,0.25191957,0.3326917,0.43116894,0.34801248
48.770077,0.252626,0.3328578,0.4310776,0.34702736
48.780075,0.25213304,0.33230028,0.4310509,0.3476784
48.790073,0.25218165,0.33234602,0.43072495,0.34735766
48.80007,0.2522071,0.33208507,0.43065387,0.3465333
48.810074,0.25244454,0.33222848,0.43150052,0.34713942
48.820076,0.2518062,0.33223623,0.4313596,0.3467397
48.830074,0.25270644,0.33325088,0.43134978,0.34704113
48.840076,0.25160363,0.3324581,0.43043652,0.34734246
48.850075,0.252638,0.3330767,0.43085232,0.3476683
48.860092,0.2517448,0.33229148,0.4313187,0.3480263
48.870075,0.25154004,0.33198047,0.43104297,0.34749708
48.880074,0.25074166,0.33158094,0.4309526,0.34750143
48.890076,0.2508871,0.33106205,0.43089002,0.34789178
48.900074,0.250624,0.3314535,0.4308457,0.34717077
48.910076,0.25078276,0.33115426,0.43123913,0.34740946
48.920074,0.25130424,0.32991803,0.43017787,0.34675035
48.930073,0.2505324,0.33153945,0.4303657,0.3473732
48.940075,0.25091872,0.3310346,0.43069616,0.3473355
48.950073,0.2519021,0.3320716,0.43078938,0.3471111
48.960094,0.25210094,0.33296317,0.43065402,0.34700763
48.97008,0.2530185,0.3322213,0.43081647,0.3474436
48.980076,0.25266406,0.3327621,0.43097752,0.3477686
48.990074,0.2527922,0.3332081,0.43105212,0.34705573
49.00008,0.2530778,0.33283463,0.43175358,0.34761047
49.010075,0.251571,0.3323478,0.4306243,0.34760788
49.020103,0.25236198,0.3330818,0.429297,0.34780186
49.03008,0.25149074,0.33233744,0.42895544,0.34781256
49.040073,0.2519187,0.33291888,0.42961654,0.3474803
49.050076,0.25238866,0.3318917,0.430876,0.34740064
49.060074,0.2521117,0.33245465,0.4311404,0.34710252
49.070076,0.2526012,0.33264035,0.4301429,0.34709364
49.080074,0.25191513,0.33309442,0.43075073,0.3470993
49.090076,0.25209537,0.33226556,0.43090874,0.34754825
49.100075,0.2523602,0.3326306,0.43150502,0.3476409
49.11008,0.2521726,0.3327229,0.4315536,0.3476488
49.12008,0.2526427,0.33168703,0.43103397,0.34685972
49.130077,0.25240865,0.33254176,0.43161172,0.3479747
49.14007,0.25273702,0.3319714,0.4305005,0.34732324
49.150074,0.25259444,0.33312154,0.4311118,0.3486768
49.160076,0.2523549,0.3325336,0.4306981,0.3472316
49.17008,0.2525384,0.3330365,0.43062934,0.34742317
49.180077,0.25215033,0.33254626,0.43038964,0.34682655
49.19009,0.25181538,0.33206138,0.43050286,0.34826103
49.200077,0.25173393,0.33178023,0.43041474,0.34808293
49.210075,0.25228626,0.33239082,0.4308842,0.3475779
49.220074,0.25214863,0.33275297,0.43078098,0.34743294
49.230076,0.25177324,0.33159468,0.43034405,0.347673
49.240078,0.25188217,0.33191252,0.43042737,0.34675774
49.250084,0.25179443,0.33190912,0.43041918,0.34754848
49.260082,0.25185525,0.3324682,0.42974997,0.3475303
49.270073,0.2518277,0.332065,0.42956424,0.34797725
49.280083,0.25210693,0.33249506,0.4300777,0.34758022
49.290077,0.25147724,0.33234507,0.43200764,0.3477689
49.300076,0.25180233,0.33271503,0.43086067,0.34787095
49.310078,0.25150484,0.33225632,0.4303124,0.3476836
49.320076,0.25257117,0.33249927,0.43068105,0.34776092
49.330074,0.25261185,0.33211026,0.43005604,0.34764373
49.340076,0.25217882,0.33239713,0.4311628,0.34797117
49.350075,0.25236246,0.33171698,0.43052125,0.34790695
49.36008,0.25267375,0.33234423,0.4303388,0.34715974
49.370075,0.25225556,0.33215597,0.42998466,0.3473547
49.380077,0.25306472,0.33302334,0.43065923,0.3477326
49.390076,0.2526931,0.33241782,0.4301537,0.34770876
49.400074,0.2519248,0.33366212,0.43118793,0.3484545
49.410076,0.25266662,0.33310047,0.43038464,0.34807763
49.420074,0.25185478,0.33227912,0.43028945,0.3480067
49.430077,0.2532468,0.33253908,0.43100762,0.347908
49.44007,0.25199923,0.33253318,0.4300419,0.34772962
49.450073,0.2528663,0.33265334,0.4302662,0.34826025
49.46008,0.25241536,0.3319927,0.43017778,0.34793723
49.470078,0.25293085,0.33261597,0.43068594,0.3481223
49.480076,0.25239104,0.33308336,0.43089107,0.34771582
49.490074,0.25228003,0.33282682,0.43098983,0.34887755
49.500076,0.251807,0.33174765,0.4303257,0.3479544
49.51007,0.25235546,0.33251613,0.4303987,0.34791136
49.520992,0.2506234,0.33208314,0.4297125,0.34866995
49.530083,0.251687,0.33133218,0.42995274,0.34782112
49.540077,0.2517219,0.33179116,0.43052423,0.34830534
49.550076,0.25182283,0.33216482,0.42992708,0.34766555
49.560074,0.2515233,0.33190227,0.43050152,0.3479739
49.570076,0.25130966,0.33216545,0.43093073,0.3478601
49.580074,0.25229967,0.33236498,0.43043408,0.34788123
49.590076,0.25163403,0.33192453,0.4292961,0.34794918
49.600075,0.252846,0.33280098,0.43039873,0.3484236
49.610073,0.25158903,0.3326581,0.42987573,0.34784737
49.620075,0.2516884,0.33182842,0.4308305,0.34896812
49.630074,0.25134912,0.33185893,0.430549,0.3480016
49.640076,0.25286418,0.33195633,0.43001306,0.34766462
49.650074,0.25169352,0.33238482,0.42987615,0.34794453
49.66008,0.25176215,0.33229306,0.4300626,0.3480156
49.670074,0.25222793,0.33229986,0.43022338,0.34779114
49.680073,0.2525101,0.33192044,0.43061012,0.34789282
49.690075,0.25230268,0.33169332,0.42948774,0.34773248
49.700077,0.2514163,0.33103207,0.42988473,0.3482765
49.710075,0.25205138,0.33199272,0.43020436,0.34847322
49.720074,0.25171724,0.33213314,0.42988932,0.34822947
49.730076,0.25248164,0.3327486,0.43039182,0.34874868
49.740074,0.2517877,0.3319788,0.4297653,0.34810743
49.750072,0.25283104,0.3326149,0.43035617,0.34873322
49.760075,0.25174555,0.33210918,0.43030456,0.3477633
49.770084,0.25332204,0.33216068,0.429905,0.34829965
49.780075,0.2516446,0.33221924,0.42960528,0.3483869
49.790077,0.25174534,0.33204424,0.43004468,0.34926096
49.80007,0.25232542,0.3323866,0.42953822,0.34814397
49.810074,0.25260943,0.33204967,0.42979127,0.3484989
49.820076,0.25211602,0.33243892,0.43001544,0.34852847
49.830074,0.2522183,0.33254337,0.42992607,0.34778786
49.840076,0.25253868,0.3320357,0.42949417,0.34782147
49.850075,0.25260547,0.3320785,0.4299307,0.34838754
49.860077,0.2525843,0.33238378,0.4301025,0.34870878
49.87007,0.25217035,0.33220965,0.4297037,0.3483701
49.880074,0.25295904,0.33289725,0.4297361,0.34801787
49.890076,0.25165614,0.33214387,0.42980516,0.34760004
49.900074,0.25239766,0.33211663,0.43027762,0.34908107
49.910076,0.25224152,0.33217317,0.4297523,0.34795687
49.920074,0.25238973,0.33277422,0.42973015,0.34781936
49.930077,0.25216404,0.3322732,0.42973602,0.34780544
49.940075,0.2517746,0.33234578,0.43036565,0.34883952
49.950073,0.25169486,0.3324416,0.42971054,0.34847054
49.960083,0.25315747,0.3321958,0.42978585,0.34837082
49.970078,0.25192925,0.3321558,0.43006858,0.34793258
49.980076,0.25219926,0.33194843,0.42946303,0.34816366
49.990074,0.25218642,0.3311993,0.43015292,0.34823406
50.00009,0.25250426,0.33194742,0.43040702,0.3482017
50.01008,0.25176775,0.33166403,0.4299226,0.34840775
50.020092,0.24918605,0.32906443,0.4289939,0.34845057
50.030083,0.2521995,0.33214366,0.4294448,0.34866947
50.040073,0.2521558,0.331775,0.4296606,0.34848312
50.05008,0.25165504,0.33253807,0.42941678,0.3482406
50.060074,0.25214612,0.331874,0.42923334,0.3479375
50.070076,0.2516677,0.3320208,0.43034145,0.34862623
50.080074,0.25202736,0.33147112,0.42966032,0.34828055
50.090073,0.25195798,0.33200407,0.43020725,0.34958306
50.100075,0.25170216,0.3313593,0.43012092,0.34839916
50.110077,0.25150415,0.33157697,0.43050593,0.34862697
50.120075,0.25168487,0.33273247,0.43050537,0.3483909
50.130077,0.25123405,0.33138612,0.42958972,0.34883806
50.14007,0.2516713,0.3320043,0.43023357,0.34842524
50.150074,0.2524994,0.33120194,0.4300264,0.3488244
50.160076,0.25220776,0.33164808,0.4296985,0.348744
50.170074,0.25231525,0.33247724,0.42958188,0.34865323
50.18009,0.25333327,0.33240542,0.43008277,0.34775054
50.19009,0.25182772,0.33220932,0.42965606,0.34847102
50.200077,0.25233,0.3319603,0.42978764,0.34975615
50.21009,0.25168362,0.33197564,0.42963502,0.34901878
50.22008,0.2524436,0.33213857,0.42918572,0.34921876
50.230076,0.25187245,0.3311274,0.429628,0.34835476
50.240074,0.25158128,0.33173963,0.4309791,0.34845698
50.250076,0.251864,0.33190295,0.43037683,0.3490856
50.260075,0.25216693,0.33201164,0.42776644,0.34899843
50.270077,0.25236574,0.3317691,0.42917022,0.3488717
50.280094,0.25184825,0.331571,0.42949808,0.34794196
50.290077,0.25255585,0.33153298,0.42961797,0.34879243
50.300076,0.2515532,0.331792,0.42920762,0.34880123
50.310074,0.25256288,0.33205894,0.4300904,0.3494674
50.320076,0.2520828,0.3322641,0.42927155,0.34828207
50.330074,0.25240335,0.33188412,0.42927918,0.3486341
50.340076,0.25219232,0.33176646,0.42933792,0.3492965
50.350075,0.25256088,0.33150858,0.43059126,0.34933412
50.360073,0.25231117,0.33181575,0.4303647,0.34931406
50.370075,0.25221974,0.3322894,0.42960358,0.34866634
50.380085,0.25178564,0.33114797,0.429402,0.34879118
50.390076,0.25213695,0.33205995,0.43017718,0.34874547
50.400074,0.25230736,0.3318247,0.42930803,0.34875473
50.410076,0.2519298,0.3311727,0.42966658,0.34944284
50.420074,0.25235343,0.33175182,0.42912602,0.34895042
50.430077,0.2519868,0.33124274,0.42965707,0.34819114
50.440075,0.25213844,0.33202687,0.4298538,0.34901708
50.450073,0.2520689,0.3320729,0.4298588,0.34912568
50.460075,0.25234187,0.33157578,0.4299964,0.34862626
50.470074,0.25202772,0.3318873,0.429603,0.3488136
50.480087,0.25194553,0.3321114,0.42828253,0.34836307
50.490078,0.2522977,0.3316165,0.43050155,0.34868813
50.500072,0.25266573,0.33208048,0.42865136,0.34880534
50.510075,0.25165048,0.3314688,0.42932093,0.34967232
50.520084,0.25252163,0.3289961,0.42843652,0.3483508
50.530083,0.25186202,0.33133253,0.42949456,0.349242
50.540073,0.25265795,0.33093932,0.42986634,0.34916717
50.550076,0.2526452,0.33170506,0.42948028,0.3485715
50.560074,0.25249904,0.33132568,0.4300547,0.34880316
50.570076,0.2533556,0.33261985,0.4299731,0.34853852
50.580097,0.25228488,0.33235547,0.4293456,0.34920695
50.590076,0.25204888,0.33192047,0.42979488,0.34880397
50.600075,0.252018,0.33151835,0.42961258,0.34867024
50.610077,0.25270677,0.33235157,0.42988494,0.3494085
50.62007,0.25308728,0.3318222,0.42938584,0.3497066
50.630077,0.25254747,0.33237773,0.4294586,0.34932178
50.640076,0.2521974,0.33169723,0.42972896,0.34858882
50.650074,0.2528441,0.3323899,0.43009627,0.34969795
50.660076,0.25189346,0.33218813,0.42917725,0.34906885
50.670074,0.25261706,0.33141878,0.42950562,0.34902084
50.68009,0.25197017,0.33181897,0.42965835,0.3493698
50.690075,0.25232267,0.3317563,0.42923623,0.34764737
50.700077,0.2517169,0.331511,0.429913,0.3489587
50.71008,0.25223342,0.3319635,0.42954302,0.3492777
50.720074,0.252465,0.33229882,0.42939827,0.34920987
50.730072,0.25209552,0.33101675,0.4298168,0.3492563
50.740074,0.2522658,0.33240518,0.43020976,0.34926444
50.750076,0.25223842,0.33128458,0.42974442,0.34943298
50.760075,0.25243348,0.33166543,0.4298239,0.34978628
50.770073,0.2520431,0.3316328,0.42973205,0.3493884
50.780075,0.2526678,0.33193976,0.42945522,0.34948513
50.790073,0.25253063,0.33139056,0.42950734,0.34871396
50.800076,0.25284216,0.33182597,0.4295665,0.34904757
50.810074,0.25192133,0.33082786,0.4289886,0.34947434
50.820076,0.2523022,0.33154258,0.4300909,0.3497852
50.830074,0.25197124,0.33090544,0.42837593,0.3490005
50.840076,0.2518384,0.33103737,0.4289296,0.34948912
50.850075,0.25256225,0.33135456,0.43001962,0.34989703
50.860073,0.25218144,0.33040658,0.43021795,0.34991243
50.870075,0.25256157,0.33070925,0.43002322,0.34974137
50.880074,0.2519657,0.3315128,0.42989063,0.34773788
50.890076,0.25209188,0.33062276,0.42938635,0.34921095
50.900074,0.252376,0.33068922,0.4297915,0.34830076
50.910076,0.25272906,0.3303669,0.42994794,0.34853408
50.920074,0.2535681,0.329851,0.4297477,0.3499721
50.930073,0.25363916,0.33052415,0.42949623,0.34880596
50.940075,0.25206771,0.33123192,0.4296082,0.34906986
50.950073,0.25135806,0.33163774,0.43005875,0.3492214
50.960075,0.25261158,0.33174035,0.429628,0.3496301
50.970078,0.25192064,0.33172715,0.4299285,0.34926447
50.980072,0.25231054,0.33140618,0.43018377,0.34901735
50.990074,0.25262585,0.33153424,0.42951483,0.3490908
51.000084,0.25203338,0.33140555,0.43038374,0.3495482
51.010075,0.25211295,0.33145973,0.4301188,0.3498107
51.02009,0.25203896,0.33111185,0.4293314,0.3486636
51.030083,0.2522305,0.3306776,0.42970774,0.34966135
51.040073,0.25285545,0.3311264,0.43015352,0.34912652
51.050076,0.2529516,0.33183306,0.4302116,0.34954712
51.060078,0.25224563,0.3317304,0.42984295,0.34912646
51.070072,0.252871,0.33131087,0.42967394,0.34898284
51.080074,0.25278696,0.3310472,0.4302686,0.34926566
51.090096,0.2527115,0.33075574,0.43019727,0.348973
51.100075,0.2527026,0.33184776,0.43098414,0.34961838
51.110077,0.2520464,0.3308718,0.43022007,0.34902248
51.120075,0.25298524,0.33161414,0.43036216,0.34912828
51.130077,0.25223267,0.3312279,0.43070725,0.3498655
51.140076,0.2527659,0.33048725,0.43079242,0.3492519
51.150074,0.25184664,0.33185238,0.4303889,0.34919387
51.160076,0.25216502,0.33175412,0.42976278,0.34853664
51.170074,0.252096,0.33077163,0.42958292,0.34943894
51.180077,0.2525649,0.3311175,0.42988464,0.34867513
51.19011,0.2524795,0.33114308,0.43097103,0.3498809
51.200077,0.25096506,0.33055973,0.42858243,0.3493103
51.210075,0.2515933,0.3306491,0.43242857,0.34921733
51.220085,0.25151598,0.3303886,0.4288065,0.34884447
51.230076,0.25223482,0.33151138,0.43107253,0.34899032
51.240078,0.25180987,0.33120477,0.4295816,0.34940052
51.250088,0.25246888,0.3327711,0.43018916,0.34827983
51.26008,0.2519455,0.33126152,0.4303515,0.34820908
51.270077,0.2523582,0.33145028,0.42984614,0.3485845
51.28008,0.2523679,0.33066523,0.4300713,0.34902918
51.2901,0.2512053,0.3309467,0.42926437,0.34992656
51.30007,0.25257614,0.33142877,0.43069664,0.34973034
51.310078,0.25213945,0.3302548,0.43029845,0.3494946
51.320076,0.25255865,0.33096462,0.43006954,0.34912235
51.330074,0.25271207,0.3306003,0.4306037,0.34983823
51.340073,0.2534351,0.33090547,0.4300024,0.34900147
51.350075,0.25323132,0.3320056,0.43079117,0.3493316
51.36008,0.25291908,0.33122236,0.43074858,0.3489955
51.370075,0.25243264,0.33081317,0.43125138,0.34952745
51.380077,0.2534491,0.33144364,0.43032464,0.34994462
51.39007,0.25228828,0.3311556,0.43036777,0.34925675
51.400074,0.25290847,0.331557,0.43131113,0.34944287
51.410072,0.25298938,0.33158314,0.43035823,0.3495782
51.420074,0.2523214,0.3311092,0.4309635,0.34947073
51.430077,0.2520037,0.33094105,0.43075246,0.3489875
51.440075,0.25264084,0.33073467,0.43115276,0.34959146
51.450077,0.25286913,0.33153963,0.43095207,0.34921688
51.460075,0.25233334,0.33136806,0.4306504,0.3492172
51.470074,0.25284022,0.33156034,0.431517,0.34939128
51.480076,0.2522068,0.33145574,0.43040004,0.3490917
51.490074,0.25301474,0.33173472,0.43097216,0.34899592
51.500076,0.2523734,0.3315844,0.4314497,0.3497647
51.510075,0.25248793,0.3314783,0.43159562,0.34897232
51.520084,0.25297526,0.33136597,0.43015474,0.34928226
51.530083,0.2522105,0.33109888,0.43026274,0.3497838
51.540073,0.25210762,0.33048835,0.43085635,0.34912154
51.550076,0.25207072,0.33223686,0.43095863,0.35056907
51.560078,0.25216657,0.3304563,0.43090504,0.34936532
51.57008,0.25271875,0.33062026,0.43041667,0.3502014
51.580074,0.25190097,0.33147752,0.43122083,0.3494526
51.590076,0.25245112,0.3311587,0.43076387,0.34908167
51.600075,0.2526921,0.3308487,0.43086338,0.34969842
51.610073,0.25206608,0.33085066,0.43073267,0.34982213
51.620075,0.25206432,0.33102915,0.43069574,0.34937057
51.630077,0.25287834,0.32906246,0.4306243,0.34922224
51.640076,0.25139868,0.32993105,0.43104467,0.3491666
51.650074,0.2519985,0.32998717,0.43043122,0.34936622
51.660084,0.25174457,0.33005667,0.430907,0.3496679
51.67008,0.251224,0.3295013,0.43091106,0.3491946
51.680077,0.25152868,0.330249,0.4306189,0.34890807
51.690075,0.25178665,0.32919848,0.4305034,0.34891453
51.700073,0.25156236,0.32990426,0.4315547,0.34948418
51.710075,0.25095528,0.32955736,0.43039212,0.34939036
51.720074,0.25321698,0.33153057,0.43308103,0.34968358
51.730076,0.25287238,0.33064002,0.4321961,0.3495828
51.740074,0.25220883,0.33149418,0.42922348,0.34916174
51.750072,0.25291178,0.3306203,0.4313115,0.34898525
51.760082,0.25267047,0.33016005,0.43099204,0.34943962
51.770073,0.25208372,0.33090746,0.430835,0.34910238
51.78008,0.25241357,0.3308346,0.43094662,0.3493684
51.790073,0.25259688,0.33120924,0.43100664,0.34990618
51.80007,0.2531749,0.33112335,0.4311095,0.349748
51.810074,0.25260687,0.33121532,0.4316157,0.34956354
51.820072,0.25232157,0.33093557,0.43147385,0.34932518
51.830074,0.25296786,0.33153918,0.43147933,0.3497923
51.84007,0.25225037,0.3310553,0.43127105,0.349178
51.850075,0.25395918,0.3313656,0.43127728,0.3498968
51.860077,0.25252038,0.3312055,0.43123323,0.349061
51.870075,0.25272596,0.33112997,0.4317576,0.35034338
51.880074,0.25274038,0.33134285,0.430884,0.34922388
51.890076,0.25236773,0.3310093,0.4317608,0.34974378
51.90008,0.25263864,0.33048517,0.43193313,0.35017118
51.910076,0.25221893,0.33049962,0.43152556,0.34965947
51.920074,0.25231907,0.3307812,0.43179923,0.34956443
51.930077,0.2521135,0.33005926,0.4314774,0.34959722
51.94007,0.25263408,0.33107853,0.4315782,0.34963906
51.950073,0.25288773,0.330954,0.43125764,0.34960377
51.96008,0.25238633,0.33075082,0.43183634,0.34949
51.970074,0.252282,0.33064234,0.43173906,0.34952986
51.980076,0.25265968,0.33084783,0.4313472,0.34964618
51.990074,0.252828,0.33036408,0.43135637,0.34881282
52.000107,0.2531561,0.33063695,0.43238094,0.34958798
52.01008,0.2516755,0.3303988,0.4319446,0.34922794
52.02009,0.25278687,0.33167833,0.43190798,0.34878668
52.030087,0.25176433,0.32994616,0.43155804,0.35003263
52.040077,0.25214502,0.32994828,0.43117338,0.3495489
52.050076,0.25224608,0.33031198,0.4317073,0.34899348
52.060078,0.25268605,0.3307001,0.4311563,0.34931123
52.07008,0.25246248,0.3301186,0.43155023,0.34935892
52.080074,0.25219554,0.33032435,0.43158513,0.3495104
52.090076,0.25254485,0.33035934,0.43131936,0.3494632
52.100098,0.25207734,0.3302278,0.43223956,0.3492237
52.110073,0.25249517,0.33115825,0.4313306,0.34969744
52.120075,0.252923,0.33002266,0.43119663,0.34862608
52.130077,0.25260934,0.33103773,0.43180943,0.35016498
52.140076,0.25340632,0.33166158,0.43315676,0.3493655
52.15008,0.2533776,0.33108822,0.43204147,0.35034224
52.160076,0.25296167,0.33022684,0.4320864,0.35003886
52.17008,0.2517,0.33124807,0.43189913,0.34969017
52.180073,0.2523816,0.3306006,0.43207452,0.3491641
52.19009,0.2522948,0.32972386,0.43190885,0.34966096
52.2001,0.25183216,0.33014253,0.43144125,0.34957626
52.210075,0.251961,0.33059195,0.43160045,0.34947026
52.220078,0.25234377,0.33050862,0.43167943,0.3492569
52.230072,0.25236893,0.330707,0.43206736,0.35003597
52.240074,0.25279173,0.33017042,0.4318657,0.34888157
52.250084,0.2524175,0.33052915,0.43161,0.3489334
52.26008,0.25279057,0.33023465,0.43243983,0.34948102
52.270077,0.25188982,0.33006373,0.4319202,0.34992853
52.28008,0.2519194,0.3303479,0.43110043,0.34882113
52.290073,0.2521687,0.33050013,0.43198267,0.34933463
52.30007,0.25290507,0.33046234,0.43239522,0.34911895
52.310078,0.2522945,0.33032525,0.43157998,0.3496501
52.320076,0.2536816,0.32987067,0.43240774,0.34949526
52.330074,0.25223103,0.33049104,0.43145263,0.34850582
52.340076,0.25290754,0.32971412,0.4319111,0.35004047
52.350075,0.25272074,0.33046034,0.43235737,0.34934098
52.36008,0.2521643,0.3300672,0.43202314,0.3493073
52.370075,0.25309256,0.3297263,0.43145627,0.34883797
52.380074,0.25192013,0.33008993,0.43205115,0.34901056
52.390076,0.25308084,0.32977915,0.4322313,0.34910133
52.400074,0.25235763,0.32985243,0.43214822,0.34907818
52.41009,0.25267065,0.33072704,0.43228978,0.34959498
52.420082,0.25197825,0.32947987,0.43219936,0.3489227
52.430077,0.2524912,0.33069542,0.4320039,0.34892282
52.440075,0.25139785,0.33018622,0.43189383,0.34945354
52.450077,0.25286838,0.33071142,0.43241504,0.34916005
52.460083,0.2526479,0.33023062,0.43235797,0.3489714
52.470074,0.25275823,0.33034453,0.4324727,0.34961462
52.480076,0.25340468,0.32991117,0.43183702,0.34894785
52.490078,0.2522568,0.33020142,0.43237048,0.34915885
52.500076,0.25268498,0.3297035,0.43219882,0.3493348
52.510075,0.2529893,0.32992297,0.4319914,0.34910414
52.520084,0.2525774,0.33030012,0.43250945,0.34982422
52.530087,0.25214142,0.33000556,0.43163088,0.3499302
52.540073,0.2528159,0.3307987,0.4323946,0.34922406
52.550076,0.2529258,0.3297463,0.43241143,0.34896636
52.56008,0.25305057,0.33031765,0.43259954,0.34920084
52.570076,0.2531105,0.33037588,0.43225893,0.3491444
52.580074,0.25271842,0.33128417,0.43239656,0.34874225
52.590073,0.2520114,0.3295619,0.43224967,0.34910324
52.600075,0.25358713,0.33041087,0.43273395,0.34904096
52.610073,0.25272214,0.33057314,0.43185169,0.34973988
52.620075,0.253031,0.33052373,0.43260932,0.34916705
52.630077,0.25255463,0.33046323,0.4328964,0.3493919
52.64007,0.2524348,0.330052,0.43258446,0.34923723
52.650074,0.25203523,0.33008853,0.4326747,0.34903702
52.66008,0.2519908,0.33063284,0.432404,0.34846514
52.670074,0.25233135,0.33017188,0.43263638,0.34882504
52.680077,0.2518447,0.3306012,0.43243203,0.34927848
52.690075,0.25275952,0.33036998,0.43271148,0.348368
52.700077,0.25159922,0.3303235,0.4320537,0.34941193
52.71007,0.25237098,0.33007902,0.43224904,0.34930322
52.72009,0.25248078,0.32923913,0.4322559,0.34857228
52.730076,0.25299034,0.32967377,0.43295208,0.34953174
52.740074,0.2526281,0.32956612,0.4325296,0.3491802
52.750076,0.25356612,0.33094662,0.4324248,0.34938687
52.76008,0.25169215,0.33002895,0.4324508,0.34954444
52.770077,0.25301328,0.32970226,0.43188632,0.34938395
52.780075,0.25264943,0.33067423,0.43170026,0.34930876
52.790073,0.25220028,0.3300586,0.43291596,0.34876683
52.80007,0.25227746,0.32995138,0.4323463,0.34931827
52.810074,0.25226396,0.32969555,0.43252197,0.34915406
52.82009,0.25241414,0.32959238,0.43282208,0.34954152
52.830074,0.25283432,0.32984424,0.4325713,0.34861368
52.840076,0.25206527,0.32976356,0.43200046,0.34898362
52.850075,0.2518393,0.32987362,0.43209904,0.3489346
52.860085,0.25210786,0.3299283,0.43241948,0.34868896
52.870075,0.2530097,0.32967833,0.43278933,0.34873033
52.880074,0.25206292,0.3295043,0.4321409,0.3489508
52.890076,0.25327793,0.3294735,0.43291998,0.34909374
52.900074,0.25329602,0.33038068,0.43237385,0.34918857
52.910076,0.25242075,0.33068383,0.43286347,0.3486883
52.920074,0.2530183,0.33051312,0.43252537,0.34922662
52.930077,0.25221708,0.32970905,0.43266016,0.34928304
52.940075,0.2529915,0.33013856,0.4329719,0.34897113
52.950073,0.25317982,0.32994568,0.43279496,0.34897557
52.96007,0.2528371,0.32942218,0.43262994,0.348758
52.970074,0.25204432,0.3293085,0.43267474,0.34936738
52.980076,0.25250325,0.33016396,0.43248022,0.34858006
52.990074,0.2529694,0.33035764,0.43259457,0.3492327
53.000084,0.25265118,0.329757,0.43287548,0.34812337
53.01008,0.25222284,0.3293485,0.43255395,0.34910116
53.020084,0.25270686,0.33003247,0.43224862,0.34922975
53.030087,0.251887,0.32965645,0.43235397,0.34971592
53.040077,0.25226352,0.3295557,0.43214703,0.3485896
53.050076,0.25335577,0.3303353,0.43257305,0.34913206
53.060074,0.25198466,0.33006835,0.43262795,0.348928
53.070072,0.25301605,0.3300894,0.4320341,0.3480232
53.080074,0.25279617,0.3299563,0.43266702,0.34915957
53.090076,0.25178367,0.3303993,0.43246603,0.3488057
53.100075,0.25241143,0.32926133,0.43247372,0.34825748
53.110073,0.25240925,0.3292083,0.4321565,0.3488845
53.12007,0.25242746,0.32881448,0.4325793,0.3486193
53.130077,0.25247842,0.33037946,0.4324284,0.3483379
53.140076,0.25280434,0.32891995,0.43322128,0.34827533
53.150078,0.25244835,0.32939747,0.432891,0.34863973
53.160076,0.25203156,0.32998028,0.4329179,0.3486446
53.170074,0.25264955,0.33022332,0.4326618,0.34774894
53.180073,0.2529709,0.3301028,0.43248743,0.34837317
53.19009,0.25203237,0.32981846,0.4333231,0.34890118
53.200077,0.2529584,0.32908207,0.43313736,0.34891176
53.210075,0.25247046,0.32922044,0.43182963,0.3485602
53.22008,0.25287986,0.32939938,0.43236902,0.34887385
53.230076,0.25187105,0.32950148,0.43301144,0.34826332
53.24007,0.25199425,0.32898727,0.43219066,0.34898174
53.250076,0.25322506,0.32945582,0.4328704,0.3484387
53.260075,0.2523791,0.33000404,0.43306974,0.34833845
53.270073,0.25287783,0.32948902,0.43245238,0.34818292
53.280075,0.25243872,0.32907572,0.43139887,0.3476653
53.290077,0.25272986,0.33000284,0.4325452,0.34815577
53.30007,0.25270033,0.32945323,0.43238014,0.34764904
53.310078,0.2522095,0.3295671,0.43268254,0.34899548
53.320076,0.25277415,0.32928845,0.43301168,0.34788167
53.330093,0.25274006,0.32986286,0.4333917,0.3481068
53.340073,0.2523856,0.32946762,0.43225536,0.3480586
53.350075,0.25324723,0.3299715,0.43244627,0.34848663
53.360077,0.25271016,0.32944322,0.4324826,0.34812614
53.370075,0.252432,0.3304414,0.43272716,0.34832582
53.380074,0.2526954,0.32947806,0.43261966,0.34825712
53.39008,0.25296977,0.32933733,0.43287823,0.348962
53.400074,0.252654,0.3294251,0.43189922,0.3485041
53.410072,0.2520785,0.3288223,0.431799,0.34781426
53.420074,0.2532528,0.32983267,0.43272623,0.34758136
53.43009,0.25280195,0.32952613,0.43180278,0.3483394
53.440075,0.2532447,0.3299821,0.43090716,0.3481387
53.450077,0.25187624,0.32879344,0.4303787,0.34702343
53.46007,0.2530393,0.32888696,0.4327284,0.34803146
53.470078,0.25308424,0.3291915,0.43307126,0.34804946
53.480076,0.25287372,0.32897276,0.4327117,0.34769014
53.490074,0.25175548,0.32925397,0.43278164,0.34821114
53.500072,0.25271213,0.32990608,0.4326198,0.3478879
53.510075,0.25208887,0.32969075,0.4325044,0.3483778
53.520092,0.25186193,0.32972404,0.4326002,0.3486369
53.530106,0.25243244,0.3280694,0.432458,0.34915248
53.540077,0.252635,0.328159,0.43252748,0.348533
53.550076,0.25264892,0.3289927,0.43239748,0.34800455
53.560078,0.2523719,0.32905653,0.43270448,0.34804785
53.570076,0.25240406,0.3287219,0.43309662,0.34831288
53.580074,0.25316563,0.3294844,0.43235213,0.34800893
53.590076,0.2522518,0.32897148,0.43272132,0.34797585
53.600075,0.25263733,0.32984784,0.43281928,0.34752703
53.610077,0.25293592,0.3281536,0.43322676,0.34748548
53.620075,0.25237122,0.32914865,0.4327549,0.34744352
53.630074,0.25287023,0.33060932,0.43252215,0.34775653
53.640076,0.25245306,0.32895508,0.43219697,0.34799582
53.650074,0.25247473,0.32936677,0.4328918,0.3473327
53.660076,0.25273985,0.32933578,0.4329113,0.34758112
53.670074,0.25289983,0.3297932,0.43286434,0.34750107
53.680077,0.2527207,0.32989302,0.4326494,0.3481433
53.690075,0.25204605,0.32963228,0.433066,0.34789118
53.700073,0.25262362,0.32937342,0.43279347,0.3477634
53.710075,0.2525177,0.3293331,0.4323775,0.34739825
53.720074,0.25246844,0.3291407,0.43236727,0.34773546
53.730076,0.25213823,0.32950106,0.4324837,0.34792736
53.74008,0.25237375,0.32894844,0.43229532,0.34753835
53.750076,0.2529309,0.328981,0.4322387,0.3471215
53.760075,0.2528002,0.32957754,0.43317118,0.34778363
53.770073,0.25264242,0.32896706,0.43253464,0.3480682
53.780075,0.2533728,0.3282665,0.43257365,0.3478361
53.790073,0.25236738,0.32961825,0.4325299,0.3472665
53.80007,0.25307027,0.3296288,0.4327264,0.3482354
53.810074,0.25278917,0.32921344,0.432015,0.3477256
53.820076,0.25332516,0.3295438,0.43283656,0.34740236
53.830074,0.25243407,0.3295368,0.432711,0.34802076
53.84009,0.25230968,0.32983413,0.43258905,0.34700456
53.85008,0.25211754,0.32907385,0.43239275,0.34774488
53.860073,0.25214157,0.32906762,0.4317219,0.34738404
53.870075,0.25276753,0.32916805,0.43101248,0.3477397
53.880074,0.25293097,0.32920426,0.43366748,0.3471804
53.89007,0.25267804,0.32745472,0.4320016,0.34740368
53.900074,0.25290608,0.32898045,0.43449944,0.3469218
53.910076,0.25260222,0.3293558,0.43411776,0.34815753
53.920074,0.25258422,0.33000386,0.43319023,0.34873307
53.930077,0.25306165,0.32896698,0.43299708,0.3466333
53.94007,0.25218138,0.32846335,0.43184802,0.34839123
53.950073,0.25301966,0.32890043,0.4322941,0.34771675
53.960075,0.25170004,0.32898834,0.43199477,0.34685817
53.970074,0.25263545,0.32898661,0.4328198,0.34758726
53.980072,0.2527691,0.32925174,0.43256935,0.34705982
53.990074,0.25237462,0.32917607,0.43306106,0.3471444
54.00008,0.25217173,0.32867932,0.431759,0.34669194
54.010075,0.25289103,0.3285289,0.43249714,0.3474413
54.020092,0.2506182,0.32693687,0.4322561,0.34709764
54.030083,0.25298026,0.32893538,0.4320963,0.3476583
54.040077,0.25223613,0.32835436,0.43184352,0.3473598
54.05008,0.25282428,0.328851,0.4324384,0.34748185
54.060074,0.25282907,0.32862252,0.43331435,0.34726053
54.070076,0.25256646,0.3289419,0.43188018,0.34742603
54.080074,0.2531661,0.3293951,0.43126482,0.34720987
54.090076,0.2528627,0.32827795,0.43258515,0.3471084
54.100075,0.25332505,0.3289249,0.4325839,0.3470481
54.110077,0.253198,0.32845634,0.43183276,0.3465891
54.120075,0.25336975,0.3288921,0.43325782,0.34720853
54.130074,0.25325984,0.32947177,0.43086517,0.3465394
54.14007,0.25327083,0.32895142,0.43384725,0.34717253
54.150097,0.2528552,0.3281727,0.43114322,0.34743756
54.160076,0.25268254,0.32919425,0.43320695,0.34706697
54.170074,0.25277904,0.33020854,0.43337157,0.3483559
54.180073,0.2528574,0.3274265,0.4327426,0.3464751
54.190086,0.25241533,0.32744306,0.43244138,0.3460423
54.200077,0.25164706,0.32868138,0.43164295,0.34576172
54.21008,0.25295514,0.32894027,0.432934,0.347125
54.220078,0.25195238,0.32805088,0.4320391,0.3461392
54.230076,0.25287506,0.32938376,0.43306378,0.34686646
54.240074,0.2525897,0.32876003,0.4323289,0.34549925
54.250072,0.252454,0.32908097,0.43296266,0.34629238
54.260075,0.2519448,0.32817483,0.433412,0.34613356
54.270077,0.25294602,0.32894453,0.43199202,0.34606892
54.280075,0.25291935,0.32881957,0.43217045,0.347104
54.290073,0.25283197,0.32871237,0.432401,0.34639877
54.30007,0.2525924,0.32854137,0.4317344,0.34658128
54.310078,0.2525129,0.32825887,0.4324714,0.34729713
54.320076,0.25280285,0.32858387,0.4317904,0.3465903
54.330074,0.25276273,0.32852232,0.43278018,0.34630412
54.340076,0.25219345,0.3283969,0.4329951,0.34638324
54.350075,0.25266275,0.3281456,0.4322551,0.34674227
54.360077,0.25290522,0.32873407,0.43261617,0.3456224
54.370075,0.25254852,0.32866535,0.4327223,0.3463636
54.380077,0.2541378,0.32935458,0.43281922,0.34628692
54.390076,0.25190163,0.32819828,0.43258572,0.3466014
54.400074,0.25266886,0.32747263,0.43272507,0.34487414
54.410076,0.252069,0.32721397,0.432,0.34768298
54.420074,0.25156733,0.32817402,0.43136358,0.3460898
54.430077,0.25271472,0.3270034,0.4313214,0.34489366
54.440075,0.25229684,0.32756314,0.43281502,0.34579724
54.450073,0.2533966,0.32840103,0.43215343,0.34560287
54.460075,0.249782,0.32748768,0.432057,0.34639853
54.470074,0.25011483,0.32573977,0.43235007,0.3447085
54.480072,0.25339803,0.32755882,0.4322136,0.3456546
54.490074,0.25270545,0.32875943,0.43200913,0.34702066
54.500076,0.25271907,0.32862526,0.4327484,0.34593445
54.510075,0.2525161,0.3285135,0.4331771,0.3462172
54.520084,0.25112164,0.3276596,0.43284512,0.34590262
54.530087,0.25395834,0.3290558,0.4328178,0.34697437
54.540077,0.25282514,0.32815704,0.43243554,0.34609115
54.550076,0.2532642,0.32811344,0.43219236,0.3462082
54.560078,0.2534421,0.32827717,0.43300924,0.345723
54.570076,0.25285307,0.32849726,0.43267336,0.34573963
54.580074,0.25376058,0.3281388,0.43274665,0.34549466
54.590076,0.25305408,0.32829243,0.43276614,0.34589207
54.600075,0.252811,0.32807487,0.43230304,0.34601423
54.610073,0.2527447,0.32847565,0.43249562,0.3461718
54.620075,0.25210395,0.32872063,0.432691,0.34655306
54.63007,0.25242457,0.32863665,0.4329509,0.34608
54.640076,0.25254935,0.32839262,0.43234786,0.34594703
54.650078,0.25217843,0.3278548,0.4326743,0.34592384
54.660076,0.25232303,0.3283994,0.4325472,0.34589317
54.670074,0.25247627,0.3281609,0.43227825,0.34650812
54.680073,0.2538757,0.328648,0.43184412,0.34588125
54.690075,0.2523721,0.32776335,0.43235794,0.34568667
54.700077,0.2528269,0.32759175,0.43271402,0.346631
54.71007,0.2522905,0.32729638,0.43285587,0.34588164
54.720074,0.25262982,0.32799882,0.432999,0.3460955
54.730072,0.25226098,0.32828125,0.43220812,0.34573767
54.740074,0.25193635,0.32793432,0.43222836,0.34535635
54.750076,0.2518332,0.32747677,0.43308407,0.34552908
54.76007,0.25164846,0.3285351,0.43263796,0.34648585
54.770073,0.2524351,0.3282916,0.43160695,0.34581786
54.78007,0.2528251,0.32755333,0.4323022,0.34534824
54.790073,0.2523272,0.3283428,0.4328627,0.34636152
54.80007,0.25212842,0.3273163,0.4325607,0.34554785
54.810074,0.25240642,0.3283251,0.43225238,0.3453312
54.820076,0.2527178,0.3277643,0.4322907,0.34562856
54.83007,0.25343955,0.32864156,0.432144,0.3448478
54.840073,0.25296277,0.32841823,0.4322642,0.3459863
54.850075,0.25350678,0.32866475,0.4321248,0.34577084
54.860077,0.25207826,0.3281154,0.43241566,0.34552747
54.870075,0.25316882,0.32883364,0.43226478,0.345531
54.880074,0.25257823,0.3272711,0.4322415,0.34529468
54.890076,0.25283915,0.32855934,0.4332166,0.34562704
54.900074,0.25260353,0.32801372,0.43315122,0.34479305
54.910076,0.25291437,0.32744402,0.4323482,0.3455429
54.920074,0.25298107,0.32829574,0.43228704,0.34493056
54.930073,0.2527253,0.32849976,0.43259647,0.34543818
54.940075,0.25247464,0.3284061,0.4318544,0.3447775
54.950073,0.25334242,0.32770684,0.4324342,0.34555185
54.960075,0.25254047,0.32849905,0.4328883,0.3448888
54.970074,0.25323722,0.32821667,0.4322059,0.344931
54.980076,0.2527187,0.32793924,0.43303046,0.34505585
54.990074,0.25232327,0.32772508,0.43273246,0.34513834
55.00008,0.25283214,0.3280447,0.43238848,0.3454816
55.010075,0.25212055,0.3284649,0.4317635,0.34462008
55.020077,0.25096595,0.3266992,0.4325411,0.3454154
55.030087,0.252069,0.32745552,0.4323913,0.3448558
55.040077,0.2525319,0.32867298,0.43328276,0.34494945
55.050076,0.2526774,0.32724008,0.43256384,0.34519264
55.060074,0.25216082,0.3283393,0.43250194,0.34505355
55.070072,0.25185987,0.32741335,0.43206698,0.3451489
55.080074,0.25222382,0.32827607,0.43237546,0.34450188
55.090076,0.25219005,0.32704383,0.43217772,0.34465113
55.100075,0.2524507,0.32783422,0.43351662,0.3447991
55.110073,0.25197765,0.3277383,0.43240777,0.34451807
55.12007,0.25226644,0.32824928,0.4321824,0.34482947
55.130074,0.25282025,0.3278737,0.43319023,0.34513116
55.140076,0.25197312,0.32798886,0.43233588,0.3445421
55.150078,0.25315434,0.32815272,0.43278295,0.3450931
55.160076,0.2519643,0.32765448,0.4317105,0.34462637
55.170074,0.2522177,0.32795948,0.43387815,0.34463054
55.180077,0.25248218,0.32788888,0.4325528,0.34421787
55.190086,0.25238374,0.32736492,0.43290645,0.34494236
55.200077,0.25214952,0.32794604,0.43321425,0.34473696
55.21008,0.2528861,0.32776967,0.43252912,0.3441244
55.220074,0.252278,0.32760727,0.43280423,0.34444702
55.230076,0.25311595,0.32751653,0.4321095,0.34388888
55.240074,0.25175646,0.3276917,0.43265745,0.34453216
55.250076,0.2522162,0.3275465,0.43253064,0.34390873
55.260075,0.25238344,0.3282414,0.43273014,0.3446651
55.270077,0.25328514,0.3277877,0.43275324,0.34542388
55.280075,0.2522455,0.325959,0.4334703,0.34438992
55.290077,0.25234315,0.32726616,0.4330491,0.34427255
55.30007,0.2525459,0.3281893,0.43306476,0.34446758
55.310074,0.2525013,0.3277713,0.43219715,0.3452016
55.320076,0.2528033,0.32857832,0.43348756,0.34419602
55.330074,0.25279298,0.327176,0.43265545,0.34428498
55.340073,0.2523266,0.32827312,0.43330413,0.34501362
55.350075,0.25228983,0.3268935,0.43203506,0.34433264
55.360096,0.2526472,0.3273148,0.43358633,0.3442179
55.37008,0.25273922,0.3274815,0.43290195,0.34443957
55.380074,0.25262707,0.32784873,0.43342713,0.34423783
55.390076,0.25217974,0.32732034,0.43238246,0.3444106
55.400074,0.25234485,0.3278785,0.43321782,0.34423524
55.410072,0.25265047,0.3277471,0.43264186,0.34416488
55.420074,0.2529314,0.3280623,0.43304077,0.34423104
55.430073,0.25195342,0.32759374,0.43317053,0.3443335
55.440075,0.25137457,0.3274964,0.4336383,0.34377158
55.450077,0.25283363,0.32714722,0.43387362,0.34456635
55.46007,0.25246993,0.32704288,0.4329885,0.3445154
55.470078,0.2521944,0.32827577,0.43264198,0.34446952
55.480076,0.2528044,0.32780743,0.4332497,0.34327906
55.490078,0.25232226,0.32748902,0.433278,0.34430805
55.500072,0.25191325,0.3272213,0.4325431,0.34387097
55.510075,0.25244746,0.32686272,0.4330653,0.34457257
55.520077,0.25159937,0.32593668,0.43289876,0.34301475
55.530087,0.25228605,0.32721585,0.433048,0.34459355
55.540073,0.2511752,0.32761788,0.4327255,0.34469187
55.550076,0.251564,0.32734668,0.43342745,0.3441621
55.560074,0.25236142,0.32776833,0.43352932,0.34429166
55.570076,0.25201538,0.32758015,0.4330642,0.3439374
55.580074,0.25254023,0.3271494,0.43283737,0.3434897
55.590073,0.25275907,0.32745612,0.433152,0.34360045
55.600075,0.25300968,0.32772103,0.4337486,0.34364018
55.610077,0.25245753,0.3275418,0.43276736,0.3437156
55.620075,0.25355214,0.3283966,0.4331059,0.3440006
55.630074,0.25189692,0.3274265,0.43271613,0.34300247
55.640076,0.25277606,0.3280694,0.43394846,0.34351063
55.650074,0.252798,0.32767856,0.4334913,0.3435532
55.660076,0.2524804,0.32804093,0.43408966,0.344158
55.67009,0.25226325,0.32785082,0.43274868,0.34341973
55.680073,0.25226068,0.32732615,0.43261832,0.3430046
55.690075,0.25210005,0.32771084,0.4334511,0.34353936
55.700073,0.25305986,0.3278654,0.43315396,0.3437739
55.710075,0.25267532,0.32810706,0.43353558,0.34433144
55.720074,0.25264657,0.32756236,0.43324205,0.34303498
55.730076,0.25305945,0.3279596,0.43339288,0.34341687
55.740074,0.2528185,0.3267447,0.43362364,0.3432389
55.750076,0.25251737,0.32805312,0.432933,0.34287572
55.760075,0.25207114,0.32781664,0.4333921,0.3434048
55.770073,0.25343633,0.32790717,0.43389583,0.3432698
55.78007,0.25177705,0.32742906,0.4337838,0.34309345
55.790077,0.25243783,0.32787192,0.43451694,0.3428632
55.80007,0.25209522,0.3280336,0.4335728,0.34378827
55.810074,0.2524059,0.3278,0.4321263,0.34372297
55.820072,0.25223842,0.32694578,0.4327787,0.34327284
55.830074,0.2527621,0.327081,0.43342856,0.342616
55.840076,0.2523689,0.32724503,0.43354824,0.34351993
55.850075,0.25157002,0.3280069,0.43237686,0.34288093
55.860077,0.2524322,0.32706723,0.43300265,0.3444359
55.870075,0.25216326,0.32526246,0.43321115,0.34161288
55.8801,0.25211644,0.32805803,0.4334026,0.34205595
55.89008,0.25130516,0.32782155,0.4331083,0.34396327
55.900074,0.25144005,0.32633275,0.4341389,0.34339142
55.910076,0.25243133,0.32722986,0.43349725,0.3429738
55.920074,0.2525094,0.32787967,0.43376386,0.34271765
55.930077,0.2525314,0.32699987,0.43359697,0.34343803
55.940075,0.25198585,0.32810938,0.433666,0.34285673
55.950077,0.25204945,0.3273221,0.43330723,0.34334597
55.960075,0.25237772,0.32678792,0.43383625,0.34310484
55.970078,0.2525339,0.32702783,0.43358535,0.34294325
55.980072,0.25256142,0.3271598,0.43350264,0.34297657
55.990074,0.25292504,0.32725066,0.4338925,0.34260333
56.00008,0.25203663,0.32744813,0.43336925,0.34293535
56.010075,0.2531271,0.32797974,0.43357575,0.34257826
56.020073,0.25256202,0.32626003,0.43344122,0.3424593
56.030087,0.25194392,0.32729205,0.43423223,0.34292132
56.040077,0.2513431,0.32779676,0.43354356,0.343208
56.05008,0.25207108,0.32717228,0.43403322,0.34330717
56.060078,0.25189513,0.3272034,0.43385097,0.34291738
56.07008,0.2527379,0.32764557,0.43396235,0.3425757
56.080074,0.252033,0.3272128,0.43544054,0.34242776
56.090076,0.2524092,0.32755664,0.43399164,0.34319398
56.100075,0.25236455,0.3275078,0.43353465,0.34242395
56.110077,0.2524541,0.32740352,0.4347342,0.34293243
56.120075,0.25232595,0.32728037,0.43439528,0.34250924
56.130074,0.25207016,0.32725918,0.43434915,0.34248868
56.140076,0.2522232,0.32673174,0.4328098,0.34239823
56.150074,0.2518877,0.32746142,0.43241376,0.3421123
56.160076,0.25208357,0.32744884,0.43407252,0.34176454
56.17008,0.25188705,0.32720032,0.43414524,0.3424988
56.180073,0.25266975,0.32729104,0.4342427,0.34204075
56.190086,0.25137845,0.32701457,0.43464977,0.34241164
56.200077,0.25289616,0.32731846,0.4338473,0.3428398
56.210075,0.25162905,0.32789162,0.4344348,0.34218735
56.220074,0.25266272,0.32724792,0.4346235,0.34264114
56.230076,0.2525815,0.3269451,0.4342776,0.3419051
56.240074,0.25171825,0.32685807,0.4342921,0.34227896
56.250084,0.25265062,0.32728484,0.43369558,0.34180847
56.260075,0.25232443,0.32699114,0.4342642,0.34221387
56.270077,0.2523463,0.32693133,0.43395567,0.34226376
56.280075,0.25207996,0.3269698,0.4343803,0.3421787
56.290073,0.25167376,0.32636344,0.4356106,0.3419586
56.30007,0.25208503,0.32714438,0.43264815,0.34186137
56.310074,0.252723,0.32808435,0.43616527,0.34211844
56.320076,0.25193962,0.32712683,0.43452394,0.34151927
56.330074,0.25283363,0.3272301,0.4328425,0.34245655
56.340073,0.25232476,0.32606494,0.43516687,0.3428434
56.350075,0.25232562,0.32593375,0.43441418,0.34346545
56.360077,0.25198403,0.32763696,0.43422723,0.34332535
56.37008,0.25251234,0.32752475,0.43465477,0.3401541
56.380077,0.25230774,0.32700968,0.43419817,0.34059995
56.390076,0.2525671,0.3285759,0.43394715,0.34226075
56.400074,0.25199005,0.3271614,0.43448794,0.3424015
56.410076,0.252178,0.32725847,0.43406236,0.3415359
56.420074,0.25251457,0.32726157,0.43449435,0.34137505
56.430077,0.25249588,0.32712698,0.43489042,0.34200072
56.440075,0.2520255,0.32713345,0.4351554,0.34173104
56.450077,0.25194043,0.32784525,0.43462393,0.3417239
56.460075,0.25342283,0.3283999,0.4350681,0.34198374
56.470078,0.25255266,0.3270857,0.43455774,0.34152716
56.48009,0.25247046,0.32690433,0.43449476,0.34194258
56.490074,0.2521712,0.32654932,0.43469065,0.34132537
56.500072,0.25288647,0.32703346,0.43499956,0.3415726
56.510075,0.2529106,0.3273208,0.43492886,0.34162584
56.520077,0.2526982,0.32774588,0.43439743,0.34186324
56.53009,0.25170973,0.32685766,0.43407223,0.3417246
56.540077,0.25121018,0.32666248,0.43412042,0.3422502
56.55008,0.2514437,0.32734147,0.43400392,0.34108186
56.560074,0.2515904,0.32725835,0.43481794,0.34190428
56.570076,0.2518295,0.32618365,0.4348532,0.34168366
56.580097,0.2518576,0.3264927,0.43467364,0.34128442
56.590076,0.2519616,0.32638463,0.4352624,0.34171194
56.600075,0.2516252,0.32700282,0.43501818,0.34140122
56.610073,0.25225028,0.32683098,0.4345922,0.34067163
56.620075,0.2521884,0.32671034,0.43460914,0.34091237
56.63007,0.25279137,0.3271204,0.43489492,0.34137774
56.640076,0.2526384,0.3268862,0.43476513,0.3407018
56.650074,0.251632,0.32799765,0.43505365,0.3412159
56.660072,0.25248548,0.3276873,0.43471685,0.34056893
56.670074,0.25267595,0.32710886,0.43486854,0.34121984
56.68009,0.25213704,0.3273671,0.43446204,0.3405917
56.690075,0.2517122,0.32776976,0.43593225,0.3416786
56.700077,0.25175193,0.32724762,0.4341543,0.34077543
56.710075,0.2525724,0.32740134,0.43462744,0.34082267
56.720074,0.25123397,0.3277866,0.43536863,0.34162858
56.730072,0.25234738,0.3267292,0.4355005,0.34110856
56.740074,0.25175124,0.32713935,0.43465814,0.340846
56.750076,0.25258195,0.326952,0.4348647,0.3409097
56.760075,0.2527786,0.32775655,0.43492174,0.3407983
56.770077,0.25214064,0.3270429,0.43505588,0.34103784
56.78007,0.25273404,0.32824475,0.43455935,0.34086478
56.790077,0.25223276,0.32732585,0.4355932,0.3412007
56.80007,0.2522741,0.32707182,0.4351404,0.3409055
56.810078,0.25269422,0.32756692,0.43497416,0.3409546
56.820076,0.25252742,0.32755762,0.43609497,0.34065497
56.830074,0.252136,0.3276936,0.43509418,0.34086835
56.840073,0.25224078,0.3271567,0.43542394,0.34122348
56.85007,0.252322,0.32658604,0.43547624,0.3408271
56.860077,0.25219417,0.3267907,0.4349375,0.340665
56.870075,0.25229943,0.32690182,0.43514344,0.3406509
56.880074,0.25195524,0.3269945,0.43554673,0.34071296
56.890076,0.2525534,0.32610956,0.43542448,0.34093124
56.900074,0.25185305,0.32715318,0.4353073,0.34005505
56.910076,0.25244308,0.3283587,0.43557402,0.34052247
56.92007,0.25198945,0.32799312,0.43565258,0.3406714
56.930077,0.25296375,0.32647103,0.43463144,0.34052616
56.940075,0.2523082,0.32739532,0.43541995,0.34004313
56.950073,0.25207463,0.327724,0.4346938,0.3413799
56.96007,0.25235546,0.32716188,0.43535632,0.34031317
56.970074,0.2516403,0.32727998,0.43538478,0.34090647
56.980076,0.2520793,0.3269053,0.4351595,0.3399925
56.990074,0.25208363,0.32733592,0.4352136,0.3408842
57.00008,0.2512082,0.32674032,0.43578953,0.34020302
57.010075,0.25201324,0.3265664,0.43527484,0.34073332
57.020073,0.25211316,0.3260064,0.4348611,0.34013486
57.03009,0.25206205,0.32671574,0.43422288,0.34040618
57.040077,0.25111103,0.32582927,0.43538007,0.34029704
57.050076,0.2518529,0.3264362,0.43485183,0.3399546
57.060074,0.25277364,0.32716036,0.43526256,0.3402248
57.070076,0.2514357,0.32593334,0.43472788,0.3406747
57.080074,0.2511331,0.32704073,0.43604752,0.3397654
57.090073,0.2514798,0.3263175,0.43573248,0.3397939
57.100075,0.2510564,0.32701334,0.43556473,0.3403763
57.110073,0.25243065,0.32720456,0.43534124,0.3401824
57.120075,0.25150993,0.3269695,0.43529317,0.34017244
57.130074,0.25207308,0.32625136,0.43507677,0.33974057
57.14007,0.25211632,0.32743526,0.4359175,0.34010687
57.150078,0.2515733,0.3271433,0.4363152,0.33970878
57.160076,0.25191534,0.32703912,0.4355627,0.34070072
57.17008,0.25033703,0.32585874,0.4349251,0.33955148
57.180077,0.25089723,0.32627577,0.436514,0.33861452
57.190086,0.2510332,0.3258166,0.43543518,0.33942357
57.200077,0.25031185,0.32542944,0.43501267,0.3399857
57.210075,0.25165126,0.32598603,0.43565518,0.3390702
57.220074,0.25070128,0.32579917,0.43522617,0.33959624
57.230076,0.25151402,0.3260538,0.43558267,0.33960018
57.240074,0.25118625,0.32602444,0.43566665,0.33919775
57.250088,0.25081462,0.3261601,0.43539846,0.33933446
57.26008,0.25258824,0.32683605,0.4356597,0.33966345
57.270073,0.25239214,0.326664,0.43610036,0.33971062
57.280075,0.25187626,0.3268713,0.43499798,0.33953008
57.290077,0.2521291,0.32663098,0.43617517,0.33973962
57.300076,0.25163746,0.32666495,0.43581367,0.34001538
57.310078,0.25170437,0.32690355,0.43583333,0.33975238
57.320076,0.2516435,0.326594,0.43630573,0.33957154
57.330074,0.25256136,0.3266009,0.4358709,0.33952644
57.340076,0.2514842,0.32693312,0.436041,0.3395948
57.350075,0.25174192,0.32707715,0.4356699,0.3395857
57.360077,0.25271106,0.32699507,0.4354511,0.33923122
57.370075,0.25143272,0.32709527,0.43589902,0.33904967
57.380074,0.25254893,0.326924,0.4351139,0.3389835
57.39009,0.25187734,0.3268335,0.4357079,0.33925623
57.400074,0.25156558,0.32693496,0.43632984,0.3391653
57.410076,0.25186977,0.32684243,0.4362825,0.33977875
57.42008,0.2520802,0.32691061,0.43616298,0.33898658
57.430077,0.2521989,0.32659337,0.43586832,0.33958325
57.440075,0.25182545,0.32690948,0.43578243,0.33911398
57.450073,0.25213486,0.32630485,0.43600172,0.33871004
57.460075,0.25206178,0.3264136,0.4364872,0.33875194
57.470074,0.25154454,0.32749647,0.43650103,0.33858678
57.480076,0.25094754,0.32639557,0.4361718,0.3388765
57.490093,0.25153324,0.32748944,0.43565676,0.3385071
57.500072,0.25153893,0.32667288,0.4362839,0.33911273
57.510075,0.25259814,0.32699704,0.43642884,0.33869714
57.520073,0.25220877,0.3267257,0.4360258,0.3389998
57.530087,0.25224352,0.3262896,0.43608987,0.33895737
57.540077,0.251322,0.3269161,0.4362322,0.33888742
57.550076,0.25240502,0.32745364,0.43701085,0.3390826
57.560074,0.2509894,0.32726452,0.43632665,0.33880568
57.570072,0.25256574,0.32716352,0.43672886,0.33890137
57.580074,0.25199792,0.3269281,0.43591538,0.33894712
57.590096,0.25165117,0.32710993,0.43672654,0.33908647
57.600075,0.25217345,0.3267052,0.4363819,0.33883366
57.610077,0.25124228,0.32693616,0.43635312,0.33884966
57.62007,0.2517243,0.32691902,0.43632314,0.3386106
57.630074,0.25098234,0.32725418,0.43642083,0.33871007
57.640076,0.25164542,0.32725227,0.43655628,0.33855343
57.650078,0.25148866,0.326867,0.43611833,0.33835644
57.660076,0.25206375,0.3269081,0.43672395,0.3388187
57.670074,0.25180036,0.3271838,0.43633395,0.33906883
57.680073,0.25259125,0.327635,0.43631193,0.33894283
57.690075,0.25135747,0.32676992,0.43621075,0.33828953
57.700073,0.2517499,0.32729086,0.43695512,0.33863807
57.710075,0.2518433,0.32661533,0.43645033,0.33841646
57.720074,0.2515029,0.32674548,0.43651846,0.3386142
57.730076,0.2515172,0.3268092,0.4365329,0.3389296
57.74007,0.2514347,0.32658103,0.43718848,0.3380647
57.750076,0.25148642,0.3264972,0.43654385,0.33831194
57.760075,0.2513405,0.3273004,0.43661714,0.3389068
57.770077,0.25197053,0.32655203,0.43686977,0.33838335
57.780075,0.25197503,0.32629204,0.43740702,0.33795998
57.790073,0.25135365,0.32663688,0.43657026,0.3384541
57.80007,0.25121275,0.32647514,0.43621036,0.33817175
57.81007,0.25179195,0.32714272,0.43677717,0.33810622
57.820076,0.25164396,0.32697505,0.43643454,0.3385594
57.830074,0.25171387,0.32695013,0.4363735,0.33802974
57.840073,0.25110266,0.32666272,0.43690136,0.33835307
57.850075,0.25158083,0.32725495,0.43685696,0.3380637
57.860073,0.2515948,0.32658333,0.43652707,0.33806574
57.870075,0.25175226,0.32729083,0.4375899,0.3384459
57.880074,0.25211456,0.32652965,0.43640876,0.3381772
57.890076,0.2513881,0.3275193,0.4371513,0.33879462
57.900074,0.25266114,0.32611424,0.43674633,0.33811003
57.910072,0.25157484,0.32673457,0.4371351,0.33833092
57.920074,0.2519978,0.32697958,0.4371954,0.33804244
57.930073,0.25160167,0.32644024,0.43662956,0.33746234
57.94007,0.2516526,0.32669738,0.437014,0.33749765
57.950073,0.25176415,0.32648718,0.43715617,0.33756283
57.960075,0.25125936,0.32693762,0.4371129,0.33812058
57.970074,0.25189942,0.32620358,0.4372466,0.33878532
57.980072,0.25201896,0.3267874,0.43682998,0.33799252
57.990074,0.25171405,0.32592982,0.43664578,0.33789113
58.000088,0.2515887,0.32628185,0.4376226,0.3378386
58.01008,0.25158322,0.32642677,0.43659002,0.33757266
58.020077,0.2518861,0.32669187,0.43698484,0.33771428
58.030087,0.25160182,0.32695764,0.4366199,0.33764246
58.040077,0.25102895,0.32720184,0.43693694,0.33800295
58.050076,0.2512335,0.32629612,0.43691742,0.33766842
58.060074,0.2513669,0.3262162,0.43693268,0.33784094
58.070076,0.2511896,0.3261756,0.43688384,0.33765718
58.080074,0.25141293,0.32640007,0.4372457,0.33786833
58.090076,0.2514153,0.3259601,0.43709812,0.33743733
58.100075,0.25156704,0.32656726,0.43725288,0.33764735
58.110073,0.25165015,0.32614288,0.4373064,0.33742613
58.120075,0.2515666,0.32599294,0.43706903,0.33736837
58.130074,0.2513932,0.32646212,0.4369992,0.33732072
58.140076,0.25152978,0.32636952,0.4368353,0.33786818
58.150078,0.25177476,0.32640556,0.43739825,0.33689117
58.160076,0.25121662,0.32622734,0.43693975,0.33783194
58.170074,0.25096408,0.32716632,0.43769363,0.33747435
58.180077,0.25114208,0.327073,0.4376969,0.33824754
58.190086,0.25126386,0.326823,0.4376769,0.33712757
58.200077,0.25140205,0.326161,0.43685767,0.33678606
58.210075,0.25217664,0.3267855,0.43695015,0.33700538
58.220074,0.25083855,0.3272437,0.43688583,0.33713153
58.230072,0.25097552,0.32676867,0.43715852,0.33713877
58.240074,0.2516108,0.32663935,0.43719465,0.33712834
58.250076,0.25170922,0.32663262,0.43707773,0.33750108
58.260075,0.25192562,0.32671848,0.43757296,0.33735752
58.270077,0.252346,0.32688594,0.4370253,0.33693743
58.28007,0.25179064,0.32651266,0.4371932,0.33733398
58.290073,0.25196066,0.32638565,0.4371218,0.3369035
58.300076,0.2531316,0.32628694,0.43743733,0.33726737
58.310074,0.25119647,0.32766145,0.43768924,0.33676445
58.320076,0.25165442,0.3266853,0.43820843,0.3376502
58.330074,0.25165465,0.32694486,0.43756834,0.3365892
58.340073,0.2511536,0.3268606,0.43765768,0.33776587
58.350075,0.25200462,0.32682845,0.43735227,0.33692995
58.360077,0.25133327,0.32624942,0.43784806,0.3373781
58.370075,0.25150868,0.32661885,0.43750346,0.33682835
58.380074,0.25195253,0.32668927,0.4376608,0.3362749
58.390076,0.25150642,0.3268913,0.4372578,0.33693606
58.40009,0.25140718,0.3265425,0.4375515,0.33669668
58.410072,0.25238648,0.3262281,0.43822366,0.33650652
58.420074,0.2516792,0.32667598,0.43756205,0.3369711
58.430077,0.25169054,0.32609338,0.4374043,0.33686873
58.440075,0.25070557,0.3268241,0.43760887,0.33699894
58.450077,0.2519171,0.32732433,0.4374924,0.33744502
58.46007,0.251713,0.32653013,0.43775624,0.33693975
58.470074,0.25156966,0.3264664,0.4376623,0.33734316
58.480072,0.2513606,0.32601342,0.43809554,0.33643463
58.490074,0.25117266,0.3267467,0.43781394,0.3370729
58.500088,0.2517079,0.32648304,0.4376014,0.33581376
58.510075,0.25200325,0.3259566,0.43699017,0.33659866
58.520077,0.25181323,0.32628125,0.43736646,0.33621803
58.530083,0.25119478,0.32584572,0.43758982,0.3368072
58.540077,0.25065133,0.32585263,0.43683487,0.33702645
58.550076,0.25121132,0.3259356,0.437344,0.33660668
58.560074,0.25153095,0.32630515,0.43803328,0.33630043
58.570076,0.25116232,0.32647765,0.43742484,0.3360896
58.580074,0.25175261,0.32677466,0.43823093,0.3363927
58.590073,0.25108764,0.32638797,0.43766475,0.3363808
58.600098,0.25169778,0.32655412,0.4378822,0.33597904
58.61008,0.25144294,0.32630995,0.43709198,0.33617738
58.620075,0.25142094,0.32649186,0.43756562,0.33665785
58.630074,0.2516492,0.3263346,0.43746763,0.3358918
58.640076,0.25124046,0.32678705,0.43823916,0.33655027
58.65007,0.25092763,0.32606703,0.4377721,0.33651355
58.660076,0.25123426,0.32656825,0.43777776,0.336441
58.670074,0.25068587,0.32677245,0.43672445,0.3357935
58.680077,0.25170657,0.32577598,0.43754092,0.33617762
58.690075,0.25157398,0.32650852,0.4379848,0.336655
58.70009,0.25189048,0.32630083,0.43776152,0.33624
58.71008,0.2520322,0.3269591,0.43782547,0.3361006
58.720074,0.25107336,0.3261069,0.4375732,0.3356302
58.730076,0.25213003,0.32643998,0.4380716,0.33670214
58.740074,0.2515385,0.32644668,0.43744233,0.3364067
58.750072,0.25141934,0.3269821,0.4376041,0.33626798
58.760082,0.2516471,0.32660037,0.43786135,0.33568192
58.770073,0.25186145,0.3261313,0.43883276,0.3363163
58.780075,0.25120082,0.3262312,0.43776014,0.3357453
58.790077,0.25164825,0.32673523,0.4367474,0.33575922
58.80009,0.25147772,0.32667089,0.43627673,0.3355846
58.810078,0.25162378,0.32637316,0.43636373,0.33608216
58.820072,0.251011,0.32552,0.43634173,0.33543587
58.830074,0.25099453,0.3257609,0.43758067,0.33666095
58.840076,0.2513224,0.32656622,0.4389901,0.33649087
58.850075,0.25125208,0.3259742,0.4378323,0.33584854
58.86008,0.25147203,0.32711297,0.43742183,0.33539543
58.870075,0.25122643,0.32617572,0.43741113,0.3355143
58.880074,0.251977,0.32671967,0.43746027,0.3358434
58.89007,0.25158843,0.3263758,0.43673697,0.3358992
58.90009,0.2517491,0.32674974,0.4386304,0.33561853
58.910076,0.25162536,0.32582095,0.43796444,0.3355838
58.920074,0.25181922,0.3268883,0.43819332,0.33562195
58.930077,0.25193486,0.32603484,0.43732792,0.33500293
58.94007,0.25187662,0.32737768,0.43812957,0.33614787
58.950077,0.25120628,0.32619962,0.43717647,0.33502966
58.96008,0.25141984,0.32671934,0.43786037,0.3355537
58.970078,0.25116712,0.3260059,0.43820584,0.3351289
58.980072,0.25120735,0.3258932,0.4376803,0.3351687
58.990074,0.2514433,0.3264576,0.43824235,0.33550823
59.00011,0.25094655,0.3261858,0.43773502,0.3348941
59.010075,0.25172454,0.32628587,0.43801174,0.33533227
59.020077,0.2501444,0.32541347,0.43833053,0.33480573
59.030087,0.25168517,0.3263786,0.4374931,0.33496514
59.040077,0.25027177,0.32608593,0.43764064,0.33535367
59.050076,0.25061178,0.32593238,0.43758786,0.33562818
59.060074,0.25087652,0.32614836,0.43766275,0.3350407
59.070076,0.25187445,0.326137,0.43740454,0.33535907
59.080074,0.2513409,0.32562953,0.43822128,0.3351641
59.090076,0.25135258,0.32730457,0.43805346,0.3355233
59.100075,0.25194454,0.3260602,0.43736333,0.33513594
59.110077,0.2506251,0.326156,0.43770102,0.3346099
59.120075,0.2513953,0.32598713,0.43788365,0.33512178
59.130074,0.25194836,0.32633367,0.43759394,0.33460656
59.140076,0.2519434,0.32659206,0.43837032,0.33561245
59.150074,0.2514828,0.32600203,0.43809077,0.33532265
59.160076,0.25173867,0.32581797,0.4371228,0.33414438
59.170074,0.25142393,0.32674202,0.43784025,0.33526582
59.180073,0.25178555,0.325998,0.4381036,0.33481324
59.19009,0.24847932,0.3246925,0.4385193,0.33481297
59.20008,0.2510514,0.32648462,0.43741652,0.33507714
59.210083,0.2510499,0.3260411,0.43745232,0.33479288
59.220078,0.2513694,0.32540438,0.43826035,0.3348826
59.230076,0.2510049,0.32580554,0.437676,0.334833
59.240074,0.2518873,0.32668743,0.43850395,0.33403373
59.250072,0.25132158,0.3261979,0.43736997,0.33473364
59.260075,0.25031516,0.32597363,0.4377738,0.33469126
59.270077,0.25090012,0.32564294,0.43773183,0.33469644
59.280075,0.25132358,0.32584083,0.43781376,0.33461115
59.290077,0.25035748,0.32676008,0.43771714,0.33476958
59.300076,0.25122595,0.32567438,0.4376157,0.3346834
59.310074,0.25075468,0.32563654,0.437935,0.334438
59.320076,0.25096247,0.32542762,0.4378177,0.33422822
59.330074,0.2512291,0.3262038,0.437699,0.33476788
59.340076,0.25118887,0.3262835,0.43811893,0.3343509
59.350075,0.25172666,0.3266997,0.43817693,0.33471903
59.360073,0.25132775,0.32569915,0.43756583,0.33448538
59.37008,0.25137556,0.32661524,0.43816492,0.3340941
59.38008,0.25054535,0.32597497,0.43748298,0.33457723
59.390076,0.25252315,0.32695094,0.43750343,0.3346209
59.400074,0.2511171,0.32583082,0.4383851,0.33394462
59.410076,0.2516481,0.32628125,0.4374552,0.33464018
59.420074,0.2511722,0.32598448,0.43809727,0.33422086
59.430077,0.25136742,0.32597315,0.437792,0.33443502
59.440075,0.2519689,0.3260497,0.43764028,0.3342703
59.450073,0.25146887,0.32618004,0.43789974,0.33440185
59.460075,0.2510167,0.32654604,0.43766063,0.33382723
59.470074,0.25104618,0.32621288,0.4375636,0.33413416
59.480076,0.25180212,0.3260342,0.4382992,0.33425176
59.490074,0.2513597,0.3268208,0.4380587,0.33405504
59.500076,0.25136188,0.32604396,0.43874234,0.3346619
59.510082,0.2509459,0.3252982,0.43711212,0.33416793
59.520077,0.25144628,0.32590404,0.4363355,0.33443514
59.530094,0.25096765,0.32649422,0.43885398,0.33401284
59.540077,0.25155815,0.3256262,0.4390332,0.3338008
59.550076,0.25010306,0.32580972,0.4374161,0.3336261
59.560078,0.25088438,0.32601833,0.43789878,0.33297628
59.570076,0.2506731,0.32527605,0.4376035,0.33412915
59.580074,0.25123882,0.32725888,0.43774438,0.3327108
59.590076,0.25197855,0.32576865,0.43770787,0.3333698
59.600075,0.25113964,0.32605913,0.43786415,0.33392993
59.610073,0.2505933,0.32596216,0.4375294,0.33322418
59.620075,0.2510368,0.32508513,0.4370189,0.3343057
59.630077,0.2515269,0.32624933,0.43732354,0.33393663
59.640076,0.2515348,0.3265518,0.4376596,0.33397794
59.650078,0.25149405,0.32655647,0.43756735,0.33419344
59.660072,0.2507471,0.32681316,0.43795624,0.33352897
59.670074,0.25115782,0.32559115,0.4376776,0.3337493
59.680073,0.2505398,0.32562318,0.43787557,0.33346316
59.690075,0.25173655,0.32660314,0.4376918,0.3337041
59.700073,0.2504449,0.3258655,0.43807045,0.33366004
59.710075,0.25040886,0.32606658,0.43797463,0.33364865
59.720074,0.25080487,0.3260473,0.4376075,0.33393043
59.730072,0.25016212,0.32591602,0.43687135,0.33387408
59.740074,0.25207165,0.3251109,0.4374507,0.33343968
59.750076,0.2513306,0.32536682,0.4373944,0.33335587
59.76007,0.25165457,0.3261243,0.4375454,0.3338016
59.770077,0.25055867,0.32509673,0.43766236,0.33330715
59.78007,0.25154847,0.32624352,0.43775576,0.33405066
59.790073,0.25061214,0.32552856,0.43826303,0.33328032
59.80007,0.25120306,0.32605487,0.43749508,0.3342088
59.810074,0.25082943,0.32589757,0.4374304,0.3331265
59.82009,0.25143644,0.32589114,0.4378585,0.33316222
59.83008,0.2509868,0.32554382,0.43772563,0.33354974
59.840073,0.25107402,0.32608965,0.43767738,0.33374855
59.850075,0.2516831,0.32562414,0.43718675,0.33342826
59.860077,0.25096276,0.32621568,0.43795678,0.33326623
59.870075,0.25111946,0.3256071,0.43741435,0.33323565
59.880077,0.25116983,0.32507718,0.43749428,0.33299512
59.890076,0.25130773,0.32584906,0.43769488,0.3326617
59.900074,0.25075105,0.32530966,0.43722457,0.33352417
59.910076,0.25085375,0.32617357,0.43731496,0.33344546
59.92009,0.25167698,0.3256198,0.43736032,0.3330981
59.930077,0.25113204,0.3268633,0.43705752,0.3340011
59.940075,0.2505603,0.32494017,0.4370567,0.33309245
59.950073,0.2497997,0.3254195,0.43711683,0.3326934
59.960075,0.24984547,0.32507583,0.43715522,0.33288747
59.970074,0.24992366,0.3253089,0.43720165,0.33244348
59.980072,0.2496182,0.3243624,0.43694943,0.33218172
59.990074,0.25015822,0.32560122,0.4375892,0.33261892
60.00008,0.24891055,0.32434395,0.43687606,0.3330795
60.010075,0.24992079,0.3242146,0.43652076,0.3324123
60.020096,0.2501838,0.32535988,0.43789113,0.3330098
60.030106,0.24801227,0.32534096,0.4377249,0.3325898
60.04008,0.25060016,0.32525474,0.43741462,0.33282802
60.050076,0.25082758,0.32523647,0.4373319,0.33344653
60.060074,0.25081438,0.3257467,0.43758103,0.3331024
60.070076,0.2507828,0.32553992,0.43645167,0.3331443
60.08007,0.25091803,0.32557666,0.43778518,0.33238456
60.090073,0.25045672,0.32507437,0.4369591,0.33293217
60.100075,0.2510913,0.3253449,0.43715507,0.33292067
60.110073,0.25001863,0.32566616,0.4370776,0.3318541
60.1201,0.25081313,0.32625195,0.43758753,0.3326615
60.130077,0.25072807,0.32591933,0.43680885,0.3335748
60.140076,0.2509278,0.32606304,0.43789816,0.3331302
60.150074,0.2508353,0.32524955,0.43723202,0.33325556
60.160076,0.25063074,0.32529256,0.43746886,0.3321448
60.17008,0.2509899,0.3258709,0.43765956,0.33218017
60.180077,0.2501233,0.32479313,0.43705633,0.33258227
60.19009,0.2513149,0.32514456,0.4365633,0.33302087
60.200077,0.25113422,0.3252092,0.43700257,0.3328564
60.210075,0.25055858,0.32443008,0.43737888,0.33233216
60.2201,0.25022915,0.32501498,0.43714467,0.33182693
60.230087,0.25067073,0.32590348,0.4370706,0.33228666
60.240074,0.25061217,0.32496077,0.43690264,0.33256775
60.250084,0.25087002,0.32544285,0.43727425,0.33264172
60.26008,0.2514626,0.32598314,0.43738323,0.33248886
60.270077,0.25136554,0.3257382,0.43690628,0.33274606
60.280075,0.2506812,0.3256341,0.43730062,0.33270884
60.290077,0.25140333,0.32573786,0.4365887,0.33242917
60.300076,0.25043666,0.32533717,0.43734446,0.33189654
60.310074,0.25080967,0.32620138,0.43693238,0.3327727
60.320095,0.25176966,0.32534602,0.43629447,0.33220434
60.330074,0.24986255,0.3258636,0.4369564,0.3322562
60.340076,0.25011313,0.32529545,0.43744254,0.33173847
60.35007,0.25049827,0.3254358,0.43708277,0.33325946
60.360077,0.2513593,0.32617274,0.4361525,0.33152813
60.370075,0.2510486,0.325597,0.43686545,0.33264175
60.380074,0.25048372,0.32472512,0.4370467,0.33222973
60.390076,0.2504008,0.3253453,0.43629056,0.3324944
60.400074,0.25161916,0.32546425,0.43655217,0.33281642
60.410076,0.25024837,0.32547385,0.43675405,0.3317363
60.42009,0.25120965,0.32603526,0.43694043,0.33246297
60.430077,0.2503272,0.32548448,0.43623474,0.33261248
60.440075,0.25073153,0.32628232,0.4368186,0.33295563
60.450073,0.25080574,0.32501838,0.4369017,0.33253413
60.460075,0.25010043,0.32528257,0.43687764,0.3328609
60.470074,0.25015458,0.32484072,0.43634623,0.33219537
60.480072,0.2502078,0.3248982,0.4361334,0.3325205
60.490074,0.25057817,0.32613352,0.43628594,0.3316831
60.500072,0.25025845,0.32492474,0.4365534,0.33250365
60.510075,0.25079966,0.3257745,0.43622127,0.33281294
60.52008,0.25051343,0.32514283,0.43785983,0.33217552
60.530087,0.25074154,0.32532772,0.43633026,0.3329943
60.540085,0.25031692,0.32477605,0.43581098,0.33249477
60.55008,0.25042826,0.3247426,0.43653277,0.33278108
60.560074,0.2501606,0.32501072,0.43721777,0.33263886
60.570072,0.25017962,0.32571757,0.43608832,0.33213097
60.580074,0.2498855,0.3253939,0.43641174,0.33141074
60.590073,0.25070688,0.3258278,0.43592742,0.33207962
60.600075,0.24980837,0.32498792,0.43625152,0.33200794
60.610073,0.25061846,0.3248601,0.4361207,0.33216155
60.62009,0.2500016,0.32565612,0.43595582,0.33217698
60.630077,0.25102594,0.32455277,0.43605596,0.33185947
60.64007,0.25107735,0.32565397,0.4368271,0.3321438
60.650078,0.2502005,0.32592216,0.43591082,0.33213115
60.660076,0.2508541,0.32609385,0.43621176,0.3323735
60.670074,0.25034064,0.32525545,0.43647647,0.33218622
60.680073,0.25056437,0.32549736,0.43597975,0.33202377
60.690075,0.25047305,0.32514462,0.43604434,0.3322203
60.700073,0.25047258,0.32591256,0.4364727,0.33238456
60.710075,0.2514562,0.32559,0.43603247,0.33245945
60.720093,0.25044876,0.32565954,0.43656474,0.3320425
60.730076,0.250183,0.3252881,0.43633893,0.33222467
60.740074,0.25078985,0.32538763,0.43565872,0.33249974
60.750076,0.2501141,0.3253306,0.43637517,0.3318556
60.760075,0.25021797,0.32475516,0.43569264,0.33216232
60.770073,0.25096,0.32546186,0.43529314,0.33275372
60.78007,0.2504863,0.32495087,0.43548203,0.33216673
60.790073,0.2507128,0.32584262,0.43591437,0.33237368
60.80007,0.2502657,0.3251667,0.43587,0.33249143
60.810074,0.251008,0.32562757,0.4361697,0.33218938
60.82009,0.25056317,0.32506382,0.4360808,0.3318185
60.83008,0.25053447,0.3257114,0.43595234,0.33217436
60.840076,0.2497898,0.3254836,0.43556145,0.33186367
60.850075,0.25045812,0.32565823,0.4355686,0.33188897
60.860077,0.25042242,0.32532388,0.4350224,0.33189577
60.87008,0.25085056,0.3254134,0.43535316,0.33255792
60.880074,0.25026157,0.32497945,0.43517756,0.33218235
60.890076,0.25037917,0.32633108,0.43574056,0.3323752
60.900074,0.2495564,0.324956,0.43572173,0.33201513
60.910076,0.2501064,0.32506013,0.43557894,0.33252984
60.920082,0.25048682,0.32559323,0.43536302,0.33253527
60.930073,0.25022116,0.32507887,0.43540204,0.3318823
60.940075,0.24987568,0.3256429,0.43531358,0.3326265
60.950077,0.24971151,0.32535437,0.43478227,0.33183643
60.96008,0.2508855,0.32567725,0.43535718,0.3323804
60.970078,0.25028193,0.3249609,0.43554777,0.33240086
60.980072,0.25058192,0.3259376,0.43544677,0.33163026
60.990074,0.25021753,0.32581848,0.43540698,0.33194107
61.000088,0.24992988,0.3258568,0.43496987,0.3319019
61.01008,0.24956791,0.32456964,0.43504846,0.33212674
61.020096,0.2508036,0.32591894,0.43463558,0.33267802
61.030106,0.25041616,0.3246964,0.43506777,0.33222285
61.040092,0.24981059,0.32597235,0.43459064,0.33162424
61.05008,0.25048262,0.32550773,0.43468773,0.33180675
61.06008,0.25040218,0.32538855,0.43546876,0.3317551
61.07008,0.25015444,0.32516727,0.43496925,0.33202267
61.080074,0.2490589,0.3249683,0.4351499,0.33223578
61.090073,0.24948412,0.32457733,0.43440908,0.331727
61.100075,0.2504467,0.32468832,0.4346178,0.3318148
61.110073,0.25054747,0.32594797,0.43458024,0.33282214
61.120094,0.24999224,0.3249972,0.43530646,0.3317038
61.130077,0.25024113,0.32575327,0.43503702,0.33210948
61.14007,0.24981433,0.32606962,0.43496493,0.33168957
61.150078,0.2505582,0.32549447,0.4343448,0.3324946
61.16008,0.25014842,0.3252893,0.43427256,0.33180028
61.170074,0.25009525,0.32604995,0.43473423,0.3316262
61.180077,0.24994117,0.325374,0.4350207,0.33138126
61.190098,0.2503719,0.32564372,0.4342926,0.33226475
61.200077,0.25014138,0.32507807,0.434123,0.3321032
61.210094,0.24882402,0.32466254,0.43465662,0.3320322
61.220097,0.24932253,0.32502842,0.4344481,0.33178523
61.230076,0.24985628,0.32536468,0.4338506,0.3318893
61.240074,0.24962229,0.32516026,0.43511903,0.33194184
61.250072,0.24965428,0.32486793,0.43515107,0.3320648
61.260075,0.25060534,0.32525128,0.43505895,0.3314903
61.270073,0.25019976,0.32507232,0.43595985,0.331997
61.280075,0.25003773,0.32537013,0.43591726,0.33229458
61.290077,0.24771859,0.32502842,0.4336907,0.33167464
61.300076,0.25021958,0.3261821,0.4339246,0.33240095
61.310074,0.250753,0.3254667,0.4342177,0.33132264
61.320095,0.25061926,0.32509336,0.43492132,0.33202913
61.33008,0.24992713,0.32540897,0.43452805,0.33234647
61.340073,0.25038257,0.32602334,0.4344387,0.33208996
61.350075,0.24998367,0.32578564,0.4337832,0.33185646
61.360077,0.2499126,0.32578027,0.43351725,0.3315642
61.370075,0.2495772,0.32506412,0.43379778,0.33217
61.380074,0.25017387,0.32506704,0.43367404,0.33154997
61.390076,0.24964921,0.32558227,0.43372717,0.3316523
61.400074,0.24948117,0.3254259,0.43408054,0.33154616
61.41008,0.25064477,0.32591364,0.4344974,0.33192644
61.420097,0.2497491,0.32463613,0.4338937,0.3320909
61.430077,0.24991158,0.3263868,0.43369713,0.3320365
61.440075,0.25008327,0.32549268,0.4339454,0.33182815
61.450077,0.24973314,0.32581368,0.43394315,0.33201042
61.460075,0.2505085,0.32521525,0.43347365,0.33200893
61.470078,0.25009274,0.32585433,0.43423316,0.33203763
61.480076,0.25024447,0.32566357,0.4336629,0.33164796
61.490074,0.25018993,0.32607126,0.43356255,0.33166477
61.500072,0.24989119,0.3253932,0.43406218,0.33173573
61.510075,0.25016826,0.3254635,0.43267375,0.33197576
61.520073,0.25015175,0.32550704,0.4340017,0.33170837
61.530087,0.24989353,0.32327056,0.43318743,0.33193693
61.540085,0.24941798,0.3249642,0.4334098,0.33155313
61.55007,0.24983549,0.32490575,0.43348116,0.33167464
61.560078,0.250697,0.32583323,0.43376845,0.33092695
61.570076,0.25063363,0.3253768,0.43329012,0.33195662
61.580074,0.25033426,0.32544672,0.43355325,0.331545
61.590076,0.24989489,0.3261642,0.4330864,0.33161032
61.600075,0.24984223,0.32535446,0.43299899,0.33144036
61.610073,0.2501746,0.32525566,0.43260562,0.3315193
61.620075,0.24985915,0.3252519,0.43348706,0.3313598
61.630074,0.24890861,0.32539046,0.4327341,0.3309091
61.640076,0.2502306,0.32568073,0.43248555,0.33220413
61.650074,0.25014988,0.32581502,0.43333495,0.33147404
61.660072,0.24947761,0.3252455,0.43263844,0.33223128
61.670074,0.24934565,0.32587153,0.4333493,0.33205587
61.680077,0.24971472,0.32529607,0.4328307,0.33160916
61.690075,0.24958408,0.3253175,0.43347996,0.33169195
61.700073,0.24935776,0.32546705,0.43263063,0.33201224
61.710075,0.25003496,0.3260176,0.4325459,0.33138347
