elapsed_time_sec,ss1,ss2,ss3,ss4
5.685e-06,0.27130684,0.35277206,0.50530535,0.35959455
0.010080869,0.2682323,0.35676733,0.50663877,0.38266468
0.020082349,0.2712355,0.36152777,0.50752854,0.38819867
0.030086163,0.27102983,0.36189362,0.507512,0.39020315
0.04008305,0.27124605,0.36314112,0.50790673,0.39043084
0.050079826,0.27092808,0.3630168,0.5071391,0.3909653
0.0600834,0.27129534,0.3636558,0.5079217,0.3913529
0.0700805,0.27059692,0.3629538,0.50695336,0.3909923
0.080082625,0.27092916,0.3629751,0.5072262,0.3915683
0.09008373,0.2709347,0.3628068,0.5074231,0.39100733
0.10008275,0.27120522,0.36280632,0.5075441,0.39097396
0.110081844,0.27066672,0.36274636,0.50671464,0.3913925
0.12008304,0.27071068,0.36248243,0.50668967,0.39157957
0.13007407,0.27057573,0.36263242,0.50751746,0.39185065
0.14008127,0.27123913,0.36214432,0.50725436,0.39194056
0.15007512,0.27033553,0.3629417,0.5073704,0.39186934
0.16007595,0.27068692,0.36238295,0.50734216,0.39247337
0.17007367,0.27068737,0.3627407,0.50720555,0.39228263
0.18007623,0.26969385,0.36260486,0.50690407,0.39211276
0.19007373,0.2711919,0.36213624,0.50692004,0.391501
0.20007627,0.2706335,0.36251125,0.5063151,0.39239174
0.21007428,0.27108353,0.36317822,0.50686044,0.3929343
0.22009185,0.27045473,0.36311245,0.5065406,0.39238924
0.23007615,0.2706497,0.3627543,0.5066362,0.39235523
0.24007185,0.2707752,0.3621021,0.50664747,0.39200523
0.2500716,0.27038285,0.36226,0.50628865,0.3919203
0.26007384,0.27027354,0.36244905,0.5062388,0.39230603
0.27007312,0.27105066,0.3623637,0.5063849,0.39226648
0.2800743,0.27119,0.3626806,0.50648814,0.39184836
0.29007584,0.2702397,0.36233023,0.5065726,0.3922574
0.30007544,0.27170354,0.36326918,0.5071712,0.39339265
0.31007513,0.2705892,0.36236516,0.5065477,0.39257354
0.3200935,0.27098542,0.363212,0.5066525,0.39244086
0.33007687,0.27010953,0.36300072,0.5060287,0.39271808
0.34007305,0.27102014,0.36330786,0.50649154,0.39284968
0.35007438,0.27068686,0.3632166,0.505817,0.39234814
0.36007583,0.27113336,0.3631232,0.50651795,0.39229935
0.370076,0.27056372,0.36290994,0.50648725,0.39257395
0.38007626,0.27020967,0.36284578,0.5060606,0.3929919
0.3900732,0.27062368,0.36245102,0.5065653,0.39245108
0.40007517,0.2703677,0.36226293,0.5057197,0.39285332
0.41007295,0.27060586,0.36223707,0.50689656,0.39255637
0.4201349,0.2697068,0.36196238,0.5053326,0.3925077
0.43009117,0.26879913,0.35992396,0.5051112,0.39307556
0.44009182,0.26813364,0.3603844,0.5065069,0.3923683
0.45010328,0.26772305,0.3621425,0.5066284,0.3918769
0.46008265,0.2702501,0.36201087,0.5065345,0.39277557
0.47008958,0.2709317,0.3627719,0.5070919,0.39294437
0.4800782,0.27012736,0.3618937,0.5068635,0.39188084
0.49007794,0.27076438,0.36271027,0.5051767,0.39321074
0.50007826,0.2709301,0.36249876,0.5058177,0.39283997
0.5100766,0.27036846,0.3626064,0.5062014,0.39263782
0.5200781,0.27068752,0.36242306,0.5060403,0.3925314
0.5300714,0.27079988,0.3621926,0.5062418,0.39320174
0.5400759,0.27016932,0.36210665,0.5059086,0.3924879
0.55007607,0.27017945,0.36274114,0.50578415,0.392824
0.5600759,0.27008265,0.36222824,0.50555485,0.39252532
0.57007414,0.27131292,0.36192983,0.50519454,0.3934638
0.58007276,0.2703567,0.36238968,0.5055559,0.3930098
0.59007555,0.27077466,0.3626567,0.5056425,0.39329848
0.6000735,0.2707228,0.3618535,0.50594616,0.39356118
0.6100793,0.27036554,0.3622392,0.50530046,0.39369747
0.6200816,0.27075818,0.36281618,0.50499946,0.39321214
0.63007575,0.27017242,0.36288625,0.5057436,0.3934315
0.6400767,0.2707532,0.36234573,0.50618374,0.39248556
0.6500765,0.27081504,0.36299223,0.5058645,0.39321336
0.66007406,0.27145076,0.3636436,0.5063533,0.39306837
0.67007536,0.27071035,0.36270142,0.506087,0.39314505
0.6800749,0.27092916,0.3630483,0.50575155,0.39354798
0.6900753,0.27041373,0.36303067,0.5053268,0.39292896
0.7000733,0.27013147,0.36346707,0.505279,0.392943
0.71007675,0.27036467,0.3615692,0.5053124,0.39313552
0.720083,0.27001262,0.3628672,0.505139,0.39375374
0.7300784,0.27110767,0.3625385,0.5048884,0.39348698
0.740077,0.2704337,0.3627429,0.50438815,0.393815
0.75007427,0.2705352,0.36345345,0.5050192,0.39333653
0.76007617,0.27104822,0.3629295,0.5042107,0.3938988
0.7700739,0.27064675,0.36262724,0.5047417,0.39325345
0.78007627,0.27101392,0.36300844,0.5044866,0.39377618
0.7900737,0.27154574,0.3632874,0.50452995,0.39378077
0.8000756,0.26957697,0.36305875,0.50482315,0.39308536
0.8100723,0.27108765,0.3624689,0.5045495,0.3934498
0.8200766,0.27084467,0.36256453,0.50396866,0.39341798
0.83009917,0.27085415,0.3631037,0.5036452,0.3936014
0.8400763,0.2706825,0.3628494,0.5040588,0.39362755
0.8500762,0.2711348,0.36241442,0.50347483,0.39308816
0.86007625,0.27062517,0.36284283,0.503464,0.39310652
0.8700737,0.27046028,0.36259672,0.50324553,0.39406562
0.8800761,0.2709153,0.3629613,0.5029634,0.39387286
0.8900745,0.2703615,0.36297613,0.50335026,0.3933513
0.90007484,0.27045953,0.36266533,0.50307846,0.39361727
0.9100741,0.27023828,0.36275432,0.50198704,0.3927276
0.92011803,0.2690322,0.36259982,0.50281245,0.39383632
0.93013,0.2681409,0.36074647,0.5018894,0.3937683
0.9400928,0.2687928,0.3606152,0.5014426,0.39425018
0.9500998,0.2692413,0.362713,0.5017379,0.39367887
0.9601008,0.27026105,0.3630056,0.5017386,0.39382732
0.9701027,0.26832777,0.3611534,0.50166196,0.39378938
0.9800912,0.2682464,0.36075142,0.4999275,0.39362288
0.9900945,0.26729867,0.360781,0.500798,0.39325657
1.0003492,0.2700771,0.3619771,0.5010236,0.39433885
1.0101184,0.26967534,0.36142147,0.5006728,0.39338014
1.022956,0.2676558,0.36048287,0.49962914,0.39492577
1.0300936,0.2687772,0.36137274,0.5001469,0.3929852
1.0400852,0.27034846,0.36260486,0.49968684,0.39385504
1.0500803,0.27085584,0.3632364,0.49963978,0.3930142
1.060074,0.26995876,0.36216432,0.49969244,0.39399955
1.0700705,0.2702522,0.36289814,0.49972376,0.3936408
1.08007,0.27030915,0.36248052,0.49920192,0.3937107
1.0900706,0.27030143,0.3625351,0.49854806,0.39365542
1.1000718,0.26999122,0.36291367,0.49898645,0.39430115
1.1100702,0.27036244,0.3633595,0.4978069,0.39418462
1.12007,0.26971108,0.36234635,0.49773034,0.39396164
1.1300704,0.26979902,0.3628324,0.49798712,0.3935735
1.1400748,0.27014446,0.3632585,0.4969696,0.3939055
1.1500767,0.27093568,0.3641332,0.49602258,0.3942155
1.1600754,0.2705495,0.36295488,0.4980137,0.39403477
1.1700759,0.27109224,0.36329064,0.49730483,0.3941309
1.1800746,0.27066165,0.36354142,0.49789214,0.39415807
1.1900727,0.27063257,0.362907,0.495643,0.3927517
1.2000753,0.27083102,0.3631212,0.49716496,0.3928624
1.2100779,0.27040237,0.3624204,0.49646264,0.39185056
1.2200749,0.27018997,0.3622156,0.4958891,0.39470896
1.2300756,0.27030268,0.3616504,0.49565405,0.39365047
1.2400775,0.27134356,0.36285505,0.49520147,0.3942464
1.2500745,0.27016145,0.36217442,0.49513623,0.39360073
1.2600746,0.2706021,0.36342978,0.49506497,0.3932049
1.270074,0.270218,0.36201635,0.49431834,0.39302978
1.2800758,0.27049655,0.36283317,0.49502128,0.39412117
1.2900747,0.2703028,0.3631641,0.49443632,0.39385718
1.3000757,0.27066183,0.36332405,0.49392614,0.39375037
1.310074,0.27082592,0.3632273,0.4942223,0.39398006
1.3200767,0.27068242,0.36225867,0.49367514,0.39380035
1.3300751,0.2702532,0.3630539,0.49350426,0.39455092
1.3400757,0.2706838,0.36314562,0.49332646,0.393643
1.3500735,0.27051076,0.36356622,0.49308306,0.39376074
1.3600745,0.27042657,0.36325324,0.4927695,0.393968
1.3700752,0.27093306,0.3639694,0.49276248,0.3939173
1.3800733,0.2703877,0.36383393,0.49265727,0.39333513
1.390075,0.27126703,0.36313555,0.4919668,0.39348662
1.4000748,0.2705186,0.36315995,0.49213246,0.3935059
1.4100732,0.27170253,0.36331287,0.49173874,0.39424044
1.4209734,0.27051434,0.36299306,0.49107364,0.39404994
1.4300997,0.26851416,0.36207345,0.49097812,0.39324746
1.4400942,0.26854452,0.36160532,0.49071386,0.3927492
1.450089,0.2690847,0.36007667,0.49032,0.39324144
1.4600879,0.26996365,0.3631133,0.49011543,0.3934255
1.4700819,0.2709811,0.36343667,0.49065244,0.39360967
1.4800783,0.27030814,0.36350742,0.48991886,0.39270258
1.4900767,0.2704699,0.36305016,0.49027276,0.393493
1.5000732,0.27153003,0.36376682,0.48932794,0.39383966
1.5100749,0.27075046,0.36302355,0.4900664,0.3935746
1.5200782,0.27112398,0.36390477,0.4890946,0.3935459
1.5300746,0.27081916,0.36337402,0.48971003,0.3931061
1.5400957,0.27041957,0.3638347,0.48979023,0.39391512
1.550074,0.2702751,0.36309195,0.48847342,0.39308286
1.5600764,0.27030832,0.3640457,0.48910373,0.39410046
1.570075,0.27049685,0.36267224,0.48896495,0.39335355
1.5800738,0.27117234,0.36426574,0.4883768,0.39386958
1.5900754,0.27065924,0.36285147,0.48804834,0.3938146
1.6000758,0.27065405,0.36326018,0.48764497,0.393443
1.6100726,0.27032262,0.36314905,0.48755687,0.39306042
1.6200732,0.27100006,0.36342207,0.48751512,0.39361086
1.6300757,0.27049088,0.36359623,0.48788497,0.39324358
1.6400743,0.27009466,0.36380932,0.4881211,0.39308926
1.6500794,0.27036926,0.36359087,0.48707175,0.3934958
1.6600764,0.27039394,0.362677,0.4870231,0.39279512
1.6700733,0.27060485,0.36386108,0.48695645,0.3937061
1.680073,0.2704651,0.3633658,0.48661926,0.39390862
1.6900758,0.27054924,0.3632561,0.4866943,0.39289787
1.7000762,0.27020985,0.3628417,0.4865516,0.39358678
1.7100736,0.27086616,0.36415282,0.48609218,0.39387432
1.7200752,0.27037764,0.36273864,0.48647034,0.39339563
1.7300754,0.27180827,0.3642874,0.48526996,0.39293706
1.7400731,0.27122414,0.3633466,0.48563915,0.39310262
1.7500739,0.2717519,0.36296424,0.48535192,0.3940584
1.7600738,0.26984093,0.36361566,0.48518872,0.3934625
1.7700725,0.2707722,0.36402935,0.48552096,0.39286882
1.7800751,0.27097714,0.36377773,0.48498183,0.39397433
1.7900735,0.27136788,0.3631716,0.48446545,0.39373568
1.8000753,0.27002066,0.3642057,0.4849928,0.39271504
1.8100742,0.27090207,0.3628439,0.48454195,0.39315304
1.8200735,0.2715489,0.36390346,0.48401278,0.39291313
1.8300759,0.2708528,0.36411622,0.48395628,0.39356998
1.8400766,0.2708649,0.3640541,0.48380202,0.39422426
1.8500752,0.27029857,0.36371005,0.48407048,0.3928751
1.860074,0.2708782,0.36392367,0.48351452,0.39337167
1.8700753,0.27093685,0.36330134,0.48363662,0.3926243
1.8800763,0.27158487,0.36485615,0.48337424,0.3931375
1.8900747,0.27066308,0.36311018,0.4837086,0.39327046
1.9000759,0.27077484,0.36386833,0.48331106,0.39309323
1.9100736,0.27072692,0.36378643,0.483588,0.3931471
1.9200891,0.26794097,0.36201313,0.4825959,0.39294475
1.9300889,0.2689177,0.36156958,0.48202118,0.39319152
1.9400998,0.26659045,0.36064538,0.48215887,0.39233202
1.9500997,0.26886746,0.36202043,0.48198798,0.39269283
1.960087,0.2704993,0.36318624,0.48234978,0.39391804
1.970156,0.2686829,0.36123747,0.48199716,0.39337757
1.9800841,0.26807016,0.36181808,0.482085,0.39290702
1.9900955,0.26844963,0.36195487,0.48158565,0.3934245
2.0000916,0.2680542,0.3638995,0.48119056,0.39260456
2.0100856,0.2710149,0.36329895,0.48149332,0.392885
2.0200794,0.27102658,0.3632333,0.4811858,0.39263037
2.0300758,0.2715358,0.3637023,0.48127303,0.3934083
2.040074,0.27041993,0.3630437,0.48147514,0.39338106
2.050133,0.2706401,0.3632312,0.4807129,0.39350563
2.060074,0.27058873,0.3626735,0.48080552,0.39293846
2.0700712,0.2704321,0.36277178,0.48043877,0.39379716
2.0800722,0.2707114,0.36308083,0.48046333,0.3926096
2.0900714,0.27093625,0.3627449,0.48049068,0.3931909
2.1000717,0.2707229,0.36388034,0.48014805,0.39301726
2.1100717,0.27027452,0.36317235,0.48064336,0.39338025
2.1200736,0.27022767,0.36316508,0.48020256,0.3932325
2.130073,0.27089387,0.3638991,0.47985634,0.3933645
2.1400716,0.2704526,0.36362118,0.47945723,0.39324778
2.1500702,0.27027747,0.3628275,0.4793416,0.39285412
2.160076,0.27089965,0.36415553,0.48000404,0.39271432
2.1700754,0.2707117,0.36318547,0.47940743,0.39257458
2.1800747,0.27135584,0.36417574,0.47958446,0.39307964
2.1900737,0.27023014,0.36316243,0.47888038,0.39223802
2.200075,0.2708258,0.36422074,0.47932845,0.39296067
2.2100742,0.27155524,0.3606818,0.47837552,0.39221594
2.2200756,0.27007416,0.3632358,0.47876418,0.39266786
2.2300751,0.27072084,0.36331213,0.47817537,0.3927854
2.2400703,0.26836774,0.36255944,0.4779039,0.39293972
2.2500737,0.26975122,0.36108756,0.4782348,0.39191362
2.2600753,0.27011442,0.36163083,0.47812387,0.3930594
2.2700727,0.27034658,0.3642383,0.47807744,0.39039457
2.2800748,0.27004027,0.36288312,0.47685516,0.39060786
2.2900743,0.26982117,0.3633247,0.47879088,0.39365032
2.3000758,0.2691275,0.36311644,0.47964793,0.3929355
2.310074,0.27118087,0.36410558,0.47723144,0.39247593
2.3200736,0.2708399,0.3641734,0.47796425,0.39294654
2.3300788,0.271131,0.36400786,0.4770123,0.39269957
2.3400757,0.27100396,0.3636864,0.47701722,0.39223644
2.3500726,0.26996297,0.36338678,0.47705197,0.39294362
2.3600745,0.27021855,0.36380804,0.4768102,0.3928133
2.3700738,0.27069265,0.36413622,0.4763866,0.39203233
2.3800757,0.27198574,0.36309892,0.47685856,0.39274386
2.3900752,0.2711173,0.36399257,0.4764911,0.3919386
2.4000747,0.2707943,0.36356437,0.47620994,0.39221063
2.410074,0.26976746,0.36329997,0.47566918,0.39235294
2.4200864,0.26997763,0.36266696,0.47561863,0.3918185
2.4300892,0.26891202,0.36064416,0.47531518,0.3914644
2.4400895,0.26863307,0.36199147,0.47555518,0.39280427
2.4500878,0.2674038,0.36158523,0.4748327,0.38906723
2.4600873,0.26856524,0.36088413,0.47526914,0.3919167
2.4700778,0.27000368,0.3633224,0.47471038,0.39211273
2.480075,0.27086222,0.36439547,0.47536436,0.39263618
2.4900749,0.2698505,0.36175096,0.4746024,0.39170113
2.500076,0.2709565,0.3639521,0.47504824,0.39206696
2.510072,0.27103692,0.36346582,0.47476467,0.3918281
2.5200741,0.2703605,0.3641997,0.47425714,0.39175043
2.5300732,0.2709213,0.3639516,0.47451857,0.39143607
2.5400755,0.27047938,0.36408195,0.4745585,0.39244768
2.5500758,0.27143708,0.36351776,0.47484767,0.39214954
2.5600953,0.27046642,0.36338663,0.47394758,0.39213118
2.5700734,0.27053013,0.36375833,0.47436982,0.3924093
2.5800736,0.2706065,0.36374545,0.47391674,0.39250752
2.5900748,0.27159184,0.36396042,0.4742116,0.39201015
2.6000752,0.27054155,0.36343524,0.47345042,0.3918875
2.610076,0.2713816,0.36385643,0.47375974,0.39209738
2.6200743,0.2715794,0.36322525,0.4733556,0.392389
2.6300755,0.2717154,0.36390376,0.47409594,0.39167216
2.6400738,0.27059188,0.36440665,0.4728148,0.39164722
2.6500745,0.27100006,0.36406776,0.47309712,0.39173362
2.6600945,0.2709534,0.36412352,0.47265404,0.39213857
2.6700733,0.27049398,0.36323926,0.47306374,0.3922942
2.6800756,0.2711,0.36360663,0.4728163,0.39169395
2.690072,0.27091482,0.3642025,0.47270817,0.3919109
2.7000751,0.27100053,0.36380336,0.47276807,0.3916702
2.710074,0.2704668,0.36429906,0.4729369,0.39148986
2.7200766,0.2711167,0.36478078,0.47279754,0.39234933
2.7300725,0.27104077,0.3636625,0.47286886,0.39200014
2.7400758,0.270774,0.36396506,0.47292772,0.3922508
2.7500734,0.2709827,0.3621907,0.47092557,0.3919575
2.7600932,0.271512,0.3630778,0.4714852,0.39207354
2.770074,0.2711271,0.36423156,0.47172496,0.39108735
2.780075,0.271485,0.3642722,0.47159514,0.39154246
2.790073,0.2707349,0.36383247,0.47119865,0.3916374
2.8000765,0.27061197,0.36351115,0.47209498,0.3915377
2.810074,0.2705807,0.36353883,0.47092873,0.3914479
2.820076,0.27015427,0.36302507,0.47086775,0.3917094
2.8300753,0.27096787,0.3642323,0.4709419,0.39224043
2.8400755,0.2702487,0.36392438,0.47144547,0.39204368
2.8500755,0.27101356,0.3639616,0.47083047,0.3910842
2.8600912,0.27025676,0.36361083,0.47023934,0.391071
2.8700757,0.27001917,0.36383283,0.47134745,0.3911261
2.8800733,0.27083305,0.36350638,0.47063148,0.3911792
2.8900752,0.27063096,0.36474705,0.47076368,0.39131877
2.900075,0.27107385,0.36427215,0.47018045,0.39147553
2.9100738,0.27151996,0.36420786,0.47091246,0.39154193
2.9200883,0.27076104,0.3636463,0.4690948,0.39062968
2.9300942,0.26881522,0.36186436,0.46995085,0.39119858
2.9400992,0.2672827,0.36092058,0.4692714,0.3902424
2.9501038,0.26777112,0.36044198,0.4698932,0.39184672
2.960106,0.27055338,0.36288655,0.46900725,0.39122155
2.9701164,0.2678876,0.36149135,0.4681437,0.39143592
2.9800906,0.26876402,0.3618935,0.46896642,0.39092585
2.9900978,0.26858586,0.3623421,0.46887323,0.38996986
3.000089,0.26983333,0.3632916,0.46964628,0.39124262
3.010078,0.27024177,0.36418694,0.46928105,0.38999426
3.0200787,0.2715962,0.3642791,0.46882695,0.39148438
3.0300753,0.27123547,0.36446998,0.46876177,0.39099666
3.0400763,0.27169356,0.36487246,0.4684867,0.39125857
3.0500734,0.27077368,0.3645308,0.4678486,0.3905509
3.0600753,0.2707886,0.36383873,0.46913585,0.39011893
3.0700734,0.27116343,0.36387205,0.46843436,0.3913572
3.080076,0.27141827,0.3648127,0.46845153,0.39088294
3.0900748,0.27074838,0.36395288,0.46815246,0.39070225
3.1000743,0.270572,0.36471197,0.46817467,0.39154172
3.1100738,0.27126095,0.36416027,0.4682458,0.3903952
3.120076,0.27057707,0.3644742,0.46785185,0.3908321
3.1300802,0.27068722,0.36413133,0.46763322,0.39053965
3.1400762,0.27054757,0.3638046,0.46742633,0.39051372
3.1500754,0.2711856,0.3646212,0.46781206,0.3902142
3.1600757,0.27153778,0.3645944,0.46751514,0.39058998
3.1700728,0.27114362,0.36432886,0.46776065,0.39007062
3.1800733,0.2711805,0.3641052,0.46567374,0.3906657
3.1900747,0.2712333,0.36469173,0.46605912,0.3908663
3.200075,0.27051076,0.3639903,0.46676674,0.38968584
3.2100751,0.2712442,0.36493897,0.46671534,0.39066947
3.2200813,0.27052864,0.36408946,0.4667687,0.38997778
3.2300758,0.27151197,0.3639535,0.46641308,0.39045548
3.240074,0.27006915,0.3639127,0.46586883,0.39033675
3.2500734,0.27107248,0.36458632,0.46667475,0.39041317
3.260075,0.27053332,0.36404923,0.46566752,0.3905457
3.2700737,0.27059746,0.3644082,0.46592623,0.3899938
3.2800756,0.26986894,0.36414072,0.46595806,0.3897185
3.2900734,0.27063003,0.36418077,0.46586403,0.38997683
3.3000746,0.27076387,0.36498728,0.46509224,0.38976365
3.3100746,0.26983276,0.36396113,0.46576622,0.39036667
3.3200762,0.27088577,0.36487675,0.46545482,0.39026257
3.3300734,0.27011183,0.36418918,0.4647043,0.38977528
3.3400753,0.27109143,0.364354,0.46554923,0.39089134
3.3500755,0.27075902,0.3639157,0.464963,0.38938373
3.3600726,0.27118272,0.36488557,0.4655171,0.39000446
3.37009,0.27112448,0.36434916,0.46517563,0.39040598
3.3800747,0.27116942,0.3643662,0.46544528,0.38991973
3.3900738,0.26991108,0.36419427,0.46493137,0.38948193
3.400075,0.27115285,0.36518487,0.46490803,0.38969398
3.4100733,0.2702583,0.36475852,0.4650049,0.38993102
3.4200861,0.27155355,0.36374176,0.46396092,0.38976324
3.4300852,0.26806182,0.361124,0.46357206,0.3894593
3.4400926,0.2685185,0.36187977,0.46391806,0.38942528
3.4500906,0.26920763,0.3628572,0.4636289,0.3898876
3.4600916,0.26976454,0.3626128,0.4638383,0.38960686
3.4701054,0.2709756,0.36413908,0.46334496,0.3890442
3.480074,0.26970807,0.36432204,0.4635794,0.3887798
3.4900799,0.27062646,0.36406967,0.4642244,0.38963655
3.5000765,0.27087042,0.36513388,0.46389768,0.38955575
3.510074,0.27028638,0.36440042,0.46360004,0.38961142
3.5200772,0.27171007,0.36450076,0.46340045,0.3896845
3.5300732,0.27187648,0.36316314,0.46355325,0.3895195
3.5400765,0.27049765,0.36479145,0.4637353,0.38907874
3.5500743,0.27133664,0.36459026,0.46322286,0.38957465
3.5600758,0.2705149,0.36430675,0.4632986,0.3889478
3.570075,0.27045763,0.36476803,0.46420676,0.38924143
3.580075,0.2707496,0.36480713,0.4630913,0.38895312
3.5900748,0.27053085,0.36460683,0.46244425,0.3888341
3.6000726,0.27058968,0.3648842,0.46315935,0.38934842
3.6100745,0.27088904,0.3647837,0.4631512,0.38973507
3.620076,0.27068797,0.36453286,0.46247974,0.3888602
3.6300733,0.27033797,0.3647712,0.46249947,0.38924864
3.6400752,0.27064756,0.36534372,0.46251538,0.38923186
3.650073,0.27108765,0.36425596,0.46252036,0.38929123
3.6600728,0.27109888,0.36523882,0.4622761,0.38939276
3.670075,0.2695618,0.36442342,0.46170443,0.38789862
3.6800845,0.27102786,0.3647787,0.4618159,0.38914323
3.6900792,0.27082562,0.36356512,0.46145415,0.38851488
3.7000763,0.27082735,0.365354,0.4624635,0.3884438
3.7100737,0.2709255,0.36441356,0.46180502,0.3898475
3.7200744,0.27080703,0.3646905,0.46135318,0.38880908
3.7300756,0.270546,0.36404544,0.460992,0.3883744
3.7400756,0.2702142,0.36430165,0.46125135,0.38830438
3.7500756,0.2708365,0.36400634,0.46101525,0.38788566
3.7600732,0.27073452,0.3645848,0.46173805,0.38879386
3.770073,0.270772,0.36388725,0.4611084,0.3884483
3.7800756,0.27141446,0.3641967,0.4601069,0.38843074
3.7900746,0.2703109,0.36439303,0.4608743,0.3892485
3.8000777,0.26994228,0.3644558,0.46137056,0.38838848
3.8100746,0.27151555,0.36537573,0.4615579,0.3884824
3.8200736,0.27146536,0.3645384,0.46048144,0.38817888
3.8300757,0.27140945,0.36518237,0.46093994,0.38833356
3.8400748,0.2699501,0.3652231,0.46054807,0.3882988
3.8500755,0.27119038,0.36492333,0.46048892,0.38847226
3.860075,0.27121243,0.36489242,0.45997995,0.38834375
3.8700726,0.2710006,0.3644723,0.46077833,0.38853723
3.880073,0.27073178,0.3649472,0.4599314,0.38821197
3.8900743,0.27074644,0.3647067,0.46039638,0.38857606
3.9000747,0.27088004,0.36471877,0.46017942,0.38832504
3.9100742,0.27034923,0.36488298,0.46006358,0.38837215
3.920086,0.2712378,0.36502716,0.45998877,0.3879737
3.9300945,0.2677809,0.362353,0.4590276,0.38753366
3.9401,0.2672453,0.3621854,0.45865965,0.38730794
3.9500966,0.26874378,0.36278325,0.45920202,0.38732052
3.9600837,0.2710813,0.36561894,0.45918053,0.38855937
3.9700956,0.265376,0.36125758,0.45821166,0.387587
3.9801004,0.26881063,0.3639037,0.45939565,0.38762805
3.9901028,0.2699994,0.36390013,0.45894787,0.38770223
4.0000978,0.27063647,0.36463693,0.45906237,0.3877417
4.010083,0.26947975,0.3646411,0.45917216,0.38740277
4.020077,0.27023238,0.36526087,0.45902976,0.38758308
4.030073,0.27067566,0.36499077,0.45951393,0.38715425
4.0400763,0.2709612,0.36491227,0.45900023,0.38738152
4.050076,0.27043867,0.3644296,0.45876598,0.387598
4.0600758,0.27027476,0.36432847,0.45869973,0.38760823
4.070072,0.27044684,0.36470827,0.4584666,0.3881484
4.0800757,0.27109292,0.36468118,0.4581624,0.38752985
4.0900736,0.27134395,0.36494547,0.4588038,0.38709128
4.100075,0.27056065,0.3642551,0.45812422,0.38738492
4.110074,0.27118382,0.36484197,0.4584944,0.3872361
4.120075,0.27072862,0.36485654,0.4580275,0.38726595
4.1300745,0.27136934,0.36486098,0.45776036,0.3874257
4.1400733,0.2707461,0.3648951,0.45793423,0.38720605
4.150076,0.2708463,0.36543927,0.45803776,0.38784215
4.160075,0.2706824,0.36471814,0.45750454,0.3867361
4.170074,0.2708114,0.36510143,0.4578232,0.387733
4.1800756,0.27051395,0.36471906,0.45778143,0.38722652
4.190072,0.2703988,0.36502615,0.45735198,0.38747898
4.2000747,0.27137128,0.3645598,0.45784554,0.3868058
4.2100835,0.27051127,0.3639723,0.45734918,0.3869634
4.2200785,0.2703562,0.36440814,0.45710388,0.3870881
4.2300754,0.27145272,0.36496827,0.45749655,0.38706604
4.2400756,0.2705518,0.36532047,0.45756558,0.386644
4.250074,0.2703893,0.3653905,0.45689827,0.38667706
4.2600737,0.27091733,0.36547098,0.45765015,0.38685408
4.270073,0.27104,0.364753,0.4561584,0.38718864
4.280094,0.27167004,0.36559337,0.45689723,0.38748026
4.2900753,0.27160043,0.36562234,0.45722365,0.38658375
4.3000793,0.2707519,0.365032,0.45648694,0.38662484
4.3100743,0.27101266,0.36472452,0.45622012,0.38657358
4.3200755,0.2712269,0.3651357,0.45706868,0.3872145
4.3300753,0.27093682,0.3646503,0.45674154,0.3867344
4.340076,0.27042586,0.36537313,0.4558687,0.3868164
4.3500752,0.27067372,0.36511812,0.45627835,0.38675997
4.360075,0.27099833,0.36577848,0.45623872,0.38675734
4.370075,0.2710706,0.36436874,0.456262,0.38660508
4.3800726,0.2709907,0.36530578,0.4564246,0.38681713
4.3900743,0.27113962,0.36512354,0.4552891,0.38614887
4.4000754,0.2708849,0.36584115,0.45590624,0.38695052
4.4100733,0.27116412,0.3653122,0.4557133,0.38656214
4.4200916,0.27181575,0.36372492,0.4552904,0.38749102
4.430087,0.2678857,0.36324748,0.45533273,0.3865183
4.4400883,0.26668996,0.36265573,0.45423627,0.38588443
4.4500966,0.27045295,0.36311918,0.45537654,0.3872065
4.460091,0.26931843,0.36518964,0.45470497,0.38616416
4.4700913,0.27120095,0.36482805,0.4548228,0.38580936
4.4800797,0.26958385,0.3648733,0.45504123,0.38599673
4.490074,0.26966774,0.36444494,0.454653,0.38686854
4.500072,0.27106303,0.36509162,0.45505664,0.38560966
4.510072,0.27086493,0.36494356,0.45467174,0.38655332
4.5200744,0.2702851,0.36485586,0.45475096,0.38607952
4.530071,0.2706718,0.36494464,0.45481667,0.38596246
4.5400734,0.27048337,0.36560872,0.4547268,0.3866215
4.550071,0.2704556,0.3653605,0.4551404,0.38617286
4.560073,0.27052703,0.3654718,0.45463103,0.38648674
4.5700727,0.27089202,0.36506894,0.45435143,0.3858815
4.580073,0.2708168,0.365035,0.45443857,0.3858237
4.5901046,0.27072665,0.36487147,0.45399654,0.3862
4.6000757,0.2712569,0.36526898,0.45497528,0.38494924
4.6100807,0.2709846,0.3654576,0.45399597,0.38554162
4.6200805,0.27111325,0.36516553,0.45465747,0.3861403
4.6300755,0.27087766,0.36461762,0.4540649,0.38606972
4.640074,0.27054507,0.36451244,0.4537004,0.38596722
4.650073,0.27067623,0.3646164,0.45369342,0.38607344
4.6600747,0.27112874,0.36577877,0.45412397,0.3853945
4.6700735,0.27122727,0.36576056,0.4536999,0.38519844
4.680075,0.27099282,0.36550018,0.45339018,0.38617674
4.6900945,0.270693,0.36521044,0.45382583,0.38499138
4.7000775,0.27099743,0.36548865,0.45404235,0.38610134
4.7100787,0.27151516,0.36554652,0.45381573,0.38551816
4.720078,0.271666,0.364407,0.45313564,0.38581276
4.7300754,0.2711356,0.36618048,0.45377043,0.38575065
4.740075,0.2713218,0.36498055,0.45300716,0.38612804
4.7500753,0.27121696,0.36546832,0.4536181,0.38558742
4.76008,0.2718607,0.3660038,0.4540617,0.38616192
4.770076,0.2710497,0.36604908,0.4532312,0.38491765
4.7800756,0.27066264,0.36589777,0.45301843,0.38515612
4.7900743,0.27032217,0.36501437,0.45274088,0.38525042
4.80008,0.2712272,0.36503884,0.45234263,0.38524106
4.8100786,0.2713812,0.36498344,0.45253655,0.38483816
4.820091,0.27010167,0.3657347,0.45252413,0.38541946
4.8300805,0.27102596,0.3645715,0.452567,0.38533163
4.8400745,0.27136034,0.36584255,0.45248523,0.38524994
4.850073,0.2708541,0.36556247,0.4524812,0.3855441
4.8600755,0.27158305,0.3666368,0.45233035,0.38501218
4.8700757,0.27074617,0.36557803,0.4531481,0.3845992
4.8800755,0.27137432,0.36607102,0.45259655,0.38501164
4.8900723,0.2708707,0.36520353,0.4526127,0.3843589
4.900089,0.27101684,0.36566547,0.45211565,0.38535786
4.9100804,0.2713753,0.36523238,0.45196405,0.38474953
4.920105,0.2699648,0.3657347,0.452868,0.3844931
4.9300966,0.2682694,0.3638262,0.45205814,0.384685
4.9401,0.26746318,0.36190566,0.45181456,0.38418114
4.9500895,0.26797616,0.36336437,0.45155838,0.384081
4.9600954,0.2688375,0.3621702,0.4518376,0.38451698
4.9701033,0.26875275,0.3628615,0.45203173,0.38440847
4.980092,0.26768547,0.36341092,0.45113513,0.38458478
4.990106,0.26961613,0.3639685,0.45114422,0.3840799
5.000099,0.26856542,0.36367348,0.4511028,0.38452712
5.0100756,0.2700342,0.36442223,0.45150387,0.38467717
5.02008,0.2688301,0.36371478,0.4515275,0.3837397
5.030084,0.26942262,0.3638386,0.45107472,0.3847458
5.0400743,0.2698783,0.36375356,0.45052877,0.384219
5.0500712,0.2697023,0.36423275,0.4514519,0.38446411
5.060072,0.2698663,0.36497524,0.45090917,0.38400057
5.0700717,0.27000576,0.36397523,0.45120925,0.38436684
5.080069,0.26981938,0.36534974,0.45093343,0.38444132
5.0900702,0.2700269,0.36477688,0.4515783,0.38421267
5.1000786,0.27113765,0.36555034,0.45077997,0.38431147
5.110078,0.27189326,0.36604306,0.4505439,0.38345468
5.120079,0.27077448,0.36564106,0.45152983,0.3838284
5.130075,0.2711606,0.36553365,0.45130903,0.38412333
5.1400757,0.27079806,0.36575133,0.45182157,0.38416085
5.150075,0.27150908,0.36542714,0.4511317,0.38405088
5.1600757,0.27239203,0.36680707,0.45122412,0.38447002
5.170077,0.26997387,0.3662231,0.4514204,0.38466504
5.1800756,0.2712096,0.36574396,0.45083666,0.3839299
5.190075,0.27031162,0.36651862,0.45033586,0.3840459
5.2000737,0.2717695,0.36577576,0.45069015,0.38382584
5.2100782,0.27175176,0.36611181,0.45009625,0.3831862
5.2200813,0.27075064,0.36626285,0.45077804,0.38447732
5.2300754,0.27118152,0.3659706,0.4501337,0.3844186
5.24009,0.27049315,0.36616287,0.45146376,0.38372293
5.2500753,0.27110025,0.36537248,0.44985732,0.38340172
5.2600775,0.2712255,0.36527288,0.45059577,0.3837682
5.270073,0.27086404,0.3652625,0.4501115,0.38365483
5.280075,0.27112257,0.36544856,0.4506772,0.38304144
5.290076,0.270744,0.3654099,0.4504324,0.38325417
5.300076,0.2704702,0.36536238,0.45035595,0.3837319
5.310079,0.27220884,0.36540937,0.45032874,0.38355604
5.3200774,0.27073357,0.36557838,0.45027065,0.3832406
5.3300786,0.27161863,0.3666165,0.4504367,0.38342878
5.3400764,0.27037585,0.3660874,0.4498115,0.38322675
5.350075,0.27088693,0.36589557,0.45026016,0.38358638
5.3600755,0.2714745,0.36563903,0.4502555,0.38312706
5.370073,0.2711738,0.36597174,0.45005184,0.38321206
5.3800735,0.27105173,0.36575285,0.44999325,0.38270965
5.390074,0.2706244,0.3658321,0.45030633,0.38372695
5.4000807,0.27098078,0.36539182,0.44971642,0.38251448
5.4100766,0.2710753,0.36623034,0.4497586,0.38299382
5.420097,0.26937905,0.36493438,0.44927517,0.38304847
5.430161,0.2686159,0.36472517,0.4496451,0.38230243
5.440089,0.26887688,0.36419672,0.4492018,0.38345477
5.450092,0.2694051,0.3642972,0.4495528,0.3823544
5.4601,0.26969475,0.35939553,0.4483502,0.38071263
5.470194,0.26808366,0.36579022,0.44999242,0.38273078
5.480084,0.2710441,0.3661104,0.4500196,0.38287362
5.490075,0.27138436,0.36627743,0.44954485,0.38240218
5.5000744,0.27113932,0.3664358,0.44963148,0.3834848
5.5100737,0.2706121,0.36534265,0.44941387,0.3823328
5.520077,0.27129346,0.36668938,0.45042115,0.38277617
5.530073,0.27123198,0.36622477,0.4493233,0.38270643
5.5400763,0.27128285,0.36660463,0.44929823,0.38268024
5.5500727,0.27108464,0.36568093,0.44954708,0.38230133
5.5600758,0.2709657,0.3660521,0.44969565,0.38281417
5.570073,0.27079815,0.36601365,0.4491808,0.3824854
5.5800757,0.271183,0.3659903,0.44948453,0.38193026
5.590075,0.27114615,0.36671263,0.45019284,0.38230368
5.6000743,0.2712914,0.3661787,0.44987527,0.38318413
5.6100736,0.27167103,0.36638218,0.4492133,0.38202953
5.6200776,0.2699568,0.36634284,0.44948882,0.3820415
5.630075,0.27156442,0.365985,0.44954064,0.38234395
5.640076,0.27012163,0.36641344,0.4493946,0.3823727
5.650075,0.27132553,0.36614954,0.449725,0.38210705
5.660074,0.27112636,0.366022,0.44911894,0.38261423
5.670075,0.27178875,0.36642084,0.44975585,0.3821581
5.680074,0.27052113,0.36581993,0.4490517,0.38231894
5.690076,0.27009007,0.36598033,0.44913763,0.38173506
5.700075,0.2706499,0.36666,0.44942906,0.3814114
5.710074,0.27128544,0.36633384,0.44924656,0.38117042
5.7200766,0.2710308,0.36657116,0.44888481,0.38180575
5.730073,0.27118808,0.3666234,0.4497853,0.3826856
5.740073,0.27034196,0.36596224,0.4489265,0.38155544
5.750076,0.27127954,0.36624622,0.44921193,0.38198754
5.760073,0.27093813,0.36676022,0.44906756,0.38172236
5.770073,0.27025595,0.36566985,0.44848606,0.38169563
5.780076,0.27131495,0.36608833,0.44928494,0.38165173
5.7900753,0.27024144,0.36704522,0.4488744,0.38142765
5.8000736,0.2711843,0.36640212,0.44938004,0.38140792
5.810074,0.27088955,0.3664513,0.44894147,0.38219664
5.820077,0.2709106,0.3662511,0.44940835,0.38231415
5.8300753,0.27076674,0.36640975,0.4494029,0.3817495
5.8400755,0.27071005,0.36661968,0.44916996,0.38161007
5.850073,0.270929,0.3662589,0.44904366,0.3811732
5.8600726,0.27101025,0.3668392,0.44884318,0.3815251
5.8700733,0.2706205,0.3664444,0.44861397,0.3813365
5.880076,0.27112985,0.36632788,0.4485893,0.38142642
5.890076,0.27160102,0.36652943,0.4485689,0.38151652
5.9000745,0.27092558,0.36663,0.4493746,0.38158733
5.910074,0.27153128,0.3663351,0.448749,0.38140595
5.920082,0.26989186,0.36491045,0.44849804,0.38112575
5.9301143,0.2674383,0.36550966,0.4486334,0.38101876
5.9400997,0.26707166,0.36344418,0.44851527,0.3808528
5.950097,0.2692047,0.3643752,0.4488346,0.3814177
5.960128,0.27012822,0.3662533,0.44717246,0.38194025
5.970086,0.27103603,0.364989,0.44871902,0.38174522
5.9800897,0.26843384,0.36436075,0.4483332,0.37985295
5.9901,0.268491,0.36494997,0.44971457,0.38080743
6.0000935,0.26932645,0.36424744,0.44810015,0.3805104
6.01015,0.27054122,0.3665837,0.44863817,0.3813162
6.020078,0.2705178,0.36578998,0.4486788,0.3806616
6.030074,0.2708521,0.36595374,0.44932216,0.3814823
6.04007,0.27004927,0.36549425,0.4480058,0.3811718
6.050072,0.27032235,0.36583146,0.44895792,0.38073906
6.0600705,0.27036345,0.36572418,0.4477792,0.38056013
6.070069,0.27040362,0.36587504,0.44867766,0.38075852
6.080069,0.27007222,0.36573902,0.44811246,0.38133782
6.0900702,0.2699974,0.3658097,0.44882965,0.38112915
6.1000714,0.27038267,0.3662367,0.44853818,0.38113618
6.11007,0.27040464,0.36640322,0.44934303,0.38067663
6.120078,0.2716755,0.36659378,0.45008385,0.3806591
6.1300764,0.2711323,0.3665793,0.44932008,0.38024724
6.140076,0.27096468,0.36734608,0.44889826,0.38068283
6.150076,0.2704879,0.3661763,0.44862568,0.38005146
6.160075,0.2713218,0.36630452,0.44872677,0.3800972
6.1700735,0.27081665,0.36653012,0.4488303,0.3803442
6.1800756,0.27099565,0.3670544,0.44924736,0.38027242
6.190073,0.27043536,0.3652144,0.44778425,0.3804281
6.2000756,0.27159148,0.3662742,0.44940946,0.3800783
6.2100773,0.27082095,0.36653742,0.44966137,0.38024807
6.2200894,0.2709144,0.36639836,0.44878867,0.3800402
6.2300773,0.27128237,0.36689228,0.4491819,0.37998983
6.2400746,0.27088624,0.36654812,0.44890496,0.38015422
6.2500753,0.27146697,0.36684662,0.44939458,0.37987873
6.260075,0.2710671,0.36651888,0.44904733,0.3794986
6.2700734,0.2712373,0.36700433,0.4490982,0.379912
6.280076,0.27149245,0.36753604,0.44846508,0.38032708
6.290073,0.271362,0.36707515,0.44967774,0.380196
6.300075,0.27102575,0.36654115,0.44940367,0.37994584
6.310072,0.27128303,0.3664187,0.44919482,0.38034582
6.320076,0.27130225,0.3667818,0.44848803,0.38042903
6.330075,0.27162376,0.36701226,0.44909963,0.37918517
6.340075,0.27062872,0.3671717,0.44840986,0.37973526
6.350073,0.27123606,0.36658657,0.44841647,0.3798925
6.360073,0.27135843,0.36719954,0.4495106,0.37945947
6.370074,0.27063537,0.36687282,0.44851193,0.37963253
6.380075,0.2709185,0.36695004,0.44924518,0.380069
6.390075,0.27074164,0.36713272,0.44957134,0.37919948
6.4000745,0.27202526,0.36760566,0.44927004,0.37962413
6.410073,0.271494,0.36782846,0.4493644,0.37944248
6.420076,0.26918423,0.36615035,0.44885826,0.37937748
6.4300885,0.26843137,0.36449745,0.44847906,0.3787221
6.440096,0.26962113,0.3652347,0.44977534,0.38008335
6.4500957,0.26871985,0.36529186,0.44773844,0.379077
6.4600997,0.27058467,0.36750075,0.44925398,0.37957463
6.470101,0.27137753,0.36646456,0.4485433,0.37855077
6.4800797,0.2709313,0.36629358,0.44907257,0.37896955
6.490077,0.27062497,0.36663815,0.4500056,0.3788141
6.5000763,0.2712007,0.3671496,0.44745773,0.3791519
6.510081,0.2711651,0.3664029,0.45101282,0.37908894
6.52008,0.27103397,0.36549935,0.4505023,0.3789833
6.5300775,0.27106813,0.3665942,0.44971687,0.37932363
6.5400767,0.2707207,0.36832777,0.44862086,0.37798697
6.5500755,0.27133718,0.36775163,0.449253,0.37762716
6.5600758,0.2712553,0.36862788,0.4504367,0.37819913
6.5700755,0.2716963,0.3679223,0.45011926,0.37997648
6.5800734,0.27001956,0.3678422,0.4491474,0.3780199
6.5900755,0.27306056,0.36732602,0.44979087,0.37870193
6.6000752,0.26947966,0.36654466,0.44950697,0.37852934
6.610084,0.2692328,0.36681834,0.44996205,0.37858033
6.6200795,0.270173,0.36705092,0.4497922,0.37862122
6.6300735,0.27106717,0.36667624,0.449278,0.37804866
6.640074,0.271269,0.36721864,0.4495665,0.37862387
6.650075,0.27047697,0.36698237,0.44987926,0.37891015
6.660076,0.27223244,0.36736986,0.4496097,0.3785184
6.6700754,0.2713864,0.36713985,0.44943482,0.3782183
6.680075,0.27131012,0.36736742,0.45036942,0.37864658
6.6900754,0.27085757,0.36713013,0.45026278,0.3788808
6.7000737,0.2710614,0.36757657,0.45067403,0.37889788
6.710076,0.2702367,0.36716843,0.4514453,0.37818408
6.7200823,0.27102825,0.36718878,0.4506796,0.3787661
6.730077,0.27064654,0.36700028,0.45039567,0.3784797
6.740076,0.27167362,0.3679188,0.4509228,0.3786698
6.7500734,0.2712334,0.36690468,0.4509499,0.37795395
6.760077,0.27077535,0.36753595,0.4510199,0.3779575
6.770072,0.27073547,0.36723635,0.45016652,0.37803662
6.780075,0.27156892,0.36715445,0.45040506,0.37836164
6.790074,0.27119282,0.36736712,0.45038107,0.3772768
6.800082,0.27156308,0.3664909,0.45047617,0.37886515
6.810077,0.27129567,0.3672685,0.4496969,0.3779443
6.8200774,0.27128306,0.36729974,0.45070085,0.3780618
6.8300796,0.27190977,0.36822155,0.45075554,0.37833536
6.840077,0.27156138,0.36814755,0.45089504,0.37806818
6.8500752,0.27141532,0.3675376,0.45157766,0.37725356
6.860076,0.27105725,0.3675689,0.45059675,0.37754986
6.870073,0.27101907,0.3679104,0.45141107,0.37822738
6.8800735,0.27137682,0.3669274,0.4514356,0.3778168
6.8900747,0.27113962,0.36775666,0.45113066,0.37787607
6.900075,0.2704909,0.3670036,0.451196,0.37798163
6.910077,0.27138937,0.36731535,0.4505283,0.37758106
6.9200783,0.2703375,0.3660114,0.4507779,0.37698424
6.930094,0.2685538,0.36582097,0.45121586,0.37710866
6.9401016,0.2676538,0.36551067,0.45070684,0.37793326
6.950104,0.26915845,0.36505052,0.45040148,0.3776243
6.9601,0.26883343,0.35929343,0.4493216,0.37743202
6.970093,0.27020672,0.36591795,0.4513064,0.3780179
6.980829,0.26865888,0.36454558,0.45145282,0.37744963
6.9900866,0.26839888,0.36474928,0.45050135,0.3771347
7.0001016,0.2691518,0.36547184,0.45135957,0.37760866
7.0101023,0.2674112,0.36540046,0.45134482,0.37718016
7.020078,0.2694836,0.36688188,0.4514861,0.37759963
7.030093,0.26708466,0.364237,0.44998646,0.37658194
7.040086,0.26775563,0.36346748,0.4508967,0.37783682
7.0500793,0.26990458,0.36630076,0.4516623,0.37761077
7.0600724,0.26983738,0.36711955,0.45148918,0.3774795
7.0700693,0.27077013,0.36650786,0.4511159,0.37665573
7.08007,0.27066466,0.3661143,0.4519051,0.37658817
7.090069,0.2708299,0.36758253,0.45153576,0.37723216
7.10007,0.2701719,0.36717635,0.45169994,0.3774328
7.1100693,0.26998055,0.36669996,0.45186397,0.37710622
7.1200743,0.2706462,0.3683832,0.45271704,0.37728187
7.130073,0.27136716,0.36714014,0.45244074,0.37709188
7.140076,0.27156907,0.36838916,0.45213053,0.37705675
7.1500754,0.271085,0.36800882,0.45241526,0.37676442
7.160074,0.27149555,0.36762825,0.4526465,0.37691647
7.1700735,0.27140546,0.367858,0.4528801,0.37693155
7.1800737,0.27115285,0.36802724,0.45236492,0.376221
7.190075,0.27167138,0.36840132,0.4528144,0.37638095
7.2000747,0.2714911,0.36737573,0.4524542,0.37707394
7.2100754,0.27145678,0.3665214,0.45270598,0.376322
7.220087,0.27132738,0.3674617,0.4525965,0.3772749
7.2300754,0.27108586,0.3674952,0.45300972,0.37639418
7.240076,0.2711564,0.36798728,0.45255104,0.37615168
7.2500753,0.27147558,0.36818907,0.45335507,0.3769319
7.260082,0.2712445,0.36756665,0.45267615,0.37617204
7.270076,0.2706792,0.36838907,0.4520382,0.37605903
7.2800746,0.2712263,0.36751464,0.45291817,0.3760784
7.290075,0.27125785,0.36781168,0.45363328,0.37647712
7.300072,0.27138835,0.36814675,0.45237076,0.3763444
7.3100767,0.27118036,0.36761793,0.45501077,0.3775302
7.3200793,0.27110142,0.36767456,0.45309037,0.37722728
7.3300753,0.2710764,0.3674736,0.45318717,0.3752704
7.3400755,0.27171853,0.37033945,0.4540559,0.37632206
7.3500733,0.27084976,0.3674836,0.45370987,0.37611774
7.3600755,0.27115354,0.36831322,0.4529447,0.37604347
7.3700747,0.27107924,0.36822683,0.45355827,0.3756736
7.380075,0.27111134,0.36777592,0.45384306,0.37654582
7.390075,0.27164298,0.36769655,0.45424616,0.37581065
7.4000735,0.27106833,0.3673018,0.45467782,0.37596402
7.4100757,0.2710893,0.36765108,0.45353758,0.3754596
7.420078,0.27058923,0.3674301,0.45393127,0.3758776
7.4300942,0.2695697,0.366392,0.45419443,0.37540862
7.440094,0.27041176,0.36600286,0.45389298,0.3760853
7.4500937,0.26923776,0.36619025,0.45377076,0.37604198
7.460106,0.26503062,0.36773753,0.45352504,0.37550634
7.4700923,0.27147245,0.3677186,0.45500246,0.37548998
7.48008,0.27050927,0.36716157,0.4543409,0.37507892
7.4900746,0.27251565,0.36758512,0.4548546,0.37528005
7.500074,0.2708964,0.36810863,0.45498687,0.37565133
7.510073,0.27132276,0.36818677,0.45519432,0.37568647
7.5201335,0.27151585,0.36796182,0.4549075,0.37565553
7.530073,0.2710821,0.367742,0.45588848,0.37519595
7.540071,0.27090034,0.36820215,0.45509937,0.3753876
7.550073,0.27041176,0.3676501,0.45501208,0.375702
7.5600734,0.27082667,0.36882332,0.45539805,0.37537906
7.5700727,0.270771,0.3676152,0.45567974,0.37597114
7.5800734,0.27081728,0.36791444,0.4562125,0.3762721
7.5900707,0.27137578,0.36865157,0.45471206,0.3755341
7.600073,0.27128136,0.36821154,0.4552649,0.37504274
7.610071,0.27110583,0.36777794,0.45547312,0.37552258
7.620103,0.270452,0.36751038,0.4558796,0.3758456
7.6300755,0.27167302,0.36808628,0.45591515,0.37530506
7.6400805,0.2718791,0.36942118,0.45604113,0.37511337
7.650079,0.27073857,0.36783645,0.4557073,0.37514368
7.660074,0.27108672,0.36900312,0.45599157,0.375061
7.6700745,0.27039862,0.36764222,0.4554526,0.37459907
7.680075,0.27201548,0.36733875,0.45545432,0.3755602
7.6900744,0.2709943,0.36834624,0.4565747,0.37478316
7.7000747,0.2709345,0.36825973,0.45640936,0.37440002
7.710074,0.2714659,0.3682217,0.4570105,0.37462395
7.720094,0.27129564,0.3686983,0.45601612,0.37512273
7.7300754,0.2715048,0.36835727,0.45683357,0.37465495
7.7400756,0.27140978,0.36867607,0.45714718,0.3748776
7.7500753,0.27116013,0.36853465,0.45624128,0.37475297
7.7600737,0.2701279,0.3669234,0.45612139,0.37476358
7.7700734,0.26953587,0.36746114,0.45680982,0.374233
7.7800727,0.26962906,0.3669109,0.45670792,0.37426984
7.790074,0.27054986,0.36761937,0.4561373,0.37440756
7.8000765,0.26987755,0.36737525,0.45692602,0.3744285
7.8100815,0.2690859,0.36570963,0.4573081,0.37366015
7.820105,0.2699078,0.36650136,0.45642993,0.374558
7.8300743,0.269379,0.36619553,0.45723996,0.37436777
7.8400736,0.27152637,0.36822945,0.45569733,0.37472725
7.850075,0.2709974,0.3668333,0.45690578,0.37477076
7.8600755,0.27082187,0.36809677,0.45740393,0.3746136
7.870073,0.270286,0.36823818,0.4571084,0.37384078
7.8800745,0.27124444,0.36831915,0.45722964,0.37444717
7.890075,0.27236584,0.3676971,0.45752287,0.37395534
7.900073,0.2721676,0.3686824,0.45765096,0.37421933
7.9100738,0.27184334,0.36909688,0.45735493,0.37445262
7.920076,0.27072248,0.36948293,0.4582563,0.37415633
7.9300895,0.26940686,0.36650595,0.45806605,0.37399596
7.9400997,0.26837918,0.3650396,0.45733756,0.37352204
7.950092,0.2684069,0.36643997,0.45746925,0.37456903
7.9601,0.26154777,0.36048597,0.45828047,0.3730845
7.970079,0.27073243,0.36878577,0.45813093,0.3745746
7.9801254,0.26932523,0.3663761,0.45730317,0.3744596
7.9900885,0.26951262,0.36599386,0.45734057,0.37405398
8.000094,0.26928976,0.36613366,0.45735666,0.3736852
8.010093,0.27135855,0.3678008,0.4581133,0.37379044
8.020081,0.27066284,0.36818403,0.45817474,0.37346044
8.030075,0.2712889,0.3679863,0.45850134,0.373856
8.040072,0.2714255,0.36772916,0.45891634,0.3740428
8.05007,0.27046463,0.367856,0.4586717,0.37371847
8.060071,0.27039474,0.36772758,0.4583121,0.37392458
8.070071,0.27103832,0.36817318,0.45904142,0.37449598
8.08007,0.27054602,0.36807457,0.45858544,0.37398905
8.090071,0.27091295,0.36810276,0.4586752,0.37399068
8.100071,0.27008465,0.36735007,0.45895955,0.37366232
8.110073,0.2709091,0.36814728,0.45871753,0.37437212
8.120071,0.2705849,0.36773413,0.45946977,0.3741965
8.130076,0.27101776,0.36852702,0.45961645,0.3737127
8.140077,0.27128303,0.36837253,0.45930815,0.37390563
8.150075,0.2713535,0.3688442,0.4594136,0.37376305
8.160075,0.27061626,0.36836696,0.45963308,0.37347794
8.1700735,0.27109963,0.36858332,0.45945114,0.37363523
8.180076,0.27103806,0.3683117,0.45918626,0.37325442
8.190075,0.27120224,0.36875203,0.45993906,0.3730827
8.200074,0.27147004,0.36888614,0.45933616,0.37315592
8.210077,0.27079913,0.36653167,0.45984542,0.37351605
8.220083,0.2711853,0.36879736,0.46037054,0.37278166
8.230075,0.27121153,0.36828768,0.46005604,0.37280577
8.240074,0.2715324,0.36906746,0.46038213,0.37366173
8.250076,0.27110428,0.3684425,0.45996168,0.37357697
8.260075,0.27094746,0.3684044,0.46012968,0.37319958
8.270072,0.27103728,0.36869687,0.46043655,0.37395236
8.280073,0.27037528,0.36890027,0.4599877,0.37383708
8.290073,0.27071673,0.36833358,0.46039385,0.37279612
8.300074,0.27154103,0.36853573,0.4602583,0.37277013
8.310074,0.2712579,0.3681434,0.4607553,0.37307522
8.320077,0.27065283,0.3689572,0.46046633,0.37265345
8.330074,0.27175483,0.36932328,0.46080238,0.37258434
8.3400755,0.2718009,0.36836764,0.46077627,0.37266013
8.350075,0.27191588,0.3689081,0.4609886,0.37229905
8.360073,0.27160746,0.36830962,0.4615118,0.3726483
8.370074,0.27145103,0.36907026,0.46104604,0.37258425
8.380085,0.2714215,0.3692525,0.46134216,0.37280402
8.390076,0.27135476,0.36928728,0.46127692,0.37257007
8.400076,0.27133164,0.3687556,0.46167538,0.372578
8.410074,0.2712617,0.3692552,0.46207413,0.37243673
8.420076,0.27163774,0.36835623,0.4608257,0.3726929
8.430089,0.26920223,0.36754212,0.46195224,0.37212548
8.440099,0.26892573,0.36726463,0.46152088,0.37264073
8.450095,0.2692164,0.36657128,0.46167672,0.37179068
8.460101,0.269861,0.3619441,0.45939708,0.3724597
8.470089,0.27147904,0.36845845,0.46111584,0.3722609
8.480084,0.27121365,0.3684695,0.46279716,0.37233073
8.490074,0.27059704,0.36847377,0.46297246,0.37231165
8.500073,0.27147332,0.36869743,0.46002457,0.37222928
8.510075,0.2711047,0.36882886,0.4631365,0.37189156
8.520076,0.27135256,0.36905152,0.46382007,0.372362
8.530096,0.27112854,0.3684192,0.4601202,0.37319818
8.540076,0.27163538,0.3699824,0.46186924,0.37187845
8.550076,0.27142483,0.36766565,0.46322793,0.3733162
8.560075,0.27156615,0.36813438,0.46277556,0.37152413
8.570075,0.27140832,0.36741483,0.46233878,0.37359527
8.580073,0.2712147,0.3706405,0.46244553,0.3713734
8.590075,0.27126583,0.3688721,0.46210307,0.37230968
8.600075,0.27184412,0.36919484,0.46296453,0.37214297
8.610078,0.27156198,0.36851218,0.4627787,0.37141392
8.620079,0.2710936,0.3686632,0.4628884,0.37257156
8.630074,0.2707808,0.368905,0.46304396,0.37144926
8.640075,0.27164486,0.36921862,0.46289375,0.37182924
8.650074,0.27156296,0.36894473,0.46336845,0.37156597
8.660076,0.27083474,0.36936906,0.46339613,0.37141114
8.670074,0.27152118,0.36910993,0.463534,0.37210518
8.680075,0.27066535,0.36881948,0.46334088,0.3713548
8.690075,0.27140728,0.36949718,0.46415958,0.37189442
8.700072,0.27051264,0.36940187,0.46350703,0.3717666
8.710074,0.2714179,0.36707333,0.46317822,0.37134385
8.720079,0.27139592,0.3693519,0.46342322,0.37129706
8.730077,0.27109987,0.36928785,0.46382785,0.3713573
8.740077,0.27115807,0.36939058,0.46347153,0.37177253
8.750071,0.27130654,0.36872643,0.4644567,0.3712395
8.760076,0.27133533,0.36913761,0.4641513,0.37189296
8.770074,0.27212304,0.36906025,0.46401483,0.371526
8.780074,0.27167046,0.36888126,0.46444342,0.370563
8.790073,0.27143902,0.36874923,0.4640436,0.37174073
8.800076,0.27103123,0.3691916,0.4636774,0.37106386
8.810074,0.2709733,0.36801434,0.46382564,0.37120458
8.820074,0.2722448,0.3691661,0.46418667,0.3716322
8.830073,0.2710632,0.36914718,0.46445465,0.37088767
8.8400755,0.27151376,0.36970922,0.4642551,0.37119445
8.850075,0.27128765,0.36952898,0.464347,0.37132892
8.860076,0.2718249,0.36932087,0.46491373,0.3711597
8.870072,0.2708134,0.36938575,0.46494165,0.3707971
8.880075,0.27190748,0.36919293,0.4651012,0.37116906
8.890075,0.2711072,0.36893705,0.46444488,0.37133715
8.900075,0.27094823,0.37008715,0.4652172,0.37149337
8.910074,0.27103725,0.36933658,0.4649596,0.37102613
8.920075,0.27140728,0.36913854,0.46478516,0.3708231
8.930089,0.26909623,0.3673,0.46474227,0.37046808
8.940098,0.2672756,0.36652765,0.46444055,0.3695363
8.950095,0.2686131,0.3676217,0.46450058,0.37075603
8.960104,0.27044114,0.36843932,0.46418294,0.3696426
8.970081,0.27124128,0.36780664,0.465921,0.37058863
8.980097,0.2686151,0.36652377,0.46441913,0.37061673
8.990088,0.26893026,0.36745253,0.46551934,0.37040228
9.000102,0.26885688,0.3673031,0.4652664,0.37023142
9.010086,0.2709474,0.3687122,0.46561125,0.37039676
9.02008,0.27089956,0.36903933,0.46581733,0.37030122
9.030079,0.2710642,0.36951676,0.4664198,0.37076014
9.040076,0.27112183,0.3688156,0.46562088,0.37033346
9.050076,0.2712793,0.3690466,0.46596506,0.3707427
9.060073,0.27108502,0.3687631,0.4660837,0.37082478
9.070075,0.2713239,0.3687177,0.46597442,0.37002957
9.080077,0.27109393,0.36872336,0.465953,0.37058464
9.090075,0.27055714,0.36865023,0.46636787,0.37013808
9.100075,0.27132452,0.36911753,0.4659389,0.37052116
9.110077,0.27121964,0.36893454,0.46624258,0.37026042
9.120077,0.27108544,0.36918575,0.46566206,0.37019226
9.130076,0.27141017,0.36922938,0.46587497,0.37026712
9.140077,0.2717613,0.37031674,0.46635893,0.37010542
9.150076,0.27108395,0.36896333,0.46689993,0.36910793
9.160075,0.27266085,0.36970854,0.46693522,0.36936963
9.170074,0.27091366,0.36992532,0.46684438,0.37007153
9.180074,0.27122822,0.36942306,0.46697676,0.37023872
9.190075,0.27102035,0.36995643,0.46722555,0.37026498
9.200076,0.27133894,0.36933088,0.46735358,0.37037182
9.210076,0.27090225,0.3695073,0.4670243,0.3699578
9.220086,0.2714038,0.36949202,0.46770748,0.3697616
9.230076,0.27076042,0.369509,0.46710983,0.36950305
9.240076,0.2716007,0.3688004,0.4671277,0.36998644
9.250075,0.2714619,0.3702094,0.46799085,0.37024269
9.2600765,0.27133587,0.3701034,0.46728057,0.36980057
9.270071,0.27201822,0.3698517,0.46792546,0.36997557
9.280076,0.27103522,0.3698346,0.46782,0.36999083
9.290073,0.27201173,0.37012774,0.46792865,0.37044472
9.300074,0.27088246,0.3694946,0.46809855,0.36977378
9.310076,0.27165264,0.36984855,0.46802062,0.37006217
9.320078,0.2710652,0.36966684,0.4677424,0.36955982
9.330076,0.27238923,0.36994448,0.46877098,0.3701649
9.340074,0.2710709,0.37048477,0.46802276,0.3695777
9.350073,0.27085537,0.3695017,0.46805903,0.36943826
9.360075,0.2707686,0.3695223,0.46876097,0.37018034
9.370075,0.27070978,0.3691827,0.46887392,0.36907694
9.380075,0.27035815,0.3698194,0.46826148,0.36959958
9.390075,0.27071977,0.36910775,0.4689944,0.36983776
9.400074,0.27158284,0.36981258,0.4688099,0.36931425
9.410074,0.27124837,0.3696041,0.46840423,0.3695691
9.420076,0.27185902,0.3701576,0.4696006,0.36920038
9.430099,0.26909605,0.36764517,0.46823382,0.369594
9.440092,0.26899764,0.3689255,0.46898937,0.3689959
9.450092,0.2688249,0.368325,0.4689004,0.36888212
9.460105,0.2711759,0.36958307,0.46823257,0.36736214
9.470088,0.27078182,0.3691389,0.4688619,0.3687268
9.480082,0.27114058,0.3695124,0.4695941,0.36930203
9.490074,0.271303,0.3697057,0.46946368,0.36913362
9.500073,0.2715008,0.36925846,0.46915686,0.36904907
9.510079,0.2702764,0.37020206,0.4687647,0.36915064
9.520082,0.2719222,0.36986926,0.46980926,0.36935085
9.530079,0.271458,0.3694992,0.4684792,0.36934325
9.540075,0.27107164,0.36990127,0.469708,0.36913478
9.5500765,0.27199766,0.37072724,0.4715582,0.36960337
9.560075,0.27133062,0.3701019,0.4686798,0.36873955
9.570075,0.27178118,0.37012383,0.47066045,0.36854404
9.580075,0.27149352,0.36995247,0.46973753,0.36914006
9.590073,0.27153495,0.3700889,0.4704213,0.36966607
9.600075,0.27135327,0.3696915,0.4704895,0.36942938
9.610079,0.27197143,0.36991352,0.4704001,0.36907792
9.620081,0.27059624,0.3700464,0.47009978,0.36943468
9.630077,0.2718518,0.37075377,0.47057575,0.3693267
9.640082,0.27180672,0.37052962,0.47038856,0.36891007
9.65008,0.27117166,0.3699096,0.47098255,0.36878374
9.660073,0.27112448,0.37013653,0.4708054,0.36925277
9.670075,0.27190185,0.36914316,0.4709187,0.36871392
9.680076,0.27156702,0.36982352,0.4705481,0.36904657
9.690074,0.27157977,0.37027845,0.4708264,0.36919498
9.700075,0.27199522,0.3702143,0.4717549,0.3696114
9.710077,0.27060857,0.36997405,0.47199604,0.3692172
9.72008,0.27180716,0.37047595,0.472041,0.36935493
9.730077,0.2712755,0.3697871,0.47143126,0.36899775
9.74009,0.2716976,0.37017137,0.4715265,0.3687541
9.750075,0.27075213,0.37045482,0.47144055,0.36860645
9.760081,0.27155533,0.36997905,0.4716164,0.36887497
9.770074,0.27085453,0.36941475,0.47209847,0.36900884
9.780073,0.27154407,0.37064126,0.47207165,0.36944088
9.790075,0.27112785,0.3699291,0.4722226,0.36927098
9.80008,0.2706739,0.37038293,0.47336426,0.36897045
9.8100815,0.27073658,0.36999306,0.47302115,0.3687697
9.820079,0.27153903,0.37043598,0.47314265,0.36894405
9.830072,0.2711034,0.36988124,0.47259536,0.36948156
9.840093,0.27185112,0.36935115,0.47263476,0.36939737
9.850076,0.27181134,0.36987704,0.47235614,0.3692297
9.860075,0.27088413,0.3700109,0.47291356,0.36866516
9.870075,0.2710572,0.370133,0.47342503,0.36891353
9.8800745,0.27036324,0.37002915,0.47268227,0.36842656
9.890075,0.2717924,0.37046278,0.47296506,0.36910778
9.900072,0.2709904,0.3705539,0.47332188,0.36907232
9.910074,0.2712388,0.3706097,0.47351822,0.36892536
9.920075,0.27161342,0.37040037,0.47385326,0.36842042
9.930085,0.26985416,0.3668047,0.47490326,0.36808953
9.940109,0.2703089,0.3689745,0.47335708,0.36778042
9.950112,0.26945573,0.36850116,0.47381276,0.3687579
9.960102,0.26882923,0.36751732,0.473535,0.36861587
9.970089,0.27127197,0.36862406,0.4739245,0.36837572
9.980103,0.26933017,0.3678701,0.47456217,0.36864662
9.990091,0.26854286,0.36695,0.4735626,0.36846843
10.000106,0.26859397,0.3706167,0.47364348,0.36830503
10.010084,0.27184504,0.36971536,0.4756848,0.3688801
10.020077,0.27130437,0.37046823,0.47422978,0.3689651
10.030074,0.27152014,0.3696436,0.47583312,0.36844307
10.040076,0.2723301,0.3703449,0.4768125,0.37001073
10.050075,0.2706928,0.36986595,0.47240943,0.36924422
10.060073,0.27143294,0.37021747,0.47448343,0.36868063
10.07007,0.27117145,0.37041524,0.47536182,0.36904967
10.080072,0.27068588,0.3700939,0.47518048,0.36915725
10.090073,0.2710669,0.36984158,0.4748418,0.36861983
10.100072,0.27123615,0.36968607,0.4755247,0.3689198
10.110072,0.27036294,0.36946076,0.47528735,0.3693604
10.120072,0.271147,0.3700871,0.4750486,0.36940536
10.130073,0.27059367,0.37058595,0.47565186,0.36905318
10.140071,0.27138776,0.36999804,0.47618192,0.36881942
10.150105,0.27220404,0.3688785,0.47543573,0.36925575
10.160075,0.2713738,0.37019488,0.47551262,0.36848244
10.170074,0.27232826,0.37100932,0.47635365,0.36945456
10.180076,0.27051857,0.37018457,0.475969,0.36850867
10.190073,0.27081406,0.37037075,0.47677255,0.3691395
10.200075,0.2713482,0.37027597,0.47569844,0.36908746
10.2100725,0.27142757,0.37009552,0.4772675,0.36932892
10.220088,0.27180132,0.37020448,0.47607398,0.36879006
10.230077,0.27208954,0.3705148,0.47684506,0.36869794
10.240076,0.27079746,0.36994126,0.4772173,0.36910978
10.2500925,0.27133068,0.37000608,0.47712088,0.36962962
10.260076,0.27092272,0.37052858,0.4769726,0.3686519
10.270073,0.27217624,0.37136886,0.4771249,0.36895037
10.280071,0.27145892,0.37024695,0.47710472,0.36866093
10.290074,0.27144727,0.36996666,0.4772944,0.36887306
10.3000765,0.2715276,0.37048358,0.47831187,0.36922532
10.310081,0.27096665,0.3699991,0.47710225,0.3693311
10.320083,0.2718175,0.3706883,0.47797465,0.36904365
10.330076,0.2715371,0.37047094,0.4775171,0.36915377
10.340076,0.27189836,0.37034816,0.4772918,0.36848292
10.350074,0.27120507,0.36989033,0.47901443,0.36843792
10.360075,0.27239156,0.37127703,0.4786757,0.3697269
10.370074,0.27195427,0.3702649,0.47808665,0.37011722
10.380074,0.271987,0.370764,0.4788023,0.3689007
10.390076,0.27153912,0.3705712,0.47870415,0.36859456
10.400075,0.27101076,0.3709932,0.478739,0.36920232
10.41008,0.27144694,0.37053293,0.47867888,0.36849698
10.420079,0.27198142,0.37080735,0.47919503,0.3692958
10.4301,0.26872426,0.36837837,0.47854903,0.36852026
10.440094,0.2696588,0.36894795,0.4781801,0.36903188
10.450097,0.26884553,0.36937279,0.47915208,0.3685053
10.460104,0.27135414,0.3702101,0.4790912,0.3692415
10.470082,0.27229545,0.37095034,0.4795598,0.36976823
10.480089,0.271089,0.37030303,0.479333,0.36935198
10.49008,0.2710642,0.37021384,0.47938716,0.36926976
10.500077,0.27107084,0.37043944,0.47981882,0.36925647
10.510075,0.27222642,0.370691,0.47961897,0.36967692
10.520077,0.27157196,0.37047577,0.47988257,0.36932033
10.530073,0.27063787,0.3700599,0.47968185,0.3692038
10.540074,0.27048573,0.369403,0.47981462,0.3693792
10.550076,0.27012065,0.36957547,0.48039487,0.3694116
10.560075,0.26930252,0.36985,0.48078105,0.36976716
10.570075,0.27099544,0.3693772,0.4804896,0.36958212
10.580074,0.26890203,0.36935154,0.47994658,0.36906445
10.590075,0.26780444,0.36961117,0.48041436,0.36929327
10.600073,0.26850614,0.369594,0.48048124,0.3690439
10.610076,0.27087462,0.37076753,0.48059535,0.36887833
10.620079,0.27163792,0.37028703,0.48078713,0.36950278
10.630074,0.27098265,0.37034473,0.48109502,0.36980048
10.640076,0.27143306,0.37064612,0.4815965,0.3704442
10.650073,0.27070972,0.37078497,0.48085362,0.36986968
10.660074,0.27169198,0.3706562,0.48109812,0.3704011
10.670074,0.27249378,0.3708558,0.48164663,0.36993074
10.680074,0.2715232,0.37079698,0.48188132,0.3697669
10.690073,0.27090323,0.37048095,0.48205948,0.36981425
10.700074,0.27190542,0.37102142,0.48180553,0.36997393
10.710073,0.27127948,0.37086415,0.48175082,0.36945015
10.720075,0.27153233,0.37092334,0.48274884,0.36985615
10.730075,0.2712004,0.3699025,0.48207355,0.36991823
10.740075,0.27142903,0.3707,0.481837,0.37016937
10.750073,0.27152812,0.3706614,0.48202288,0.369889
10.760074,0.27054027,0.37098885,0.48251104,0.36944267
10.770075,0.27253857,0.37152886,0.4821739,0.3700132
10.780073,0.27168328,0.37060735,0.48234287,0.36970028
10.790074,0.2718655,0.3709519,0.48285756,0.37049127
10.800076,0.27117074,0.37086567,0.4821265,0.37039858
10.8100815,0.2706875,0.37094304,0.48284203,0.37174475
10.82008,0.27175346,0.3715372,0.48363674,0.37034577
10.830075,0.27141038,0.37083197,0.48385906,0.37053666
10.840074,0.271142,0.37081307,0.48325887,0.3700632
10.850075,0.27131283,0.37100825,0.48385632,0.3707499
10.860071,0.27116287,0.3706273,0.4836242,0.37023047
10.870074,0.2718155,0.3711714,0.48327073,0.37110975
10.8800745,0.27102372,0.3714727,0.483813,0.37033832
10.890072,0.27162534,0.37146834,0.4835165,0.3709343
10.900076,0.2711537,0.37092894,0.48318127,0.37066975
10.910079,0.27143857,0.37101185,0.4840642,0.3709198
10.92008,0.27158245,0.37086138,0.48418498,0.37084097
10.930104,0.26801634,0.36813155,0.48603466,0.37025633
10.940104,0.26882616,0.3676544,0.48363453,0.36980665
10.950094,0.2688517,0.36875987,0.48303488,0.37068418
10.9600935,0.2681484,0.36963874,0.48293382,0.3715174
10.970113,0.2673305,0.36705768,0.48333356,0.37141976
10.980104,0.26891094,0.3688921,0.48515046,0.37072873
10.990098,0.26852897,0.36943436,0.48311335,0.3714424
11.000091,0.27073193,0.37098548,0.48382553,0.37177885
11.010078,0.27084523,0.3713179,0.483843,0.37185368
11.020079,0.27066746,0.37130606,0.48554176,0.37219003
11.030077,0.27126843,0.3718083,0.48501337,0.37087935
11.040076,0.2708428,0.37070695,0.48534292,0.37148473
11.050076,0.27091888,0.37104073,0.4856358,0.3711877
11.060075,0.27179405,0.3703836,0.4855293,0.37121707
11.070073,0.27067637,0.37091768,0.485459,0.37175572
11.080073,0.2713602,0.37084106,0.48524258,0.37197536
11.090073,0.27134627,0.3708012,0.48544452,0.37208763
11.100073,0.27064136,0.37031356,0.4856419,0.37236443
11.110071,0.27069455,0.3708342,0.48599502,0.37180197
11.120074,0.2707899,0.37087858,0.48577338,0.37257233
11.130071,0.27170652,0.3709123,0.4864424,0.37197766
11.140072,0.27160877,0.3712876,0.4861107,0.3719691
11.150072,0.27117154,0.3707577,0.48596457,0.37215427
11.160104,0.2707508,0.37152413,0.48566654,0.3724167
11.170075,0.27160144,0.37136662,0.48608735,0.37216282
11.180073,0.27124053,0.3710269,0.48621574,0.372375
11.190075,0.27131113,0.37125358,0.48622125,0.37232655
11.200074,0.27152705,0.37132573,0.48702306,0.3722768
11.210075,0.26977342,0.37075004,0.48639965,0.3726647
11.220079,0.27188823,0.3710779,0.48638895,0.37252757
11.230073,0.2711927,0.37049124,0.4865699,0.3723869
11.240073,0.27205905,0.37143254,0.48733723,0.3727251
11.250074,0.27173954,0.37117136,0.48587307,0.37248957
11.260093,0.27198094,0.37166917,0.48709083,0.37286633
11.270076,0.271545,0.37066728,0.48802146,0.3731452
11.280074,0.2717358,0.37124476,0.48704207,0.37304792
11.290073,0.27088818,0.37126562,0.48718467,0.3732418
11.300074,0.2722133,0.37092498,0.4878378,0.37310627
11.310073,0.2715961,0.3708021,0.48767403,0.3731655
11.320076,0.27138728,0.3712256,0.48791406,0.3724102
11.330075,0.27101555,0.3706366,0.48757,0.37249514
11.340075,0.2712844,0.37098828,0.48752663,0.3731605
11.350073,0.2713745,0.37087125,0.48721495,0.3728591
11.36009,0.27142063,0.37180805,0.48834538,0.373411
11.370075,0.27143893,0.37185395,0.4876793,0.3727619
11.380075,0.27131122,0.37091714,0.48730582,0.37359896
11.390076,0.27154532,0.37110984,0.4886704,0.3738397
11.400074,0.27135912,0.37126756,0.48799002,0.37372983
11.410074,0.27169782,0.3716737,0.48796985,0.37319666
11.420073,0.27148753,0.37093925,0.48758605,0.3738098
11.430082,0.26922438,0.3682494,0.48808825,0.37314385
11.440092,0.26943868,0.3696891,0.48764342,0.37290612
11.450093,0.26939228,0.36975873,0.48779765,0.37318254
11.460125,0.2686286,0.36821443,0.48795572,0.37341914
11.470083,0.27063078,0.3696004,0.4879775,0.37311184
11.480084,0.27098823,0.3709202,0.48809427,0.37395313
11.490075,0.27054092,0.37033653,0.4879705,0.37373728
11.500076,0.2705068,0.37137672,0.48895675,0.37368518
11.510074,0.27128255,0.3711354,0.4880758,0.3737137
11.520076,0.27141458,0.3713741,0.48822623,0.3739691
11.530076,0.2718413,0.3705474,0.48824447,0.37447184
11.540073,0.27255628,0.37153855,0.48890308,0.37464505
11.550075,0.271434,0.3712363,0.48817378,0.3746838
11.560075,0.2720826,0.3725439,0.48829556,0.37372425
11.570074,0.2714565,0.37186638,0.48816898,0.3744957
11.580075,0.272074,0.3714405,0.48896506,0.3748115
11.590073,0.27152675,0.37072095,0.48874104,0.37484056
11.600075,0.27150273,0.37161636,0.48891586,0.37487063
11.610074,0.27195203,0.37146118,0.48846528,0.37435788
11.620075,0.27127695,0.37157136,0.48893303,0.37483817
11.6300745,0.27162096,0.37151808,0.4876826,0.37424067
11.640075,0.27124515,0.37175256,0.48871464,0.3743463
11.650075,0.27120656,0.37105855,0.4890032,0.37460935
11.660072,0.2718702,0.37184343,0.4883312,0.37513316
11.6700735,0.27158946,0.3714371,0.48837984,0.37467888
11.680076,0.27048093,0.37188023,0.48881125,0.37492895
11.690074,0.27093732,0.37123138,0.4881102,0.3758297
11.700074,0.27129266,0.3722506,0.48813182,0.37469563
11.7100725,0.2713447,0.37149143,0.48879018,0.37477383
11.720076,0.27142587,0.37119487,0.4880989,0.37560007
11.730075,0.2712999,0.37191802,0.48775285,0.37524244
11.740074,0.27096182,0.3715603,0.48826528,0.37568218
11.750075,0.27148977,0.37208816,0.48823866,0.37573785
11.760073,0.27116802,0.37092882,0.4880179,0.37550303
11.770074,0.2717103,0.37136883,0.4888422,0.37620205
11.780073,0.27114964,0.3711885,0.48794886,0.37540287
11.790073,0.27136973,0.37157935,0.48804736,0.37539005
11.8000765,0.27138612,0.37168506,0.4882846,0.3753147
11.810073,0.2710733,0.37182,0.48818094,0.37563935
11.820073,0.27083713,0.37152678,0.48743692,0.37598535
11.830072,0.27132344,0.37089798,0.48780254,0.37586287
11.840075,0.27126226,0.3717472,0.48782146,0.37641656
11.850074,0.2713844,0.371858,0.4882475,0.37598416
11.860075,0.2712762,0.37194535,0.48864457,0.37627265
11.870074,0.27107772,0.3717413,0.4881392,0.37658766
11.8800745,0.2717613,0.37149966,0.48940396,0.3765029
11.890074,0.27116215,0.37172493,0.4877715,0.37606105
11.900072,0.27165994,0.37184972,0.4875088,0.37629798
11.910073,0.2709311,0.3714252,0.48678032,0.37621084
11.920075,0.27134517,0.3725928,0.48727256,0.37749436
11.930085,0.27163857,0.3703596,0.48776373,0.37550205
11.9401045,0.2674823,0.36763418,0.48733702,0.37701842
11.950091,0.26939592,0.3694068,0.48624495,0.37604764
11.960095,0.26999152,0.3706094,0.48633018,0.37803397
11.970097,0.26853272,0.36786225,0.48655233,0.37703818
11.98009,0.2676,0.36957768,0.48690015,0.37648374
11.990092,0.2704651,0.3695164,0.48621017,0.376676
12.000089,0.27150425,0.3717906,0.4872155,0.3769155
12.010079,0.27182576,0.37166578,0.48691228,0.3764948
12.020076,0.27152923,0.37166336,0.4869754,0.3771648
12.030073,0.2711726,0.37194008,0.48682994,0.3768984
12.040075,0.27068695,0.37156892,0.48690602,0.37724563
12.050076,0.27198994,0.37249,0.48724887,0.37682176
12.060076,0.2705696,0.37175658,0.4856733,0.37701663
12.070071,0.27103123,0.3707017,0.4860842,0.37740585
12.080075,0.2716566,0.37125218,0.4864979,0.3774217
12.0900755,0.27071002,0.37215042,0.48632014,0.37739053
12.100075,0.27150232,0.3719621,0.4863754,0.37726572
12.110074,0.27193505,0.3719854,0.4859406,0.3775693
12.120073,0.27218783,0.3713368,0.48601866,0.37783366
12.130075,0.27197897,0.37165704,0.48636886,0.37742186
12.140074,0.2719549,0.3714489,0.4869749,0.37728688
12.150075,0.2711196,0.37112114,0.48641458,0.3771016
12.160074,0.2713928,0.37168914,0.48497358,0.37780252
12.170091,0.27116466,0.3714289,0.48584667,0.37760338
12.180077,0.27197596,0.37206542,0.48593748,0.37821755
12.190073,0.27116325,0.3718402,0.48529252,0.37734032
12.200075,0.2713882,0.37196392,0.48516607,0.37758565
12.210076,0.27142194,0.37060463,0.4849627,0.37831965
12.220075,0.27128032,0.3721487,0.48534113,0.37831846
12.230074,0.27114418,0.37126133,0.48432085,0.37798464
12.240075,0.2713956,0.3719068,0.48460996,0.37873864
12.250074,0.2715322,0.37147772,0.48451632,0.37838456
12.260073,0.27169266,0.37100083,0.48514414,0.37805137
12.270094,0.27175018,0.3711034,0.48459888,0.37966925
12.280072,0.2705835,0.37094578,0.48412564,0.3786828
12.290075,0.27153823,0.3717826,0.48438597,0.37832355
12.300075,0.27124837,0.3719945,0.4837213,0.3783788
12.310073,0.27108514,0.3721725,0.48385,0.37766376
12.320077,0.27148578,0.37178445,0.48430672,0.37750146
12.330079,0.27112642,0.3714903,0.48430413,0.37823778
12.340076,0.2709295,0.37196168,0.48395562,0.37839505
12.350076,0.27214864,0.3723111,0.48315182,0.379116
12.360075,0.27124915,0.3729859,0.48340857,0.37933525
12.370091,0.27131018,0.3717579,0.4836118,0.37924653
12.380074,0.27160802,0.37171465,0.48307312,0.37852442
12.390074,0.27181444,0.3716823,0.4830313,0.3789793
12.400074,0.2714484,0.3724929,0.48260477,0.37872213
12.410073,0.27218097,0.37161073,0.48294908,0.3788524
12.420076,0.27205196,0.37281013,0.48319322,0.3790397
12.430084,0.27092445,0.37146774,0.48242858,0.37842536
12.440089,0.26922783,0.3703534,0.48225084,0.37916744
12.450091,0.26923308,0.369852,0.48133245,0.37887204
12.460086,0.26975423,0.37084192,0.48167485,0.37851518
12.470108,0.26844698,0.37014332,0.48183712,0.37854028
12.480087,0.27206376,0.37207088,0.48230782,0.37964103
12.490076,0.27151293,0.37192994,0.48135933,0.3787859
12.500073,0.27192125,0.3721552,0.48242575,0.379008
12.510075,0.27134395,0.372101,0.4816597,0.37913924
12.520076,0.27127698,0.37263036,0.4813984,0.37916172
12.530075,0.27126008,0.3718256,0.48130792,0.37909815
12.540075,0.27155748,0.3715716,0.48167074,0.37853366
12.550073,0.27103752,0.37232497,0.48138347,0.37943277
12.560075,0.2711389,0.3719991,0.48045102,0.37960145
12.570075,0.27128688,0.37128785,0.48076555,0.378826
12.580075,0.2708228,0.37253743,0.47981167,0.37968183
12.590075,0.27137145,0.37187117,0.4802524,0.37912044
12.600076,0.2713379,0.37261635,0.48045236,0.379516
12.610077,0.27122414,0.37173873,0.4802656,0.37939927
12.620075,0.2711275,0.37048686,0.481242,0.3791463
12.630078,0.27083156,0.37241584,0.4791855,0.37931114
12.640076,0.27128518,0.37214023,0.47797602,0.37929934
12.650075,0.27143797,0.37213334,0.48067498,0.3793244
12.660075,0.2717558,0.3720162,0.4796915,0.38005856
12.670073,0.27153617,0.3725596,0.4795114,0.3796685
12.680077,0.27113473,0.3728739,0.4799293,0.38074544
12.690074,0.27183208,0.37202272,0.47912806,0.37813726
12.700076,0.27194497,0.37383,0.4788175,0.37843576
12.7100725,0.271207,0.37198073,0.4787496,0.38009405
12.720077,0.27024361,0.37327436,0.47838297,0.37829402
12.730076,0.27168775,0.37067908,0.4775014,0.37970504
12.740071,0.2712646,0.3721685,0.47834358,0.3793077
12.750075,0.27198502,0.37305564,0.478441,0.38046074
12.760074,0.27174369,0.37208185,0.47806686,0.37935746
12.770074,0.2717587,0.37150168,0.47765136,0.37902924
12.780074,0.2716232,0.37299937,0.47735885,0.37986392
12.790072,0.27132037,0.3727069,0.4776929,0.38008273
12.800078,0.27188757,0.3728659,0.47746766,0.38080126
12.810074,0.27093968,0.37178698,0.4770528,0.38020998
12.820076,0.27218747,0.37265125,0.47733963,0.37977377
12.830073,0.2709314,0.3721586,0.47646993,0.37974057
12.8400755,0.27163407,0.37229395,0.47665763,0.37945396
12.850075,0.27193433,0.37264276,0.4763323,0.37972248
12.860073,0.2708785,0.37197778,0.47647873,0.3788265
12.870074,0.271286,0.37205514,0.47597197,0.37873593
12.8800745,0.27204278,0.372417,0.4755598,0.3794865
12.890075,0.2722343,0.372137,0.47607365,0.379428
12.900075,0.27208817,0.37300164,0.4755414,0.37927702
12.910073,0.27165538,0.3724045,0.47585002,0.37985235
12.920075,0.27141488,0.37265423,0.4750846,0.37993124
12.930084,0.27149764,0.37135562,0.47522193,0.37900642
12.940109,0.26765335,0.3693835,0.474399,0.37912726
12.950102,0.26953945,0.37032446,0.47440252,0.37929457
12.9600935,0.2687797,0.3701813,0.47423324,0.37963554
12.970139,0.26896468,0.3700776,0.4740372,0.37927634
12.980095,0.26811832,0.3698897,0.4739084,0.37944144
12.990096,0.2693088,0.36908665,0.4734545,0.3792569
13.000087,0.2712063,0.3710868,0.47290692,0.3794882
13.010096,0.26943326,0.37013525,0.47319523,0.37869936
13.0201,0.26869926,0.37008,0.47324106,0.37937802
13.030099,0.2688627,0.36995685,0.472809,0.38013425
13.04009,0.27084157,0.37203732,0.47288442,0.38030908
13.050083,0.27161792,0.37205413,0.47271854,0.37966597
13.060078,0.27111635,0.37234432,0.47321314,0.37964717
13.070074,0.27082276,0.37157252,0.4721248,0.37952203
13.080073,0.27126586,0.37249848,0.47333568,0.37948456
13.090073,0.27029896,0.37215686,0.47231585,0.37976554
13.100071,0.27136576,0.37308747,0.47240263,0.3796387
13.110073,0.27129048,0.37162873,0.47191605,0.3796752
13.120074,0.27180296,0.37239313,0.47204134,0.3796374
13.130072,0.27102184,0.37184975,0.47135982,0.37921634
13.140073,0.27159122,0.37219763,0.4717989,0.37944916
13.15007,0.27223855,0.37246928,0.47147346,0.3802381
13.160072,0.2713512,0.37219742,0.4709845,0.37998042
13.170073,0.27099305,0.37221977,0.47161555,0.37945816
13.180076,0.27117705,0.3728281,0.47061652,0.38012853
13.190075,0.27194065,0.37324095,0.47084495,0.3795355
13.200075,0.27157444,0.37297827,0.47091454,0.37983027
13.210077,0.27134344,0.37310874,0.47037482,0.37976384
13.220075,0.2714301,0.3724914,0.47024968,0.3792893
13.230076,0.2712512,0.37195188,0.4698634,0.3793288
13.240076,0.27147067,0.37267718,0.46966064,0.37901235
13.250074,0.27208418,0.37296784,0.4704958,0.38009584
13.260076,0.2713773,0.3724018,0.4697728,0.3795411
13.270074,0.27126276,0.37261102,0.4696685,0.37938994
13.280073,0.2717645,0.3724887,0.46914738,0.37985814
13.290072,0.27123743,0.3718501,0.46937254,0.37907663
13.300076,0.27113485,0.3717541,0.46889257,0.37936845
13.310072,0.27025524,0.37146604,0.46858618,0.3790785
13.320073,0.2702037,0.37200025,0.46807057,0.37939817
13.330075,0.27091348,0.3716151,0.46792564,0.37906376
13.3400755,0.27001595,0.37077218,0.4676267,0.3786733
13.350076,0.27045214,0.37194937,0.4683407,0.37898198
13.360075,0.27051845,0.37154502,0.46779332,0.3790267
13.370073,0.27019775,0.37055388,0.46757057,0.3789153
13.380092,0.27199993,0.37282813,0.46700037,0.37910557
13.390075,0.27110955,0.37274447,0.46750164,0.37969232
13.400074,0.27192336,0.37308583,0.46760398,0.38011706
13.410074,0.2717584,0.37268537,0.4665888,0.37934536
13.4200735,0.27198404,0.37322167,0.46680263,0.3794204
13.430083,0.27132627,0.3724248,0.46691912,0.3790589
13.440101,0.26899523,0.37041727,0.46590024,0.3795097
13.450089,0.2695521,0.36979207,0.46400487,0.3790244
13.4600935,0.26906714,0.3707988,0.46474668,0.37873897
13.470095,0.2712018,0.3712812,0.46413383,0.37886775
13.480145,0.27085352,0.3715129,0.46556765,0.37929654
13.490088,0.27166227,0.37187716,0.465613,0.37899783
13.500075,0.27114266,0.37296993,0.46566424,0.3785865
13.510072,0.2709958,0.37196684,0.464899,0.37970832
13.520074,0.27131,0.37209606,0.46518454,0.3792635
13.530072,0.27204132,0.3730559,0.46464804,0.3786697
13.5400715,0.27050465,0.37250558,0.46438074,0.37934908
13.550073,0.27253103,0.37307608,0.46447003,0.37930623
13.560073,0.2715779,0.37275034,0.46433368,0.37922984
13.570072,0.270804,0.37281987,0.46426505,0.3788475
13.580072,0.27085596,0.37251395,0.46379158,0.3781967
13.590074,0.2718444,0.37217948,0.4646351,0.3791941
13.600074,0.27151728,0.37275976,0.4637846,0.3782966
13.610073,0.27142438,0.37181345,0.46311814,0.37896967
13.620076,0.27142316,0.3725297,0.4629535,0.37873006
13.6300745,0.27088267,0.37288016,0.4628111,0.3795375
13.640076,0.27151856,0.37295547,0.46272662,0.37906772
13.650075,0.2716457,0.37230086,0.46232167,0.37903526
13.660073,0.27133656,0.371767,0.46270126,0.37865552
13.670074,0.27185112,0.37296626,0.46242946,0.37902242
13.680075,0.2717773,0.3727508,0.46195108,0.3784965
13.690074,0.27160186,0.37267533,0.46171525,0.37854207
13.700075,0.27155116,0.37323228,0.461524,0.37884498
13.710073,0.2705073,0.37284106,0.46136287,0.37852213
13.720077,0.27178916,0.37221345,0.4620001,0.37913236
13.730074,0.27117413,0.37229243,0.461035,0.37806278
13.740072,0.27108783,0.37273625,0.46110147,0.3784587
13.750074,0.27149183,0.37213007,0.46017423,0.37818336
13.760075,0.27092016,0.3723395,0.45995316,0.37826514
13.770074,0.27146602,0.3725473,0.4610592,0.37851158
13.780074,0.27077216,0.37223843,0.4610858,0.3779625
13.790074,0.27153057,0.37345576,0.46024287,0.3789242
13.800076,0.27157137,0.37224242,0.46035933,0.37823287
13.810075,0.27195892,0.37259942,0.45996603,0.37790945
13.820077,0.27171758,0.37257817,0.45945635,0.3781598
13.830072,0.27165815,0.37262937,0.45953065,0.37893882
13.840075,0.2715501,0.37237945,0.4593826,0.37868387
13.850073,0.27205053,0.3722973,0.4596426,0.37872058
13.860075,0.27082303,0.37267283,0.45901072,0.3774717
13.870072,0.2718377,0.37256718,0.45911452,0.37840223
13.880075,0.27127996,0.37295806,0.45856938,0.37756088
13.890074,0.27175578,0.3721728,0.4590722,0.37829638
13.900072,0.27192938,0.37256122,0.45830828,0.37850323
13.910073,0.27145627,0.37237328,0.45771307,0.37791157
13.920076,0.2719817,0.37299877,0.4581097,0.37818712
13.930084,0.27146026,0.37249687,0.4581396,0.3781421
13.940106,0.26841202,0.3701134,0.45722148,0.3773155
13.950339,0.269297,0.37089372,0.45685464,0.37843826
13.960092,0.2691714,0.3706501,0.45736662,0.3786717
13.970143,0.26906878,0.37300184,0.45698237,0.37756366
13.980103,0.2703539,0.3703301,0.45641485,0.37735453
13.990093,0.26866087,0.37041405,0.45586503,0.37740508
14.000088,0.26901934,0.37249765,0.4561536,0.37737438
14.010086,0.27119714,0.37168837,0.45605522,0.37820077
14.020072,0.27185968,0.3720479,0.45620897,0.377119
14.030074,0.27082425,0.37229395,0.45656565,0.37742144
14.040073,0.27113637,0.37303334,0.4558261,0.3776184
14.050073,0.27047956,0.3722212,0.45551735,0.37821293
14.060074,0.2710948,0.37257248,0.45511717,0.3772702
14.07007,0.2712,0.3723947,0.45475408,0.37753576
14.080073,0.27196303,0.3722065,0.45456767,0.37731043
14.090114,0.2712356,0.37215483,0.4547401,0.37714702
14.100077,0.2713998,0.37345228,0.45511323,0.37686685
14.110075,0.27118897,0.37340248,0.45486847,0.37783217
14.120075,0.2709583,0.37236342,0.4547864,0.3779533
14.130075,0.27160498,0.37293187,0.4543561,0.37736675
14.140073,0.27135262,0.3727369,0.45387974,0.37696594
14.150077,0.27179617,0.37321255,0.4543854,0.37727872
14.160075,0.2715472,0.373515,0.4539219,0.37720278
14.170075,0.27148098,0.37307444,0.45420277,0.37677276
14.180075,0.271387,0.3725222,0.45346168,0.37712193
14.190088,0.27176526,0.37223032,0.45334536,0.3770275
14.200076,0.27097955,0.37282342,0.45356372,0.37696385
14.210073,0.27115238,0.3724836,0.45288894,0.37709218
14.220076,0.27128044,0.37270084,0.45271683,0.3770328
14.230073,0.27067673,0.372861,0.45232764,0.37662894
14.240076,0.27139157,0.37262136,0.4528842,0.37660456
14.250074,0.270885,0.3721946,0.4526565,0.3761376
14.260074,0.27186826,0.37330908,0.452034,0.37662026
14.270074,0.2713376,0.37335765,0.45198533,0.37698185
14.280072,0.27158964,0.37312222,0.45128292,0.37618428
14.290091,0.27076554,0.372323,0.45186624,0.37697396
14.300076,0.27142578,0.3725691,0.45206955,0.37662098
14.310073,0.27095363,0.37223047,0.45058104,0.37655324
14.320076,0.2718991,0.37349522,0.45162725,0.37672293
14.330074,0.27156097,0.37247247,0.45096293,0.37616557
14.3400755,0.27198273,0.37358624,0.45107985,0.37629557
14.350075,0.27169698,0.37307256,0.44966617,0.37634677
14.360074,0.2713293,0.37281325,0.44980413,0.37607574
14.370074,0.27087307,0.3725743,0.45016688,0.37595162
14.380074,0.27152297,0.3737134,0.449828,0.37650567
14.390089,0.27129278,0.37274802,0.44938156,0.37589523
14.400085,0.27084142,0.37252092,0.4492632,0.37597507
14.410074,0.27172068,0.37332088,0.44940642,0.37634376
14.420077,0.2695892,0.3733192,0.4489282,0.37625495
14.430548,0.27169186,0.37354288,0.4496673,0.37624955
14.440182,0.26838997,0.3709739,0.44872287,0.37595856
14.450089,0.2695146,0.3707111,0.44899398,0.37566182
14.460095,0.2694012,0.37097716,0.44774717,0.37562612
14.470088,0.27160227,0.3731646,0.44803423,0.3766156
14.480081,0.2710566,0.37147325,0.4475131,0.373946
14.49011,0.27088478,0.37277508,0.44869316,0.37583613
14.500075,0.27144143,0.37306008,0.44820946,0.37522784
14.510075,0.27029943,0.37220114,0.44792184,0.37568623
14.520077,0.27107134,0.37338814,0.4477849,0.37575018
14.530075,0.271139,0.37330592,0.44747114,0.37540534
14.540073,0.27140495,0.37318307,0.44703022,0.37489593
14.550073,0.27132726,0.3732116,0.4468788,0.37576565
14.560074,0.27159372,0.3734171,0.4468104,0.37528107
14.570088,0.27082103,0.3721562,0.44648644,0.37514752
14.580079,0.2718531,0.37271133,0.4471776,0.3756605
14.590071,0.2713483,0.37219658,0.44645867,0.3751896
14.600073,0.2718858,0.37290663,0.44652122,0.37551782
14.610077,0.27100873,0.3730112,0.44608617,0.37477082
14.620078,0.2715575,0.3734595,0.44610703,0.37541744
14.630077,0.27136916,0.37277526,0.4463462,0.3751264
14.640076,0.27147174,0.3730174,0.44630554,0.37473124
14.650074,0.27170643,0.37323484,0.44595334,0.37467477
14.660075,0.27098042,0.37267038,0.44392467,0.3753261
14.6700735,0.27114326,0.37381214,0.44300854,0.37505105
14.680076,0.2714343,0.37245035,0.44375333,0.37385345
14.690075,0.27143016,0.3745752,0.44478026,0.37604564
14.700074,0.2717418,0.37199107,0.44497702,0.37632355
14.710074,0.27085298,0.37319073,0.44457483,0.37448254
14.720078,0.27173263,0.37285808,0.44388032,0.37401432
14.730079,0.27175024,0.37299013,0.44446883,0.37444612
14.740074,0.27204853,0.3736451,0.44422337,0.3746387
14.750075,0.2719622,0.3740651,0.44394225,0.37460268
14.760076,0.27100244,0.37365505,0.44283167,0.37441406
14.770074,0.27136302,0.37265846,0.44400278,0.37462088
14.780074,0.27129644,0.37380385,0.443177,0.37403002
14.790072,0.27111802,0.37396547,0.44338772,0.37423685
14.800077,0.27218193,0.37338263,0.44303796,0.37430748
14.810073,0.27162498,0.3726013,0.44294703,0.37391156
14.820077,0.2717365,0.3730908,0.44266647,0.37401578
14.830075,0.27267757,0.37255314,0.4428449,0.375185
14.840076,0.2715804,0.37332982,0.44219854,0.372963
14.850075,0.27139664,0.37367693,0.44229117,0.3731594
14.860074,0.27161133,0.3729932,0.4425776,0.37418252
14.870073,0.2711535,0.3730029,0.44217777,0.37336907
14.880075,0.27205348,0.37382033,0.44197828,0.37311834
14.890075,0.27120382,0.3727011,0.44151652,0.37382913
14.900093,0.27194628,0.3744572,0.44159213,0.3737448
14.910073,0.271702,0.3731491,0.44101816,0.37371835
14.920074,0.27101815,0.3731134,0.44109583,0.37399778
14.930087,0.26921448,0.3719483,0.4420032,0.37305906
14.9401865,0.26815382,0.37061688,0.43872648,0.37405735
14.950092,0.26900747,0.37276977,0.4405413,0.37417078
14.960092,0.26919973,0.37152153,0.43944937,0.37373415
14.97009,0.2699444,0.3709851,0.44002867,0.37239394
14.980101,0.2691807,0.36985865,0.43939015,0.37170896
14.990109,0.26871666,0.3703942,0.43909374,0.37261638
15.00016,0.27033228,0.37282845,0.439246,0.37263456
15.010075,0.2700222,0.37210977,0.4391044,0.37197816
15.020072,0.27002442,0.3720272,0.43920073,0.372544
15.030068,0.2703849,0.37297925,0.43970913,0.37321547
15.04007,0.27051115,0.372514,0.43975252,0.3725506
15.050069,0.27081943,0.37256333,0.43858925,0.37242687
15.060071,0.27073202,0.3729588,0.43828672,0.3728035
15.070069,0.27086538,0.37298447,0.43911916,0.37250042
15.08007,0.2710043,0.37326732,0.43837366,0.37283462
15.090069,0.2713017,0.37273154,0.4381368,0.37232363
15.100067,0.26985267,0.37334543,0.4379356,0.3728567
15.110074,0.27182636,0.37297043,0.43748668,0.3726479
15.120078,0.2715185,0.37398505,0.43733692,0.37145263
15.130075,0.2721508,0.3739907,0.43772873,0.37198216
15.140075,0.27211478,0.3737813,0.4372196,0.37124258
15.150074,0.2721875,0.37323582,0.43707392,0.3716221
15.160076,0.2718639,0.3735013,0.4375493,0.37130722
15.170075,0.2718783,0.3727972,0.4373548,0.3711447
15.180076,0.2724182,0.37485516,0.43676794,0.3714939
15.190074,0.27170423,0.37313983,0.43693334,0.3714161
15.200074,0.27178168,0.37336203,0.4368301,0.37164527
15.210073,0.2716746,0.37206537,0.43720305,0.3709342
15.220076,0.2710218,0.37335992,0.43636188,0.37113965
15.230076,0.27065462,0.37368786,0.43579233,0.37150624
15.240073,0.27195936,0.374123,0.43629688,0.37141833
15.250075,0.2718319,0.37346745,0.4363652,0.37137982
15.260076,0.27148587,0.3741131,0.4354851,0.37142593
15.270073,0.27095422,0.37317723,0.43602028,0.37044588
15.280073,0.2720733,0.37383166,0.43519378,0.37117067
15.290075,0.27123275,0.37374577,0.4353724,0.37027866
15.300075,0.27130857,0.3743927,0.4352739,0.3709318
15.310074,0.2709523,0.37335518,0.43477187,0.37029484
15.320075,0.27207792,0.37312847,0.4352406,0.37037712
15.330074,0.2710961,0.37476772,0.43455234,0.3705014
15.340072,0.27063218,0.37311682,0.43483722,0.37028694
15.350075,0.27208886,0.37363893,0.43465889,0.3704621
15.360075,0.2712747,0.37366202,0.43465048,0.3699721
15.370073,0.2713229,0.37357038,0.43417287,0.37039995
15.380075,0.2714699,0.37411875,0.43458742,0.37036595
15.390072,0.2718682,0.37381688,0.43391052,0.3701231
15.400075,0.27116722,0.3729155,0.43336278,0.3701516
15.410073,0.27181166,0.37325543,0.43409294,0.36969033
15.420076,0.27195263,0.3730006,0.43336752,0.3700978
15.430078,0.27034363,0.37187728,0.43333122,0.36949736
15.440089,0.26801866,0.37170088,0.4317802,0.36903247
15.4500885,0.26987198,0.3718967,0.43250424,0.36943403
15.46009,0.2691068,0.37183756,0.43222013,0.36925888
15.470087,0.2711097,0.37308958,0.4329377,0.3688316
15.480083,0.27210578,0.37340012,0.43205264,0.37008595
15.490075,0.27167213,0.37322006,0.4327707,0.3687637
15.500076,0.27143258,0.37358293,0.43197176,0.36864063
15.510074,0.27075282,0.37289003,0.43231088,0.36901292
15.520076,0.27190015,0.37290415,0.4318396,0.36923933
15.530074,0.27243072,0.3731016,0.43219325,0.36905804
15.540073,0.27172756,0.37404007,0.43180588,0.36969742
15.550075,0.27155915,0.373699,0.4314462,0.3687713
15.560075,0.27152592,0.37396953,0.43191454,0.3697758
15.570073,0.27141225,0.37378863,0.43108466,0.36856377
15.580073,0.2724182,0.37419987,0.43095255,0.36851296
15.590075,0.27124697,0.37371156,0.43157288,0.369116
15.600075,0.27114135,0.3737793,0.43109363,0.36858815
15.610073,0.27132902,0.37331623,0.43023917,0.36840025
15.620075,0.27097815,0.37394658,0.43061393,0.3685949
15.630073,0.2726441,0.3738252,0.43083572,0.36843404
15.640075,0.27145165,0.37287366,0.43062046,0.3684309
15.650075,0.27155626,0.37400275,0.43013644,0.36839885
15.660082,0.2683095,0.37369704,0.4303259,0.36899206
15.6700735,0.27170682,0.37412018,0.42992428,0.36836097
15.680076,0.27173707,0.37360284,0.42986467,0.3680071
15.690075,0.27172318,0.37292984,0.42932093,0.36817548
15.700072,0.27167767,0.37415454,0.4297559,0.3679967
15.710074,0.27168664,0.3737716,0.42971164,0.36780086
15.720076,0.27153912,0.37305805,0.42921197,0.3681227
15.730074,0.27220586,0.37402228,0.42905906,0.36837935
15.740075,0.27161527,0.37344828,0.4290759,0.36838576
15.7500725,0.27180505,0.3736052,0.42865527,0.36845002
15.760074,0.27114287,0.3740066,0.42894945,0.36739376
15.770073,0.27179238,0.37303603,0.42817116,0.3677743
15.780072,0.2718579,0.37427494,0.4286103,0.367431
15.790075,0.27099988,0.37345284,0.42826563,0.36733243
15.800076,0.27190238,0.37372252,0.4284076,0.36747
15.810075,0.27118668,0.37373504,0.42750648,0.3674197
15.820074,0.2719669,0.37377033,0.42798966,0.36746183
15.830075,0.27160373,0.37358692,0.42754358,0.36720988
15.8400755,0.27229327,0.3739281,0.42770556,0.36738366
15.850075,0.27134332,0.3737081,0.42718205,0.3671082
15.860075,0.27198026,0.37358317,0.42723376,0.3672112
15.870071,0.27120844,0.37316966,0.42699835,0.3666255
15.880075,0.27212834,0.37436208,0.42714086,0.36670825
15.890073,0.2716549,0.37358576,0.42570382,0.36683914
15.900074,0.27158338,0.3739437,0.4268775,0.36680385
15.910073,0.2717818,0.37338907,0.42661375,0.36692372
15.920077,0.27163452,0.3737144,0.42641315,0.366467
15.930075,0.27064076,0.37257862,0.42557034,0.36642525
15.940093,0.26784238,0.3707757,0.42540282,0.36558834
15.95009,0.26970828,0.37264004,0.42573234,0.36610743
15.960093,0.26915938,0.37225518,0.42569155,0.36597428
15.97009,0.27194813,0.37424386,0.42452866,0.3659167
15.98009,0.26934946,0.37197658,0.42552096,0.36550042
15.990093,0.2691191,0.3707898,0.42472342,0.36621472
16.000105,0.2692959,0.37164363,0.42453274,0.3659748
16.01009,0.271529,0.373396,0.42538187,0.36641368
16.020075,0.2712978,0.37422606,0.42413953,0.3663762
16.030073,0.27163577,0.37399095,0.42493543,0.36653498
16.04007,0.27106735,0.37360787,0.42416131,0.36587718
16.050072,0.27128688,0.3730424,0.42411962,0.3663914
16.060072,0.2697483,0.3722016,0.4232421,0.36590144
16.07007,0.270155,0.3724143,0.42357785,0.36644354
16.080072,0.2698253,0.37251174,0.42409137,0.36532474
16.090069,0.26988375,0.37253025,0.42249894,0.36566147
16.10007,0.26969913,0.37349054,0.42304143,0.36543912
16.11007,0.26940295,0.3726491,0.4229989,0.3657322
16.12008,0.27044737,0.37282082,0.4231458,0.36598876
16.13008,0.27053288,0.37264323,0.4227372,0.36535183
16.140076,0.27087557,0.37310436,0.42302832,0.36523935
16.150074,0.27180803,0.37352267,0.4223626,0.36558244
16.160072,0.27132365,0.3740139,0.42276534,0.36570406
16.170076,0.27090055,0.3731137,0.42235458,0.36534372
16.180075,0.27216637,0.37446654,0.42263016,0.36564282
16.190075,0.27141818,0.37416178,0.42237186,0.36561152
16.200075,0.27155554,0.37390846,0.42294064,0.36545897
16.210075,0.27152035,0.37375766,0.4218248,0.3650004
16.220078,0.27097765,0.3739526,0.42188975,0.36509544
16.230078,0.271765,0.37338293,0.42186105,0.3649894
16.240074,0.27078614,0.37379727,0.42139173,0.36486673
16.250074,0.27149072,0.37463418,0.4216508,0.36512235
16.260075,0.27123874,0.37437737,0.42123935,0.36413315
16.270079,0.27140757,0.37337488,0.42161766,0.36486265
16.280075,0.2714427,0.37406105,0.42098773,0.3649358
16.290071,0.27167618,0.37341443,0.42098096,0.36470062
16.300076,0.2716343,0.37350568,0.41983473,0.36444518
16.310095,0.27139783,0.37405443,0.4202486,0.36476552
16.320078,0.2720392,0.37352008,0.42044622,0.3650167
16.330074,0.27227408,0.37398314,0.42106187,0.36491233
16.340076,0.27197304,0.37392738,0.4200741,0.36441687
16.350075,0.27158654,0.37409532,0.4183012,0.36439863
16.360075,0.2713841,0.37449893,0.42098284,0.36381435
16.370073,0.2718332,0.37519813,0.41836914,0.36367
16.380075,0.2715832,0.37588495,0.41856334,0.36567172
16.390076,0.2718031,0.3723676,0.4198943,0.36524695
16.400072,0.27198327,0.37276396,0.4187833,0.3633678
16.41008,0.2719069,0.37299594,0.41972145,0.3657136
16.420074,0.27172303,0.37555647,0.41870648,0.36446822
16.430075,0.27147135,0.37297028,0.41855106,0.3638077
16.44009,0.26986325,0.3729391,0.41889828,0.3638597
16.450094,0.26951653,0.37250158,0.41782254,0.36336574
16.460104,0.27048126,0.3723732,0.4183392,0.36326325
16.470093,0.26433674,0.3685581,0.41563785,0.36281964
16.480103,0.27164745,0.37420443,0.4186633,0.36383146
16.490082,0.2711902,0.37317553,0.41752252,0.3636863
16.500074,0.27152786,0.37425646,0.41826138,0.363626
16.510096,0.27108103,0.37301552,0.41789484,0.36367998
16.520075,0.27156323,0.37418503,0.41784185,0.3634191
16.530075,0.2707362,0.37355265,0.41756797,0.36354208
16.540073,0.2714132,0.3739731,0.4181614,0.36276314
16.550076,0.27124095,0.3737897,0.41776538,0.363527
16.560076,0.27112755,0.37402683,0.415124,0.36343256
16.570072,0.27168077,0.3752649,0.4172711,0.36283833
16.580076,0.27101856,0.37406087,0.41503555,0.36268848
16.590076,0.271875,0.37269345,0.416367,0.3641169
16.600075,0.271645,0.3751769,0.4154736,0.36481994
16.6101,0.27123314,0.37371543,0.41714767,0.3626839
16.620085,0.27188808,0.37278467,0.41557586,0.36203736
16.63008,0.27056268,0.37407538,0.41660854,0.3640531
16.640074,0.27185178,0.3743175,0.4157671,0.36336035
16.650074,0.27235365,0.37434617,0.41590747,0.36223385
16.660076,0.2729175,0.3742653,0.41579443,0.36332732
16.670076,0.27159137,0.37393087,0.41571555,0.3624818
16.680077,0.27075452,0.37407005,0.41673058,0.3630302
16.690073,0.27135995,0.37462482,0.41536304,0.36261198
16.700075,0.27076566,0.37447953,0.4156793,0.36209148
16.710096,0.27233517,0.37357828,0.41488773,0.36227828
16.720081,0.27229148,0.37361357,0.41471732,0.36284795
16.730085,0.27177134,0.37354302,0.41434604,0.36274225
16.740076,0.27145603,0.37428266,0.414578,0.36278522
16.750076,0.27179542,0.37411007,0.41452092,0.36248627
16.760075,0.2726402,0.37424415,0.41426125,0.36249775
16.770075,0.2716059,0.37384382,0.4146816,0.36227837
16.780073,0.2719752,0.3750238,0.41441903,0.3628741
16.790071,0.2716643,0.37408134,0.41444346,0.3619902
16.800076,0.272039,0.37438062,0.41482428,0.36274037
16.810099,0.27133545,0.37388897,0.41315785,0.3621128
16.82008,0.2714983,0.37444067,0.41414696,0.3625139
16.830076,0.2727226,0.3736851,0.41344672,0.36218894
16.840082,0.27124718,0.37442958,0.4130441,0.36205083
16.850079,0.2719887,0.37380403,0.41279897,0.36251616
16.860077,0.27180764,0.37381768,0.41304353,0.36288437
16.870075,0.27225238,0.37395713,0.41328704,0.3620008
16.880074,0.2717443,0.37438512,0.41258466,0.36201903
16.890076,0.27145922,0.3745195,0.413284,0.36212918
16.900076,0.27131653,0.373956,0.41219774,0.361624
16.910088,0.2718356,0.3745428,0.41295516,0.3620496
16.920076,0.2715253,0.37363723,0.41321772,0.3614314
16.930075,0.27161136,0.37497017,0.412072,0.36166552
16.940092,0.2691909,0.3721171,0.4119486,0.3612536
16.950096,0.2701619,0.37203437,0.41051623,0.36145085
16.960093,0.2691958,0.3718243,0.41138762,0.36100748
16.970089,0.26955977,0.37120226,0.41174024,0.3614977
16.980108,0.26825792,0.37247083,0.4108606,0.3607375
16.990105,0.27115354,0.37204465,0.4100548,0.36129677
17.000223,0.2696215,0.37201387,0.4112641,0.36037552
17.01016,0.2709455,0.3737471,0.4112369,0.36072686
17.020079,0.2708253,0.37334344,0.4109556,0.3612388
17.030075,0.2703211,0.37347856,0.4108774,0.36139995
17.040071,0.27036995,0.37352934,0.41061988,0.36111468
17.05007,0.27040014,0.37359786,0.41037568,0.36127582
17.06007,0.27137437,0.3734987,0.41045526,0.3615601
17.07007,0.27116436,0.37360233,0.40950584,0.3610047
17.080072,0.2710886,0.37346402,0.41039476,0.36058813
17.09007,0.2711609,0.37405482,0.4099309,0.36106503
17.10007,0.27129427,0.3743038,0.41034478,0.36039093
17.110073,0.2716248,0.37388182,0.4097341,0.36099923
17.120079,0.27179825,0.37412998,0.40949467,0.360903
17.13008,0.27218288,0.37506822,0.40973467,0.36054456
17.140074,0.2720722,0.37449592,0.40943426,0.36026856
17.150076,0.27213067,0.37478867,0.40926218,0.36035916
17.160076,0.27185,0.37407938,0.40789407,0.36054116
17.170073,0.2718993,0.37465253,0.40931556,0.35994488
17.180077,0.2720124,0.37417102,0.40878132,0.36062083
17.190075,0.27160126,0.3748954,0.40870613,0.3605445
17.200075,0.27122235,0.37395623,0.40802756,0.3614215
17.21008,0.27032375,0.37351927,0.40914825,0.36050352
17.22008,0.27135295,0.37351292,0.40774727,0.35930791
17.230076,0.27214253,0.37462398,0.4086206,0.3600313
17.240074,0.27108195,0.3748075,0.40761518,0.35902625
17.250074,0.2714975,0.37514862,0.4078672,0.36008844
17.260077,0.27168706,0.37497613,0.40764987,0.3596542
17.270075,0.27237052,0.3732788,0.4078416,0.36002478
17.280075,0.27152476,0.3742709,0.40768695,0.36012858
17.290073,0.271887,0.37375596,0.4078717,0.36115646
17.300076,0.27163967,0.37430716,0.40747216,0.36006352
17.310072,0.27215382,0.37386465,0.40756232,0.36000565
17.320076,0.27071705,0.3745419,0.4071363,0.35988346
17.330076,0.27162609,0.3744768,0.407919,0.36000705
17.340075,0.27180138,0.37499985,0.40666035,0.35996327
17.350075,0.27156052,0.37462494,0.40693945,0.35963452
17.360073,0.27176774,0.37495154,0.40649423,0.3596236
17.370075,0.2718561,0.37434852,0.40652248,0.35966805
17.380075,0.271416,0.37432313,0.40644944,0.35951838
17.390076,0.27113745,0.37389866,0.405747,0.35982534
17.400076,0.27103606,0.37503868,0.40637907,0.3594823
17.410072,0.2713371,0.37425077,0.40627274,0.3597991
17.420074,0.2716441,0.3747359,0.40604407,0.3594946
17.430077,0.27172408,0.37442958,0.40568176,0.35982493
17.440092,0.2702345,0.3722615,0.40599203,0.35949934
17.450098,0.2699193,0.37317196,0.40462857,0.35995138
17.460093,0.26885727,0.37280643,0.40515006,0.35837835
17.470098,0.26714897,0.37233195,0.40515414,0.35875094
17.480095,0.27108756,0.37435365,0.40458304,0.35877287
17.490082,0.2710004,0.3739877,0.40467677,0.3592983
17.500078,0.27155992,0.3737229,0.40448818,0.35880858
17.510075,0.27169088,0.37387222,0.4053981,0.35886672
17.520077,0.27150795,0.37389073,0.4040713,0.35843354
17.530075,0.27187037,0.37412974,0.40440992,0.35884228
17.540075,0.2716488,0.37482682,0.40434006,0.35891882
17.550076,0.27181175,0.37538138,0.4035921,0.3578766
17.560076,0.27215302,0.3750166,0.4039351,0.3592323
17.570076,0.27171627,0.37524292,0.4044021,0.35884416
17.580074,0.27277792,0.37527758,0.40373805,0.3590301
17.590075,0.2715574,0.37536746,0.40434346,0.3588785
17.600073,0.27200785,0.37466678,0.4037811,0.35888958
17.610075,0.27156663,0.37488618,0.40368003,0.35810116
17.620079,0.27136898,0.37380707,0.40342978,0.35795826
17.630074,0.27100262,0.37465668,0.40329266,0.35813972
17.640087,0.27021307,0.37338486,0.4028949,0.35833126
17.650078,0.27140933,0.37426826,0.40276554,0.35858336
17.660076,0.2713593,0.37515008,0.40282097,0.35794213
17.670074,0.2712031,0.37363705,0.40304086,0.35871035
17.680075,0.27230066,0.37523478,0.40222266,0.3585373
17.690075,0.2717536,0.37471277,0.40266797,0.35853827
17.700073,0.27158982,0.37449536,0.40239784,0.35805866
17.710073,0.27118987,0.37437767,0.40096235,0.35890165
17.720074,0.27167258,0.3760699,0.40086013,0.35806286
17.730074,0.27142394,0.37339842,0.4014445,0.3566815
17.740074,0.27155522,0.3767544,0.40336338,0.35836378
17.750074,0.27197975,0.37572673,0.40075028,0.35948586
17.760075,0.27158153,0.37385324,0.40073812,0.35775995
17.770071,0.2713778,0.3747678,0.40105486,0.35800913
17.780073,0.27113777,0.37406898,0.4010533,0.35843605
17.790071,0.2707109,0.37399077,0.4014259,0.3579467
17.800074,0.26988587,0.37445763,0.40088516,0.35773548
17.810074,0.2724813,0.37478268,0.4010801,0.3580348
17.820076,0.2709334,0.37395847,0.40081054,0.35799843
17.830074,0.2714155,0.37505,0.4009216,0.35811585
17.84008,0.27038464,0.37436342,0.40089926,0.35807344
17.850079,0.2710889,0.37445435,0.40048835,0.3577598
17.860075,0.27199277,0.3746705,0.40025857,0.35763595
17.870075,0.2716518,0.37464634,0.40037104,0.35782728
17.880075,0.27131388,0.37418783,0.40006083,0.3576161
17.890074,0.27188155,0.3746011,0.4000127,0.35764593
17.900074,0.2707758,0.37427342,0.4003794,0.35782617
17.910072,0.27232802,0.37444982,0.39970875,0.357994
17.920076,0.2722317,0.3742506,0.3995892,0.35758537
17.930075,0.27169493,0.37485132,0.39936566,0.3574127
17.940094,0.26901132,0.37194884,0.39796975,0.3569855
17.950111,0.26931095,0.3730434,0.3980772,0.35774815
17.96009,0.27024114,0.37215772,0.39795747,0.3560611
17.9701,0.27128726,0.36741903,0.39647508,0.35864007
17.980103,0.26996928,0.37346238,0.39844298,0.35711637
17.9901,0.2691555,0.3722562,0.3978689,0.3575132
18.000092,0.2699782,0.37321436,0.3981803,0.3571577
18.010092,0.2715595,0.37574583,0.39870796,0.3568917
18.020086,0.27133462,0.37466317,0.39866233,0.35721833
18.030071,0.2717999,0.37401375,0.39785358,0.3568574
18.040073,0.27193964,0.37445608,0.39842305,0.357186
18.050074,0.27210236,0.37419924,0.39850077,0.35689574
18.060072,0.2717545,0.37504718,0.39758635,0.3571908
18.070072,0.27188,0.3741523,0.39779127,0.35672998
18.080069,0.27190685,0.37429112,0.39768103,0.35758248
18.090073,0.2715563,0.37421912,0.39739802,0.3570194
18.100073,0.2710836,0.37452424,0.3978331,0.35740238
18.110071,0.27171582,0.37542224,0.3964418,0.35670415
18.120108,0.27120042,0.37519935,0.39643946,0.35677788
18.130074,0.2721477,0.3751858,0.39885992,0.35630268
18.140076,0.271055,0.37439275,0.3973452,0.35626686
18.150076,0.27177426,0.3748507,0.39753097,0.35677508
18.160074,0.27172968,0.3756147,0.39695543,0.35617816
18.170073,0.271929,0.37533996,0.39598253,0.35660598
18.180073,0.2717768,0.37451774,0.39650536,0.35674354
18.190075,0.27095395,0.37493682,0.39641652,0.35685867
18.200073,0.27105573,0.37502056,0.395766,0.35605142
18.210077,0.2715536,0.37557915,0.396073,0.35654908
18.22009,0.27122614,0.3745981,0.39609945,0.3564982
18.230078,0.27127928,0.3753481,0.39586708,0.35596398
18.240074,0.27135032,0.37453285,0.39569148,0.3558912
18.250072,0.27149418,0.3744587,0.39560753,0.3563268
18.2601,0.27246895,0.37500265,0.39609995,0.3562041
18.27008,0.27184382,0.37375933,0.39539385,0.35620245
18.280075,0.27270523,0.3748442,0.3949991,0.355953
18.290075,0.27084643,0.37467596,0.39530227,0.35637155
18.300074,0.27201524,0.37470734,0.39527023,0.3560398
18.310074,0.27186286,0.37525007,0.39469948,0.3559031
18.320103,0.27200547,0.37512285,0.3942841,0.3565612
18.330076,0.27226692,0.37515652,0.39501038,0.3560682
18.340076,0.27234492,0.3757216,0.39463952,0.3558273
18.350075,0.27162415,0.3743698,0.39439335,0.3555754
18.360075,0.27292562,0.37566724,0.39516705,0.35577637
18.370071,0.2717797,0.37217766,0.39366928,0.35595706
18.380081,0.27141342,0.3748733,0.39406008,0.3560621
18.390074,0.2722495,0.37414014,0.39418912,0.35572255
18.400076,0.27166727,0.37553132,0.39357322,0.35552406
18.410074,0.27244982,0.3757349,0.39400038,0.35588324
18.420094,0.27210134,0.37530744,0.39355782,0.35589188
18.430075,0.2718548,0.3747878,0.39279458,0.35538858
18.440102,0.2701513,0.37335086,0.3928527,0.35413945
18.450104,0.26961988,0.37349233,0.3926915,0.35570607
18.460094,0.27074724,0.37298012,0.39361784,0.35511988
18.470098,0.27199546,0.3760395,0.39295444,0.35459393
18.480093,0.27139205,0.37509453,0.39308783,0.3558572
18.490078,0.27182704,0.37483767,0.39253604,0.3557549
18.500076,0.2720056,0.37435046,0.3927797,0.35548046
18.510075,0.27203774,0.37437156,0.392626,0.355563
18.520098,0.27112088,0.374864,0.392141,0.35526332
18.530075,0.2715662,0.37497172,0.39250398,0.35513905
18.540073,0.2712931,0.3749766,0.39172468,0.35503146
18.550076,0.2717019,0.3749233,0.39216167,0.3549584
18.560074,0.2716651,0.3751078,0.3917889,0.3551723
18.570074,0.27174112,0.37478682,0.3922155,0.35507086
18.580074,0.27171403,0.37581623,0.39182463,0.3544118
18.590075,0.27170512,0.37535197,0.3914347,0.35543862
18.600075,0.27236322,0.37636635,0.39289114,0.3555272
18.610075,0.27194032,0.3730727,0.39090344,0.355299
18.620098,0.27158245,0.37638447,0.3926094,0.35436544
18.630077,0.2719842,0.37352145,0.39128926,0.3548885
18.640076,0.2721677,0.3755222,0.39131832,0.3554375
18.650072,0.2710433,0.37481046,0.3909556,0.35539198
18.660074,0.27300227,0.37471363,0.39116144,0.35540503
18.670074,0.271791,0.37452278,0.39083704,0.35478497
18.680075,0.2712244,0.3747147,0.3914238,0.35536352
18.690075,0.2720957,0.3745126,0.3907324,0.35381407
18.700075,0.27216107,0.3747978,0.39118817,0.3547841
18.710073,0.27238736,0.37552643,0.39050528,0.35504526
18.720097,0.2713462,0.37462214,0.3905516,0.3546513
18.73008,0.27240437,0.3744648,0.38962108,0.35459527
18.740082,0.27176043,0.3753914,0.39027438,0.35445574
18.750078,0.2716129,0.37536752,0.39009812,0.35449865
18.760077,0.27167004,0.37535623,0.3898479,0.3548038
18.770073,0.27181196,0.3752634,0.3891876,0.35465607
18.780075,0.272347,0.3753237,0.38988614,0.35399953
18.790075,0.2715551,0.37561527,0.38959163,0.35462546
18.800076,0.2703684,0.37514088,0.3898817,0.35437936
18.810076,0.27266747,0.37564862,0.38928005,0.3546802
18.820097,0.27174136,0.37495914,0.38914922,0.35416418
18.830074,0.27061364,0.37427852,0.3893428,0.35444912
18.840082,0.27107105,0.374254,0.38841408,0.35412544
18.850077,0.27084312,0.3741735,0.3879901,0.35369486
18.860075,0.27098727,0.37475318,0.38869327,0.35410208
18.870073,0.27033874,0.37379852,0.3883734,0.3541707
18.880074,0.2717475,0.3741461,0.38833866,0.3539603
18.890076,0.27015176,0.37399757,0.38864437,0.35415125
18.900074,0.2701738,0.37405905,0.38834187,0.35354847
18.910074,0.2714466,0.3733178,0.38822475,0.3539386
18.920094,0.27083725,0.37590444,0.38943022,0.3551197
18.930075,0.27158928,0.37455592,0.3882915,0.35436782
18.940113,0.26928973,0.37195292,0.3873255,0.35400924
18.950106,0.26986378,0.37344277,0.3868661,0.35362458
18.960096,0.269091,0.371999,0.38716874,0.3538804
18.970098,0.2711119,0.37262693,0.3862661,0.35288474
18.980103,0.26917073,0.37365067,0.38666072,0.35395464
18.990097,0.26912737,0.3723787,0.3868235,0.35389933
19.000103,0.2687977,0.3719125,0.38586625,0.35319278
19.010101,0.27140796,0.37477636,0.38665745,0.35390246
19.02014,0.27144867,0.37485617,0.38664904,0.35401407
19.030085,0.2684826,0.37273806,0.38551524,0.35421988
19.04009,0.26836646,0.37232313,0.38608682,0.3535402
19.050089,0.27092335,0.37379324,0.38644463,0.35370982
19.060074,0.2712804,0.3742624,0.3865249,0.35405135
19.070072,0.27047274,0.37408713,0.38641524,0.35411564
19.080078,0.27125275,0.37386823,0.38621262,0.35415357
19.09007,0.2702836,0.37425667,0.3860808,0.35347527
19.10007,0.27193418,0.3748533,0.3855474,0.35357118
19.11007,0.27195674,0.37440166,0.3866889,0.35438102
19.120071,0.2712498,0.3749211,0.3854077,0.35404515
19.130074,0.27212894,0.37386256,0.38556883,0.35348243
19.140074,0.27201143,0.37538594,0.3859427,0.3535735
19.150074,0.2714419,0.37495193,0.3856577,0.3539208
19.160076,0.27158853,0.37507263,0.38492244,0.35442978
19.170076,0.2716112,0.37471905,0.3850066,0.35419494
19.180075,0.2714126,0.3750952,0.38500196,0.35343006
19.190073,0.27148587,0.37521124,0.38535845,0.3533105
19.200073,0.27199292,0.3750688,0.38497806,0.35354686
19.210077,0.27166623,0.37519136,0.3849726,0.35363272
19.220076,0.27180102,0.37505877,0.38483793,0.35308477
19.230074,0.27151823,0.37601227,0.38439804,0.35345888
19.240076,0.2722659,0.3766355,0.3844384,0.3534707
19.250076,0.2724269,0.3760371,0.38496548,0.35292354
19.260075,0.27179146,0.3756857,0.38531932,0.3534663
19.270075,0.27099752,0.37505352,0.3844934,0.35312656
19.280075,0.27224264,0.37604165,0.38398793,0.35408196
19.290073,0.27123797,0.37437138,0.38392723,0.35326973
19.300076,0.27217758,0.37524477,0.38429314,0.35374597
19.310074,0.27188453,0.3754558,0.3836706,0.35299155
19.320076,0.2717526,0.37493214,0.38377634,0.3530928
19.330074,0.2712867,0.37493953,0.3840385,0.3528618
19.340076,0.27208295,0.37520757,0.38302884,0.3529054
19.350075,0.27217042,0.37535033,0.38338324,0.352972
19.360075,0.27168012,0.3756457,0.3831527,0.35270223
19.370075,0.27229452,0.37551108,0.38344923,0.35324565
19.380074,0.27201825,0.37511057,0.38278052,0.35279047
19.390076,0.2719041,0.37595958,0.38284472,0.35396183
19.400076,0.27152708,0.37563637,0.38250566,0.35303956
19.410074,0.27164066,0.37584943,0.383441,0.35401788
19.420076,0.27082637,0.37530258,0.38218495,0.35321456
19.430073,0.27120554,0.3754374,0.38232505,0.3525829
19.440088,0.26902243,0.37412968,0.38188046,0.35159984
19.45009,0.26992145,0.37331104,0.38232252,0.35250175
19.460089,0.26946566,0.37257233,0.38166565,0.352134
19.4701,0.27071175,0.37440848,0.3822995,0.35063812
19.480083,0.2710602,0.37507004,0.38162413,0.35229948
19.49008,0.2722122,0.3745029,0.38205084,0.35292357
19.500078,0.27181312,0.37578467,0.3814177,0.35188526
19.510075,0.27193743,0.3755858,0.38152418,0.35234818
19.520077,0.27184415,0.37613493,0.3817348,0.3530459
19.530077,0.2721103,0.37581035,0.38180068,0.3524987
19.540077,0.271896,0.37612602,0.38132986,0.35269105
19.550074,0.2724371,0.37540704,0.3813253,0.35235158
19.560076,0.27157077,0.3764592,0.38168794,0.35259762
19.570074,0.2723047,0.37525186,0.3807067,0.352339
19.580074,0.27210552,0.3756229,0.38075903,0.35268697
19.590075,0.27264506,0.37504408,0.38059357,0.35272998
19.600077,0.27236438,0.37584874,0.3810915,0.35255027
19.610075,0.2729671,0.37563553,0.38055474,0.3520029
19.620075,0.27156076,0.37583864,0.38139516,0.3527413
19.630093,0.272363,0.37586018,0.38090068,0.35259068
19.640076,0.27203372,0.3753788,0.38011834,0.35322326
19.650076,0.271017,0.37519693,0.37972936,0.3520653
19.660074,0.2715817,0.37575808,0.3797491,0.35244232
19.670073,0.27135208,0.375965,0.37997186,0.35259333
19.680073,0.27132297,0.37569362,0.3803753,0.35223398
19.690073,0.27211446,0.37501013,0.37984022,0.3523472
19.700075,0.2718301,0.37514535,0.37961844,0.35218352
19.710073,0.27262312,0.37546524,0.3795592,0.35211375
19.720074,0.2720298,0.37575245,0.37917548,0.35232273
19.730091,0.27200544,0.37546623,0.37925962,0.35258874
19.740074,0.27147436,0.37596643,0.37907785,0.35232037
19.750074,0.27217185,0.37571082,0.37963727,0.3525505
19.760075,0.27146304,0.37553075,0.3786479,0.35188723
19.770073,0.27181447,0.37408286,0.3787233,0.35230285
19.780073,0.27191436,0.37584618,0.37845314,0.3523921
19.790073,0.27162,0.375022,0.37881804,0.35234848
19.800074,0.2719349,0.375685,0.37904385,0.35192186
19.810074,0.27159232,0.3754486,0.37899166,0.351878
19.820074,0.27167168,0.37536356,0.37798983,0.35271537
19.830093,0.2718571,0.37456533,0.3799421,0.35133725
19.84008,0.27197617,0.3772063,0.37692398,0.35125354
19.850077,0.27194756,0.37425965,0.37770447,0.35039535
19.860077,0.27243355,0.37600872,0.37817803,0.3519274
19.870073,0.2718095,0.3748521,0.37806326,0.35183573
19.880075,0.27274376,0.37558097,0.37858933,0.3526586
19.890076,0.27242044,0.37487698,0.37735146,0.35172626
19.900076,0.27252436,0.37562373,0.37725344,0.3513327
19.910074,0.2717028,0.37593046,0.3772546,0.35200602
19.920074,0.27221057,0.3763674,0.37742943,0.35206473
19.930094,0.27269787,0.3758071,0.37798324,0.35208085
19.940123,0.26788545,0.37314114,0.37703162,0.3507729
19.950119,0.2690118,0.37371358,0.37697908,0.3513869
19.963064,0.26910657,0.37341926,0.37612534,0.35223585
19.970087,0.27006584,0.37402642,0.37685913,0.3508482
19.980694,0.27169713,0.37562382,0.37888345,0.3495931
19.990107,0.26942286,0.37434483,0.37703913,0.35059518
20.000103,0.2695315,0.37391782,0.37690416,0.3510802
20.010094,0.2721829,0.3757782,0.37687954,0.35127518
20.020084,0.27107006,0.37552878,0.3756647,0.35083616
20.030142,0.27189502,0.37639803,0.37673825,0.35206077
20.040073,0.2715771,0.37579674,0.37597394,0.35136738
20.050072,0.27182794,0.37529725,0.37590945,0.35172755
20.060072,0.27117687,0.3747977,0.3757049,0.35146156
20.07007,0.27024287,0.37590626,0.37600034,0.35260302
20.080069,0.27035618,0.3759474,0.3756362,0.3515802
20.09007,0.2713714,0.3756541,0.3753645,0.35188806
20.10007,0.27124363,0.37542337,0.37559894,0.35165355
20.110071,0.27094385,0.3754062,0.37502655,0.35168648
20.120071,0.27151093,0.3753214,0.3749581,0.35108393
20.13007,0.27094796,0.37513456,0.37485096,0.35098773
20.140074,0.2720447,0.3756719,0.37524536,0.3516101
20.150076,0.2713152,0.37611666,0.37475333,0.3511758
20.160074,0.27213055,0.37629983,0.37528703,0.3518101
20.170074,0.27156433,0.3756768,0.37472787,0.35100517
20.180075,0.27150133,0.3762902,0.37529126,0.35180697
20.190073,0.2719962,0.37561712,0.37444896,0.3512535
20.200075,0.27266076,0.375954,0.3745598,0.3513385
20.210077,0.27189893,0.3760387,0.3739874,0.35173368
20.220078,0.27134627,0.37623563,0.37477583,0.35152987
20.230076,0.27132082,0.37538284,0.37448588,0.35148916
20.240074,0.27213287,0.3760287,0.37410417,0.3517341
20.250074,0.27145594,0.37541437,0.37410387,0.35173345
20.260073,0.2718621,0.3758651,0.37337545,0.3509657
20.270073,0.27162305,0.37510002,0.3736171,0.35125262
20.280073,0.27196693,0.37577486,0.37338462,0.35104567
20.290081,0.27242807,0.37570885,0.37407234,0.35123348
20.300081,0.27075127,0.37534586,0.37366012,0.35092723
20.310078,0.27220738,0.37613037,0.37346968,0.35171077
20.320076,0.27259412,0.37588376,0.37316188,0.35099918
20.330076,0.27218625,0.37535307,0.3736665,0.35125548
20.340075,0.2718792,0.37568465,0.37367165,0.35167208
20.350075,0.27260396,0.37618876,0.37285352,0.3512835
20.360073,0.27160415,0.37573203,0.37325957,0.35090083
20.370075,0.27155837,0.37706998,0.37328234,0.3509908
20.380075,0.27228722,0.3761175,0.37224823,0.35078597
20.390074,0.27231598,0.37677476,0.37191233,0.35122272
20.400076,0.27142003,0.3766635,0.37290993,0.35073724
20.410072,0.2720425,0.37626895,0.37213123,0.35050684
20.420076,0.2718233,0.3764108,0.37261978,0.35030526
20.430075,0.2724002,0.37584418,0.37176153,0.35117337
20.440104,0.26991835,0.37462834,0.37235907,0.34965292
20.450104,0.26923445,0.37335134,0.37117758,0.35079432
20.460089,0.26967555,0.37410262,0.37187368,0.35118818
20.470097,0.2698995,0.3743149,0.3714138,0.35098994
20.480087,0.27211943,0.37567902,0.37186745,0.35080224
20.49009,0.27117756,0.37649384,0.3715686,0.35106593
20.500078,0.2713427,0.37558132,0.3723801,0.35077757
20.510075,0.27089307,0.37577623,0.3715331,0.35118032
20.520075,0.271307,0.3758691,0.37120816,0.35132933
20.530075,0.27152082,0.37607157,0.37146616,0.35077894
20.540077,0.2723244,0.37588313,0.37148067,0.3507526
20.550076,0.27191636,0.37547883,0.3711949,0.35073757
20.560076,0.27243567,0.3764222,0.37064624,0.35099173
20.570076,0.27151722,0.376475,0.3706717,0.35045502
20.580072,0.2715586,0.3764448,0.37066713,0.35047096
20.590073,0.27242833,0.37644842,0.37034148,0.35039485
20.600075,0.27096418,0.3761,0.37049052,0.3505387
20.610075,0.27160704,0.37622142,0.37012655,0.35041797
20.620079,0.2714394,0.3757942,0.37021273,0.35107657
20.630072,0.27187693,0.37635058,0.37037963,0.3504787
20.640074,0.27199736,0.37587264,0.36976984,0.3503846
20.650074,0.27219504,0.3759599,0.37048674,0.35093874
20.660076,0.27164054,0.37637046,0.37088552,0.35083723
20.670074,0.2719672,0.3762148,0.37043706,0.35066244
20.680075,0.2722528,0.37581846,0.36992255,0.35103452
20.690075,0.27196586,0.37631485,0.3695248,0.35041893
20.700073,0.27192733,0.3766197,0.36964402,0.3508694
20.710073,0.2720046,0.37673023,0.36970246,0.3505161
20.720076,0.27161315,0.37633613,0.3693661,0.35091177
20.730072,0.2714925,0.37633985,0.36962378,0.35127604
20.740093,0.2720195,0.37625015,0.3688471,0.35009086
20.750074,0.27141315,0.37558252,0.3690278,0.35058716
20.760075,0.27225506,0.37657955,0.36986268,0.35117948
20.770077,0.27177486,0.3762715,0.36880842,0.35014963
20.780075,0.27202493,0.37675998,0.36900753,0.3500853
20.790073,0.2711782,0.37629274,0.36892813,0.3505798
20.800074,0.27158388,0.3763265,0.36880127,0.3505912
20.810074,0.271878,0.3757833,0.36857852,0.35090628
20.820078,0.27233666,0.3765558,0.3681115,0.3507551
20.830074,0.27207258,0.37614635,0.36909956,0.3505557
20.840073,0.27241307,0.37704796,0.36811888,0.35050833
20.850073,0.27190357,0.37644476,0.36810076,0.3500197
20.860075,0.27153143,0.3763224,0.36887202,0.3503641
20.870075,0.2722748,0.375685,0.3684128,0.35026246
20.880074,0.27150452,0.37612528,0.36785376,0.3507647
20.890072,0.2726136,0.3761553,0.3681479,0.35080162
20.900074,0.2717717,0.3761655,0.36807907,0.3509889
20.910074,0.27130473,0.37586766,0.36776844,0.35038632
20.920073,0.27220902,0.37617114,0.36775807,0.35005763
20.930075,0.27228954,0.37668994,0.36772025,0.34971106
20.94009,0.2710326,0.3730327,0.3666735,0.34894654
20.950115,0.2698765,0.37356964,0.3669563,0.34988478
20.960093,0.26788807,0.37397522,0.36640647,0.34994435
20.970093,0.26994222,0.37515247,0.36699694,0.35030523
20.980106,0.268461,0.3745304,0.36634183,0.34968376
20.990093,0.27002794,0.3746683,0.366222,0.34972665
21.000097,0.26957503,0.37421325,0.36616164,0.34943053
21.010086,0.27179956,0.37550563,0.36506784,0.3499936
21.020077,0.27121404,0.3760494,0.36719406,0.34992662
21.030077,0.2716718,0.3762767,0.36722538,0.34961954
21.040075,0.2726253,0.3774352,0.36696288,0.34998453
21.050137,0.27100822,0.3750596,0.36721617,0.34922898
21.060072,0.27153382,0.3743366,0.36771184,0.35041022
21.07007,0.2705596,0.3746539,0.36572078,0.35015264
21.08007,0.27207398,0.37652543,0.36598998,0.35063598
21.090069,0.27224272,0.37582576,0.36593193,0.34963515
21.100069,0.27112854,0.37722796,0.36595014,0.35007662
21.110067,0.27086118,0.37541106,0.36557478,0.35023645
21.120071,0.27140987,0.37602392,0.3662084,0.35000062
21.130072,0.27099562,0.37607348,0.36567125,0.3499868
21.14007,0.2717551,0.37738788,0.3660146,0.3501572
21.15007,0.2714452,0.37629202,0.36470214,0.35015175
21.160072,0.27256176,0.376735,0.36552823,0.3499563
21.170074,0.272537,0.3766894,0.36523724,0.34934726
21.180075,0.27195933,0.3763151,0.36605343,0.35027114
21.190075,0.2728613,0.37696046,0.36553678,0.34950754
21.200075,0.27228227,0.37672123,0.36564478,0.3493707
21.210073,0.27217793,0.37690356,0.3655279,0.34964207
21.220076,0.27276182,0.37659186,0.36531898,0.34942454
21.23008,0.27247533,0.37610784,0.36502784,0.34958673
21.240076,0.2722293,0.376145,0.36506099,0.3495165
21.250074,0.27227786,0.37704948,0.36452293,0.34920365
21.260077,0.27193996,0.37703612,0.3646281,0.34987918
21.270075,0.27213827,0.37705216,0.3648717,0.3494958
21.280075,0.27180335,0.37637433,0.36433104,0.34927663
21.290073,0.2721083,0.37616983,0.36411306,0.3499759
21.300076,0.2718436,0.37703162,0.36466855,0.3493382
21.310074,0.27195278,0.37643147,0.36437064,0.3490096
21.320078,0.2718615,0.37615532,0.3643082,0.34920913
21.330074,0.27239734,0.37649962,0.36404082,0.3486746
21.340075,0.27239653,0.3763442,0.36400947,0.3492317
21.350075,0.2712165,0.37673762,0.3635245,0.34882253
21.360075,0.27243695,0.37697107,0.36422127,0.34929037
21.370075,0.27178934,0.3769382,0.36430782,0.34950247
21.380074,0.2727388,0.37691864,0.36339185,0.34965667
21.390074,0.2725278,0.37597027,0.363458,0.34907156
21.400072,0.27163813,0.37687823,0.36315688,0.34908068
21.410074,0.27157083,0.37700897,0.3631523,0.3487829
21.420076,0.27225688,0.37685385,0.36362946,0.34913984
21.430075,0.27185455,0.37638217,0.36282197,0.34897226
21.440098,0.27281648,0.37726384,0.3625868,0.3483316
21.450094,0.2694963,0.37419122,0.36237237,0.34888706
21.46009,0.26949573,0.37430617,0.36292613,0.3489774
21.470224,0.27064344,0.37413576,0.36242577,0.34836054
21.480085,0.26962936,0.37513867,0.36221415,0.34806576
21.490082,0.27282277,0.3763529,0.36301133,0.34880102
21.500074,0.27181914,0.37702635,0.3630356,0.34911284
21.510075,0.27223217,0.37608936,0.3622687,0.34841937
21.520077,0.27217013,0.37648326,0.36301157,0.3492091
21.530073,0.27235022,0.3777956,0.3626303,0.34915218
21.540075,0.27274123,0.37663144,0.3624108,0.34853715
21.550074,0.27192163,0.3774912,0.3622288,0.34896445
21.560097,0.27225605,0.37567347,0.36196503,0.34818664
21.570076,0.27305532,0.37701872,0.3622705,0.34909207
21.580074,0.27157184,0.37692758,0.36236688,0.34919497
21.590075,0.27344757,0.37734774,0.3631196,0.34798604
21.600075,0.27059898,0.37539977,0.36211446,0.3479869
21.610075,0.27107114,0.37623814,0.3613312,0.34825605
21.620073,0.27073193,0.37577274,0.36184162,0.34847787
21.630075,0.2710077,0.37593517,0.36202058,0.34822252
21.640076,0.2708604,0.37584066,0.36106905,0.34773684
21.650076,0.27039647,0.37558767,0.36097896,0.34796807
21.66009,0.27090713,0.37594697,0.36078918,0.34866995
21.670073,0.270679,0.3758869,0.36137822,0.348025
21.680077,0.27154157,0.37671834,0.36149886,0.34844086
21.690073,0.27195516,0.37694916,0.36216846,0.34872955
21.700075,0.2723794,0.37713572,0.36168307,0.34875378
21.710075,0.27204904,0.37671477,0.36152345,0.3484494
21.720076,0.27197713,0.3771108,0.36157203,0.3489876
21.730074,0.2712726,0.3766249,0.36020422,0.34798446
21.740074,0.27238902,0.37656453,0.36075124,0.3486479
21.750074,0.2714897,0.37697294,0.36069894,0.34842053
21.76009,0.271914,0.37745875,0.36065575,0.3484867
21.770075,0.27154076,0.3767212,0.36053765,0.34827876
21.780075,0.27185518,0.37787148,0.36080298,0.34798446
21.790073,0.2711338,0.37556946,0.36001012,0.3484419
21.800076,0.2719935,0.37782872,0.3602894,0.34850797
21.810076,0.27263469,0.37797374,0.3611755,0.34775364
21.820076,0.2716108,0.3766519,0.36097327,0.34787452
21.830076,0.27213904,0.37612,0.3598227,0.3490275
21.840075,0.27186474,0.37714684,0.36036932,0.34760073
21.850075,0.2727571,0.3772651,0.35962144,0.34802493
21.860073,0.271898,0.3765254,0.35937095,0.3477703
21.870073,0.27208063,0.37693575,0.35988167,0.34784782
21.880075,0.27248576,0.37744313,0.3603496,0.34816208
21.890074,0.27244514,0.37729138,0.36013818,0.3482898
21.900074,0.27265906,0.37732083,0.3593001,0.34798655
21.910072,0.27259278,0.37674057,0.35938442,0.34818166
21.920076,0.27242395,0.37732124,0.35949573,0.34810516
21.930075,0.27194488,0.37760037,0.3585688,0.3474495
21.94009,0.27099738,0.37577814,0.358648,0.3476151
21.95011,0.2708084,0.37503588,0.35797513,0.3477514
21.960102,0.27020806,0.37516305,0.35904258,0.34748456
21.970097,0.2694909,0.37518027,0.35759276,0.3480018
21.980099,0.2715282,0.37746298,0.35851437,0.34763733
21.990133,0.26971963,0.37544802,0.35772598,0.3475092
22.000093,0.27027968,0.37477884,0.35795927,0.3478576
22.010092,0.27046853,0.37545988,0.35806334,0.34693787
22.020084,0.27228138,0.37683135,0.35827073,0.3478903
22.030073,0.27243888,0.37614453,0.3587808,0.34723642
22.040077,0.27228728,0.37732628,0.35922053,0.3480319
22.050076,0.2716177,0.3774585,0.35778806,0.3477447
22.060074,0.27179378,0.37689504,0.35850024,0.3473726
22.07008,0.27102938,0.3748448,0.35760623,0.34600312
22.080074,0.26981017,0.3749779,0.35758612,0.3462868
22.090073,0.27024603,0.37467334,0.35688144,0.34705693
22.100082,0.27210897,0.3763508,0.35766882,0.3474152
22.110073,0.27182853,0.37665275,0.3583532,0.34749705
22.120077,0.27206898,0.37712267,0.3576077,0.3470469
22.130074,0.2726553,0.3774084,0.3576697,0.34799978
22.140076,0.27160138,0.37735063,0.3565869,0.34779173
22.150074,0.27298293,0.3776653,0.35746008,0.34691384
22.160076,0.27182075,0.3769357,0.35821053,0.34714022
22.170092,0.27212802,0.37696552,0.35723144,0.34724748
22.180079,0.27169567,0.37779972,0.3574932,0.3475968
22.190075,0.27260652,0.3780058,0.35590297,0.34696928
22.200089,0.27218455,0.37699938,0.35702658,0.34708506
22.210081,0.27185908,0.37733126,0.35756594,0.346792
22.220074,0.27198148,0.37670204,0.35677612,0.34656912
22.230076,0.2719717,0.3773551,0.3570213,0.34689817
22.240076,0.27199757,0.37702417,0.35653892,0.3468423
22.250074,0.2714906,0.37660915,0.35619643,0.34699973
22.260075,0.27146116,0.37737143,0.35618913,0.347368
22.27009,0.27226573,0.37705594,0.35737833,0.34743276
22.280075,0.27226233,0.37717563,0.35685676,0.34700403
22.290073,0.27175644,0.37758395,0.35612437,0.34675708
22.300076,0.27222115,0.37781152,0.35680574,0.34725696
22.310074,0.27227154,0.3775975,0.35609642,0.3473137
22.320074,0.27254173,0.37781492,0.35655427,0.3473131
22.330074,0.2720706,0.37737086,0.35613456,0.34634247
22.340073,0.27260548,0.37805396,0.35658303,0.34686553
22.350075,0.2726973,0.3771574,0.35558042,0.34719244
22.360075,0.27149862,0.37746006,0.3560763,0.3471388
22.37009,0.27209318,0.37711397,0.35570547,0.3470437
22.380075,0.27181104,0.37767264,0.3559279,0.34688103
22.390074,0.27253297,0.3772473,0.35588133,0.34682766
22.400076,0.2723456,0.37793645,0.35595858,0.34631974
22.410076,0.27119863,0.37676126,0.35560676,0.34661806
22.420074,0.27191705,0.37724313,0.35570616,0.34673476
22.430077,0.27212313,0.3772807,0.35518295,0.34695154
22.440088,0.2721945,0.3777289,0.3554602,0.34624547
22.450104,0.26973882,0.37491018,0.35422802,0.34679043
22.460096,0.2698248,0.3757483,0.3542586,0.34601095
22.470129,0.27029914,0.37648737,0.3547298,0.3459309
22.48009,0.26926062,0.37288725,0.35284176,0.34619287
22.490086,0.27205038,0.37748015,0.35525346,0.346674
22.500076,0.2714376,0.37664282,0.3541111,0.34633258
22.510075,0.27107188,0.37791005,0.35496175,0.3472552
22.520075,0.2718059,0.3765378,0.3547214,0.346383
22.530077,0.27194303,0.37737846,0.35351107,0.34700042
22.540073,0.27174222,0.37770098,0.35561228,0.34698448
22.550074,0.27171654,0.37689915,0.35466358,0.34675378
22.560074,0.2725156,0.37663692,0.3541981,0.3466718
22.570074,0.27192774,0.3769371,0.35455778,0.3465842
22.580072,0.27212682,0.3772898,0.35383648,0.3463128
22.590075,0.2719174,0.37721425,0.3549352,0.34673896
22.600075,0.27202636,0.37728232,0.35413745,0.34680423
22.610077,0.27212027,0.37729067,0.35364348,0.34613258
22.62008,0.27152684,0.37784895,0.3537314,0.3464962
22.630074,0.27142158,0.37766013,0.35392532,0.3466879
22.640076,0.2722138,0.37788635,0.35422382,0.34716305
22.650074,0.2716784,0.37773997,0.35362336,0.34648535
22.660076,0.27207437,0.3779122,0.35320136,0.34690887
22.670074,0.27249545,0.37759548,0.35404137,0.34632677
22.680075,0.27222738,0.37729654,0.35333428,0.34673253
22.690075,0.27233747,0.3779066,0.3532916,0.3461989
22.700071,0.27231485,0.37737864,0.3534964,0.3463782
22.710075,0.2718645,0.37742484,0.35333818,0.3459868
22.720076,0.27151257,0.3775885,0.35370815,0.3465456
22.730078,0.27230835,0.3775758,0.3529934,0.34670863
22.740074,0.27201664,0.37783396,0.35350102,0.34599265
22.750072,0.27155104,0.37764823,0.35334647,0.3460843
22.760077,0.27214018,0.37855262,0.35259622,0.34573472
22.770075,0.27268133,0.37833327,0.3531039,0.34655207
22.780075,0.27213576,0.3776326,0.35274923,0.34653482
22.790073,0.27275395,0.37771276,0.35289046,0.34628892
22.800074,0.27196813,0.3775991,0.35260585,0.34559697
22.810074,0.27286154,0.3779836,0.3523692,0.34692693
22.820072,0.27170956,0.37727422,0.35247225,0.34623078
22.830076,0.27216554,0.3771308,0.35190067,0.3465662
22.840075,0.2723615,0.37795997,0.3524955,0.3470615
22.850075,0.27169818,0.37782687,0.35183236,0.3460251
22.860075,0.27291387,0.3786797,0.35227546,0.34616598
22.870071,0.27242997,0.37772328,0.35291886,0.34595215
22.88009,0.27193108,0.37767503,0.35195026,0.34553248
22.890076,0.27231044,0.3777405,0.3516991,0.34651014
22.900074,0.27232426,0.37740567,0.35260978,0.3458855
22.910074,0.2716936,0.37784982,0.35207427,0.34577918
22.920074,0.27242824,0.3782252,0.35184795,0.3458048
22.930075,0.27249578,0.3777246,0.35160977,0.3457161
22.940094,0.27102274,0.37643126,0.35125238,0.34571552
22.950104,0.26960483,0.37527984,0.35098943,0.3445966
22.960093,0.26969802,0.37587735,0.35088983,0.3457037
22.970089,0.26887536,0.3752609,0.3506257,0.3459708
22.98017,0.26885006,0.37505588,0.3510617,0.34538522
22.990105,0.26927868,0.37519422,0.35054263,0.34533092
23.000107,0.268946,0.37572744,0.349648,0.34459263
23.010084,0.27113348,0.3762135,0.35114542,0.3459576
23.02008,0.27157164,0.37746087,0.35057807,0.34582216
23.030073,0.2716178,0.37818646,0.3508108,0.3448493
23.040073,0.27185422,0.37743628,0.3499729,0.34651
23.050074,0.27137324,0.37814307,0.35079348,0.34592083
23.06007,0.27206412,0.3776005,0.35061833,0.34591442
23.070072,0.27266213,0.37766635,0.35111785,0.34616056
23.080074,0.2717089,0.3778572,0.35078913,0.3461136
23.090076,0.2721359,0.37847307,0.3505321,0.34610868
23.100077,0.27179852,0.3784005,0.34972227,0.3458438
23.110075,0.27243432,0.37841183,0.3508638,0.34558576
23.120077,0.27240777,0.3784404,0.35151505,0.34567258
23.130075,0.27232063,0.37769192,0.35002825,0.3455353
23.140076,0.27243212,0.37767547,0.3491885,0.3455644
23.150074,0.27208573,0.37763187,0.35021544,0.34538797
23.160074,0.27254277,0.3779562,0.34990114,0.34478065
23.170074,0.27243537,0.37813294,0.349247,0.34585845
23.180073,0.27278793,0.37825105,0.34981287,0.34593314
23.190073,0.2721736,0.37827295,0.3498892,0.34528127
23.200075,0.27265033,0.37784404,0.34987777,0.34572864
23.210073,0.27236056,0.3773886,0.34934682,0.34491748
23.220087,0.27311176,0.37907085,0.35028526,0.3452739
23.230074,0.27146995,0.37706593,0.3495693,0.34542185
23.240076,0.27186298,0.37809062,0.34916443,0.34545025
23.250074,0.2718392,0.37786376,0.34948274,0.3458809
23.260077,0.2726893,0.37849498,0.34961778,0.3462017
23.270075,0.2722299,0.37864497,0.3492084,0.34536958
23.280079,0.2723568,0.37777707,0.34951836,0.34537643
23.290075,0.2718767,0.3781179,0.3486871,0.34564856
23.300074,0.27132633,0.3773829,0.3491593,0.34528324
23.310078,0.27249667,0.3774231,0.34811395,0.34486204
23.320078,0.27162287,0.37828472,0.3481861,0.34554335
23.330076,0.27182332,0.37792045,0.34853688,0.34580618
23.340075,0.27180418,0.3780584,0.34847552,0.34532067
23.350073,0.27252635,0.37815076,0.3482557,0.345077
23.360075,0.2719095,0.3780844,0.34817156,0.34517977
23.370075,0.27248502,0.37797272,0.34882843,0.34495544
23.380075,0.2725071,0.3784469,0.34833384,0.34453836
23.390089,0.27198836,0.37837103,0.34851792,0.34547535
23.400076,0.27152324,0.3782426,0.34801832,0.34427992
23.410076,0.2718078,0.37879172,0.34854147,0.34528032
23.420076,0.27239555,0.37835467,0.34835395,0.34539235
23.430079,0.27197447,0.37814805,0.34757945,0.34547243
23.440094,0.27053523,0.37802666,0.3474595,0.34519982
23.450089,0.27003235,0.37665114,0.34699816,0.34501782
23.460096,0.2699304,0.37594396,0.34697825,0.3446751
23.470087,0.27066204,0.37698072,0.34672305,0.34482545
23.480103,0.2641436,0.37637475,0.3447927,0.34394214
23.490156,0.27201614,0.3777893,0.34703913,0.34466702
23.50008,0.2718039,0.37840807,0.3476338,0.34531066
23.510073,0.2718541,0.3779037,0.34758684,0.34477514
23.520073,0.27230415,0.37867576,0.34808877,0.34568185
23.530073,0.27123314,0.37766019,0.3464923,0.34516478
23.540071,0.27289003,0.37852475,0.34717235,0.3451778
23.550074,0.27146232,0.3772297,0.34710085,0.3453209
23.560074,0.2714946,0.37856838,0.34691092,0.3448223
23.570072,0.27179322,0.3787934,0.34711838,0.34514076
23.580072,0.27156055,0.3779042,0.3468119,0.34479505
23.59007,0.2724963,0.37754983,0.34664604,0.34545642
23.600075,0.27213877,0.37788004,0.34695977,0.34541044
23.610073,0.272322,0.378708,0.34681404,0.34444144
23.620075,0.27263027,0.37891272,0.3465725,0.34490335
23.630074,0.2724546,0.37813136,0.34612653,0.34382164
23.64008,0.27203074,0.37795866,0.3465832,0.3444301
23.650076,0.27194762,0.37784445,0.34661883,0.3445785
23.660074,0.27238223,0.37809637,0.34611604,0.34460694
23.670073,0.27252522,0.37916735,0.34635508,0.34540328
23.680075,0.27112836,0.3782932,0.3464469,0.34527147
23.690075,0.27239382,0.37883663,0.3464163,0.34444895
23.700075,0.2716529,0.3775373,0.34616515,0.34501705
23.710073,0.27233824,0.37829202,0.34685662,0.3448049
23.720076,0.2728975,0.37854946,0.34593812,0.34497458
23.730074,0.27150968,0.37772617,0.34537756,0.34434214
23.740076,0.2720043,0.3784904,0.34601998,0.34443554
23.750074,0.27180174,0.3784174,0.34576496,0.344652
23.760075,0.27174938,0.3784431,0.3458488,0.3449988
23.770075,0.2723767,0.37915358,0.34569284,0.34505352
23.780073,0.2725029,0.37842914,0.34505633,0.3448842
23.790073,0.27224535,0.37765303,0.3452027,0.3448451
23.800093,0.27262866,0.37867513,0.34517187,0.34449846
23.810074,0.27211618,0.378827,0.3459095,0.34496433
23.820074,0.27286753,0.3794465,0.34495673,0.34507087
23.830072,0.27184504,0.3777121,0.34509686,0.3443985
23.840075,0.27299425,0.37892693,0.3453632,0.34525445
23.850075,0.2729778,0.377665,0.3446949,0.34474042
23.860075,0.27358574,0.37900016,0.34516868,0.34488627
23.870075,0.27259418,0.3785848,0.3445821,0.34470028
23.880074,0.27177718,0.3791373,0.34463373,0.34526572
23.890074,0.27311823,0.37820113,0.34451312,0.34424746
23.900072,0.2719472,0.37871093,0.34505937,0.34466255
23.910072,0.27254158,0.37819216,0.3442954,0.34437662
23.920074,0.27302524,0.37925744,0.34473816,0.34462553
23.930075,0.272067,0.3776507,0.34468612,0.3447918
23.940088,0.27179042,0.3771611,0.34440023,0.34394267
23.950947,0.27074048,0.37688312,0.34398207,0.34428477
23.960094,0.27011484,0.37671965,0.34332252,0.3441238
23.970089,0.26918626,0.3753255,0.34297457,0.34356353
23.9801,0.263686,0.3698865,0.3446337,0.34525278
23.99051,0.27020252,0.37713072,0.34263605,0.3435271
24.000193,0.26990873,0.37616128,0.343142,0.34400532
24.0101,0.27061045,0.37695968,0.3428819,0.34365228
24.020086,0.26222622,0.37943053,0.3447609,0.34351325
24.03008,0.27184185,0.37778986,0.34477141,0.34375706
24.040077,0.2717315,0.3785354,0.34366208,0.34491116
24.050076,0.27267587,0.3789569,0.34302485,0.3437631
24.060076,0.27258596,0.37868544,0.34395745,0.34496832
24.070074,0.27283818,0.3783142,0.34408572,0.34436205
24.080076,0.27202758,0.3790455,0.34314132,0.34409302
24.090075,0.27213386,0.37802187,0.34323412,0.34393406
24.100077,0.27193356,0.3783447,0.34311685,0.34455037
24.11008,0.27237514,0.37838924,0.34299514,0.34437233
24.12008,0.27279449,0.37957415,0.34368536,0.344216
24.130077,0.27181453,0.37846252,0.3434793,0.3436215
24.140076,0.27256536,0.37851486,0.3430958,0.34431118
24.150076,0.27224568,0.3789284,0.34270108,0.34394068
24.160076,0.2723163,0.37920496,0.3430852,0.34486276
24.170074,0.27258652,0.3793876,0.3431803,0.34409323
24.180077,0.2720991,0.3791567,0.34256366,0.34422666
24.190073,0.27249467,0.378684,0.3426794,0.34420076
24.200075,0.27163464,0.3790663,0.3424664,0.3441956
24.210077,0.27097702,0.37708122,0.34267518,0.34353334
24.220081,0.2728644,0.37899494,0.34216753,0.34381017
24.230076,0.27177227,0.378309,0.3419592,0.34387922
24.240074,0.2722618,0.37838525,0.3428019,0.34382978
24.250076,0.2731184,0.37870988,0.34272656,0.34435153
24.26007,0.27227297,0.37867,0.34263128,0.3437679
24.270075,0.27263737,0.37983233,0.34243158,0.34391332
24.280075,0.27231613,0.37895653,0.34265313,0.3442062
24.290073,0.2720237,0.37854224,0.34231043,0.3444724
24.300076,0.27201432,0.3787786,0.34255317,0.34407446
24.310074,0.27188924,0.37990838,0.34148082,0.34439743
24.320078,0.27249083,0.37942424,0.3424569,0.34407586
24.330076,0.2725123,0.3789141,0.3414757,0.34360886
24.340075,0.27196005,0.37944776,0.34219024,0.3438601
24.350075,0.27196214,0.3790381,0.3423746,0.34396186
24.360075,0.2721257,0.37881482,0.34200367,0.34448457
24.370073,0.27173784,0.37817165,0.3411764,0.3436556
24.380074,0.27114987,0.37830693,0.34146747,0.34382853
24.390076,0.27099696,0.37772536,0.34099448,0.34367812
24.400076,0.2714121,0.37890145,0.3409759,0.34391883
24.410074,0.2713159,0.37815446,0.3407823,0.34360448
24.420076,0.2712068,0.37832713,0.3415224,0.34368968
24.430075,0.27089375,0.37812588,0.3414863,0.34355998
24.440079,0.2705366,0.37705633,0.34041432,0.34323016
24.450102,0.26906705,0.37707397,0.34033895,0.34333813
24.46009,0.27026263,0.37694457,0.3408235,0.34325024
24.470087,0.26997942,0.37722677,0.34051213,0.34355125
24.480104,0.27265254,0.37893334,0.34086353,0.34345165
24.490097,0.2716699,0.37802175,0.3411753,0.34316814
24.50008,0.2720107,0.3786091,0.3407828,0.34383798
24.510075,0.2708892,0.37949046,0.3405989,0.34366372
24.520075,0.27177706,0.37867805,0.34072214,0.34269127
24.530077,0.27176848,0.3792708,0.3392644,0.34236863
24.540077,0.27166995,0.3785945,0.34121013,0.343061
24.550074,0.27281648,0.37826315,0.3397312,0.34402055
24.560074,0.27209467,0.37941703,0.33975253,0.3433303
24.570074,0.2728744,0.37997255,0.3405222,0.34414005
24.580076,0.27236947,0.37935767,0.34029993,0.34267488
24.590075,0.27236682,0.37968546,0.3398851,0.34368607
24.600075,0.27161708,0.37923908,0.3401144,0.3436469
24.610075,0.27236676,0.37832382,0.3403352,0.3425086
24.62008,0.2721605,0.37935057,0.33947727,0.34357774
24.630077,0.27210882,0.3788108,0.34042838,0.34377822
24.640078,0.27192393,0.37894934,0.3397681,0.3435931
24.650074,0.27275833,0.37872055,0.34010714,0.34353322
24.660076,0.27236864,0.37914294,0.3397298,0.34347194
24.670074,0.2725267,0.37934747,0.34005186,0.3434065
24.680075,0.2720646,0.37853655,0.33974513,0.34302154
24.690075,0.2722949,0.37882257,0.33895603,0.3428832
24.700077,0.27271524,0.37990803,0.34003082,0.34290734
24.710077,0.27205056,0.3793064,0.3392557,0.34327322
24.720078,0.27228594,0.37945947,0.33944938,0.34358463
24.73008,0.27252913,0.37849608,0.339579,0.343099
24.740076,0.27211392,0.37957078,0.3394774,0.3430861
24.750076,0.27138188,0.37891668,0.33909163,0.34300417
24.760077,0.27227512,0.37985232,0.33884054,0.34422925
24.770077,0.2722862,0.37937573,0.3391713,0.34272423
24.780075,0.27246156,0.3790931,0.33853963,0.34326398
24.790073,0.2718478,0.37971613,0.33917162,0.34325925
24.800074,0.27280363,0.3795803,0.3395051,0.343512
24.810074,0.2727415,0.37875313,0.33848324,0.34357423
24.820078,0.27213964,0.3798788,0.33848557,0.3425706
24.830076,0.2717316,0.37920806,0.33873364,0.3423947
24.840076,0.27214465,0.3794067,0.3381781,0.34253043
24.85007,0.27244046,0.37900645,0.33863655,0.34299096
24.860075,0.27226588,0.37892732,0.338418,0.34317926
24.870075,0.27259085,0.37933597,0.3390222,0.34266824
24.880075,0.27222404,0.379329,0.33832383,0.34299615
24.890076,0.27255565,0.37905386,0.33892003,0.34307092
24.900076,0.2721304,0.3794153,0.33789834,0.34371668
24.910072,0.2722246,0.379419,0.33889565,0.3430913
24.920076,0.27173162,0.37959245,0.33827773,0.3424573
24.930077,0.27188736,0.37884268,0.33830726,0.3437153
24.940077,0.2703196,0.37793487,0.33746055,0.342649
24.950094,0.27054235,0.37695715,0.33739242,0.34258312
24.960102,0.27042374,0.37662226,0.33749264,0.3427362
24.970087,0.27034855,0.37703344,0.33691996,0.34311652
24.980106,0.26226503,0.37874538,0.3375309,0.34260187
24.99017,0.2713484,0.37703696,0.3371343,0.3423654
25.000092,0.27008522,0.37756473,0.33696893,0.34245622
25.010166,0.26973686,0.37756371,0.33662778,0.34276348
25.020086,0.2711554,0.37981135,0.3373584,0.34274444
25.030079,0.2714689,0.37824103,0.33691925,0.3428318
25.040077,0.27251038,0.38000506,0.33731169,0.34300643
25.050074,0.2718729,0.37856135,0.33741218,0.34288156
25.060074,0.27218702,0.3797438,0.3374938,0.34315202
25.07007,0.27114305,0.37839803,0.3368445,0.3425829
25.080072,0.2718798,0.37997106,0.3364303,0.34351328
25.09007,0.27192125,0.3797276,0.3368233,0.34274366
25.10007,0.27171692,0.37938058,0.33751532,0.3430379
25.110077,0.27209547,0.37854433,0.33714968,0.3423872
25.120079,0.27256608,0.37906796,0.33708236,0.34284225
25.130075,0.2725573,0.3781322,0.33722278,0.34226227
25.140076,0.2726268,0.37955037,0.33664072,0.34289533
25.150076,0.27259883,0.37944943,0.33641794,0.34260643
25.160076,0.27294242,0.37937608,0.33698592,0.34250823
25.170074,0.2726755,0.38007706,0.33730736,0.3429729
25.180075,0.27241904,0.37945342,0.33702216,0.34260657
25.190075,0.27323946,0.38002405,0.33627757,0.34277317
25.200073,0.27273944,0.37899193,0.33602533,0.34284273
25.210081,0.27242377,0.37959182,0.33654162,0.34218276
25.220081,0.2719836,0.3790645,0.3360447,0.34196422
25.230076,0.27275962,0.3790537,0.33665153,0.34276238
25.240076,0.27245945,0.3801461,0.33676478,0.3427733
25.250072,0.27196485,0.37948796,0.3368193,0.3426305
25.260077,0.27214175,0.37967512,0.33594778,0.34290645
25.270075,0.27225816,0.3787299,0.33602953,0.3421767
25.280077,0.2720428,0.3793589,0.33575866,0.34318423
25.290073,0.27212632,0.3794137,0.3356743,0.34215298
25.300076,0.2726558,0.380071,0.33499354,0.34279102
25.31008,0.27233025,0.3799316,0.3360118,0.34188423
25.32008,0.2721834,0.3794109,0.33571032,0.34250793
25.33008,0.27263764,0.3800343,0.33625865,0.34214833
25.340076,0.27222258,0.38023856,0.33557284,0.3424548
25.350075,0.27250057,0.37886363,0.33553734,0.34258306
25.360077,0.27269804,0.37984383,0.33561355,0.3423765
25.370073,0.2720323,0.37921333,0.3359931,0.34177777
25.380075,0.27272198,0.3798117,0.33574003,0.34251374
25.39007,0.27237645,0.37941623,0.33550352,0.34209344
25.400074,0.2722722,0.37976754,0.33583727,0.34275836
25.410078,0.27228534,0.37971148,0.33505064,0.34208253
25.42008,0.27211124,0.37978864,0.33589894,0.34212652
25.430079,0.27216542,0.37969428,0.33541337,0.3417666
25.440075,0.2716911,0.37824023,0.33480874,0.34201717
25.450087,0.27092248,0.37717953,0.33455852,0.3421941
25.460093,0.2711007,0.37770942,0.3345266,0.34120196
25.470087,0.27111965,0.37866437,0.33482695,0.34136605
25.480095,0.27244037,0.37946367,0.3349626,0.34222773
25.490093,0.27233618,0.380056,0.3347384,0.34188062
25.500078,0.27267882,0.37981322,0.3353143,0.34167635
25.510073,0.2712006,0.37886578,0.3359106,0.34158418
25.52008,0.27198496,0.3798347,0.3347657,0.34213045
25.530079,0.2724417,0.38028303,0.33524108,0.3425544
25.540075,0.27278093,0.37963602,0.33472693,0.3419151
25.550076,0.27228186,0.37954447,0.33498654,0.34217262
25.560074,0.27162477,0.3800046,0.33502814,0.3420021
25.570076,0.2722777,0.37950224,0.33448285,0.34246016
25.580076,0.27234587,0.3799487,0.33401135,0.34213832
25.590075,0.2724126,0.38049522,0.3343091,0.34183067
25.600077,0.2725018,0.37978294,0.33431098,0.3418231
25.610075,0.27203128,0.37989858,0.33415335,0.34173855
25.620079,0.27196223,0.3799668,0.33434185,0.34209278
25.630075,0.27209434,0.37913075,0.3341061,0.34193888
25.640076,0.27270204,0.38042688,0.33402672,0.3422649
25.650082,0.27185476,0.37916544,0.333726,0.3422286
25.660076,0.27249387,0.3799589,0.33443347,0.34168604
25.670074,0.27208036,0.37964055,0.33436233,0.3411803
25.680075,0.27250382,0.37942052,0.33413976,0.34229577
25.690075,0.27198696,0.38002035,0.33347833,0.34240338
25.700075,0.2727021,0.38030583,0.33439597,0.34240773
25.710073,0.2718985,0.38041106,0.33386704,0.3415515
25.720078,0.272355,0.38087052,0.33305526,0.34148565
25.730072,0.27200395,0.3801657,0.33330843,0.34188533
25.740076,0.27152464,0.3796599,0.33337018,0.3425181
25.750076,0.27164078,0.37928748,0.33420208,0.34160855
25.760075,0.27247754,0.3799374,0.3336653,0.34221894
25.770073,0.2728748,0.38052848,0.3338324,0.34184578
25.780075,0.27166834,0.37967604,0.33344987,0.34192777
25.790073,0.27188534,0.380082,0.33355236,0.34170702
25.800074,0.27188006,0.3795224,0.33329928,0.34113297
25.810074,0.27280745,0.3800711,0.33321702,0.3417395
25.820078,0.2722319,0.379622,0.3325884,0.3419368
25.830076,0.27255127,0.37995213,0.3330694,0.3424905
25.840076,0.2720723,0.3795245,0.3324443,0.342596
25.850073,0.2727139,0.38080257,0.33336052,0.34160158
25.860075,0.27235466,0.3799311,0.33242467,0.34165323
25.870075,0.27198243,0.379909,0.332599,0.3416515
25.880075,0.27193397,0.38080192,0.33311436,0.34201884
25.890076,0.2722036,0.38027135,0.33296716,0.34151772
25.900074,0.27295947,0.38099885,0.33305955,0.3413603
25.910074,0.2724978,0.3795909,0.33268672,0.3417952
25.920074,0.27264026,0.38029942,0.33268863,0.34159267
25.930075,0.2721879,0.38016096,0.33269536,0.34164318
25.940075,0.27102396,0.37916255,0.33188745,0.34189042
25.95009,0.27104056,0.37903053,0.3315511,0.34189323
25.960094,0.2709389,0.37797767,0.33166403,0.34182736
25.970089,0.27025762,0.37799928,0.33098447,0.34204298
25.98008,0.27200875,0.38092554,0.33237067,0.342024
25.990112,0.26966387,0.37756234,0.33081496,0.3412526
26.00009,0.2695175,0.3786241,0.33100116,0.34202078
26.010096,0.27060536,0.37837398,0.33062273,0.3403463
26.020105,0.27132124,0.38014537,0.3316154,0.34138533
26.030088,0.27163804,0.3799235,0.33122742,0.34072855
26.040077,0.27219996,0.3795909,0.33166847,0.3414073
26.050074,0.27204508,0.38098618,0.3321102,0.34170276
26.060106,0.27154225,0.37954494,0.33127356,0.34173524
26.070095,0.27221423,0.38008687,0.33113605,0.34132636
26.08009,0.272078,0.37995085,0.33082932,0.34082353
26.090076,0.27249578,0.38031742,0.33141068,0.34206775
26.100077,0.2720362,0.38056698,0.3315702,0.34188658
26.110075,0.27314308,0.37923726,0.33101866,0.3420457
26.120077,0.27248123,0.38073805,0.33199006,0.34142447
26.130075,0.27245146,0.3804597,0.33095652,0.34226102
26.140076,0.27261943,0.38022736,0.3310514,0.3417185
26.150074,0.27232876,0.38045427,0.33120158,0.3418836
26.160072,0.27180836,0.3802527,0.3313239,0.34111282
26.170076,0.27249962,0.3802317,0.3307429,0.34204608
26.180075,0.2726687,0.38046357,0.3315815,0.34116003
26.190073,0.27210107,0.3806233,0.33062506,0.341633
26.200075,0.2721716,0.3810691,0.33058667,0.34143445
26.210073,0.27270907,0.3803624,0.33069116,0.34200415
26.220074,0.27226713,0.38063055,0.3306297,0.34171006
26.230076,0.27278587,0.37929034,0.33086634,0.34101915
26.240074,0.2734371,0.38019514,0.33038026,0.34177816
26.250076,0.27293944,0.38071442,0.3308501,0.34208107
26.260075,0.27244,0.38071597,0.33038175,0.34151626
26.270075,0.27243367,0.38135624,0.33069783,0.34118864
26.280077,0.27287206,0.38091022,0.3306208,0.3411532
26.290075,0.27196747,0.37964317,0.33027172,0.34086397
26.300076,0.2725692,0.38167042,0.33055127,0.34186405
26.310074,0.27227977,0.38052037,0.32970846,0.34128746
26.320095,0.27262005,0.38044232,0.33049625,0.34178662
26.330074,0.2721078,0.3798975,0.3303708,0.34155577
26.340084,0.27212116,0.379959,0.32989287,0.3408052
26.350077,0.27284294,0.37994182,0.32966244,0.34177664
26.360077,0.27174568,0.38071722,0.32961106,0.34114987
26.370073,0.27303734,0.3808969,0.330123,0.3410375
26.380075,0.2725632,0.38094395,0.3294569,0.34162498
26.390076,0.27280134,0.38245928,0.33046043,0.34184745
26.400072,0.2730094,0.38161203,0.3294976,0.34089535
26.410074,0.2723853,0.38135052,0.33001995,0.34128407
26.420094,0.27262303,0.3814737,0.32965806,0.3412597
26.430075,0.27294248,0.38197935,0.33018333,0.3422245
26.440075,0.2716791,0.38042772,0.3301771,0.34253898
26.450136,0.27003333,0.37976417,0.32995945,0.34246388
26.460098,0.27137992,0.3776257,0.32737097,0.34032354
26.470093,0.26979566,0.37886807,0.32936218,0.34079617
26.480099,0.27009058,0.37943783,0.32906416,0.3407
26.4901,0.27260372,0.38039023,0.32888928,0.3400992
26.500078,0.27235943,0.38022023,0.3288311,0.34098026
26.510075,0.27225465,0.3801083,0.32885477,0.34137636
26.520077,0.27268144,0.38026965,0.32896972,0.3405406
26.530073,0.27239418,0.3802346,0.3288224,0.34072176
26.540073,0.27219123,0.37983134,0.32898742,0.34116668
26.550072,0.2727062,0.38060623,0.32884425,0.34084034
26.560072,0.27168128,0.38016856,0.32850948,0.3410846
26.570072,0.27182177,0.38026264,0.3286789,0.34150133
26.58007,0.27254978,0.3806952,0.3281358,0.3413632
26.590073,0.27260438,0.3798746,0.32900646,0.3401707
26.600073,0.2733511,0.38069198,0.32831866,0.34124997
26.610071,0.2721659,0.38006902,0.32749066,0.340772
26.620083,0.27188733,0.38019335,0.3283372,0.34129286
26.630125,0.2723532,0.3789374,0.3288562,0.34085822
26.640078,0.2728104,0.3806663,0.32883543,0.3411374
26.650074,0.27323294,0.38062555,0.32829982,0.34076422
26.660076,0.2722555,0.38116702,0.32845816,0.34015763
26.670073,0.27299973,0.38071105,0.32806122,0.34051946
26.680075,0.27271968,0.38058668,0.32822725,0.34125778
26.690073,0.2727123,0.38154098,0.32858026,0.34126458
26.700075,0.2725665,0.3803427,0.32804456,0.34144822
26.710077,0.2721939,0.3813952,0.32850677,0.34094086
26.720089,0.27225012,0.3809902,0.32757077,0.3413482
26.730099,0.27260575,0.37998953,0.32824123,0.34115764
26.740076,0.27207932,0.38073957,0.3283016,0.3408346
26.750076,0.27325392,0.38108635,0.32833096,0.34092227
26.760075,0.27212194,0.38033888,0.32755768,0.34036723
26.770075,0.27268913,0.38106838,0.32779014,0.3410648
26.780075,0.272667,0.38138872,0.32802978,0.34038422
26.790073,0.2725083,0.38060898,0.32753855,0.34125784
26.800074,0.27255625,0.3801943,0.32761544,0.34102127
26.810074,0.27211872,0.3809735,0.3279038,0.34070307
26.820076,0.2729843,0.38143823,0.32709572,0.3410945
26.830074,0.27228212,0.38069317,0.327999,0.3406917
26.840073,0.27228683,0.3809373,0.32703605,0.34066218
26.850082,0.2730215,0.3811695,0.3276179,0.34094575
26.860079,0.27243614,0.3810846,0.32801592,0.3406776
26.870075,0.27255425,0.38082105,0.32747525,0.34103307
26.880075,0.27251112,0.3810423,0.32682234,0.34132046
26.890074,0.27195308,0.38008755,0.32651123,0.3408315
26.900074,0.2731518,0.38109186,0.32632342,0.34100506
26.910074,0.2722006,0.37968567,0.32656726,0.34088045
26.920076,0.27250972,0.3807845,0.32733527,0.3408837
26.930075,0.27217528,0.38043758,0.32708678,0.34055057
26.940077,0.2708515,0.38015643,0.3269973,0.34098443
26.95009,0.27091143,0.3784158,0.32637674,0.34046948
26.960093,0.2702151,0.37880278,0.32643697,0.34080198
26.970093,0.2709825,0.37892953,0.32514971,0.3391644
26.980083,0.27172947,0.38050947,0.32586372,0.34058514
26.99009,0.26898038,0.37919483,0.33865106,0.33096617
27.000092,0.27153653,0.37995353,0.3315805,0.3345428
27.010069,0.27073506,0.3783747,0.3275623,0.33882204
27.020096,0.2721153,0.37918818,0.32649598,0.33988112
27.030092,0.27184275,0.38073206,0.32666036,0.34077027
27.040075,0.27092302,0.38055184,0.32547677,0.3398854
27.05007,0.2725079,0.38060403,0.32576114,0.34109715
27.060068,0.27130088,0.38029292,0.32553348,0.34042698
27.07007,0.27198842,0.38093513,0.3250134,0.34139308
27.08007,0.27139091,0.38035104,0.32587132,0.34046793
27.090069,0.27123547,0.38020894,0.32571718,0.34078816
27.10007,0.27205083,0.3802916,0.3261292,0.34106225
27.110067,0.2724683,0.3798537,0.32574856,0.34067684
27.120071,0.27187565,0.38007823,0.3246677,0.34077963
27.13007,0.2712906,0.38001493,0.32595408,0.3408289
27.140076,0.2714318,0.38041258,0.32544118,0.33994144
27.150076,0.27185863,0.38049054,0.32542837,0.34040174
27.160074,0.27149418,0.38055527,0.32567143,0.34111702
27.170074,0.27135918,0.3795275,0.32540253,0.34047693
27.180075,0.2710721,0.38026878,0.3250275,0.34012055
27.190077,0.2704542,0.38069066,0.32454708,0.3401003
27.200075,0.27151665,0.37987694,0.32553968,0.33978802
27.210075,0.2724095,0.38130677,0.3236759,0.34100384
27.220078,0.27238154,0.38121307,0.3254345,0.34024933
27.230078,0.27192092,0.38099486,0.3250638,0.34017402
27.240076,0.27202052,0.38031018,0.32505617,0.34065256
27.250076,0.2719029,0.380727,0.32529598,0.34042713
27.260077,0.27231658,0.3810002,0.3247576,0.3404377
27.270075,0.27242973,0.38100612,0.3252335,0.3405716
27.280071,0.27181894,0.3806188,0.32528266,0.34020734
27.290077,0.27233654,0.38091925,0.32559258,0.34025624
27.300074,0.2722846,0.3812129,0.32516965,0.3398692
27.310074,0.27316412,0.38139215,0.32536438,0.34001443
27.320078,0.27238095,0.38146263,0.32498032,0.34011513
27.330076,0.2726377,0.38079256,0.3253876,0.3402576
27.340073,0.27207524,0.38049823,0.32455134,0.33985496
27.350069,0.27229497,0.38139775,0.32550076,0.34022975
27.360075,0.27207565,0.38056785,0.32424945,0.3399066
27.370073,0.27211326,0.38043964,0.32514462,0.33989418
27.380075,0.2724504,0.38140216,0.32464153,0.3402023
27.390076,0.2719671,0.38142323,0.3246675,0.3408401
27.400074,0.27294442,0.38112026,0.32506564,0.34059793
27.410074,0.2720836,0.381087,0.3238161,0.3400051
27.420076,0.27259627,0.38069385,0.32441795,0.3401091
27.430079,0.27218676,0.38127348,0.32411745,0.33971196
27.440092,0.27218637,0.3812787,0.32437277,0.34066117
27.45009,0.27276653,0.37998554,0.3236761,0.33941367
27.462896,0.27237245,0.38029206,0.32391542,0.3417579
27.470106,0.271701,0.3804442,0.32278007,0.33838004
27.4801,0.27090538,0.37945104,0.32366845,0.33940545
27.490091,0.2719725,0.38043407,0.32405892,0.33917454
27.500095,0.27258623,0.38171157,0.324325,0.33992335
27.510082,0.27212906,0.38144246,0.32395792,0.34040254
27.520079,0.27202314,0.38152903,0.32395765,0.34021434
27.530077,0.27207726,0.38124704,0.3238067,0.3399308
27.540073,0.271598,0.38173223,0.3235262,0.33958483
27.550072,0.27208084,0.38142076,0.32372475,0.33972934
27.56007,0.27155825,0.3809319,0.32362318,0.33977968
27.57007,0.2721682,0.38077074,0.32376075,0.3399758
27.580072,0.27188924,0.38098705,0.32373238,0.34021646
27.590067,0.2719836,0.38091046,0.32340202,0.3396599
27.60007,0.27262864,0.38139924,0.3232689,0.34013653
27.61007,0.27219948,0.3811561,0.32359675,0.34033942
27.620075,0.27131692,0.38122916,0.3237297,0.34000304
27.630072,0.27195358,0.3812929,0.322838,0.33985838
27.640072,0.2717386,0.38146958,0.32277635,0.34006917
27.650103,0.27125192,0.38085058,0.32345253,0.34047383
27.660074,0.27174327,0.38118783,0.32318074,0.33999208
27.670076,0.27233315,0.38177603,0.32341313,0.34027228
27.680075,0.27231106,0.38201696,0.3231786,0.33970985
27.690075,0.2724837,0.38016823,0.32295197,0.3398534
27.700077,0.27216598,0.3813175,0.32321882,0.3399368
27.710077,0.272134,0.381672,0.323376,0.33985272
27.72008,0.27216277,0.38177705,0.32274562,0.33973283
27.730078,0.2718081,0.38142234,0.32254747,0.3398946
27.740074,0.2722371,0.38186592,0.3227644,0.33905232
27.75009,0.27214697,0.3812807,0.32326362,0.3397609
27.760075,0.27270418,0.38231224,0.32246405,0.3402983
27.770075,0.27210394,0.38081783,0.32195297,0.33935618
27.780085,0.2739168,0.38163927,0.3226819,0.34032625
27.790075,0.27276477,0.3819791,0.32260415,0.3392011
27.800076,0.27311355,0.38142577,0.32231978,0.34007487
27.810076,0.2728712,0.38112178,0.3224281,0.3398059
27.82008,0.2720832,0.38211083,0.32230777,0.33979654
27.830074,0.2733858,0.38179854,0.32280326,0.339723
27.840075,0.2728789,0.3807467,0.3223872,0.33928055
27.850077,0.27265552,0.38011676,0.32229772,0.33922204
27.860079,0.27263477,0.3810327,0.32239774,0.33974493
27.870075,0.27259064,0.3818667,0.3229447,0.3393937
27.880075,0.2721942,0.3824528,0.32247314,0.34018362
27.890076,0.27270284,0.3817846,0.3221871,0.33939862
27.900072,0.27230272,0.38188785,0.32281,0.33987534
27.910076,0.27203712,0.38204485,0.32213318,0.34005526
27.920078,0.27225357,0.38164127,0.322272,0.33970445
27.930077,0.27262887,0.3822049,0.32228327,0.33931273
27.940075,0.2709303,0.38081494,0.32147858,0.33965188
27.95009,0.2708812,0.38014516,0.32087174,0.3391479
27.9601,0.27015662,0.37917387,0.3203514,0.33945498
27.9701,0.2704423,0.38087642,0.32159325,0.33934632
27.980083,0.27178168,0.38131407,0.32194185,0.33918938
27.990086,0.27097055,0.37944221,0.32053888,0.3386909
28.000097,0.26909614,0.3794406,0.32111168,0.33843344
28.010098,0.2701709,0.3797416,0.32041857,0.339097
28.020102,0.27142987,0.38176125,0.3220356,0.33895963
28.030085,0.26986545,0.37988913,0.31986237,0.33909136
28.040092,0.2722095,0.38103712,0.32132736,0.33878496
28.050076,0.27298844,0.38088432,0.32129887,0.3384679
28.060074,0.27200845,0.3807373,0.32206884,0.33867514
28.070072,0.270938,0.38110033,0.32167134,0.33927107
28.08007,0.27157524,0.38125157,0.32097858,0.33965233
28.09007,0.2720792,0.3807368,0.32069775,0.33911523
28.100069,0.27170402,0.38176104,0.32089356,0.33957836
28.110075,0.27171513,0.38159448,0.3207562,0.33976635
28.120075,0.27156362,0.3817321,0.32106867,0.339974
28.130072,0.27150857,0.38137504,0.3206964,0.33927765
28.14007,0.27129287,0.38166693,0.3204836,0.33960527
28.150068,0.2717354,0.38113388,0.32101762,0.33966535
28.160103,0.2722022,0.38145784,0.3202435,0.33945608
28.170074,0.2723116,0.3814193,0.32062456,0.33889773
28.180075,0.27251288,0.3814778,0.3205719,0.3394112
28.190075,0.27303252,0.38167545,0.320682,0.3386099
28.200075,0.27259776,0.3821594,0.3211286,0.33867764
28.21008,0.27245447,0.38208568,0.32139945,0.33956257
28.220081,0.27270043,0.3812687,0.32037973,0.33985052
28.230078,0.2725589,0.38199058,0.32097295,0.33921072
28.240078,0.27227587,0.381297,0.32056895,0.33890012
28.250076,0.27309394,0.38253528,0.32095733,0.33895022
28.260096,0.27267236,0.38221672,0.31966525,0.3387374
28.270073,0.273155,0.3818984,0.32035953,0.33925062
28.280073,0.27236116,0.3828511,0.32074416,0.33828226
28.290081,0.27246097,0.3809022,0.3202436,0.33939034
28.300076,0.2726156,0.38237205,0.3205521,0.3385034
28.310085,0.27221256,0.38179296,0.3200872,0.33858728
28.320082,0.27265948,0.38203117,0.3202095,0.33920938
28.330078,0.27251607,0.38238156,0.320597,0.33884293
28.340075,0.27305326,0.38163182,0.32005808,0.33872867
28.350075,0.27306977,0.38200328,0.31967878,0.33898953
28.360094,0.27226517,0.38203374,0.32055643,0.33919954
28.370075,0.27279243,0.38179234,0.32020026,0.33896452
28.380075,0.2729989,0.38279837,0.32003805,0.33924174
28.390072,0.272078,0.38221872,0.31968498,0.33864522
28.400074,0.2729216,0.38250625,0.31982136,0.33889115
28.410074,0.2725227,0.38144788,0.31946495,0.338634
28.420078,0.2722466,0.3827417,0.31999245,0.3385002
28.430077,0.27350083,0.38185483,0.31990498,0.33877397
28.440075,0.2722852,0.38253793,0.31883264,0.33843803
28.45011,0.2721303,0.38243738,0.32020003,0.3383386
28.46017,0.27014235,0.3804951,0.31859252,0.33855692
28.470102,0.2697659,0.37992054,0.3197126,0.3383671
28.480474,0.26991546,0.38229147,0.318829,0.33948287
28.490086,0.27158555,0.38147098,0.3188844,0.33808014
28.500093,0.2711942,0.3815017,0.31928208,0.337794
28.51008,0.27137753,0.3812742,0.31887764,0.33851072
28.520079,0.27177265,0.3813195,0.3193754,0.33839262
28.530071,0.27210742,0.38170716,0.31903127,0.33867005
28.540073,0.2720274,0.38135704,0.31876466,0.33864957
28.550074,0.2721913,0.3821025,0.3189997,0.33813566
28.560072,0.27201357,0.38175535,0.31889775,0.33799723
28.570074,0.27266395,0.38188234,0.31921393,0.3391259
28.580076,0.2720325,0.38296402,0.31861526,0.33871382
28.590075,0.27214724,0.38198516,0.31870463,0.33898586
28.600075,0.27228025,0.3825994,0.31858453,0.3377361
28.610079,0.27243534,0.38177142,0.3183873,0.33920228
28.620087,0.27208835,0.38178322,0.3184091,0.33825046
28.630081,0.27215213,0.38257614,0.31894067,0.33834612
28.640074,0.27218747,0.38158697,0.318455,0.3377297
28.650074,0.27182978,0.38207388,0.3191253,0.33769047
28.660074,0.27271682,0.38283333,0.3181553,0.33835167
28.670074,0.27330214,0.382037,0.3188781,0.3384584
28.680073,0.27316314,0.38308784,0.3189703,0.3386899
28.690077,0.27270636,0.3824466,0.31811792,0.33868897
28.700073,0.27318275,0.38229594,0.31837985,0.33840376
28.710073,0.2727155,0.38306746,0.317802,0.3385761
28.720081,0.27258757,0.38212493,0.31854725,0.33833027
28.73008,0.27333826,0.3826427,0.3178944,0.33799806
28.740074,0.2727981,0.38322845,0.31856316,0.33828387
28.750074,0.2723634,0.38146108,0.31794277,0.33820668
28.760075,0.27240807,0.3822274,0.3182769,0.33846155
28.770075,0.27227455,0.38230646,0.31861177,0.33828312
28.780073,0.27328643,0.3827135,0.31870392,0.33727622
28.790075,0.2736088,0.38190463,0.31794822,0.33736295
28.800074,0.27265653,0.38195005,0.31830838,0.33826753
28.81008,0.2727422,0.38238335,0.31842598,0.33767095
28.82008,0.2722365,0.38243473,0.31761372,0.33832592
28.830076,0.2734522,0.3832736,0.3182424,0.33831415
28.840076,0.27240458,0.3813791,0.317911,0.3373684
28.850073,0.27269384,0.38204506,0.31773224,0.3389034
28.860077,0.27267393,0.38278162,0.31780663,0.33809686
28.870092,0.27336392,0.38192475,0.3180559,0.33757207
28.880077,0.27214462,0.38207826,0.31795996,0.33863497
28.890078,0.27258715,0.38284487,0.3171111,0.33757806
28.900082,0.2723709,0.38228226,0.3171433,0.33768237
28.910076,0.27165955,0.38125283,0.31731528,0.33819765
28.920074,0.27160004,0.38160512,0.3176071,0.33729294
28.930077,0.2725127,0.38209784,0.31690487,0.33797356
28.940077,0.2714284,0.38141057,0.31687194,0.33764893
28.950092,0.27002457,0.38050377,0.31657523,0.3375699
28.960094,0.27036777,0.3808508,0.31715536,0.33772233
28.970118,0.270448,0.38028336,0.31521493,0.3380714
28.980091,0.27107638,0.38343176,0.31742746,0.33833778
28.990095,0.2691827,0.38027656,0.31617522,0.337841
29.000097,0.27110836,0.3804187,0.3160574,0.33755845
29.010092,0.26954105,0.38077584,0.31638694,0.337492
29.020094,0.2719853,0.3826468,0.317162,0.33790565
29.030096,0.27248397,0.38226908,0.31693012,0.3379132
29.04008,0.27195242,0.38197267,0.3168856,0.3377054
29.050077,0.27234787,0.38223267,0.31666362,0.33719602
29.060074,0.27234492,0.38213256,0.31698412,0.3377
29.070074,0.27380145,0.38176695,0.31665483,0.33747125
29.080076,0.2727729,0.38247678,0.31682485,0.3376251
29.090075,0.2731813,0.3824904,0.31724298,0.3376228
29.100079,0.27251503,0.3825481,0.31636754,0.3380968
29.110075,0.27252117,0.38198346,0.31678063,0.33728647
29.120075,0.2730782,0.3823604,0.3163271,0.33761472
29.130075,0.27291352,0.38316336,0.31668797,0.33772373
29.140076,0.27286965,0.3828393,0.31644803,0.33720788
29.150076,0.27309525,0.38266113,0.31646,0.33698165
29.160072,0.27222055,0.38183406,0.3162021,0.33751097
29.170074,0.2733201,0.38229114,0.31644756,0.33786365
29.180079,0.27322525,0.38276187,0.316329,0.33767313
29.190077,0.27253368,0.3830166,0.31620657,0.3371606
29.200075,0.2723202,0.38257745,0.31613636,0.3376375
29.210073,0.27262893,0.38234892,0.31650496,0.3366892
29.220087,0.2724621,0.38253206,0.31594104,0.33724102
29.230074,0.27299455,0.38264376,0.31564957,0.33732
29.240076,0.27332228,0.3826125,0.315883,0.3381028
29.250074,0.27240756,0.3828408,0.3157734,0.33742774
29.260075,0.27283722,0.3825761,0.3157968,0.33741006
29.270075,0.27203885,0.38297504,0.31588662,0.3373524
29.280073,0.27328545,0.38309598,0.31629363,0.33759865
29.290073,0.27227736,0.38222662,0.3161317,0.33730635
29.300074,0.27196223,0.38289496,0.31506026,0.33680838
29.310074,0.27264667,0.38311097,0.3151056,0.3372116
29.320074,0.27329022,0.38278583,0.31617993,0.33762014
29.330072,0.27238914,0.3828155,0.3156204,0.33734453
29.340075,0.2731643,0.3830258,0.3157885,0.33739212
29.350075,0.27259365,0.38097075,0.31520396,0.33680582
29.360075,0.2725672,0.38240156,0.31553876,0.33734918
29.370073,0.27195278,0.38195288,0.31507015,0.3367661
29.380075,0.27290222,0.38163874,0.3153121,0.33692408
29.390074,0.271495,0.38090426,0.31584448,0.3373581
29.400074,0.2722079,0.38250676,0.31560153,0.3364276
29.410074,0.27294627,0.38107643,0.31530702,0.3375991
29.420076,0.27230835,0.38278422,0.31519997,0.33722207
29.430075,0.27352506,0.3826881,0.31555146,0.33736047
29.440075,0.27209023,0.38314506,0.31492725,0.33694375
29.450087,0.27327323,0.38219646,0.31510612,0.337142
29.460104,0.2693776,0.38027036,0.3147165,0.33691564
29.47009,0.27057302,0.38074836,0.313825,0.336189
29.480097,0.27132443,0.38013,0.31441078,0.33625415
29.490093,0.2725226,0.3823074,0.31495383,0.33749512
29.500095,0.27261192,0.38267982,0.31436175,0.33692494
29.510077,0.27227855,0.38309744,0.31407928,0.33673695
29.520077,0.2720573,0.38104045,0.3135256,0.33688235
29.530079,0.27276835,0.38228148,0.3150618,0.3365607
29.540077,0.272075,0.38299695,0.314925,0.33659154
29.550076,0.27212206,0.3818573,0.31479356,0.33661154
29.560076,0.27309886,0.38351062,0.31437516,0.3359699
29.570072,0.27254313,0.38298407,0.31466028,0.3365271
29.580074,0.27389133,0.38315094,0.3146998,0.3368245
29.590075,0.27266923,0.38344678,0.3141441,0.33714452
29.600075,0.2724813,0.3831664,0.31495634,0.33647877
29.610073,0.2724909,0.38216937,0.31379858,0.33660007
29.620077,0.27269614,0.38320717,0.31430048,0.33638158
29.630074,0.27287436,0.38289922,0.31404075,0.3366498
29.640074,0.2728283,0.38174695,0.31434625,0.33620086
29.650074,0.2722921,0.384619,0.31434494,0.33633906
29.660074,0.2719244,0.38346073,0.3144049,0.33660778
29.670074,0.27176446,0.38330024,0.31474134,0.3359768
29.680073,0.27234793,0.38264495,0.31376836,0.33664158
29.690073,0.27261358,0.3826189,0.31417167,0.33708227
29.700075,0.2728812,0.3830704,0.31473652,0.3366707
29.710073,0.27261487,0.38262954,0.31316355,0.33749154
29.720076,0.27219892,0.38283896,0.31438836,0.33666778
29.730074,0.2723657,0.38235694,0.31269127,0.3364703
29.74008,0.27216706,0.3831475,0.31452596,0.33617803
29.750074,0.2724208,0.38274422,0.3139913,0.33656472
29.760073,0.2721496,0.38295442,0.3132632,0.33646798
29.770073,0.27211607,0.3836121,0.3140903,0.33629987
29.780094,0.27392656,0.3830465,0.31359082,0.33605868
29.790075,0.27273512,0.38294834,0.3136069,0.33656877
29.800074,0.27317497,0.38217184,0.3138353,0.33562633
29.810076,0.2729495,0.38267896,0.31419578,0.33635172
29.820078,0.2721458,0.38309163,0.3133091,0.33595994
29.830072,0.27256224,0.38255763,0.31347412,0.33588043
29.840075,0.27224734,0.38241184,0.31371823,0.3359327
29.850073,0.27238718,0.38251096,0.31316164,0.336024
29.860075,0.27285016,0.38320413,0.3135573,0.33610547
29.870073,0.27268264,0.38380688,0.31338453,0.33634183
29.880072,0.27338263,0.38370204,0.31315494,0.336584
29.890074,0.2728307,0.38333827,0.31394407,0.33604753
29.900074,0.27196896,0.38417614,0.31340376,0.33589527
29.910072,0.27156734,0.38266295,0.3132086,0.33592114
29.920076,0.2720804,0.3825571,0.31342492,0.3355604
29.930073,0.27178875,0.3823148,0.31273514,0.335582
29.94009,0.27041724,0.3812676,0.31245106,0.33534712
29.950117,0.2688095,0.38074714,0.3119445,0.3349474
29.960089,0.26881757,0.38035074,0.31156033,0.33571446
29.970097,0.26987043,0.38016123,0.3116101,0.33495867
29.980083,0.2706464,0.38154548,0.31221035,0.3364425
29.99009,0.2699173,0.3810669,0.31195596,0.33580533
30.000101,0.27044696,0.3811793,0.31180063,0.3348185
30.010096,0.27072698,0.3810788,0.31239513,0.3354894
30.020111,0.27218378,0.38297224,0.3122237,0.33579925
30.030096,0.27050623,0.38401866,0.31250662,0.33460107
30.040081,0.27202147,0.38363907,0.3119583,0.33511797
30.050074,0.27208185,0.38302127,0.3130156,0.33562288
30.060076,0.27218226,0.3834151,0.31268886,0.33527526
30.070076,0.27283627,0.38282174,0.31248572,0.33562046
30.080076,0.27196586,0.38259915,0.31265765,0.33564755
30.090076,0.27269322,0.3814541,0.31338587,0.33514658
30.100075,0.27214375,0.383871,0.31216767,0.33499193
30.110073,0.27270365,0.3830104,0.3119969,0.33574587
30.120073,0.27223814,0.3823653,0.31237078,0.33540162
30.130075,0.27285042,0.38394472,0.3128163,0.33585048
30.140074,0.27198407,0.38461807,0.31201136,0.33655488
30.150072,0.2725232,0.3826943,0.312181,0.33510432
30.160072,0.27271795,0.3829942,0.3130926,0.33589092
30.170074,0.27299178,0.38314483,0.312053,0.33514184
30.180075,0.27245265,0.3832259,0.31212226,0.3348833
30.190092,0.2722325,0.3827169,0.31166133,0.3350573
30.200075,0.27227515,0.3836417,0.3118002,0.33557904
30.210073,0.27271137,0.38338658,0.3121384,0.33434767
30.220078,0.2727357,0.38328946,0.3124821,0.33544073
30.230076,0.2722622,0.38273737,0.31187502,0.33540517
30.240097,0.27187058,0.38205004,0.3112667,0.33531767
30.250078,0.27187267,0.38246483,0.31180185,0.3352738
30.260075,0.27285478,0.38349766,0.31232724,0.33499599
30.270073,0.27240068,0.38336554,0.31129974,0.33500665
30.280075,0.27235633,0.38354936,0.31171322,0.335383
30.290073,0.27344725,0.38308194,0.3113537,0.33468845
30.300072,0.27276647,0.38374004,0.3113189,0.33534148
30.310074,0.27318767,0.38425225,0.31168947,0.33492708
30.320074,0.27289167,0.3839985,0.31182578,0.33482096
30.330074,0.27331206,0.38397235,0.31237072,0.33419624
30.340075,0.2722509,0.38395795,0.31196433,0.33534223
30.350073,0.27270266,0.38372183,0.3121318,0.33508566
30.360075,0.27238262,0.38350746,0.31097287,0.33568418
30.370073,0.27300757,0.3836954,0.3116616,0.3355739
30.380075,0.27244118,0.38294786,0.31179398,0.33463976
30.390074,0.27317286,0.38267514,0.31113982,0.3349894
30.400076,0.27222037,0.38342306,0.31077653,0.33463576
30.410072,0.2722844,0.38331258,0.31181982,0.33566433
30.420073,0.2726528,0.3838043,0.31115207,0.33497927
30.430075,0.27280766,0.38360414,0.3117582,0.33499128
30.440075,0.27298367,0.38302398,0.31074584,0.33497742
30.45009,0.27229258,0.38339406,0.31066507,0.33483112
30.46009,0.27085832,0.38198215,0.3108528,0.33458182
30.4701,0.27056313,0.38131958,0.31059113,0.33481315
30.48009,0.2705425,0.38178217,0.31054008,0.33442795
30.490099,0.2721949,0.38271868,0.31023678,0.33441815
30.500093,0.27306208,0.3835187,0.31107414,0.33441305
30.510077,0.2729976,0.38315988,0.31039613,0.33494028
30.520077,0.27250814,0.38416305,0.31087986,0.33483982
30.530073,0.27291143,0.38357618,0.31036052,0.33460897
30.540073,0.2727572,0.38428962,0.3106662,0.33491072
30.550076,0.27178833,0.38336468,0.31055203,0.3347704
30.56007,0.27236283,0.3835056,0.3100371,0.3348687
30.570074,0.27213567,0.38238087,0.3108363,0.33430234
30.580074,0.2722098,0.38363296,0.31054273,0.33438388
30.590073,0.27238408,0.38249218,0.3106739,0.33441737
30.600094,0.2721843,0.38350073,0.31092498,0.33400655
30.610075,0.27171698,0.3826718,0.30985495,0.33412278
30.620077,0.27271166,0.38310626,0.31010523,0.33430693
30.630075,0.27280757,0.38386443,0.31033954,0.33438042
30.640076,0.27218148,0.3833056,0.31004637,0.33393756
30.650076,0.27244133,0.38349164,0.30984485,0.33480948
30.660072,0.27189672,0.38303995,0.31002682,0.33451435
30.670076,0.2722604,0.38334972,0.31050473,0.33439234
30.680073,0.27217087,0.38336197,0.31055164,0.33419496
30.690073,0.27326056,0.38332647,0.31012753,0.33422852
30.700094,0.2728796,0.3831616,0.31024957,0.3339272
30.710073,0.27255213,0.38492227,0.31056845,0.33424464
30.720076,0.27276757,0.38451946,0.30922368,0.33471087
30.730076,0.27230817,0.38282615,0.31028235,0.3342085
30.740078,0.27214932,0.38131437,0.31037155,0.33552286
30.750074,0.27241293,0.38185927,0.30897984,0.3331517
30.76007,0.27238917,0.38526896,0.309182,0.3329605
30.770075,0.2723877,0.38362652,0.31008473,0.33408904
30.780073,0.27338153,0.3844356,0.3090888,0.33493912
30.790075,0.27357575,0.38347206,0.309461,0.33288804
30.800072,0.2721473,0.3839473,0.30882746,0.33435866
30.810074,0.27166873,0.38357425,0.31052056,0.3331173
30.820076,0.2736161,0.38440034,0.3090047,0.33401442
30.830072,0.27441302,0.3841955,0.31023774,0.33381882
30.840075,0.27191043,0.38408548,0.3089499,0.33386868
30.850073,0.27348137,0.38318095,0.30948487,0.33394784
30.860075,0.27285647,0.38434774,0.3093696,0.3340865
30.870073,0.2721931,0.38439474,0.30883515,0.33381644
30.880074,0.27300102,0.38468376,0.30948582,0.33435184
30.890076,0.27254948,0.38365164,0.3096953,0.3341632
30.900072,0.27172697,0.38301814,0.30950317,0.33419412
30.910072,0.27264568,0.38275617,0.309259,0.3342514
30.920074,0.27212942,0.38460165,0.3091451,0.334023
30.930075,0.27345532,0.3838098,0.30923393,0.33393562
30.940075,0.27082056,0.38286012,0.30816805,0.33354053
30.950092,0.271733,0.3817413,0.30936626,0.33310536
30.960093,0.27005464,0.38179588,0.3076143,0.33334452
30.970098,0.26959273,0.38166046,0.3079353,0.33439627
30.98009,0.27149716,0.38366345,0.3091085,0.33367187
30.990088,0.2707701,0.3807898,0.30861405,0.3336415
31.000092,0.2701694,0.38211477,0.30791092,0.33286592
31.010107,0.27230635,0.38197643,0.30841237,0.33313084
31.020086,0.2716619,0.38269177,0.30837414,0.3337414
31.030107,0.2702365,0.38296077,0.30761614,0.33351734
31.0401,0.27012423,0.38139287,0.30751184,0.33423555
31.05009,0.2704131,0.38120493,0.30696034,0.33293918
31.060085,0.27164853,0.38330945,0.30764705,0.33432814
31.070082,0.27190122,0.38353765,0.3085424,0.33378497
31.080076,0.27233815,0.3831828,0.3078546,0.33360842
31.090073,0.27249637,0.38359356,0.30835062,0.333151
31.10007,0.2727865,0.3835483,0.30813858,0.33410373
31.110073,0.27235094,0.3834599,0.3078698,0.3332641
31.120079,0.27237058,0.3841528,0.309183,0.33304793
31.130077,0.27291366,0.38345912,0.30775753,0.33303872
31.140078,0.27246764,0.38466686,0.30914333,0.33431408
31.150072,0.27278495,0.38400128,0.30902785,0.33340093
31.160076,0.2725091,0.3845031,0.30793682,0.33342537
31.170074,0.2723979,0.3842751,0.30740952,0.33287495
31.180075,0.27319747,0.38427946,0.30864346,0.3332997
31.190075,0.27240285,0.38383558,0.30798692,0.33326498
31.200075,0.2721676,0.38499114,0.30775577,0.33316234
31.210075,0.2725597,0.38186112,0.30800208,0.33278376
31.220078,0.2722262,0.38389337,0.3083879,0.3335944
31.230078,0.27326941,0.3847291,0.30882442,0.33328462
31.240072,0.27219883,0.38408923,0.30829895,0.33339694
31.250076,0.27346027,0.38448462,0.30762807,0.33275273
31.260075,0.27265522,0.384105,0.30758068,0.3336146
31.270073,0.27283612,0.3844716,0.30828312,0.33320525
31.280075,0.27256387,0.38443804,0.30776432,0.33274126
31.290075,0.2723397,0.38352504,0.30842048,0.3333921
31.300074,0.27198964,0.38390884,0.30846432,0.33299902
31.310074,0.2728887,0.38422525,0.30838972,0.3332853
31.320074,0.27266407,0.38391578,0.3078728,0.33295062
31.330072,0.27274808,0.38360557,0.30828094,0.3333969
31.34007,0.27301687,0.38384283,0.3076258,0.33292195
31.350075,0.2728597,0.38452527,0.3072053,0.33299595
31.360075,0.27274743,0.3847873,0.30737638,0.33315897
31.370073,0.2723327,0.38336238,0.30736208,0.33228678
31.380074,0.27365765,0.3847266,0.3074742,0.3334262
31.390074,0.27249172,0.38353944,0.30712435,0.33277026
31.400076,0.27288243,0.38436428,0.30761707,0.33299267
31.410074,0.27226806,0.38453847,0.307442,0.3333598
31.420074,0.2730385,0.38410473,0.3068776,0.33266032
31.430075,0.2724977,0.3840199,0.3072982,0.3332579
31.440075,0.27227387,0.38449007,0.307408,0.3337874
31.450087,0.270652,0.38421425,0.3073218,0.33312473
31.460121,0.27137074,0.3830421,0.30613285,0.33249167
31.470093,0.2697529,0.38147825,0.3061423,0.33215436
31.480091,0.2706999,0.38263825,0.30600694,0.33193618
31.490086,0.2726113,0.38284957,0.30681202,0.33290526
31.500086,0.27231905,0.38415655,0.30693248,0.3326196
31.510077,0.27366927,0.38428247,0.3063763,0.3327403
31.520075,0.27269164,0.38403687,0.30639067,0.33194187
31.530073,0.27243054,0.38465056,0.306942,0.33334112
31.540071,0.2721451,0.3838509,0.30630076,0.3327664
31.550074,0.2726862,0.38429374,0.30635482,0.33345482
31.560068,0.27250752,0.38384363,0.3069021,0.3336639
31.570072,0.2721383,0.3839261,0.30697104,0.33317178
31.580072,0.2726396,0.38426358,0.3072638,0.33270383
31.59007,0.2732511,0.38454726,0.30641425,0.33272737
31.600073,0.27354005,0.383957,0.30593604,0.33361563
31.610102,0.27234596,0.38417274,0.30628604,0.332655
31.620075,0.27306762,0.3841304,0.3066019,0.33243793
31.630075,0.2730829,0.38433245,0.3065678,0.33298138
31.640076,0.27248153,0.3842551,0.3072127,0.3325806
31.650074,0.27231377,0.3842898,0.306322,0.33263054
31.660072,0.27264675,0.38507614,0.30617586,0.33237663
31.670076,0.2728706,0.38435194,0.30572325,0.33280203
31.680079,0.27261364,0.3844285,0.30568084,0.3322481
31.690075,0.272298,0.38351408,0.30563015,0.3327409
31.700075,0.27327886,0.38529798,0.30560434,0.3326162
31.710094,0.27303213,0.38484842,0.30635947,0.33236992
31.720078,0.2722902,0.38527432,0.3063576,0.33311766
31.730076,0.2723013,0.38371336,0.3062258,0.33257648
31.740076,0.2730642,0.38453683,0.3061074,0.33277345
31.750074,0.2726427,0.38361123,0.30610213,0.33251897
31.760075,0.27377355,0.38477477,0.3057674,0.33273008
31.770073,0.27206388,0.38430777,0.30596343,0.33257538
31.780071,0.2724619,0.3847989,0.30621192,0.33279446
31.790073,0.27225357,0.38431,0.30582985,0.33233282
31.800074,0.27254763,0.38442057,0.30556118,0.33252668
31.81009,0.27317142,0.38483623,0.30536702,0.33247918
31.820074,0.27288735,0.38428566,0.3056897,0.3327972
31.830074,0.2731064,0.38428992,0.30578253,0.3324628
31.840075,0.27234033,0.38411775,0.30583334,0.33253524
31.850075,0.27318597,0.38332784,0.30519986,0.3320612
31.860075,0.27377886,0.3850399,0.30578807,0.33250675
31.870075,0.27296203,0.38471806,0.30590367,0.33301058
31.880074,0.27241746,0.38445145,0.30507284,0.33241203
31.890076,0.2727787,0.38509518,0.30541658,0.33261633
31.900072,0.2728644,0.38410723,0.30550027,0.33280978
31.91009,0.27400804,0.38478613,0.30575678,0.3325713
31.920076,0.27283037,0.3843949,0.30469126,0.33218107
31.930075,0.27318123,0.38502648,0.30545306,0.33230367
31.940075,0.2714777,0.38414538,0.3049982,0.3317002
31.950094,0.27117476,0.38241637,0.3045214,0.33179253
31.960108,0.26971626,0.3800192,0.30367944,0.33204085
31.970097,0.27060026,0.38297096,0.30426124,0.33196962
31.980085,0.2726336,0.38477403,0.3045831,0.33240783
31.990086,0.26918587,0.38198182,0.30375668,0.3320129
32.0002,0.2707957,0.38199082,0.30391514,0.33222976
32.010162,0.27119544,0.38246307,0.30458885,0.33147818
32.02009,0.27205864,0.38295418,0.30451703,0.33260596
32.030083,0.27152005,0.38369158,0.3048067,0.3319107
32.040073,0.272736,0.38409126,0.30439016,0.33238822
32.05007,0.2718184,0.38373464,0.3046817,0.33225438
32.06007,0.27306524,0.38446948,0.30449915,0.33328736
32.07007,0.2715998,0.3836201,0.30377367,0.33269098
32.08007,0.27256864,0.3841301,0.30494592,0.33233422
32.09007,0.2721622,0.38533938,0.30252755,0.33213103
32.10007,0.2726165,0.38237545,0.30445877,0.33319724
32.11007,0.27237087,0.38427874,0.3043766,0.3325289
32.12008,0.2722898,0.3843038,0.3041142,0.33271977
32.130077,0.27251127,0.38460818,0.30456004,0.33261487
32.14007,0.2722914,0.38408265,0.30465204,0.33202377
32.150074,0.27274337,0.38507745,0.3043103,0.3313591
32.160076,0.27240124,0.38407856,0.30422807,0.33173934
32.170074,0.27270433,0.38419965,0.30458835,0.33176714
32.180077,0.27300987,0.38415858,0.30383748,0.3320265
32.19007,0.2728089,0.3851437,0.30421335,0.3317035
32.200073,0.27285954,0.38456458,0.3037252,0.33257082
32.210075,0.27324593,0.38437322,0.30459344,0.33274037
32.220078,0.2718382,0.38395354,0.3045369,0.33196083
32.230076,0.27245796,0.38456005,0.3047224,0.33199653
32.240074,0.2727931,0.3843412,0.3037832,0.33169028
32.250076,0.27223837,0.3841305,0.30411512,0.33261347
32.260075,0.27311325,0.3847851,0.3039125,0.33187547
32.270073,0.27269185,0.3842577,0.30401337,0.33183584
32.280075,0.27273813,0.38486758,0.30364817,0.33191025
32.290073,0.27297702,0.38443732,0.30360743,0.33189687
32.300076,0.27278912,0.3844906,0.30439264,0.33250046
32.310074,0.27295968,0.3837601,0.30352503,0.332202
32.32008,0.27320734,0.38463888,0.3035502,0.33150697
32.330074,0.27286732,0.3837384,0.30407813,0.3319093
32.340076,0.2732488,0.38484395,0.30351248,0.33221748
32.350075,0.27316535,0.38453606,0.30260974,0.33123845
32.360073,0.27333143,0.38506684,0.30339074,0.33200872
32.37007,0.2723372,0.38485286,0.30305392,0.3323712
32.380074,0.27288714,0.38457805,0.30334455,0.33201602
32.390076,0.2725969,0.3848635,0.30329257,0.33214307
32.400074,0.27303723,0.38452488,0.30411792,0.3323915
32.410072,0.2736263,0.38483533,0.3038189,0.3311416
32.420074,0.27307662,0.3847117,0.3030721,0.3310228
32.430073,0.27313572,0.38546997,0.3034718,0.33264762
32.440075,0.27258807,0.38548616,0.30391496,0.3326836
32.45008,0.27142152,0.38206333,0.30287614,0.33146665
32.46011,0.26919144,0.3838176,0.3020667,0.33155373
32.470093,0.27114812,0.38289064,0.3024507,0.33177584
32.48009,0.27110663,0.3828104,0.30245972,0.33132085
32.490086,0.2639876,0.37893277,0.30341324,0.33177677
32.500076,0.2714062,0.3828219,0.30185038,0.33131835
32.51008,0.2726892,0.38479012,0.30276963,0.33228776
32.520073,0.27207258,0.38352993,0.30293348,0.33180356
32.530075,0.27283925,0.38538548,0.30345562,0.3318343
32.540073,0.272879,0.38444135,0.30294555,0.33200696
32.55007,0.2727127,0.38496146,0.3027446,0.3319782
32.560074,0.2724603,0.385052,0.30225003,0.33174253
32.570076,0.272851,0.38447404,0.30303034,0.33225256
32.580074,0.27230442,0.38487598,0.30268118,0.33197588
32.590076,0.2723735,0.38478786,0.30251023,0.3319756
32.600075,0.27212125,0.38418734,0.30255365,0.33150038
32.610073,0.2721366,0.38520843,0.30201644,0.33255124
32.620075,0.2698676,0.38415793,0.30226427,0.33151764
32.630077,0.27191427,0.3842309,0.301812,0.33151492
32.640076,0.27223328,0.3855578,0.30211225,0.33188066
32.650074,0.27228314,0.38452315,0.30263564,0.33082613
32.660076,0.27278858,0.38496867,0.3025035,0.3319753
32.670074,0.27170905,0.38375103,0.30127737,0.33148164
32.680077,0.2712811,0.3838526,0.3021561,0.33190215
32.690075,0.27158558,0.3838513,0.3018255,0.33143926
32.700073,0.27163464,0.38435706,0.30230054,0.33135283
32.710075,0.27217948,0.38389856,0.3020224,0.332167
32.720074,0.2710025,0.3831506,0.30145586,0.33186433
32.730076,0.271323,0.38377362,0.3020947,0.33180925
32.740074,0.27162716,0.3840834,0.30185997,0.33145657
32.750076,0.27197835,0.38334706,0.30178055,0.33124483
32.760075,0.27283457,0.38518238,0.30192217,0.33181226
32.770073,0.2727198,0.38573617,0.30166793,0.33185902
32.780075,0.27304605,0.38493404,0.30176142,0.33117166
32.790073,0.27317733,0.3851684,0.30201373,0.33197755
32.800076,0.2723391,0.3854024,0.3017512,0.33213195
32.810074,0.27306396,0.3842805,0.3022156,0.33215228
32.820076,0.27269465,0.38501573,0.30210248,0.33179656
32.830074,0.27288327,0.38497943,0.30185008,0.3319619
32.840076,0.27246386,0.38487002,0.30121082,0.33173767
32.850075,0.27264044,0.3852725,0.30156833,0.3322614
32.860073,0.27310637,0.38478842,0.3013556,0.3320466
32.870075,0.2720071,0.38380235,0.30188355,0.33180413
32.880074,0.2732091,0.38480666,0.30229715,0.3320193
32.89007,0.27283764,0.3847235,0.30137318,0.33194306
32.900074,0.27212325,0.38460925,0.3015785,0.33220467
32.910072,0.2730644,0.38515973,0.30124882,0.33202413
32.92009,0.27326208,0.3854263,0.30140597,0.33204198
32.930077,0.2718448,0.3839558,0.30141413,0.3321612
32.940075,0.27085826,0.38436583,0.3015082,0.33147964
32.950134,0.2713191,0.38544574,0.30083752,0.33165795
32.960133,0.26994658,0.38352603,0.30076438,0.33208534
32.970093,0.27078944,0.38305008,0.3000475,0.33144298
32.98009,0.27267367,0.38573167,0.3008024,0.33214188
32.990097,0.27092493,0.383102,0.29966423,0.33142266
33.000225,0.27092028,0.38283494,0.30034778,0.33170697
33.01009,0.2703504,0.3831027,0.29949656,0.33066338
33.020164,0.27229753,0.38538235,0.30029023,0.33222046
33.030094,0.2721387,0.3843992,0.30094025,0.33140165
33.040077,0.27196217,0.38481787,0.3003338,0.33172277
33.05007,0.27209085,0.383663,0.30080712,0.33169368
33.06007,0.27213886,0.38442856,0.30015054,0.33198106
33.07007,0.27193123,0.3844153,0.30053318,0.33178255
33.08007,0.27223626,0.38406157,0.30008385,0.3321219
33.090073,0.27169162,0.3848005,0.30052927,0.33204746
33.10007,0.27205285,0.38396204,0.29992595,0.33218205
33.11007,0.27218565,0.3849912,0.3006097,0.33199954
33.120075,0.27179027,0.38440025,0.3002556,0.3316172
33.130077,0.27304366,0.38521916,0.30076894,0.33115682
33.140076,0.27308795,0.3852223,0.30100378,0.33215395
33.150074,0.27327678,0.3858431,0.3003224,0.3316693
33.160076,0.2733869,0.38453177,0.3001782,0.33147937
33.170074,0.27262494,0.38636026,0.30053997,0.3313454
33.180077,0.27282235,0.38547942,0.3000293,0.33164743
33.190075,0.27255544,0.38530225,0.30129972,0.3319809
33.200073,0.27298826,0.38497558,0.3004441,0.3316569
33.21008,0.27247748,0.38529825,0.30054817,0.33156118
33.220078,0.2727065,0.38495263,0.30030835,0.33165464
33.230072,0.2726117,0.3853355,0.3002451,0.33228034
33.240074,0.27312523,0.38580564,0.30029982,0.33163646
33.250076,0.27325287,0.3855344,0.2999076,0.33163118
33.260075,0.2730341,0.3852145,0.3002415,0.33178687
33.270073,0.27264997,0.3853537,0.30054602,0.33163813
33.280075,0.27342498,0.38528377,0.299965,0.33188337
33.290073,0.27256867,0.38405567,0.3003243,0.33198723
33.300076,0.2724427,0.38572413,0.2998107,0.33181542
33.31009,0.27338758,0.38515964,0.30022743,0.3317789
33.32008,0.2723233,0.38568574,0.30015862,0.3318924
33.330074,0.2719915,0.3855465,0.29992428,0.33150685
33.340073,0.27257797,0.3848393,0.29963976,0.33240396
33.350075,0.272244,0.38431016,0.29896826,0.33188006
33.360077,0.27266613,0.3853131,0.30017048,0.3317763
33.370075,0.2726124,0.38540447,0.29939315,0.3315936
33.380077,0.27268574,0.38580683,0.29930633,0.3316797
33.39007,0.2731645,0.3858104,0.29947814,0.33169004
33.400074,0.27272457,0.38498762,0.29988033,0.33195442
33.410076,0.27313906,0.38515308,0.2992101,0.33223373
33.42008,0.2725493,0.3854915,0.29896933,0.3322045
33.43009,0.27354783,0.38523418,0.29952747,0.33153123
33.440075,0.2726354,0.38534927,0.2998701,0.33187678
33.450077,0.27109978,0.38484022,0.2983285,0.33143178
33.46009,0.2696936,0.38196975,0.29886162,0.33120322
33.470093,0.27094305,0.3835892,0.2987733,0.3317675
33.480087,0.2705905,0.38287714,0.29853335,0.33127412
33.4901,0.2715962,0.38473117,0.29856262,0.3316564
33.5001,0.27245867,0.3852395,0.29897395,0.3319337
33.510082,0.27198833,0.3842994,0.29923847,0.33207852
33.52008,0.27208665,0.38454798,0.29884428,0.33171412
33.530075,0.27286693,0.38512626,0.29907185,0.33217564
33.540077,0.27253595,0.38540998,0.29899883,0.33173028
33.550076,0.27308849,0.38518608,0.29866648,0.33149216
33.560074,0.27324086,0.3849554,0.29915893,0.3315071
33.570076,0.27230474,0.38523602,0.29885235,0.3320281
33.580074,0.27321565,0.38622817,0.29908007,0.33109844
33.590076,0.27272254,0.385446,0.2986821,0.3324184
33.600075,0.27368742,0.38590026,0.29903343,0.33213273
33.610077,0.2733586,0.38519236,0.29878354,0.33175573
33.62008,0.27300972,0.38563594,0.29896253,0.33223057
33.630074,0.27312988,0.3853154,0.297777,0.33216128
33.64009,0.27231625,0.38554615,0.29889262,0.33230627
33.650078,0.27289233,0.3853969,0.2983261,0.33162528
33.660084,0.2731457,0.38516638,0.298506,0.33206713
33.670074,0.27238047,0.385448,0.2982053,0.33152664
33.680077,0.27309358,0.3852109,0.29830587,0.3319972
33.690075,0.2730916,0.3858963,0.2980823,0.3318925
33.700073,0.27289426,0.38625112,0.2983785,0.3319027
33.71008,0.2738268,0.3866931,0.2983961,0.3315467
33.72008,0.27242035,0.3852164,0.29833043,0.33172885
33.730076,0.27307752,0.38382453,0.29851848,0.33202347
33.740093,0.27192384,0.38739163,0.2985162,0.3328625
33.750072,0.27330238,0.38799107,0.29784107,0.3311753
33.760075,0.2721414,0.3865605,0.2986595,0.33007723
33.770077,0.27292737,0.3849358,0.29948062,0.33197823
33.780075,0.27173296,0.3857285,0.2984488,0.33245426
33.790073,0.27295858,0.38544604,0.29662326,0.33237013
33.80007,0.2713339,0.38545346,0.2970312,0.33317575
33.810078,0.27226344,0.38547772,0.29918268,0.3329272
33.82008,0.2725706,0.3853969,0.29843378,0.33164388
33.830074,0.27295724,0.38525763,0.2982199,0.33159944
33.840096,0.27346793,0.38501975,0.29764697,0.3320136
33.850075,0.2725367,0.38559636,0.29814067,0.33181864
33.86008,0.27258083,0.38602126,0.29751423,0.3313837
33.870075,0.27290824,0.38554373,0.29779086,0.33182588
33.880077,0.27305275,0.3867875,0.29698932,0.33202672
33.89007,0.27275082,0.38609385,0.297702,0.33268186
33.900074,0.27351582,0.38557637,0.2975914,0.33241296
33.910076,0.27207622,0.3856915,0.29699466,0.331942
33.92008,0.27283594,0.38522166,0.29752952,0.3322587
33.930077,0.2728407,0.38522294,0.29730418,0.33204234
33.940075,0.27153522,0.38475803,0.29730138,0.33110845
33.950096,0.268829,0.3839516,0.2957587,0.33124688
33.96009,0.27090752,0.38192207,0.29705983,0.33144048
33.97009,0.26618344,0.38322124,0.29611677,0.33188358
33.98009,0.27306178,0.3853091,0.29726657,0.33223668
33.99011,0.2723338,0.3836738,0.29603216,0.33140445
34.000103,0.27075854,0.38373557,0.29639205,0.33104965
34.010094,0.27098107,0.3843388,0.2962741,0.3321642
34.0201,0.27268314,0.38509214,0.29681265,0.33144778
34.030087,0.27332574,0.38548315,0.29738563,0.33087248
34.040085,0.27306062,0.38568428,0.29743895,0.33127975
34.050064,0.26959223,0.38228345,0.2962167,0.33192664
34.060062,0.26945597,0.38226283,0.29515064,0.3318757
34.070065,0.26954058,0.38300243,0.29531658,0.33235517
34.080063,0.26846763,0.3826899,0.29578477,0.33192098
34.09006,0.2695187,0.38288668,0.29578683,0.33201614
34.100063,0.2682847,0.38194928,0.2952987,0.33285448
34.11006,0.2692574,0.38201457,0.2951612,0.33269164
34.120064,0.26833096,0.38219887,0.29603496,0.33271214
34.130062,0.2688427,0.38168097,0.29526082,0.33197716
34.140064,0.26892048,0.38313425,0.29539,0.3318947
34.150063,0.26960564,0.38225725,0.2953969,0.33239046
34.16006,0.26927522,0.38305187,0.29506478,0.33250377
34.170063,0.26877466,0.38204145,0.29487166,0.3322919
34.18006,0.26879963,0.3826181,0.2957716,0.3320739
34.190063,0.2690468,0.3828544,0.29569793,0.332257
34.20006,0.26872677,0.3825522,0.29491717,0.33238694
34.210068,0.26877555,0.38215607,0.29460216,0.3317582
34.220066,0.26906836,0.3822899,0.29476753,0.3320703
34.23006,0.2691639,0.38220716,0.29446116,0.3320049
34.240063,0.2693715,0.38361046,0.29532096,0.3322354
34.25006,0.26868397,0.38220334,0.2947929,0.33213907
34.260063,0.2695073,0.38240814,0.29521844,0.33192882
34.27006,0.26876277,0.3834417,0.2942515,0.33224893
34.280064,0.26917142,0.38268524,0.29428092,0.332144
34.290062,0.2688935,0.38250467,0.29497024,0.332301
34.30006,0.26911458,0.38212466,0.2953193,0.33168986
34.310062,0.26900902,0.38295048,0.29485437,0.33215508
34.320065,0.26872697,0.38284537,0.29444093,0.33206242
34.330063,0.26886323,0.38296652,0.2932842,0.33207765
34.340065,0.26857227,0.38327298,0.2940759,0.33228603
34.350063,0.26871037,0.3824264,0.2947165,0.33223325
34.36006,0.26918128,0.3826548,0.29466048,0.3316035
34.370064,0.26952735,0.38249093,0.29488236,0.33216637
34.380062,0.2696133,0.38317284,0.29442748,0.33265975
34.390064,0.2697928,0.38283396,0.29446843,0.3320799
34.400063,0.2692623,0.3826531,0.29487652,0.33214542
34.41006,0.26887348,0.38288048,0.29434723,0.3324281
34.420063,0.26898104,0.38268813,0.29447043,0.33277875
34.43006,0.26880345,0.38267353,0.29393786,0.33268097
34.440063,0.26980755,0.38291875,0.29432765,0.33231962
34.45006,0.2692801,0.38101262,0.2933292,0.33165774
34.460083,0.2647724,0.378385,0.292247,0.33148897
34.47008,0.26870546,0.38197216,0.2945397,0.33183223
34.48008,0.26913142,0.38269898,0.29380143,0.3322011
34.490078,0.26931897,0.38210222,0.29386753,0.33217
34.50007,0.26920304,0.38352853,0.29384458,0.33205113
34.510067,0.2695367,0.3825656,0.29377523,0.3329397
34.520065,0.2692863,0.3829212,0.29377663,0.3324608
34.530064,0.26913446,0.38209963,0.2942853,0.3329874
34.540062,0.26991513,0.383638,0.2948355,0.3326141
34.55006,0.26897034,0.3827894,0.29279947,0.3319246
34.560062,0.2690063,0.3822345,0.29429302,0.33294085
34.57006,0.26871973,0.38231093,0.29305094,0.33242163
34.580063,0.2685267,0.38250324,0.29342997,0.33223996
34.59006,0.26917455,0.38293278,0.2935659,0.33150586
34.600063,0.26877233,0.38254958,0.29384547,0.3317667
34.61006,0.26936328,0.38257903,0.29317942,0.33233634
34.620068,0.2651614,0.38278165,0.29352385,0.33184534
34.630066,0.26918775,0.38353676,0.29367435,0.33248222
34.640064,0.2698333,0.3825411,0.2929717,0.33222815
34.650063,0.26884082,0.38242143,0.29376546,0.33243683
34.66006,0.26919743,0.38255483,0.2929058,0.33271515
34.670063,0.2690003,0.3832018,0.2930346,0.33253556
34.68006,0.26840118,0.38276497,0.2938855,0.33223182
34.690063,0.26937056,0.3841301,0.2936213,0.33230272
34.70006,0.26898402,0.38257995,0.292295,0.3322015
34.710064,0.2685486,0.38269737,0.29309613,0.33224255
34.720062,0.26863158,0.3818138,0.29280666,0.33248258
34.730064,0.26898915,0.38202766,0.29265982,0.3318102
34.740063,0.26951766,0.3830691,0.2925042,0.33208838
34.75006,0.26872587,0.3825271,0.29259285,0.33163807
34.760063,0.26889014,0.3827993,0.29296738,0.3328399
34.77006,0.2690963,0.38325903,0.2928849,0.33268785
34.78006,0.2691734,0.3826749,0.29369664,0.33240628
34.790062,0.26943687,0.38294414,0.2926314,0.33257142
34.80006,0.26924905,0.38314617,0.29230753,0.33193657
34.810062,0.26889652,0.3829917,0.29279077,0.33265314
34.82006,0.2690257,0.3831573,0.29358166,0.33210096
34.830063,0.26894724,0.38273528,0.29318443,0.3329501
34.84006,0.26969752,0.38369256,0.29340014,0.33267176
34.850063,0.2689545,0.3831075,0.29235327,0.332543
34.860065,0.2694201,0.38360122,0.2930319,0.3324306
34.870064,0.26886064,0.38271388,0.29276273,0.3322569
34.880062,0.26999414,0.38319597,0.2931326,0.3326911
34.890064,0.2703433,0.38264507,0.2938782,0.33246228
34.900063,0.26865306,0.3823666,0.29273334,0.33250484
34.91006,0.2692983,0.3827089,0.29247177,0.33249584
34.920063,0.26858416,0.38296536,0.2922211,0.33197176
34.93006,0.269082,0.38338926,0.29231837,0.33277014
34.940063,0.26696974,0.38071713,0.29045194,0.33220297
34.95025,0.2652409,0.37678123,0.28969258,0.33142143
34.96008,0.26276308,0.37853515,0.29170102,0.33213526
34.970066,0.26918516,0.38284722,0.29212412,0.33219996
34.980083,0.26627612,0.3805751,0.29067728,0.33124888
34.990078,0.26535252,0.37913686,0.29027447,0.33126733
35.000084,0.2688176,0.38295576,0.29132822,0.3326927
35.010067,0.2685799,0.38281244,0.29209644,0.33281267
35.020065,0.2685962,0.38357967,0.29180422,0.3323746
35.030067,0.26907757,0.38321817,0.29169726,0.33300692
35.040062,0.26886362,0.38382,0.29200837,0.33279696
35.050064,0.26850128,0.3825207,0.29164582,0.33220935
35.060062,0.26917014,0.38285396,0.29144722,0.33208874
35.07006,0.26893687,0.38239127,0.2918715,0.3321692
35.080063,0.26919714,0.3834917,0.2922355,0.33253685
35.09006,0.2692065,0.38219902,0.29173228,0.33302027
35.100063,0.2691548,0.3830452,0.29194155,0.33294195
35.11006,0.26897767,0.3831522,0.29096782,0.33309495
35.120064,0.2693127,0.3839301,0.29216343,0.3325482
35.130127,0.2686666,0.38236657,0.29168138,0.3322496
35.140064,0.26988345,0.38320196,0.29172266,0.33241642
35.150063,0.2691238,0.38337693,0.29131725,0.33205944
35.16006,0.26935282,0.38368067,0.29185855,0.332705
35.170063,0.26881918,0.38332158,0.29120892,0.332279
35.18006,0.26903084,0.38324633,0.29119983,0.33298346
35.19006,0.2698716,0.38087142,0.29138502,0.33188596
35.200077,0.2692814,0.3837175,0.29094118,0.3322582
35.210064,0.26899552,0.38299724,0.29160362,0.3322911
35.220062,0.2689157,0.3828628,0.2915489,0.3327666
35.230064,0.26930285,0.3835723,0.29170486,0.3331723
35.240063,0.26942298,0.38311294,0.29151303,0.33244804
35.25006,0.2695103,0.3842473,0.2912335,0.33256873
35.260063,0.26895532,0.3831595,0.2913318,0.33252177
35.27006,0.26960582,0.3835156,0.29173836,0.33274204
35.280064,0.26903224,0.38359448,0.29078192,0.3326268
35.290062,0.26830557,0.38337204,0.29156813,0.33292893
35.30006,0.26916593,0.38309598,0.29079863,0.33251128
35.310062,0.26904812,0.3833431,0.29101127,0.33221364
35.320065,0.26899543,0.38337177,0.2902206,0.33305037
35.330063,0.26854917,0.38362834,0.29133815,0.33278072
35.34006,0.26883474,0.3837037,0.2904892,0.33273777
35.350063,0.26912564,0.3829384,0.29074183,0.33257556
35.36006,0.26902774,0.38241708,0.2911145,0.33291963
35.370064,0.2683968,0.3820391,0.29079714,0.33265108
35.380062,0.26939872,0.38363084,0.29065606,0.33316937
35.390064,0.26883432,0.38134906,0.2906741,0.33252436
35.400063,0.26934743,0.38331747,0.29118854,0.3332289
35.41007,0.26865682,0.38497654,0.29039073,0.33316934
35.420067,0.26927054,0.385023,0.29073867,0.33398515
35.43006,0.26881403,0.38198873,0.28937683,0.33367652
35.440063,0.2682355,0.3818722,0.2900251,0.33242258
35.45006,0.26773748,0.3823477,0.29011118,0.33128813
35.46008,0.26290223,0.37828502,0.28847155,0.331715
35.47009,0.26324722,0.37914675,0.28985298,0.33188868
35.48008,0.26630142,0.3803804,0.28932616,0.3323503
35.49007,0.26773024,0.3818562,0.2896425,0.33201075
35.500065,0.26798832,0.38208392,0.28989476,0.33271056
35.510063,0.26758984,0.3822101,0.29046896,0.3317408
35.52006,0.26841077,0.38280737,0.29082233,0.33237156
35.530067,0.2685731,0.38322347,0.29042554,0.33275908
35.540066,0.26889247,0.38344362,0.29008952,0.3331514
35.55006,0.26887634,0.3832389,0.28945735,0.33252662
35.560062,0.26972157,0.38283697,0.28993312,0.3323219
35.57006,0.26932412,0.38318425,0.2904803,0.3325698
35.580063,0.26940262,0.38278162,0.29074147,0.33292755
35.59006,0.26919547,0.3840205,0.29012868,0.33357373
35.60006,0.26887107,0.38350713,0.28966996,0.33261013
35.61006,0.26929292,0.3841447,0.28946427,0.3320785
35.620064,0.26890856,0.383969,0.2906651,0.33227953
35.630062,0.26896605,0.38318852,0.28988636,0.3326465
35.640064,0.26964656,0.38359347,0.2898476,0.33327377
35.650063,0.26901203,0.3836194,0.28946367,0.3326776
35.66006,0.26923648,0.38352463,0.28970343,0.33217305
35.670063,0.26909015,0.3832574,0.28958878,0.332559
35.68006,0.26920116,0.38305354,0.28992185,0.33231893
35.690063,0.26996186,0.38331673,0.28987977,0.33255705
35.70006,0.2692911,0.38393423,0.29016593,0.3322845
35.71006,0.26869085,0.3834655,0.29016662,0.33166775
35.720062,0.26882675,0.38422725,0.29042646,0.33221918
35.73006,0.26897648,0.38351706,0.29025954,0.33241835
35.740063,0.26838368,0.38347143,0.2896113,0.33309713
35.75006,0.2684201,0.3833949,0.2901156,0.33258247
35.760063,0.26930186,0.38397563,0.28898644,0.33265966
35.77006,0.26849803,0.383719,0.28955397,0.33255863
35.780064,0.26954082,0.38354343,0.28950906,0.33283982
35.790062,0.270204,0.38359475,0.28930208,0.332961
35.800064,0.26841736,0.38281304,0.2888732,0.3326654
35.810062,0.2687506,0.3827307,0.29026175,0.33233967
35.820065,0.26886564,0.38366342,0.28912273,0.33248767
35.830063,0.26884052,0.3832537,0.2884957,0.33235487
35.840065,0.26849455,0.3840505,0.28976697,0.3325313
35.850063,0.26947588,0.3842867,0.29015404,0.3328022
35.860065,0.2685941,0.3833347,0.28923118,0.3327264
35.870064,0.26866946,0.3842154,0.28859872,0.33248717
35.880062,0.26830557,0.38338074,0.28875184,0.3319047
35.890064,0.2686944,0.3836704,0.28924486,0.3329085
35.900063,0.26881638,0.3831033,0.2892534,0.33248362
35.91006,0.26982334,0.3845916,0.28894377,0.3326134
35.920063,0.26878217,0.38311052,0.28922093,0.3324851
35.93006,0.26898932,0.38333163,0.2883952,0.3327243
35.940067,0.2666345,0.38173765,0.2873026,0.33205336
35.950085,0.26274252,0.37952968,0.28741664,0.33160743
35.96008,0.26460987,0.3796622,0.28914684,0.33185405
35.970066,0.2690989,0.38347405,0.2893811,0.33266163
35.98009,0.26604915,0.3816707,0.28777194,0.3320339
35.990078,0.26385412,0.3794471,0.28675035,0.33148736
36.000084,0.2693917,0.38190514,0.28822863,0.33072466
36.010075,0.2684146,0.384137,0.2886696,0.3321103
36.02007,0.2696805,0.3841345,0.2884036,0.3328599
36.030064,0.26871166,0.38274422,0.28874806,0.3316616
36.040062,0.26910695,0.38412923,0.2886217,0.3327605
36.050064,0.26925987,0.38383391,0.28830683,0.3325692
36.060062,0.2694823,0.38484573,0.28881875,0.33324537
36.07006,0.26933196,0.38350222,0.28854045,0.3331795
36.08006,0.2692969,0.3844224,0.28855675,0.3321062
36.09006,0.2688477,0.38374808,0.2878158,0.33284637
36.100063,0.2689831,0.3835883,0.28851157,0.33274537
36.11006,0.26913503,0.3844069,0.2889694,0.33265176
36.120064,0.26948348,0.3831123,0.28813234,0.3328819
36.130062,0.26888004,0.383786,0.28834876,0.33246654
36.140064,0.2692868,0.38309607,0.2883454,0.33232912
36.150063,0.26914498,0.3847097,0.28784466,0.3332152
36.16006,0.26940408,0.3839377,0.28793085,0.3321701
36.170063,0.26892957,0.38224593,0.28864157,0.3326135
36.18006,0.26906896,0.38258734,0.2882505,0.3315967
36.190063,0.269642,0.38390604,0.28878713,0.33190078
36.20006,0.26861164,0.38385293,0.28773063,0.33120874
36.210064,0.26803488,0.38271028,0.28778854,0.33283347
36.220066,0.2694815,0.38292918,0.28848636,0.33106196
36.230064,0.26759374,0.38351038,0.28674373,0.33411723
36.240063,0.26761082,0.38388443,0.28928846,0.33347267
36.25006,0.2673061,0.38376477,0.28657532,0.33243522
36.260063,0.2681065,0.38371125,0.28779194,0.33315063
36.27006,0.26833695,0.38354802,0.28773913,0.3329179
36.280064,0.2687297,0.3832411,0.28781047,0.33270124
36.290062,0.2688865,0.38370234,0.28771576,0.3324102
36.30006,0.26863846,0.38362676,0.28751644,0.33247182
36.310062,0.2659973,0.38364497,0.2876773,0.33265057
36.320065,0.2686271,0.38428485,0.2883202,0.3328018
36.330063,0.2687788,0.38382325,0.2871279,0.33220762
36.34006,0.26920134,0.3838777,0.28802225,0.3328148
36.350063,0.26924312,0.3833285,0.2879344,0.33250898
36.36006,0.26853126,0.38401914,0.28763357,0.332533
36.37006,0.2690454,0.38220322,0.28772828,0.33284208
36.380062,0.26973256,0.38518837,0.28741577,0.33280122
36.390064,0.26868996,0.3855184,0.2874232,0.33174673
36.400063,0.26929256,0.38510388,0.28713357,0.33222467
36.41006,0.26924294,0.38511884,0.2873701,0.33181772
36.420063,0.26979363,0.38451543,0.28722808,0.33161128
36.43006,0.26965344,0.38372532,0.28726184,0.3311965
36.440063,0.26969856,0.38351977,0.28727385,0.3322251
36.45006,0.2691445,0.383722,0.28916076,0.33179027
36.46008,0.26386154,0.38030317,0.28437254,0.33154032
36.470085,0.26602435,0.38119227,0.28487024,0.32986555
36.48008,0.26910856,0.38322762,0.28489715,0.3316733
36.490074,0.2707916,0.38458434,0.28579247,0.33205214
36.500065,0.26972744,0.38360617,0.28725827,0.33228445
36.510063,0.26938504,0.38373965,0.28633174,0.33277518
36.52006,0.26936254,0.38456717,0.2867842,0.33177322
36.530064,0.2699354,0.38401324,0.28682634,0.33194917
36.540062,0.26911145,0.38391122,0.28650972,0.33204925
36.550064,0.2692661,0.38354713,0.2871376,0.3326357
36.560062,0.2695153,0.38351983,0.28663257,0.33148253
36.57006,0.2695823,0.38387328,0.28654003,0.33244509
36.580063,0.2684414,0.38417134,0.2862269,0.33233255
36.59006,0.26875317,0.3842662,0.2871939,0.33228537
36.600063,0.26885235,0.3840666,0.28657356,0.3327414
36.61006,0.2689452,0.38458943,0.28623027,0.33187622
36.620068,0.269106,0.3846894,0.28712896,0.3324161
36.630066,0.2687467,0.38373172,0.28653577,0.3325258
36.640064,0.26865292,0.38507882,0.28634438,0.3327609
36.650063,0.268459,0.3844423,0.2867011,0.3322903
36.660065,0.26991874,0.38639933,0.28685883,0.3323954
36.670063,0.26944444,0.38513738,0.28634906,0.33326444
36.68006,0.2693147,0.3845503,0.28763068,0.33231616
36.690063,0.26895237,0.3826698,0.28644747,0.33366084
36.70006,0.26997378,0.38467765,0.28768703,0.33355847
36.710064,0.26993132,0.38426793,0.28765276,0.33112502
36.720066,0.27026924,0.38444126,0.28590506,0.331908
36.73007,0.26867482,0.38456976,0.28480196,0.3329876
36.740063,0.26962817,0.38373742,0.2853362,0.33239135
36.75006,0.2691275,0.38353014,0.28528997,0.33154106
36.760063,0.26871827,0.38399032,0.28599265,0.3323263
36.77006,0.26940152,0.38377613,0.28593898,0.3326169
36.780064,0.26890588,0.3839115,0.2860535,0.33260858
36.790062,0.26941898,0.3847442,0.28564155,0.33192363
36.80006,0.2691582,0.38420337,0.28619906,0.33201227
36.810062,0.2694049,0.38348824,0.28596878,0.3325729
36.820065,0.26909643,0.38458014,0.28580955,0.33206543
36.830063,0.26946476,0.38469037,0.28565297,0.33234066
36.84006,0.269416,0.38448602,0.2857617,0.33148357
36.850063,0.2692646,0.3848168,0.28633896,0.33210802
36.860065,0.26937976,0.38415837,0.2862126,0.33266157
36.870064,0.26917398,0.38460022,0.2861509,0.33253294
36.880062,0.26860034,0.3846118,0.285533,0.33212492
36.890064,0.2693482,0.38484308,0.28577614,0.33220914
36.900063,0.2686446,0.3839922,0.28574058,0.33172563
36.91006,0.26886913,0.38407394,0.28600812,0.3319082
36.920063,0.26942533,0.38470337,0.2858019,0.33200645
36.93006,0.2693956,0.3836829,0.28592885,0.33210263
36.940063,0.2672825,0.38224092,0.28429002,0.33148152
36.950085,0.26545662,0.380534,0.28350723,0.33063942
36.960083,0.2648289,0.38045746,0.2842588,0.33216825
36.970066,0.2690761,0.38424057,0.28537196,0.331712
36.98008,0.26546007,0.38213304,0.28384638,0.33201554
36.990086,0.26389366,0.38088503,0.28382963,0.3312719
37.00016,0.2658359,0.38330492,0.2840016,0.33192033
37.01008,0.26838362,0.38324854,0.28516307,0.33155122
37.02007,0.26866668,0.3820668,0.28433257,0.3316141
37.030083,0.2638849,0.38111636,0.28336453,0.33078626
37.040073,0.26963148,0.3844084,0.28509247,0.3324475
37.050064,0.269277,0.38309845,0.2850006,0.3318601
37.060066,0.26876125,0.38410956,0.28503343,0.33222356
37.070065,0.266901,0.38515925,0.28495693,0.33126622
37.080063,0.26796442,0.38238457,0.2853649,0.3317617
37.09006,0.2692797,0.38231632,0.28496623,0.33154362
37.100063,0.2685226,0.3863299,0.28515914,0.33259127
37.110065,0.26954263,0.38292447,0.2843413,0.33387288
37.120068,0.26896816,0.3844415,0.28568926,0.3307236
37.130062,0.26958904,0.38410413,0.28615272,0.330715
37.140064,0.2702811,0.3835608,0.28339317,0.33134076
37.150063,0.26987723,0.38419715,0.2832207,0.33203405
37.16006,0.26837105,0.38361993,0.28401133,0.33213916
37.170063,0.268342,0.38541096,0.28546846,0.33234772
37.18006,0.26800486,0.3835661,0.2838163,0.33210152
37.190063,0.26926818,0.38383847,0.28363404,0.33185995
37.20006,0.2692404,0.38424763,0.28312895,0.3316098
37.210068,0.26963967,0.38375416,0.2842886,0.33205062
37.220066,0.26992708,0.3843703,0.28435794,0.3320428
37.230064,0.26923105,0.38442913,0.28481674,0.33229303
37.240063,0.2698557,0.38480446,0.284462,0.3317936
37.25006,0.2695278,0.38489026,0.28481615,0.33232024
37.260063,0.26882643,0.38486347,0.28524068,0.33198774
37.27006,0.2692527,0.3852013,0.28495598,0.33260453
37.28006,0.2694953,0.384918,0.28440294,0.33226684
37.290062,0.26885188,0.38462457,0.28406492,0.33239362
37.300064,0.26943693,0.3851165,0.28504613,0.33220074
37.310062,0.2692994,0.38405678,0.28526768,0.33248517
37.320065,0.27025267,0.38505867,0.28427672,0.33269662
37.330063,0.2684869,0.38462102,0.28390634,0.33223274
37.34006,0.2691698,0.38483968,0.28475398,0.3324619
37.350063,0.26911062,0.3837306,0.2840331,0.33235714
37.36006,0.26902574,0.38417283,0.28428215,0.33228147
37.370064,0.27022752,0.38484514,0.28400022,0.33232328
37.380062,0.26891246,0.38435838,0.28412235,0.33216065
37.39006,0.26942995,0.3851897,0.28393614,0.33207962
37.400063,0.26891187,0.38487154,0.2842084,0.33159122
37.410065,0.2696528,0.3851556,0.28451663,0.33248305
37.420063,0.2697211,0.38408765,0.28427953,0.3314055
37.43006,0.26957616,0.38518915,0.28464642,0.33227256
37.440063,0.26918635,0.38473374,0.28379512,0.33175918
37.45006,0.26930517,0.38470554,0.28445113,0.33234483
37.460194,0.2660066,0.3815649,0.28217563,0.3295778
37.47008,0.26468882,0.38057935,0.2807657,0.32938462
37.480076,0.26876992,0.38326126,0.28424206,0.3326646
37.490074,0.2691621,0.38332415,0.28362787,0.33166948
37.500065,0.2679716,0.38471705,0.28400263,0.33135346
37.510063,0.26909593,0.3842766,0.28391993,0.33208677
37.52006,0.26964086,0.3843206,0.28381532,0.33196294
37.530064,0.2690752,0.384085,0.28328913,0.33173162
37.540062,0.26885194,0.38494322,0.2839373,0.33173054
37.550064,0.26898393,0.38431513,0.28395668,0.33168477
37.560062,0.26930684,0.38445115,0.28323632,0.33156344
37.57006,0.27014098,0.3847995,0.2834935,0.3314739
37.580063,0.2694672,0.3856494,0.28355744,0.33194542
37.59006,0.26869732,0.384691,0.28377944,0.33123824
37.600063,0.26899502,0.3843717,0.2839681,0.33150473
37.61006,0.2686295,0.38510743,0.2833054,0.33157146
37.620064,0.2701943,0.38502812,0.28402823,0.33197847
37.630062,0.26888376,0.38234127,0.28356415,0.33163393
37.640064,0.26892683,0.38445154,0.28333658,0.33208567
37.650063,0.26866883,0.3848565,0.28340358,0.33191812
37.66006,0.26934808,0.38559085,0.28356782,0.33176807
37.670063,0.269743,0.38502413,0.28368458,0.33177444
37.68006,0.26908833,0.38422418,0.28306648,0.331715
37.69006,0.26903594,0.38477913,0.28380677,0.3316824
37.70006,0.2687453,0.3849271,0.283093,0.3317134
37.710064,0.26932403,0.38434488,0.28348574,0.33228925
37.720066,0.26961553,0.3848778,0.28347412,0.33129278
37.730064,0.26926443,0.38521668,0.2833596,0.3320514
37.740063,0.26866338,0.38496155,0.28283504,0.33185035
37.75006,0.26872408,0.3854697,0.2828468,0.33245105
37.760063,0.26894,0.38502818,0.28298703,0.3321776
37.77006,0.2690457,0.38555038,0.28346616,0.3312668
37.780064,0.2695821,0.38539144,0.2836449,0.3315304
37.790062,0.26891768,0.38494477,0.28325292,0.3325513
37.800064,0.26884726,0.38505387,0.28242463,0.33224607
37.810066,0.26912463,0.38364774,0.28256875,0.33178174
37.820065,0.26972413,0.38450408,0.2828944,0.33233356
37.830063,0.26867962,0.3848655,0.28292462,0.33203888
37.840065,0.26907083,0.38505915,0.28307894,0.3324152
37.850063,0.26901892,0.38441113,0.28300273,0.3320077
37.860065,0.26932395,0.38525864,0.28284374,0.33212984
37.870064,0.26973426,0.38468802,0.28333926,0.33135483
37.880062,0.26956734,0.3845193,0.283039,0.33158046
37.890064,0.26940274,0.3846791,0.2830186,0.3316823
37.900063,0.26956016,0.38478285,0.28283587,0.331813
37.91006,0.26892462,0.38401216,0.28315026,0.332136
37.920063,0.26963916,0.38517708,0.2831081,0.331401
37.93006,0.26824242,0.3858385,0.2826551,0.33134294
37.940063,0.2671106,0.38301408,0.28228962,0.3308274
37.95009,0.26217845,0.38114455,0.28130436,0.32962638
37.960083,0.26408213,0.38048065,0.2827298,0.33218515
37.970066,0.26905748,0.38599375,0.28204018,0.33246535
37.980083,0.26754156,0.38225412,0.28075427,0.32969067
37.99008,0.26426253,0.38067332,0.2802504,0.33035573
38.000076,0.26882124,0.38481215,0.281231,0.33111656
38.01007,0.26882222,0.3846019,0.2825106,0.33122268
38.02007,0.2701045,0.38476443,0.28160828,0.33071703
38.030067,0.26920736,0.38488632,0.28238663,0.33182937
38.040062,0.27009222,0.38455588,0.28255802,0.33175537
38.05006,0.26903787,0.38519356,0.28185356,0.33127478
38.060062,0.26892275,0.38502142,0.28207433,0.33209705
38.07006,0.26974353,0.38573986,0.28245786,0.3319688
38.080063,0.26859257,0.38519555,0.2819943,0.33151963
38.09006,0.26937598,0.38566393,0.2821012,0.3318586
38.100063,0.268535,0.38455302,0.2823484,0.3312712
38.11006,0.26927316,0.3848452,0.28175148,0.33136347
38.120064,0.26983172,0.3856065,0.28270173,0.33138463
38.130062,0.26864517,0.38458177,0.28259888,0.3312869
38.14006,0.26917955,0.38465723,0.28260618,0.33177322
38.150063,0.27010903,0.38539758,0.282131,0.33195525
38.16006,0.26941553,0.3853803,0.28221178,0.33128494
38.170063,0.2696062,0.38513416,0.28191203,0.3319854
38.18006,0.26959226,0.3847854,0.28264758,0.33158198
38.190063,0.26902616,0.38426453,0.2814398,0.3314211
38.20006,0.26910633,0.3857386,0.28241912,0.33169296
38.21006,0.26739523,0.3848367,0.2810776,0.33135834
38.220062,0.2644466,0.38418424,0.28168154,0.33142415
38.230064,0.2684391,0.38354197,0.28120884,0.33079076
38.240063,0.2694399,0.38400957,0.28098792,0.33081245
38.25006,0.27026933,0.3837682,0.2806253,0.33167636
38.260063,0.27044144,0.38412997,0.27957502,0.33193702
38.27006,0.26618817,0.3851146,0.2799971,0.3307536
38.280064,0.26786894,0.3842069,0.2815069,0.33183998
38.290062,0.26873758,0.38500777,0.2821525,0.33103576
38.300064,0.2685847,0.385259,0.28209132,0.33133262
38.310062,0.26973274,0.38516176,0.28178144,0.33067864
38.32006,0.2693325,0.38524497,0.2818387,0.33108437
38.330063,0.26953423,0.3847302,0.2816229,0.33136332
38.34006,0.26912948,0.3851088,0.28217626,0.33143374
38.350063,0.26964438,0.38592744,0.28240606,0.3315503
38.36006,0.26925832,0.38531396,0.2819638,0.3316419
38.370064,0.2690708,0.38532206,0.28160393,0.33161223
38.380062,0.26936293,0.38534704,0.2820018,0.33179125
38.39006,0.26945058,0.38501453,0.28238332,0.33162764
38.400063,0.2695446,0.3853683,0.28098035,0.3315519
38.41006,0.2687398,0.38467702,0.28194153,0.33144262
38.420063,0.27002296,0.38492048,0.28220224,0.33144835
38.43006,0.2695253,0.38473973,0.28151727,0.33178037
38.44006,0.2688787,0.3854753,0.28136456,0.3312307
38.45006,0.2694321,0.38570717,0.28131604,0.331454
38.460075,0.26497293,0.38370433,0.27829844,0.3299454
38.47008,0.26546314,0.3816866,0.27919477,0.3307128
38.480076,0.26963916,0.38533136,0.2815541,0.33017966
38.49007,0.26945087,0.38634187,0.28165665,0.33195078
38.500065,0.26977655,0.38563538,0.28154823,0.3317993
38.510063,0.26831126,0.38595903,0.28157628,0.3311814
38.520065,0.26919785,0.3864402,0.28096342,0.33128282
38.530064,0.26986519,0.3850744,0.28068897,0.33185488
38.540062,0.26874113,0.3853018,0.2822177,0.3313959
38.550064,0.26905757,0.3855076,0.28115103,0.33162764
38.560062,0.26879328,0.38480207,0.28163287,0.3314944
38.570065,0.26829192,0.38515475,0.28124803,0.3313024
38.580063,0.26967967,0.38556156,0.28077435,0.33116207
38.59006,0.2689715,0.38517317,0.28119534,0.3309154
38.600063,0.26945522,0.38528493,0.28115225,0.33132407
38.61006,0.2699539,0.38598365,0.2807584,0.33181518
38.620064,0.2688599,0.38473046,0.28085956,0.33142686
38.630062,0.2690296,0.38517782,0.28128758,0.33142018
38.64006,0.26872686,0.38519245,0.2814089,0.33125034
38.650063,0.2693813,0.3844284,0.28136283,0.33118922
38.66006,0.2687189,0.3850731,0.28127572,0.3314067
38.670063,0.2695695,0.3859647,0.28109753,0.33131573
38.68006,0.2687792,0.38522503,0.2800401,0.33156824
38.690063,0.26973328,0.38545913,0.2813735,0.33165556
38.70006,0.2686354,0.38521364,0.280423,0.33141318
38.710064,0.269254,0.3851107,0.28095183,0.33153492
38.720062,0.26890373,0.38473296,0.2806331,0.33098713
38.730064,0.2685495,0.3852772,0.28107145,0.33121884
38.740063,0.26882115,0.38588083,0.28085223,0.3312808
38.7501,0.2683462,0.38497645,0.28114748,0.33154744
38.760063,0.2687121,0.3851302,0.28054193,0.33080503
38.77006,0.26931754,0.3851895,0.2804704,0.33106926
38.780064,0.26899785,0.3853811,0.28060436,0.33143488
38.790062,0.26827717,0.38543677,0.28130636,0.33081412
38.800064,0.26902467,0.3855095,0.28131458,0.331224
38.810062,0.26861784,0.3856013,0.28076786,0.33076552
38.82006,0.2692401,0.38567463,0.28097168,0.33090836
38.830063,0.27026066,0.38494352,0.28093377,0.33040038
38.84006,0.26901752,0.3851876,0.28075743,0.33103412
38.850063,0.2693884,0.38604933,0.28106377,0.3308618
38.860065,0.26872665,0.38557112,0.28105053,0.3306302
38.870064,0.2693193,0.3857198,0.28091583,0.3308966
38.880062,0.26912642,0.3857836,0.28052992,0.3307611
38.890064,0.26919544,0.38519466,0.2804565,0.33105862
38.900063,0.26918244,0.3856011,0.2805665,0.3311744
38.91006,0.26945162,0.38555768,0.28065234,0.33110517
38.920063,0.269572,0.38555056,0.28059787,0.3308742
38.930065,0.2697488,0.3856003,0.2803199,0.3306072
38.940063,0.2661991,0.38280296,0.27906364,0.33029687
38.950085,0.26282302,0.38180166,0.27773237,0.3295526
38.960083,0.26393908,0.3810016,0.27849165,0.3305255
38.97007,0.26955655,0.3850361,0.28064188,0.33127156
38.980087,0.2658888,0.3835651,0.27934152,0.33023944
38.99008,0.2645124,0.38225573,0.27916065,0.32958654
39.00008,0.268975,0.38613522,0.280584,0.33160508
39.010067,0.2650165,0.38466683,0.2789445,0.32959917
39.02007,0.26833436,0.38612494,0.28031743,0.33048657
39.030064,0.26852286,0.38470635,0.28122652,0.3309093
39.040062,0.2686516,0.38556716,0.2797902,0.3307141
39.05007,0.27287355,0.38717917,0.2818414,0.33114302
39.060078,0.27282187,0.3888647,0.28214455,0.3310963
39.070076,0.27226624,0.38851207,0.28195143,0.33084536
39.080074,0.27277985,0.38922027,0.281777,0.3303872
39.090076,0.27272695,0.38825423,0.28232032,0.33138075
39.100075,0.27297595,0.3887602,0.28286234,0.3307384
39.110073,0.27251083,0.38899827,0.28239968,0.3301873
39.120075,0.2732178,0.38957196,0.28101504,0.3306721
39.130074,0.27299872,0.388637,0.28254718,0.33125183
39.140076,0.2728648,0.388855,0.2818725,0.33106482
39.150074,0.27298182,0.38902792,0.28222722,0.33103597
39.160076,0.2731995,0.38884762,0.28175014,0.33068293
39.170074,0.2729235,0.3893278,0.28220925,0.33081713
39.180077,0.2730202,0.3884715,0.28192413,0.3308112
39.190075,0.27310365,0.38892773,0.2821636,0.33094433
39.200077,0.27302465,0.38891748,0.28241313,0.33103922
39.21008,0.27244627,0.388544,0.2814212,0.33027324
39.220074,0.27226213,0.38915467,0.28248948,0.3302973
39.230076,0.2732323,0.38906676,0.28118035,0.33085972
39.240078,0.27288464,0.38819307,0.28181553,0.33034727
39.250076,0.27301484,0.38855976,0.28238258,0.33101657
39.260075,0.27225125,0.38892937,0.28125927,0.3308925
39.270073,0.27311227,0.39014447,0.2818005,0.33079022
39.280075,0.2735702,0.3890852,0.28225005,0.33088693
39.290073,0.2729486,0.38967046,0.28269765,0.33082014
39.300076,0.2736189,0.3891065,0.2824792,0.3310021
39.310074,0.2729995,0.38900065,0.28207767,0.33090857
39.320076,0.27323952,0.38878363,0.28233775,0.33076108
39.330074,0.2723999,0.3888183,0.2830609,0.33076438
39.340073,0.2727598,0.38900736,0.28215635,0.33033642
39.35009,0.2732353,0.38915017,0.28271946,0.33096838
39.360077,0.27285227,0.3889581,0.2827324,0.3311681
39.370075,0.27363795,0.3888937,0.28221792,0.33106363
39.380074,0.27315456,0.38879988,0.2821965,0.33091113
39.39007,0.27289343,0.38886756,0.2827841,0.33132988
39.400074,0.27365592,0.3897776,0.28271598,0.33063826
39.410072,0.27311504,0.38886723,0.2819687,0.33055213
39.420074,0.27363634,0.38951355,0.2822106,0.33089718
39.430077,0.27284324,0.3889684,0.282342,0.3312751
39.440075,0.27295738,0.38937223,0.28286353,0.330803
39.45009,0.27307627,0.38884193,0.2831404,0.33049804
39.460087,0.2715003,0.3876749,0.28164533,0.33100066
39.47009,0.27071217,0.3871963,0.28218597,0.32997507
39.480095,0.27148288,0.38727358,0.2818454,0.33032122
39.490086,0.27167448,0.38880396,0.28224072,0.32886958
39.50008,0.27083656,0.38880894,0.28301594,0.33019936
39.510082,0.2725694,0.3882275,0.28268725,0.33036473
39.520077,0.2725282,0.38811663,0.28297183,0.33028015
39.530075,0.27210918,0.3885939,0.2826072,0.3299738
39.540077,0.27205005,0.38934582,0.28287262,0.33044234
39.55007,0.27297595,0.38991392,0.2834912,0.33145487
39.560074,0.27390417,0.388937,0.28387126,0.33039483
39.570072,0.27295437,0.38986197,0.2827439,0.3308694
39.580074,0.27215672,0.3881119,0.2836648,0.33108097
39.590076,0.2728437,0.38941526,0.28290242,0.3311066
39.600075,0.27247524,0.3894125,0.28323114,0.3297881
39.610073,0.2731837,0.38975215,0.28314984,0.33041337
39.620075,0.27264675,0.3884256,0.2824565,0.33115792
39.630074,0.2727483,0.38943863,0.28307354,0.33130518
39.640076,0.27087593,0.38747987,0.28347266,0.33032423
39.650078,0.2732552,0.38977748,0.28316668,0.3305849
39.660076,0.27296656,0.3889504,0.28285456,0.33038107
39.670074,0.2733327,0.38985825,0.28335187,0.33035067
39.680073,0.2726391,0.38968658,0.2839354,0.3302444
39.690075,0.2729739,0.38930026,0.28382266,0.3306234
39.700073,0.27359733,0.38925034,0.28302884,0.33071148
39.710075,0.27327815,0.38980982,0.28423405,0.3305288
39.720078,0.2734656,0.38960493,0.284328,0.3310863
39.730072,0.27253738,0.3891061,0.28418058,0.3302165
39.740074,0.27351993,0.38949248,0.28398183,0.33132318
39.750076,0.27309346,0.3892944,0.2842445,0.3303515
39.760075,0.27319065,0.3894811,0.2840053,0.33123663
39.770073,0.27255046,0.38916236,0.28385484,0.33098295
39.780075,0.27259588,0.38932124,0.28457886,0.33113888
39.790073,0.2731594,0.38916317,0.28394207,0.32996297
39.80007,0.2730217,0.38957292,0.28424957,0.33017516
39.810074,0.27262995,0.38984275,0.2840364,0.33032727
39.820072,0.27300787,0.3888797,0.284705,0.33007735
39.830074,0.27262273,0.38886,0.2846305,0.3305026
39.840076,0.27316052,0.3893692,0.28412387,0.33031228
39.850075,0.27396962,0.39056888,0.2851922,0.33007094
39.86008,0.2732544,0.38951576,0.28463152,0.33030665
39.87008,0.27301568,0.38974786,0.28459695,0.33034465
39.880077,0.2726265,0.389289,0.2844498,0.33050826
39.890076,0.2730414,0.3897981,0.28508046,0.33073056
39.900074,0.27380413,0.38977242,0.28508782,0.330574
39.910072,0.2729928,0.39005205,0.28525758,0.33020782
39.920074,0.27293926,0.38948017,0.28487858,0.33075538
39.930077,0.27329424,0.3895857,0.285392,0.33044225
39.940075,0.27108893,0.3868147,0.284282,0.3299871
39.9501,0.27167195,0.38805684,0.2842417,0.3302759
39.9601,0.27034697,0.38729125,0.28397873,0.3307927
39.97009,0.27059808,0.38677725,0.28304005,0.329862
39.980083,0.27304605,0.3891034,0.28527173,0.33029312
39.99014,0.27064505,0.38702387,0.28458038,0.3303856
40.00009,0.27086395,0.3881834,0.28430882,0.33073455
40.01009,0.2714263,0.3871883,0.2841248,0.33069676
40.02009,0.27210134,0.38638064,0.28602618,0.33021772
40.030083,0.27248877,0.38901314,0.28548867,0.33009955
40.040077,0.27374506,0.38928217,0.28578043,0.3293607
40.050076,0.27313846,0.38851434,0.28551602,0.3304671
40.06014,0.27298704,0.39003542,0.28653985,0.33018175
40.070072,0.27208975,0.38920167,0.28661782,0.33036354
40.080074,0.2733373,0.38996646,0.28657097,0.3305701
40.09007,0.2722026,0.38928744,0.28669396,0.33006388
40.100075,0.27338827,0.38959032,0.2865451,0.3307637
40.110073,0.27304414,0.38923904,0.28680184,0.33050278
40.120075,0.27252063,0.38940907,0.28690088,0.33017734
40.130074,0.27276263,0.38865635,0.2866584,0.33056504
40.14007,0.27255583,0.38922897,0.28712144,0.33046842
40.150074,0.27351847,0.3895161,0.28670767,0.33015168
40.160072,0.27272844,0.3889421,0.28747967,0.32980782
40.170074,0.27261052,0.38985863,0.28715944,0.33059898
40.180077,0.27290198,0.38906255,0.28692597,0.33025283
40.190075,0.2731972,0.39059997,0.28785533,0.3309234
40.200073,0.2737831,0.38965058,0.28733453,0.33035472
40.210075,0.27166948,0.38965926,0.28728482,0.3301265
40.22008,0.27223933,0.389622,0.2875961,0.329761
40.230076,0.27272916,0.3890641,0.28784078,0.33066383
40.240078,0.2732158,0.38937852,0.28791183,0.3310713
40.250076,0.27394286,0.3891386,0.2877867,0.33073932
40.260075,0.27271697,0.3898511,0.2882693,0.3305478
40.270073,0.27264965,0.38924152,0.28794342,0.33108944
40.28007,0.2728597,0.3894221,0.28840145,0.33035338
40.290073,0.27271077,0.39009875,0.28838652,0.33049536
40.30007,0.2737444,0.38995337,0.28873613,0.33075288
40.310074,0.2727034,0.38930437,0.28877977,0.32986006
40.320076,0.2736091,0.38982028,0.28850996,0.3296629
40.330074,0.27292025,0.38993153,0.28900924,0.3304813
40.340076,0.27345717,0.3903397,0.2888325,0.3310958
40.350075,0.2731929,0.3891941,0.28926393,0.3305363
40.360077,0.27315792,0.3899243,0.28979743,0.33067164
40.370075,0.27293184,0.38975725,0.28895125,0.33060423
40.380074,0.27295032,0.39008656,0.28989568,0.33059332
40.390076,0.27209136,0.38963616,0.28947175,0.32977882
40.40007,0.27304167,0.3900907,0.28991932,0.33029956
40.410076,0.27313802,0.39065102,0.29034644,0.3303577
40.420074,0.27307782,0.3879858,0.2901605,0.33027685
40.430077,0.27285507,0.38862497,0.2902401,0.33032668
40.440075,0.27285504,0.38913026,0.28952795,0.3302288
40.450073,0.27366662,0.38896707,0.29124925,0.33019054
40.460106,0.27118742,0.38799432,0.28911284,0.32991728
40.4701,0.27130112,0.38834974,0.28978562,0.32892504
40.480095,0.27151412,0.3884792,0.28921273,0.32914582
40.490097,0.27293432,0.38930264,0.29129398,0.32952023
40.50009,0.27269754,0.38818106,0.2896298,0.33015862
40.51009,0.2727593,0.38930094,0.29084823,0.33005467
40.52008,0.2727185,0.38970977,0.2915278,0.33059102
40.530075,0.2734348,0.38994846,0.29102862,0.3306664
40.540077,0.27281612,0.39028868,0.2914017,0.33010766
40.550076,0.27246806,0.38940617,0.29176584,0.33037257
40.560074,0.27322215,0.38979402,0.29208446,0.32945338
40.570076,0.27301624,0.389619,0.29205486,0.3295993
40.58008,0.2725742,0.389763,0.29195514,0.33092865
40.590076,0.2732392,0.39001074,0.29252777,0.33069608
40.600075,0.27340972,0.3894282,0.29268262,0.32961226
40.610073,0.27288902,0.38950744,0.29209688,0.3303835
40.620075,0.2730084,0.3897052,0.29222956,0.33013135
40.630077,0.27199933,0.3899272,0.29286247,0.33031663
40.640076,0.27343956,0.39018732,0.29264838,0.33080027
40.650074,0.27318633,0.38908482,0.29244077,0.3294043
40.660072,0.27291065,0.38981122,0.29343584,0.32974595
40.67007,0.27245647,0.3897054,0.29321092,0.32983017
40.680077,0.27258256,0.39025605,0.2933815,0.3310994
40.690075,0.27251014,0.38985226,0.2935998,0.33060297
40.700077,0.27274138,0.3907544,0.29453608,0.33017084
40.71007,0.2726636,0.38919175,0.2939761,0.32999536
40.720078,0.27380365,0.3897355,0.29399103,0.33006498
40.73008,0.27217722,0.3895127,0.2948302,0.33040845
40.740078,0.2728584,0.39030623,0.29475,0.33011168
40.750072,0.2727152,0.38936454,0.29457542,0.32983157
40.760075,0.27275053,0.38914818,0.2943035,0.32994244
40.770073,0.27319267,0.3899177,0.2956731,0.33000213
40.780075,0.2727954,0.38967696,0.2957232,0.3298904
40.790073,0.27335888,0.3895282,0.29595035,0.32949603
40.800076,0.27319264,0.38968578,0.29618356,0.3297814
40.810074,0.27304858,0.39026588,0.2959474,0.32987085
40.820076,0.2730353,0.38951516,0.295996,0.33021626
40.830074,0.2734752,0.3903477,0.29640797,0.33010966
40.840076,0.2729912,0.39019382,0.296417,0.32998002
40.850075,0.27395567,0.39006793,0.29650843,0.330103
40.860123,0.27286085,0.38969648,0.29635897,0.330008
40.87009,0.2731835,0.39055952,0.29650357,0.33003247
40.880074,0.27228522,0.39025518,0.2967629,0.32965127
40.890076,0.27344424,0.38964623,0.29752612,0.33003616
40.900074,0.27334955,0.3903653,0.2979189,0.3298825
40.910072,0.27299383,0.39001796,0.29709852,0.33054754
40.92008,0.2732786,0.38992223,0.29785436,0.32985526
40.930073,0.27336028,0.3898509,0.29765108,0.3308895
40.940075,0.27186915,0.3893023,0.29716572,0.32954013
40.950092,0.2712708,0.38684452,0.29796574,0.32999337
40.960106,0.27100277,0.38914657,0.29836634,0.33021766
40.97012,0.2711978,0.38750708,0.29758462,0.33007267
40.980087,0.27082163,0.38876584,0.29723594,0.33013242
40.9901,0.27158466,0.38661668,0.30041033,0.32956532
41.000206,0.26978198,0.3869231,0.29631937,0.32851163
41.01009,0.26901287,0.38673815,0.29975542,0.33008054
41.020096,0.2706252,0.38904005,0.3008466,0.32974946
41.030094,0.27047083,0.38844872,0.29978898,0.33096227
41.04008,0.27125528,0.38797054,0.29965374,0.3285905
41.050076,0.27204654,0.38809928,0.29973575,0.32939336
41.060078,0.27297688,0.38970974,0.30069625,0.33030528
41.070072,0.2732968,0.3904796,0.3000486,0.32999632
41.080074,0.27296346,0.38984036,0.3007402,0.33019632
41.090073,0.2735174,0.39020473,0.30145472,0.33039722
41.10007,0.27292365,0.3898785,0.30181432,0.33024627
41.110073,0.27292225,0.39024943,0.3016353,0.32988206
41.120075,0.27234027,0.38987562,0.30153987,0.330591
41.130077,0.27318656,0.39017946,0.30195892,0.3300084
41.140076,0.27311212,0.3901414,0.30201855,0.33048028
41.150074,0.27316108,0.39048594,0.30317733,0.3303187
41.160076,0.27306765,0.38994992,0.3021487,0.33080447
41.170074,0.27299395,0.39011914,0.30322847,0.33008966
41.180073,0.27281442,0.39013597,0.30316186,0.33050203
41.190075,0.27317697,0.3895592,0.30305317,0.3305285
41.200073,0.27310184,0.3904174,0.3042141,0.33077165
41.21008,0.27246514,0.38941923,0.30314305,0.33053488
41.220074,0.27207643,0.38995034,0.30365,0.33057666
41.230076,0.27265486,0.38991365,0.30411172,0.3306136
41.240074,0.27324554,0.39100212,0.30409548,0.33010495
41.250076,0.27335653,0.39023244,0.30468932,0.33101732
41.260075,0.27361086,0.39072502,0.30587977,0.33054718
41.270073,0.27294308,0.3897293,0.30490208,0.33110896
41.280094,0.27338088,0.39034933,0.30551213,0.33081502
41.290073,0.27284274,0.39013034,0.3055432,0.3306322
41.300076,0.27385372,0.39064956,0.30576113,0.3303626
41.310074,0.27279896,0.39043048,0.30564824,0.33082998
41.320072,0.27317986,0.3908646,0.30595216,0.33130324
41.330074,0.2730757,0.38993168,0.30656442,0.33099267
41.340073,0.27326417,0.39021888,0.30671054,0.33088717
41.350075,0.2729705,0.3907305,0.30713686,0.33086416
41.360073,0.2737942,0.3911561,0.30784518,0.33057034
41.370075,0.27332464,0.3905724,0.3077438,0.33090824
41.380093,0.27220273,0.39012593,0.30756223,0.33138758
41.39007,0.27321956,0.39030898,0.30761385,0.33113605
41.400074,0.2731469,0.3901647,0.3076801,0.33143556
41.410072,0.27303636,0.3904183,0.30824938,0.33109224
41.42008,0.2737888,0.3905665,0.3080052,0.33178085
41.430073,0.2731931,0.39091974,0.30933538,0.33120823
41.440075,0.27289522,0.3903209,0.30842173,0.33097807
41.450073,0.27279994,0.3905569,0.3089957,0.331188
41.460087,0.26989368,0.38824335,0.30868557,0.3304228
41.4701,0.2706477,0.38780004,0.30872816,0.33139524
41.48013,0.27048716,0.38887322,0.30890352,0.33123094
41.490105,0.27077925,0.3897689,0.3094397,0.33176064
41.50009,0.27280313,0.39013466,0.3099505,0.3311916
41.51009,0.2723654,0.39001,0.3106257,0.3319167
41.520077,0.27362463,0.3904375,0.30974737,0.3315252
41.530075,0.2727341,0.38974872,0.31074107,0.33161935
41.540077,0.27323347,0.3908066,0.31077486,0.33117115
41.550076,0.27302206,0.39022294,0.3110227,0.3309999
41.560078,0.27259555,0.39034656,0.31137753,0.3316318
41.570076,0.27287868,0.3899369,0.31201783,0.33146566
41.580074,0.2728876,0.3913142,0.31287965,0.3315402
41.590073,0.2732293,0.38997325,0.31230488,0.33157918
41.600075,0.2734557,0.39009663,0.3128192,0.33155304
41.610073,0.27285475,0.39039144,0.3125069,0.33201292
41.620075,0.27218542,0.3898004,0.3131176,0.33216956
41.630074,0.27306613,0.39048824,0.31345013,0.33145246
41.640076,0.272752,0.38984776,0.3128423,0.3310288
41.65008,0.2734706,0.3902464,0.31412908,0.33152053
41.660076,0.27304634,0.38981944,0.314048,0.33170238
41.670074,0.27322617,0.39058146,0.31446242,0.33177912
41.680077,0.272804,0.3905507,0.31520343,0.33264098
41.690075,0.27296275,0.3906132,0.31553447,0.33170438
41.700073,0.2735939,0.39054072,0.31475726,0.33277637
41.710075,0.27346802,0.39145496,0.3152457,0.33239737
41.720078,0.27375624,0.38995177,0.31589302,0.33228683
41.730076,0.27316612,0.39131173,0.31634748,0.3315319
41.740074,0.27338746,0.39029595,0.31612813,0.33162984
41.750072,0.27324012,0.39081138,0.3160006,0.3329027
41.760075,0.27226436,0.39056155,0.31687135,0.3319732
41.770077,0.27256897,0.39032087,0.31697035,0.3322023
41.780075,0.2728866,0.391198,0.31648374,0.33227792
41.790073,0.2731982,0.3904069,0.31703085,0.33232695
41.800076,0.27317908,0.39076173,0.3171307,0.3323181
41.810074,0.27254257,0.39066824,0.31805834,0.33250988
41.820076,0.27364722,0.39035222,0.31823376,0.33253747
41.830074,0.2731221,0.39100966,0.31808844,0.33256418
41.840076,0.27316427,0.39102915,0.31899345,0.3330906
41.850075,0.2726837,0.39070174,0.31922546,0.33279273
41.860073,0.27350405,0.39079982,0.31866592,0.33303234
41.87008,0.27285334,0.39021757,0.31928748,0.33334675
41.880077,0.27288887,0.39027086,0.31915867,0.33323294
41.890076,0.2733453,0.3897545,0.31973964,0.33213857
41.900078,0.27323842,0.39094654,0.32029897,0.3328883
41.910072,0.27255484,0.39002746,0.31980124,0.33243743
41.920074,0.2723485,0.3902256,0.3206774,0.33385944
41.930077,0.27304235,0.39162827,0.32071224,0.3330855
41.940075,0.2718504,0.38889405,0.32023576,0.33201095
41.95098,0.27097657,0.38953483,0.3196974,0.33275533
41.962902,0.27260518,0.39104497,0.32157513,0.3341497
41.97013,0.27353638,0.3889379,0.3206788,0.32021743
41.980087,0.28204957,0.39112025,0.32281741,0.32494402
41.990124,0.274272,0.38889778,0.32195464,0.3306869
42.000107,0.27142605,0.38869366,0.32167518,0.33179593
42.010098,0.27185237,0.38885975,0.32243627,0.33282635
42.020103,0.27051368,0.3897386,0.32250226,0.3324264
42.030087,0.27295256,0.39132085,0.32351232,0.33349445
42.040077,0.27256665,0.39127725,0.32304037,0.33283392
42.050076,0.27365035,0.38963935,0.32404718,0.33327445
42.060078,0.27287048,0.3901707,0.32430127,0.333714
42.070076,0.27326745,0.39078838,0.32460776,0.33345154
42.080074,0.27274603,0.39130655,0.3245955,0.3336179
42.090073,0.27257434,0.39012334,0.3251087,0.33417353
42.100075,0.27327007,0.39073288,0.32534376,0.33380038
42.110073,0.27310205,0.39014176,0.32555246,0.33396742
42.120075,0.27298653,0.39090633,0.32580468,0.33425674
42.130077,0.27309197,0.39133164,0.3257093,0.33396024
42.140076,0.27324033,0.3911095,0.32684094,0.3336898
42.150074,0.27358863,0.3909192,0.3269614,0.334265
42.160076,0.27325374,0.39084062,0.32655853,0.3348422
42.170074,0.27310988,0.39090687,0.32654178,0.33417696
42.180077,0.27385026,0.39131197,0.32763913,0.33475128
42.19009,0.27340704,0.39053196,0.32768142,0.33403507
42.200077,0.27297717,0.39119124,0.3276009,0.33439603
42.21007,0.27290004,0.39145252,0.32791084,0.3339386
42.220078,0.27249205,0.39165646,0.32839233,0.3341688
42.23008,0.27309072,0.39097387,0.3284291,0.33461523
42.240074,0.2729295,0.39113998,0.32863247,0.3347646
42.250076,0.27236676,0.38993067,0.32914555,0.33510777
42.260075,0.27331504,0.3911103,0.329336,0.33520758
42.270077,0.27282268,0.39040083,0.3294006,0.33434823
42.280075,0.27339977,0.391226,0.3304551,0.3349265
42.290096,0.27080768,0.39113793,0.33012262,0.33478656
42.30008,0.27234536,0.39084694,0.3301292,0.33458254
42.310074,0.272845,0.39118618,0.33043078,0.3349768
42.320072,0.27278638,0.39082608,0.33081597,0.3345691
42.330074,0.2731247,0.39156452,0.33109337,0.33477718
42.340076,0.27275774,0.39092585,0.330853,0.33485654
42.350075,0.27285302,0.39119062,0.3320765,0.33438495
42.360073,0.2727674,0.39101884,0.3321483,0.33494204
42.370075,0.27314094,0.39015162,0.3317562,0.3352708
42.380074,0.2729278,0.39213502,0.33271146,0.33517742
42.39009,0.27238798,0.390012,0.33208185,0.3358377
42.400074,0.27312332,0.39103112,0.3334765,0.33514273
42.410072,0.27264106,0.39147463,0.33337325,0.33541554
42.420074,0.27278173,0.39055896,0.33342662,0.33540693
42.430073,0.27329528,0.39114454,0.33452362,0.33538985
42.440075,0.27353826,0.39097878,0.33355904,0.33511505
42.450077,0.27290577,0.39078736,0.33446407,0.33462596
42.460102,0.2727865,0.38836473,0.33430463,0.3351743
42.470108,0.2708752,0.38879338,0.3343989,0.33524507
42.480087,0.27082667,0.39008707,0.3345279,0.335874
42.49012,0.27019265,0.38907713,0.3350252,0.33580226
42.500084,0.2734874,0.39095902,0.33500344,0.3360734
42.51008,0.27298295,0.39022848,0.33581477,0.3358423
42.520077,0.27282906,0.39082372,0.3365635,0.3346164
42.530075,0.27307636,0.39156166,0.335851,0.33594805
42.540073,0.27258116,0.3907928,0.33661768,0.3362591
42.550076,0.2732909,0.39100078,0.3372427,0.33578977
42.560078,0.27307436,0.3912106,0.3376289,0.33588162
42.570072,0.27261892,0.39128605,0.3371687,0.33572832
42.580074,0.27348143,0.39179793,0.33840182,0.3358616
42.590076,0.27328813,0.38943705,0.33811748,0.3356845
42.600075,0.27311078,0.3907123,0.3397449,0.3353064
42.610073,0.27339944,0.39008898,0.33751634,0.33703026
42.62008,0.27282292,0.39139766,0.33767232,0.33652958
42.630077,0.27391243,0.39223886,0.34120682,0.337656
42.64007,0.27305627,0.390978,0.33960786,0.3359869
42.650074,0.2732607,0.39082447,0.33995676,0.33655015
42.660076,0.27297938,0.3913635,0.340391,0.3364967
42.670074,0.27340907,0.3917411,0.3408433,0.33609116
42.680073,0.27372065,0.39165077,0.34088323,0.33630842
42.690075,0.27250338,0.39078102,0.3406202,0.33608043
42.700077,0.2732484,0.39139736,0.3412794,0.33586532
42.710075,0.27264577,0.390772,0.341856,0.33591807
42.720074,0.27297434,0.39153355,0.34185347,0.3359742
42.730076,0.2726649,0.3912837,0.3422338,0.33586133
42.740078,0.2730596,0.39071357,0.34241545,0.3368296
42.750072,0.2723562,0.39091453,0.34273362,0.33574995
42.760075,0.27363184,0.3910703,0.34319836,0.3369189
42.770073,0.27287626,0.39196873,0.34327474,0.33680812
42.780075,0.27368778,0.39286947,0.34380078,0.3361572
42.790073,0.27302328,0.39271262,0.3436815,0.3373379
42.800076,0.27262768,0.38948125,0.3448642,0.33764285
42.810074,0.27210283,0.39134455,0.34455028,0.3376502
42.820076,0.27268353,0.39295927,0.34419632,0.3374456
42.830074,0.27357718,0.38936058,0.3456502,0.33756715
42.840073,0.27348247,0.3908619,0.34393468,0.33565527
42.850075,0.2730741,0.39156827,0.3469294,0.33573464
42.860073,0.2717702,0.39134344,0.34490898,0.33821982
42.870075,0.27187854,0.3911227,0.34627485,0.33672777
42.880074,0.27430874,0.3908538,0.34574068,0.33724353
42.89007,0.2730517,0.39113817,0.3466237,0.33749974
42.900074,0.27301916,0.39162976,0.34755698,0.33725765
42.910072,0.27341583,0.39079836,0.34786072,0.3365726
42.92008,0.27289242,0.39136764,0.34736478,0.3379369
42.930077,0.27395543,0.39104655,0.3474287,0.3364927
42.942955,0.27266353,0.39049122,0.3473276,0.33728272
42.950104,0.2717715,0.38903382,0.34742004,0.3361664
42.960094,0.2710153,0.38962266,0.3484445,0.33744618
42.970093,0.27094486,0.3885896,0.3481351,0.33688572
42.98008,0.27352667,0.3904898,0.34905165,0.3367428
42.990093,0.27029714,0.38883162,0.3483871,0.33754846
43.00009,0.2705759,0.38854495,0.34819123,0.3370148
43.01009,0.27048966,0.38930604,0.34918162,0.33678254
43.020103,0.27263376,0.3912771,0.3504913,0.3373568
43.030083,0.27309692,0.3909634,0.35100812,0.3374347
43.040077,0.27320936,0.3906981,0.3508943,0.3373769
43.050076,0.27259687,0.3904879,0.35146874,0.33761054
43.060078,0.27303618,0.3914297,0.35155076,0.33734447
43.070076,0.27274767,0.3909084,0.35135522,0.33729917
43.080074,0.27470276,0.39171448,0.3519014,0.3377433
43.090073,0.2726508,0.3906268,0.3521293,0.3378416
43.100098,0.27365583,0.39186782,0.35288715,0.33759114
43.110073,0.27252072,0.3906574,0.3532327,0.33756548
43.120075,0.27285445,0.39170125,0.35389772,0.33784205
43.130074,0.27347195,0.39095414,0.35306337,0.33746666
43.140087,0.2732227,0.39101118,0.35364258,0.33760875
43.150085,0.27332774,0.3905107,0.3555871,0.33847415
43.160076,0.27252018,0.39123046,0.35313773,0.33777377
43.17007,0.27296942,0.39099115,0.3541963,0.3380267
43.180077,0.27302662,0.39109135,0.35427725,0.33832666
43.190075,0.27249548,0.39091426,0.3550225,0.33734366
43.200096,0.27280256,0.3912929,0.3551616,0.3378949
43.210075,0.27276653,0.39111194,0.35614106,0.33870193
43.220078,0.27263927,0.39085338,0.35627618,0.3377816
43.23008,0.27267835,0.391308,0.35607144,0.337846
43.240078,0.27203375,0.3902499,0.35586667,0.33788374
43.250076,0.27334657,0.39044344,0.35747334,0.33856577
43.260075,0.27346924,0.39107463,0.3566854,0.3385267
43.270073,0.27334517,0.39095545,0.3575815,0.33844575
43.28007,0.27378285,0.39102325,0.35808194,0.33811054
43.290073,0.2727735,0.3914005,0.35842225,0.33849773
43.300076,0.27314913,0.391387,0.35810998,0.33802184
43.310074,0.2731341,0.39146048,0.3580973,0.33820853
43.320076,0.27250928,0.39149544,0.3580747,0.33835492
43.330074,0.27306512,0.3912546,0.359533,0.3382693
43.340076,0.27312547,0.39083493,0.3593323,0.33838573
43.350075,0.27333397,0.39103276,0.35975042,0.33830214
43.360077,0.27349228,0.39177927,0.359893,0.33868894
43.370075,0.2734491,0.39122525,0.35993022,0.33911097
43.380074,0.27341908,0.39190605,0.36068842,0.33843505
43.390076,0.2727276,0.39190796,0.3599562,0.3389357
43.400074,0.27349532,0.39190137,0.3612814,0.33900005
43.410072,0.27238566,0.3918774,0.36114198,0.3387499
43.420074,0.2737208,0.39192712,0.3615984,0.3390946
43.430077,0.27308613,0.3913233,0.3617086,0.33899522
43.440075,0.2738062,0.39124352,0.36315215,0.33919293
43.450073,0.27309662,0.3906166,0.3623878,0.3387376
43.460087,0.27261296,0.39179647,0.361023,0.33839133
43.470093,0.270729,0.38917583,0.36202064,0.33859608
43.48009,0.27042133,0.38937828,0.36246368,0.3384934
43.49009,0.26970774,0.38941038,0.3632057,0.33823013
43.50009,0.27296692,0.39051217,0.36353406,0.33898664
43.510094,0.27291986,0.39052984,0.3641056,0.3389265
43.520077,0.27206552,0.3908934,0.364419,0.33904362
43.53007,0.27280003,0.39173934,0.364229,0.3390968
43.540073,0.27240565,0.39083982,0.36468786,0.33915105
43.55007,0.27287838,0.3913272,0.36486948,0.33935732
43.560074,0.27226564,0.3908713,0.36505684,0.3389201
43.570072,0.27346355,0.39143968,0.36549497,0.33950394
43.580074,0.27231112,0.3917536,0.36554316,0.33937594
43.59007,0.27207235,0.39189145,0.36612898,0.33934954
43.600075,0.27233315,0.39057466,0.3659795,0.33943418
43.61007,0.27287093,0.39158064,0.36680242,0.33935636
43.620075,0.27230978,0.39118558,0.36637193,0.3387435
43.630074,0.27264994,0.3912189,0.36695588,0.33944005
43.64007,0.27365187,0.39071295,0.3681509,0.33903396
43.650074,0.27265218,0.39120606,0.36756927,0.33924866
43.660076,0.27273723,0.39171386,0.3680052,0.3400795
43.670074,0.27268592,0.39123258,0.36875516,0.3392794
43.680077,0.27289045,0.39119798,0.36877233,0.33955395
43.69007,0.2727556,0.39075017,0.3681693,0.3393799
43.700077,0.2741688,0.39154303,0.36906168,0.3399149
43.71007,0.273247,0.39096466,0.36923772,0.3400724
43.720078,0.27326387,0.3919822,0.3700163,0.3396407
43.730076,0.27290714,0.39112675,0.36962038,0.33931634
43.740074,0.27255777,0.39196652,0.37076208,0.34018767
43.750076,0.27224982,0.39042783,0.3701559,0.3396744
43.76007,0.27232492,0.39063126,0.37085748,0.339248
43.770073,0.27249193,0.39074737,0.37050453,0.33939698
43.780075,0.27242875,0.39083025,0.37029204,0.33937588
43.790073,0.27142486,0.39124388,0.371227,0.33970925
43.800076,0.271295,0.39057145,0.37130493,0.33953738
43.810074,0.27233467,0.3909426,0.3716656,0.33949316
43.820076,0.2724286,0.39058366,0.3715155,0.3397508
43.830074,0.27349797,0.3914928,0.37268788,0.34086108
43.840076,0.27295333,0.3917309,0.37211218,0.3405856
43.850075,0.27372813,0.39164668,0.3729499,0.34041604
43.860073,0.27334073,0.39162356,0.3727315,0.34016234
43.870075,0.2739151,0.39211434,0.37336254,0.34042412
43.880074,0.2728593,0.39105704,0.37292236,0.3402335
43.890076,0.27263114,0.3920171,0.37519017,0.34064525
43.900074,0.27329057,0.3917151,0.37429285,0.34041217
43.910072,0.2735807,0.39094147,0.37439534,0.34005588
43.920074,0.27307993,0.39054382,0.37468094,0.34025028
43.930084,0.2726763,0.39140615,0.37490395,0.34052035
43.94008,0.2715819,0.39042538,0.3746274,0.3399412
43.9501,0.2724837,0.3909805,0.37502557,0.34046045
43.960106,0.27018857,0.39051765,0.37486276,0.34066036
43.970093,0.27114666,0.38954914,0.37502086,0.34066322
43.980087,0.2703592,0.39036515,0.3754493,0.34023595
43.99008,0.27247557,0.3909503,0.37604478,0.34020168
44.000385,0.27078608,0.38996157,0.37593675,0.34029543
44.01009,0.2708911,0.3887524,0.37626687,0.3401721
44.020092,0.27096808,0.39027077,0.37642545,0.34032997
44.030094,0.2736365,0.38950914,0.37675136,0.33948448
44.040085,0.271958,0.39096272,0.37757987,0.34028754
44.050076,0.27259052,0.39102796,0.37716302,0.34042007
44.060074,0.27274927,0.39070258,0.37746802,0.34067363
44.070076,0.2726146,0.39153704,0.37755167,0.3409567
44.08008,0.27308536,0.3913166,0.37912512,0.34131977
44.090076,0.27204892,0.38990152,0.37824953,0.3404787
44.100075,0.2725426,0.39165413,0.378433,0.34018043
44.110073,0.27347314,0.39167914,0.37978446,0.34042078
44.120075,0.2728059,0.39205122,0.37958086,0.3401849
44.130074,0.27351695,0.39200652,0.37998104,0.34140998
44.14007,0.27384824,0.39131147,0.3793312,0.342071
44.150074,0.2723985,0.39180928,0.38002685,0.34061748
44.160076,0.272618,0.39203387,0.37995172,0.3422338
44.170074,0.27358434,0.39185467,0.38087487,0.3415734
44.180077,0.27286306,0.3914516,0.3798862,0.3405831
44.190075,0.27294362,0.39212877,0.381355,0.3405186
44.200073,0.2726,0.39137378,0.38102373,0.34085757
44.210087,0.27311316,0.39201856,0.38105312,0.34097186
44.220078,0.2734406,0.3912283,0.38170677,0.3414511
44.230076,0.27321473,0.39202887,0.38204056,0.34140617
44.240074,0.27362126,0.3916387,0.3827205,0.34140134
44.250072,0.27366796,0.39169693,0.3825848,0.34169832
44.260075,0.27289253,0.39134598,0.38271785,0.34134114
44.270077,0.2736679,0.39193207,0.38296196,0.34102756
44.280075,0.27385268,0.391977,0.38341635,0.34244332
44.290073,0.2727435,0.3919039,0.38349426,0.34133932
44.30007,0.2730085,0.39142254,0.3829842,0.34047604
44.3101,0.2726895,0.39061266,0.38349488,0.3414996
44.320076,0.2737092,0.39195257,0.38380456,0.34107894
44.330074,0.27273035,0.391173,0.38442102,0.3414547
44.340076,0.27269143,0.39203227,0.38460368,0.34186345
44.350075,0.27310058,0.39168093,0.38436484,0.3424265
44.360073,0.27319333,0.39203787,0.38511735,0.34238496
44.370075,0.27271786,0.39312252,0.38519526,0.3414373
44.380077,0.27349532,0.391947,0.38543564,0.34203827
44.390076,0.2725167,0.3918701,0.3847145,0.34159595
44.400074,0.27231342,0.39204642,0.38626248,0.3422723
44.410072,0.27286392,0.39244786,0.38583702,0.3424143
44.420074,0.27347326,0.39167708,0.38600594,0.3412226
44.430073,0.2740511,0.39227498,0.38605717,0.34263325
44.440075,0.272834,0.39192805,0.3867663,0.34230646
44.450073,0.27352148,0.39244366,0.38733256,0.34150484
44.46009,0.27076852,0.39108753,0.3874768,0.3422141
44.47015,0.27089906,0.38951534,0.3868678,0.3419666
44.48009,0.271477,0.38921425,0.38751668,0.34233487
44.4901,0.27124938,0.3902087,0.38745344,0.34150138
44.500088,0.27229443,0.39166367,0.38734782,0.3427059
44.510086,0.2720268,0.39136952,0.38812333,0.34175828
44.520077,0.27306244,0.3911876,0.38792443,0.34235904
44.530075,0.27337962,0.3920985,0.38867906,0.34211934
44.540077,0.27332518,0.39185262,0.3884056,0.34285718
44.550076,0.2731276,0.39173847,0.38912994,0.34199122
44.560078,0.2731824,0.39224347,0.38971,0.34240016
44.570072,0.2732964,0.39164728,0.3896823,0.34234983
44.580074,0.27358374,0.39247963,0.39012247,0.34241864
44.590073,0.27295354,0.39172813,0.3897395,0.3424738
44.600075,0.27331215,0.39238167,0.39087257,0.342681
44.610073,0.27261358,0.391846,0.38980576,0.34203762
44.62008,0.2734846,0.3920864,0.3906004,0.3424009
44.630077,0.27241266,0.39187402,0.39077547,0.3427118
44.640076,0.2729171,0.39234555,0.39136514,0.34372476
44.650074,0.2732787,0.39201078,0.39106515,0.34290677
44.660076,0.27403793,0.39150152,0.39197546,0.34318364
44.670074,0.27304986,0.39242214,0.39195612,0.34297183
44.680077,0.27259544,0.39180782,0.39248267,0.34289485
44.690075,0.2727873,0.39133468,0.39162222,0.34320146
44.700073,0.27309373,0.39256248,0.39191943,0.3427901
44.710075,0.2731696,0.39277413,0.39266366,0.3434703
44.720074,0.27299836,0.39164832,0.39310843,0.343435
44.730076,0.27360126,0.3918167,0.3926704,0.34308282
44.740074,0.27277195,0.391351,0.3931372,0.34326348
44.750076,0.27297187,0.39248917,0.39324978,0.3435255
44.760075,0.27233994,0.39218944,0.39334983,0.34321335
44.770073,0.27292046,0.39173856,0.39428502,0.34427613
44.780075,0.27342314,0.39231926,0.3941887,0.34377235
44.790073,0.27340677,0.3921768,0.3948762,0.34344953
44.800076,0.2730022,0.39162272,0.39447698,0.3435229
44.810074,0.27307242,0.39276183,0.39538878,0.34337324
44.820076,0.27330497,0.39177918,0.3950957,0.34401956
44.830074,0.2731979,0.39185742,0.39543623,0.34422234
44.840073,0.27257952,0.39198366,0.39536327,0.3437812
44.850075,0.27241027,0.39118066,0.39558738,0.34459516
44.860073,0.2739592,0.39285582,0.39578947,0.3438464
44.870075,0.2723826,0.39214653,0.39534724,0.34396636
44.880077,0.2730192,0.39285162,0.3960997,0.34360987
44.89007,0.27282488,0.39191216,0.39661878,0.34422863
44.900074,0.2738797,0.392215,0.3968174,0.34383786
44.910072,0.27329516,0.39181057,0.39737487,0.34395227
44.920074,0.27332798,0.39161646,0.39710182,0.34435973
44.930073,0.27368104,0.3924803,0.3975619,0.34381372
44.940075,0.27207762,0.39143574,0.39784092,0.3437739
44.950092,0.2712314,0.3888087,0.39709017,0.3432747
44.960094,0.27089036,0.39055505,0.39774415,0.34291694
44.97009,0.27082998,0.39001098,0.39729965,0.3444555
44.980083,0.2728264,0.39169008,0.39902198,0.34464985
44.990093,0.27071017,0.3899939,0.3983383,0.34388554
45.000095,0.2708593,0.39020675,0.39776647,0.3437295
45.01009,0.27192146,0.3905627,0.39887494,0.3434273
45.02009,0.27283123,0.39197004,0.39900783,0.34452686
45.03008,0.2728014,0.39252657,0.3996408,0.34399056
45.040077,0.27277264,0.39181802,0.3995243,0.34440836
45.050076,0.27373102,0.39156288,0.4002026,0.34481075
45.060074,0.27319136,0.39269885,0.3997521,0.34435436
45.070072,0.2737091,0.39361024,0.39979368,0.34439254
45.08007,0.27317235,0.39166027,0.40122998,0.34481037
45.090073,0.27319744,0.3923684,0.4017603,0.34470952
45.10007,0.27320546,0.3919614,0.4011471,0.34360352
45.110073,0.27321926,0.39289835,0.40207908,0.34457862
45.120094,0.2737281,0.39190713,0.40165865,0.34392026
45.130074,0.27325845,0.3918345,0.401355,0.34439546
45.140076,0.27292997,0.39287508,0.40173355,0.34509525
45.150074,0.2730432,0.39187294,0.40273124,0.34444338
45.160076,0.27289006,0.39238006,0.402381,0.34473625
45.170074,0.27266738,0.39197296,0.4025819,0.34482053
45.180077,0.27417126,0.39213064,0.40331385,0.34545648
45.190075,0.27284887,0.39164022,0.40339094,0.34445503
45.200073,0.2733872,0.39256603,0.4035256,0.34506115
45.21007,0.2727438,0.3931294,0.40367675,0.34573907
45.220097,0.27354932,0.39169908,0.40413368,0.3449023
45.230076,0.2730417,0.39164507,0.4033286,0.34509075
45.240074,0.27313218,0.39275333,0.40393752,0.34570733
45.250072,0.27281216,0.39113244,0.40457314,0.34539858
45.260075,0.27292487,0.3927164,0.4044985,0.34574452
45.270073,0.2728305,0.39224908,0.40413022,0.34523946
45.280075,0.273962,0.39158988,0.40546376,0.34482545
45.290073,0.27324414,0.39214674,0.40448236,0.3452526
45.300076,0.2731466,0.39200586,0.40593106,0.34550396
45.310074,0.27357557,0.39233568,0.4052921,0.34545684
45.32009,0.27353215,0.39196905,0.40551978,0.34524727
45.330074,0.27368855,0.3920982,0.40558806,0.34515443
45.340076,0.27324638,0.3930266,0.40609914,0.34623724
45.350075,0.2738743,0.39273253,0.40670252,0.34548154
45.360073,0.27340704,0.39256465,0.40653095,0.34600735
45.37007,0.27323666,0.39239275,0.4069722,0.34646136
45.380074,0.27370763,0.39202467,0.40676114,0.34609172
45.39007,0.27358723,0.3924985,0.407261,0.3452508
45.400074,0.27308077,0.39203343,0.407436,0.34610644
45.410072,0.2740423,0.3932557,0.40767342,0.3468788
45.42009,0.27211314,0.39233968,0.40729362,0.346217
45.430077,0.2733083,0.3925053,0.4076319,0.34609634
45.44007,0.27299172,0.392192,0.40838736,0.34625936
45.450073,0.2735573,0.3919149,0.40733862,0.34597147
45.460075,0.27233037,0.3912691,0.40784472,0.3461551
45.470108,0.26966968,0.3898645,0.40806672,0.34552124
45.480087,0.27172393,0.39090106,0.40861836,0.34586644
45.490097,0.27104843,0.39043114,0.4084648,0.3458032
45.50009,0.27334565,0.39256188,0.4090901,0.3459822
45.51008,0.2731865,0.39158776,0.40897647,0.3467714
45.5201,0.2726688,0.3925182,0.40983725,0.34573424
45.530075,0.27258137,0.39113033,0.4098891,0.34657672
45.540077,0.27342293,0.39277634,0.41003186,0.3463452
45.550076,0.2730087,0.39167032,0.40978193,0.3472917
45.560074,0.2736954,0.39296746,0.41051558,0.34689254
45.570072,0.27310777,0.39234653,0.41051897,0.34714273
45.580074,0.2728657,0.3923476,0.41078123,0.34702688
45.590073,0.27255142,0.3916109,0.41099194,0.34676966
45.600075,0.27323183,0.3921077,0.41107023,0.3467903
45.61007,0.27281815,0.39125296,0.4113182,0.34660667
45.62009,0.27314824,0.3913324,0.41108415,0.34672198
45.630074,0.27335212,0.39185536,0.41222525,0.3474329
45.640076,0.2734938,0.3921047,0.41169402,0.34702325
45.650074,0.27333093,0.39321262,0.41212538,0.3473626
45.660072,0.27337182,0.39212376,0.41215488,0.34671545
45.670074,0.272599,0.39253992,0.41341764,0.3467964
45.680073,0.27213404,0.39254022,0.41216832,0.34701866
45.690075,0.2733839,0.39259353,0.41324607,0.34682205
45.700073,0.27308047,0.39235634,0.41267836,0.3472669
45.71007,0.2742944,0.39282817,0.41315955,0.3468765
45.72009,0.2736949,0.39209265,0.41326952,0.3472946
45.730072,0.27346528,0.3922351,0.41403186,0.3468179
45.740078,0.27273497,0.39076433,0.4129961,0.34618208
45.75008,0.2729813,0.39173955,0.41429615,0.3470565
45.76008,0.27359176,0.39245105,0.4144092,0.34696916
45.770073,0.2727293,0.3918935,0.4140348,0.3471672
45.780075,0.2738735,0.392681,0.4142345,0.34710175
45.790073,0.27376807,0.3928336,0.4143664,0.3474559
45.80007,0.27327463,0.39257988,0.41520733,0.34728348
45.810074,0.27363482,0.3918729,0.4149912,0.34780082
45.820072,0.27425048,0.39308515,0.415441,0.3479282
45.830074,0.2731427,0.39259133,0.41538122,0.34647778
45.840073,0.2735443,0.39321008,0.41537756,0.3482965
45.850075,0.273067,0.39244446,0.41543248,0.34792355
45.860077,0.27408335,0.39277983,0.4158398,0.34746677
45.87007,0.27322435,0.39219984,0.415762,0.34833884
45.880074,0.272596,0.39240173,0.4167037,0.34776244
45.890076,0.27297413,0.39270207,0.41609514,0.34717387
45.900074,0.273236,0.3925854,0.41611117,0.34743235
45.910076,0.2737084,0.39209515,0.41700947,0.3476394
45.920074,0.27347553,0.39222124,0.416253,0.34805316
45.930073,0.2732661,0.3925155,0.41738966,0.34777266
45.940075,0.27195194,0.39109734,0.41673738,0.34670612
45.95009,0.27085635,0.39100212,0.41662225,0.3474275
45.9601,0.2690056,0.38745642,0.41694868,0.34834394
45.97009,0.2714478,0.39065862,0.41748995,0.347731
45.980087,0.2724388,0.39198965,0.4178578,0.34804532
45.990078,0.2725451,0.39132845,0.4186525,0.34830785
46.0001,0.27037862,0.3896899,0.417063,0.34785262
46.01009,0.27132675,0.3902406,0.4182685,0.34842688
46.02009,0.2708851,0.3903846,0.41791713,0.34791422
46.030094,0.27252594,0.39213368,0.41901243,0.34820935
46.040092,0.27238432,0.39264566,0.4187348,0.34717122
46.05008,0.273226,0.39256406,0.41936368,0.34814754
46.060078,0.27319923,0.3928909,0.41947824,0.347858
46.070076,0.2723993,0.39245594,0.41917995,0.3470384
46.080074,0.27375588,0.39196673,0.419208,0.34764874
46.090073,0.2730332,0.3928314,0.42012256,0.34780306
46.100075,0.27272972,0.39254513,0.4202175,0.34784016
46.110077,0.2736332,0.39144832,0.4201831,0.34832183
46.12008,0.2734938,0.39308134,0.4204077,0.3485039
46.130077,0.27264336,0.3926454,0.42031726,0.34852347
46.140076,0.27329215,0.39136666,0.4205895,0.34809938
46.150074,0.2728683,0.39273492,0.42081222,0.34818432
46.160072,0.27364698,0.39288685,0.42156854,0.34852567
46.170074,0.27317357,0.392103,0.42061356,0.34863946
46.180077,0.27297276,0.39242342,0.42212138,0.348329
46.190075,0.27282387,0.39292982,0.42084947,0.34825152
46.200073,0.27312598,0.3919136,0.42117321,0.34914735
46.210075,0.2733795,0.39227495,0.4222614,0.34860954
46.22009,0.2727826,0.39220533,0.4217103,0.34860793
46.230103,0.27341232,0.39128634,0.42176452,0.34804562
46.240078,0.27318883,0.39301866,0.4218968,0.3480522
46.250072,0.27389258,0.39312357,0.4222851,0.3491299
46.260075,0.2730786,0.39262438,0.42248714,0.3479399
46.270077,0.27363136,0.39236498,0.42323306,0.34908745
46.280075,0.2728493,0.39239863,0.42324606,0.34826928
46.290073,0.27379942,0.39281577,0.42285353,0.3486838
46.300076,0.27330938,0.39218757,0.42351982,0.34870285
46.310078,0.27410302,0.39264804,0.42339888,0.34868187
46.320076,0.27348396,0.39293355,0.42312452,0.34872517
46.330074,0.27338833,0.392603,0.4236537,0.3483887
46.340076,0.27262828,0.39319578,0.42358512,0.34846684
46.350075,0.27284545,0.392678,0.4231135,0.34880638
46.360077,0.27227554,0.39291373,0.4237589,0.34888667
46.370075,0.2722666,0.39222783,0.42380375,0.34892827
46.380074,0.27261335,0.39264297,0.42439118,0.34874934
46.390076,0.27286625,0.39253786,0.42481908,0.34852213
46.400074,0.27310786,0.39266554,0.4243642,0.3491771
46.410076,0.27326617,0.3925218,0.42424285,0.3492438
46.42008,0.27310967,0.39186767,0.42500186,0.348807
46.430077,0.27291948,0.39205515,0.42458168,0.34843022
46.440075,0.27257094,0.39249215,0.42504865,0.3486825
46.450073,0.27286914,0.39244738,0.42535356,0.34879348
46.460075,0.27259666,0.3917743,0.42482242,0.34907603
46.47009,0.27159095,0.38931692,0.4247181,0.34811455
46.480087,0.27135828,0.3909916,0.4245711,0.34911275
46.490093,0.2711408,0.39095646,0.42498904,0.34885478
46.5001,0.27331516,0.39241245,0.4253018,0.34908336
46.510094,0.272683,0.3915571,0.4249428,0.3483636
46.52008,0.27123842,0.3913018,0.42609164,0.34812546
46.530075,0.2719361,0.3912853,0.42656973,0.3491994
46.540073,0.2723802,0.39155248,0.4264692,0.3491236
46.55007,0.2729879,0.39149585,0.4261576,0.34916705
46.560074,0.2723994,0.39366302,0.4268012,0.34954792
46.570076,0.27260694,0.39069477,0.42581555,0.35044265
46.580074,0.27220845,0.3912504,0.42609808,0.34918845
46.590073,0.27281246,0.3905564,0.42822188,0.34894228
46.600075,0.27325195,0.3930096,0.42756015,0.34932798
46.610073,0.2733143,0.39361328,0.4274592,0.3493062
46.62008,0.2731107,0.392689,0.42631146,0.3485003
46.63008,0.27315575,0.39321867,0.4279693,0.34909618
46.640076,0.27323586,0.39242005,0.42729726,0.34913123
46.650078,0.2734035,0.39223966,0.42765105,0.34929678
46.660076,0.2731324,0.39270586,0.4279157,0.3485061
46.670074,0.27211526,0.39302188,0.42819208,0.34938633
46.680077,0.27346802,0.391952,0.4281562,0.34977126
46.690075,0.27366465,0.39289945,0.42784452,0.34932056
46.700073,0.27403665,0.39213786,0.4292561,0.34893772
46.710075,0.2728501,0.39335552,0.4284097,0.349174
46.720074,0.27349752,0.3930785,0.4288739,0.34977844
46.730083,0.27307066,0.39242136,0.42903003,0.34933445
46.740086,0.27351734,0.39270568,0.42921638,0.34939444
46.750076,0.2723208,0.39251173,0.42819715,0.3497673
46.760075,0.2733599,0.39284602,0.42879152,0.3497269
46.770073,0.27367964,0.39301556,0.42868036,0.34923396
46.780075,0.27306068,0.39295062,0.4295143,0.35010812
46.790073,0.27319664,0.392268,0.42940527,0.34915504
46.80007,0.27309138,0.39244986,0.42977917,0.3497704
46.810078,0.2729701,0.39232874,0.42909825,0.35012165
46.82008,0.27379894,0.39326525,0.4298659,0.3492655
46.830074,0.27346402,0.39318365,0.4290976,0.3498135
46.840073,0.2740289,0.39218217,0.43069103,0.34979162
46.850075,0.2731531,0.39228818,0.42888018,0.34927022
46.860077,0.27290234,0.392255,0.4303792,0.3492871
46.87007,0.2735589,0.39276186,0.43038523,0.34971443
46.880077,0.27330446,0.39241922,0.4310713,0.34980863
46.89007,0.27274388,0.39197704,0.43055364,0.3503327
46.900078,0.27336413,0.39274794,0.43034044,0.34908283
46.91008,0.2737655,0.39340213,0.4311346,0.35003605
46.920082,0.2727487,0.3927852,0.43030936,0.34872726
46.930077,0.27393436,0.39303496,0.4307784,0.3496994
46.940075,0.27242246,0.3920843,0.43014857,0.34970462
46.950108,0.27126238,0.3900475,0.42948502,0.3493338
46.96009,0.2699854,0.38964403,0.4308806,0.3483939
46.970097,0.2709108,0.39098603,0.4309619,0.35008857
46.980087,0.2728549,0.39256766,0.43051666,0.34981605
46.990078,0.27253476,0.39259225,0.43133533,0.35016948
47.000107,0.2708253,0.39051253,0.43154702,0.34968865
47.01009,0.26999858,0.3899024,0.4310845,0.34959847
47.020096,0.27085993,0.3913662,0.43136218,0.3471497
47.030087,0.27304006,0.39169607,0.43100038,0.3495886
47.040085,0.27296704,0.39305156,0.43240312,0.34976605
47.050076,0.2733804,0.39283752,0.43168432,0.35037246
47.060074,0.272942,0.39323938,0.43244594,0.35040906
47.070072,0.27287918,0.39261934,0.4319251,0.3496017
47.08007,0.2729387,0.39276308,0.43262124,0.35022762
47.090073,0.2728762,0.39269713,0.43289816,0.34983984
47.100075,0.27263963,0.3931065,0.43273607,0.3499639
47.110073,0.27335423,0.3929359,0.432419,0.35024682
47.120075,0.27371213,0.39332247,0.43248445,0.34964103
47.13007,0.2725952,0.39222124,0.43280944,0.34971344
47.140114,0.27279818,0.39307463,0.43282783,0.35018736
47.15007,0.27283505,0.392893,0.43259072,0.3504439
47.160076,0.27264112,0.39280003,0.4332041,0.34972617
47.170074,0.2725776,0.39256623,0.43312776,0.35031277
47.180077,0.27320996,0.39329332,0.4328035,0.34972802
47.190075,0.27337718,0.39312097,0.43422705,0.35032246
47.200073,0.27367514,0.39268625,0.43311745,0.3500378
47.210075,0.27381408,0.39272797,0.43354315,0.35034865
47.22008,0.27234337,0.39252126,0.4346484,0.3502601
47.230076,0.27277374,0.39293262,0.43327317,0.34950826
47.24012,0.27321357,0.39305937,0.43371314,0.3497278
47.250076,0.27390093,0.39290607,0.43348128,0.35079926
47.260075,0.2730987,0.39283693,0.43385786,0.35026947
47.270073,0.27312538,0.392414,0.4340832,0.35030785
47.280075,0.27269423,0.39302078,0.43490216,0.3502356
47.290073,0.2730914,0.3928455,0.43402433,0.35070324
47.300076,0.2729088,0.39318582,0.43343785,0.3504973
47.310074,0.27354878,0.3925796,0.43483523,0.35042307
47.320076,0.27288765,0.39277142,0.43400913,0.3505137
47.33007,0.2733201,0.39206928,0.43486884,0.35077956
47.340076,0.27309173,0.39339682,0.43501526,0.35105723
47.350075,0.27327955,0.39343593,0.43457118,0.3498881
47.360077,0.2737419,0.3929539,0.43500572,0.350123
47.37007,0.27327856,0.39315847,0.43433538,0.35036978
47.380077,0.27393064,0.39331836,0.43481368,0.3505494
47.390076,0.27389845,0.39295518,0.43487936,0.3500726
47.400074,0.27357405,0.3934889,0.4355721,0.35066298
47.410076,0.27310026,0.39310318,0.43475518,0.3502614
47.420074,0.2729413,0.392733,0.4351139,0.35145056
47.430077,0.27239332,0.39354774,0.43549308,0.350621
47.44007,0.27411798,0.3932022,0.435436,0.35072732
47.450073,0.27324677,0.39303842,0.43541846,0.3507278
47.460075,0.27326098,0.39272973,0.4354209,0.35004425
47.470104,0.27154422,0.39130366,0.43514353,0.34972993
47.48009,0.27082324,0.39134496,0.4351121,0.35003528
47.490086,0.27142373,0.3908073,0.43519205,0.35085112
47.50009,0.27313465,0.39257786,0.4343615,0.3488567
47.510094,0.27320284,0.39265543,0.436482,0.35038653
47.52008,0.27263728,0.3929698,0.43608335,0.34993708
47.53008,0.27329922,0.39275697,0.43679407,0.35024568
47.540073,0.272943,0.39285573,0.4359373,0.3504779
47.550076,0.27369624,0.39366195,0.43680653,0.3505615
47.560074,0.2734337,0.39345258,0.43636805,0.34988958
47.570076,0.2733422,0.39269254,0.43600997,0.35005853
47.580074,0.27266067,0.39292195,0.43650192,0.35030952
47.590076,0.27326635,0.39311934,0.43697777,0.35092938
47.600075,0.27311027,0.3931889,0.43624437,0.35028407
47.61008,0.27320454,0.3925533,0.43658826,0.3504085
47.620083,0.273078,0.39249977,0.43668434,0.3506717
47.630077,0.27308822,0.39236176,0.43743625,0.35044798
47.640076,0.2729257,0.39346492,0.43689394,0.35105583
47.650074,0.27296573,0.39320967,0.43757665,0.35072336
47.660072,0.27428117,0.39345777,0.43746918,0.3509604
47.670074,0.27293342,0.39264727,0.43739566,0.34988022
47.680073,0.27386993,0.3929481,0.4375302,0.35044405
47.690075,0.27281845,0.39354256,0.43801275,0.35058087
47.700073,0.27394316,0.39341176,0.43771434,0.3512487
47.710075,0.27334422,0.3928044,0.4379195,0.3506911
47.720078,0.27261788,0.39235243,0.43814242,0.35082045
47.730072,0.2724455,0.39230922,0.43837604,0.3499778
47.740074,0.2727793,0.3936199,0.43801403,0.35087442
47.750072,0.2738438,0.3926723,0.43786678,0.35038102
47.760075,0.27325904,0.39273167,0.43827242,0.35082856
47.770073,0.27355796,0.39212027,0.43807265,0.350633
47.780075,0.27303493,0.39363992,0.43746123,0.35021988
47.790073,0.27371505,0.39368296,0.43885547,0.3504456
47.80007,0.2733231,0.39295766,0.43878362,0.35055825
47.810078,0.27446848,0.393819,0.4385237,0.3503246
47.820076,0.2731398,0.3932342,0.4380289,0.35115093
47.83008,0.27396527,0.39340347,0.4380594,0.351718
47.840076,0.2730977,0.39379853,0.43885577,0.3506979
47.85007,0.27310634,0.39292607,0.43908173,0.3507314
47.860073,0.2744675,0.39319023,0.4385017,0.3511142
47.87007,0.27273205,0.3927795,0.438798,0.35103026
47.880077,0.27280873,0.39363593,0.43868637,0.35031667
47.890076,0.2732488,0.3939245,0.43939632,0.35095438
47.900074,0.2736938,0.39301103,0.4391136,0.35028258
47.910076,0.27248514,0.39313498,0.4386756,0.35069385
47.92008,0.27388927,0.39357236,0.43875745,0.35069093
47.930077,0.27312845,0.39316958,0.43940136,0.35056034
47.940075,0.27265447,0.39268136,0.43949533,0.3501768
47.950092,0.27071878,0.39087167,0.43850377,0.35028043
47.96009,0.27138564,0.39138076,0.43853357,0.34962425
47.970093,0.2707335,0.3912645,0.4390081,0.35075837
47.980083,0.27289528,0.39265102,0.4398267,0.35161304
47.990078,0.27149734,0.38962698,0.43840277,0.35093662
48.00019,0.27092174,0.3911337,0.43905497,0.3514587
48.010098,0.27087072,0.39166468,0.43937132,0.34990537
48.020374,0.26357114,0.38668525,0.43965107,0.3502381
48.030098,0.27136752,0.3922369,0.440079,0.35076234
48.040085,0.27260765,0.39287344,0.43963757,0.35032848
48.05007,0.27246752,0.39232033,0.43987688,0.35129294
48.06007,0.27278733,0.39274088,0.43978265,0.35122833
48.070072,0.27259585,0.3920511,0.4397448,0.35100716
48.08007,0.27246517,0.39209306,0.44054192,0.35110137
48.09007,0.27276498,0.39260414,0.44014362,0.3509411
48.10007,0.27266893,0.39270633,0.44017223,0.35107762
48.11007,0.27286482,0.39329293,0.43998158,0.3512826
48.12007,0.2728697,0.39323846,0.43990198,0.35066706
48.13007,0.27295768,0.39337468,0.4399671,0.35153267
48.14007,0.27218893,0.39243552,0.44077647,0.35099557
48.1501,0.27258664,0.3930076,0.44039464,0.35152587
48.160072,0.27358773,0.39309365,0.44057155,0.35171768
48.170074,0.2739177,0.39315823,0.44076,0.35052937
48.180077,0.27331588,0.39286894,0.44088563,0.3509313
48.190075,0.2740178,0.39380848,0.4412856,0.35118893
48.200073,0.27302256,0.39304915,0.440954,0.3513128
48.21007,0.27346662,0.3928632,0.4418675,0.35088253
48.220078,0.27304313,0.39281818,0.44123062,0.35134348
48.230076,0.27306414,0.3915397,0.441317,0.35137036
48.240078,0.27370262,0.393559,0.44168708,0.35077417
48.250095,0.27325335,0.39265668,0.44256505,0.35115138
48.260075,0.27365902,0.39331323,0.4402034,0.35110703
48.270077,0.27394462,0.39372456,0.44293547,0.35088915
48.28007,0.27323928,0.39358214,0.4420212,0.3512035
48.290073,0.27391747,0.39315858,0.44177532,0.3520209
48.300076,0.27389443,0.3930596,0.44148844,0.35129073
48.310074,0.2729426,0.39313158,0.44146657,0.35152292
48.320072,0.2733139,0.39381,0.44198638,0.3509014
48.330074,0.27378795,0.39317563,0.4415301,0.35136992
48.340076,0.2740355,0.39279333,0.44194824,0.3515093
48.35009,0.27348492,0.39258638,0.4423058,0.3511567
48.36008,0.27314717,0.39278087,0.44263953,0.35084614
48.370075,0.27351144,0.39331794,0.4421732,0.35115784
48.380077,0.27305287,0.39355692,0.44251937,0.3515035
48.390076,0.27417257,0.39259225,0.4424628,0.3509491
48.400074,0.27314913,0.3930648,0.44217092,0.35104987
48.410072,0.27296224,0.39333263,0.44260338,0.35129133
48.420074,0.273235,0.39337853,0.44228706,0.35151306
48.430077,0.27354,0.39306828,0.44333777,0.35137326
48.440075,0.27365717,0.39329094,0.4428257,0.35127443
48.450073,0.2737353,0.3934318,0.44273672,0.35145137
48.460075,0.2730222,0.39315048,0.4432006,0.35132387
48.47009,0.27156687,0.3917962,0.44223088,0.35199115
48.480095,0.27119982,0.39162543,0.44283164,0.35092604
48.4901,0.27168676,0.3914296,0.44334343,0.351058
48.5005,0.27254617,0.38795432,0.44322866,0.3512476
48.51009,0.27281818,0.3929522,0.44371063,0.3508713
48.520077,0.27292395,0.39368454,0.44322386,0.35136205
48.530075,0.27262893,0.39283437,0.443174,0.35100266
48.540077,0.27403998,0.39256498,0.44284302,0.3512072
48.550076,0.27254438,0.3934143,0.4431901,0.3514801
48.560097,0.27310988,0.39398387,0.44384217,0.35156488
48.570072,0.27373296,0.3924095,0.4440327,0.35180423
48.58008,0.2730836,0.39288667,0.44432122,0.3520933
48.590073,0.27387705,0.39347035,0.44416767,0.35123786
48.600075,0.27379942,0.39390674,0.44391274,0.35177767
48.610073,0.27281758,0.39339894,0.44394594,0.35131735
48.62008,0.2732416,0.39289388,0.44436273,0.3512033
48.630077,0.27323803,0.39086434,0.44358325,0.35095257
48.64007,0.2735047,0.39376855,0.44378307,0.35171556
48.650074,0.27359596,0.39367673,0.44358143,0.35139847
48.660072,0.27349105,0.3936275,0.44421425,0.35157847
48.670074,0.27311018,0.39312384,0.4442993,0.35154945
48.680077,0.27288473,0.39337903,0.44335768,0.35108808
48.69007,0.27395186,0.39361274,0.44445574,0.35166097
48.700077,0.27340132,0.39314735,0.44424692,0.35146868
48.710075,0.27324635,0.393276,0.44546887,0.3523545
48.720074,0.2734697,0.39338237,0.4449685,0.35167181
48.730076,0.27337587,0.3937142,0.44567218,0.35135573
48.740078,0.27350077,0.3937294,0.44448593,0.3520374
48.750072,0.27370948,0.39389417,0.4453061,0.35145167
48.760136,0.27287468,0.39365733,0.44473532,0.35120246
48.770077,0.2732711,0.3938899,0.44579756,0.35190457
48.780075,0.2731788,0.3927367,0.44545752,0.351854
48.790077,0.2735306,0.3932632,0.44535792,0.35171282
48.800076,0.27303663,0.3936765,0.44518703,0.35058078
48.810074,0.27366242,0.39380512,0.4458568,0.35091704
48.820076,0.2729096,0.39330372,0.4451307,0.35238004
48.830074,0.2731711,0.39334106,0.44528764,0.35127205
48.840076,0.27298108,0.39361987,0.44604146,0.35171872
48.850075,0.27301332,0.39303303,0.445619,0.35206535
48.860077,0.27319422,0.39292464,0.44589117,0.35154894
48.87008,0.27336878,0.3931726,0.44591445,0.35211667
48.880074,0.27361292,0.39323142,0.44621256,0.35190198
48.890076,0.27317813,0.3935545,0.44602495,0.35208088
48.900074,0.27320203,0.39380038,0.4462959,0.35215616
48.910072,0.2734296,0.39341778,0.4456243,0.35165074
48.92008,0.27366838,0.39339978,0.44567043,0.3518794
48.930073,0.2729169,0.39326474,0.44638154,0.35197
48.940075,0.27133766,0.39250514,0.44568112,0.35149023
48.950096,0.27056906,0.3902268,0.44527462,0.35126835
48.960094,0.27071404,0.39085302,0.44596907,0.35096616
48.97012,0.27029175,0.3914038,0.44520956,0.3516797
48.98009,0.27350554,0.3925307,0.4462097,0.35213807
48.99009,0.27081102,0.39129758,0.44638243,0.35210425
49.000187,0.2708214,0.3915065,0.44646782,0.35217965
49.0101,0.27113527,0.3922363,0.4464534,0.35129228
49.020096,0.2708178,0.39176267,0.44667536,0.3517954
49.030106,0.27188122,0.39231187,0.446409,0.35154325
49.040104,0.27027896,0.3906621,0.4463928,0.351866
49.050095,0.27043447,0.3921408,0.44741285,0.35083926
49.060085,0.27312946,0.39329335,0.4472566,0.35084176
49.07015,0.2728058,0.39214185,0.44700265,0.3528792
49.08007,0.27232984,0.39305067,0.4474501,0.35224268
49.09007,0.27246165,0.39301956,0.44790658,0.35294455
49.10007,0.27239516,0.39254305,0.4481381,0.35235825
49.11007,0.2723389,0.39219502,0.44715434,0.35224733
49.120068,0.27315864,0.39278495,0.44759336,0.35244378
49.13007,0.27232474,0.3923893,0.44751635,0.35210228
49.140068,0.27218926,0.39274535,0.44760907,0.35336614
49.15007,0.27233967,0.39374933,0.44780913,0.35259634
49.16007,0.27274325,0.39344642,0.4486353,0.35280767
49.170067,0.27210936,0.39350948,0.4479811,0.35266224
49.180077,0.2739786,0.3936564,0.44906163,0.35255894
49.190075,0.27322888,0.39302537,0.4485593,0.3521717
49.200077,0.27350357,0.39401478,0.45001948,0.35231155
49.210075,0.2729985,0.39227796,0.4470806,0.35102525
49.22008,0.2735897,0.3924287,0.44938335,0.35230622
49.230076,0.27310959,0.39230394,0.44777536,0.35242587
49.240074,0.27355534,0.39133382,0.4483504,0.3535385
49.250076,0.27315286,0.3937541,0.44868135,0.35189548
49.260075,0.2731242,0.3929732,0.44850215,0.35194454
49.270073,0.2731689,0.39364782,0.4493924,0.35254464
49.280075,0.2715021,0.392355,0.4489819,0.3519567
49.290073,0.2721999,0.3932006,0.44864568,0.35223094
49.30007,0.27178755,0.39243755,0.44895738,0.35145995
49.310074,0.27261668,0.39269185,0.4489099,0.35195172
49.320076,0.2722272,0.39243892,0.44917774,0.352194
49.330074,0.2720583,0.3925172,0.4490081,0.3523305
49.340076,0.27230918,0.3922902,0.4496039,0.35193616
49.350075,0.27235055,0.39278415,0.45005777,0.35148934
49.360073,0.27196833,0.39260668,0.44908407,0.35168952
49.370075,0.27373514,0.39443496,0.45001215,0.35274726
49.380077,0.2732526,0.39363903,0.45041156,0.35231918
49.390076,0.27326193,0.39301932,0.45032322,0.35223454
49.400074,0.273701,0.3935103,0.44960317,0.35261366
49.410072,0.27328756,0.39384365,0.44991228,0.35213572
49.420074,0.2736031,0.39330882,0.4496889,0.35267815
49.430073,0.2738912,0.39314356,0.45048094,0.352189
49.440075,0.2734939,0.39366853,0.45074522,0.3518911
49.450073,0.27299568,0.39326072,0.4494499,0.35299796
49.460075,0.2733336,0.39389887,0.45264032,0.35306683
49.47009,0.2716243,0.39318827,0.44984666,0.35231265
49.48009,0.27156672,0.3932078,0.45130503,0.3518951
49.490093,0.2712814,0.390859,0.44952646,0.35259745
49.500103,0.27318352,0.38711417,0.45053467,0.35363197
49.510094,0.27302384,0.39341664,0.45074487,0.35255653
49.52008,0.27328113,0.39359862,0.45136124,0.35269105
49.530075,0.27311215,0.39233148,0.4506184,0.35255018
49.540073,0.27311546,0.3943717,0.45130044,0.3530758
49.550076,0.27229583,0.39285812,0.45107612,0.35204998
49.560074,0.27351323,0.3929236,0.4516983,0.3522101
49.570076,0.2726881,0.392077,0.4514426,0.35315582
49.580074,0.27301466,0.39377567,0.45088682,0.3525203
49.590076,0.27353102,0.39330065,0.45186183,0.35339892
49.600075,0.27245262,0.39374802,0.45090684,0.3527592
49.610073,0.27362052,0.39284858,0.4514992,0.35292
49.62008,0.2733321,0.3929089,0.45134297,0.3531929
49.630077,0.27370495,0.39387867,0.4523463,0.35310927
49.640076,0.27281716,0.39338014,0.45189083,0.3531163
49.650074,0.27321264,0.3925791,0.45285612,0.35286197
49.660076,0.27276096,0.3936103,0.45200565,0.35265005
49.670074,0.27311966,0.39376342,0.45274007,0.35346934
49.680077,0.27331555,0.3931066,0.45259306,0.35285455
49.690075,0.27326632,0.3936879,0.45246738,0.3527587
49.700073,0.27302006,0.39352125,0.45247555,0.35313272
49.71007,0.27331722,0.39356568,0.45259395,0.35337472
49.720078,0.27308124,0.39418456,0.45343983,0.35344774
49.730076,0.27292138,0.39333788,0.45339605,0.3526701
49.740074,0.27359867,0.39346737,0.4528206,0.3531421
49.750072,0.27334428,0.39364937,0.4531181,0.35324898
49.760075,0.27394488,0.3938974,0.45339948,0.35311288
49.770073,0.27332228,0.39326775,0.45338392,0.35247818
49.78009,0.2738754,0.3936458,0.45372686,0.35304582
49.790077,0.27363646,0.3931541,0.45329872,0.3531585
49.800076,0.27399132,0.39337608,0.45345017,0.35297814
49.810078,0.2733067,0.39328116,0.45321926,0.35376605
49.820076,0.2742026,0.39477947,0.45355368,0.3533522
49.830074,0.27373335,0.39358377,0.45387337,0.3536878
49.840076,0.27258533,0.39388603,0.4535473,0.3539031
49.850075,0.27284256,0.3940516,0.45348543,0.3536912
49.860077,0.27344796,0.39337772,0.45394945,0.35313013
49.870125,0.27278832,0.39375615,0.45456365,0.35368946
49.880096,0.2729334,0.39352062,0.4542409,0.35313264
49.890076,0.2734586,0.39284882,0.45425928,0.35414323
49.900074,0.273167,0.39397657,0.45474824,0.35328162
49.910072,0.2736094,0.39358822,0.45467055,0.3531864
49.920074,0.27331126,0.39402065,0.4547588,0.35362864
49.930073,0.2738088,0.3935652,0.45509243,0.35354942
49.940075,0.27183294,0.3927534,0.45447302,0.35312763
49.950092,0.2716573,0.39258102,0.4552111,0.353468
49.960094,0.2710239,0.39163822,0.45502153,0.3536633
49.970093,0.2715636,0.39235145,0.45625117,0.3538649
49.980137,0.27259937,0.3936444,0.45472908,0.3539244
49.990086,0.2710658,0.39135614,0.45532477,0.35354882
50.000088,0.27062932,0.39188653,0.45445308,0.3538149
50.010086,0.27028185,0.39093664,0.45418367,0.35246494
50.020103,0.27138725,0.3910227,0.45464233,0.35410437
50.030083,0.27321437,0.39260787,0.45584348,0.35344762
50.040073,0.2726497,0.3926839,0.4558348,0.35361385
50.050076,0.27244094,0.39200625,0.45591617,0.35331884
50.060074,0.2725431,0.39330062,0.45613143,0.354249
50.070072,0.27280083,0.394232,0.45634544,0.35334086
50.080074,0.27271688,0.39362732,0.45628384,0.35402837
50.09007,0.27325445,0.3926902,0.45522037,0.35359102
50.100075,0.27369764,0.39348438,0.45629576,0.3540441
50.110073,0.27336764,0.39325276,0.45558378,0.35341448
50.120075,0.2730262,0.39365956,0.45700115,0.3545501
50.130074,0.2726874,0.39367813,0.4570213,0.35374826
50.140076,0.27335304,0.3933655,0.45683822,0.3535143
50.150074,0.27380282,0.39363125,0.45650885,0.35366336
50.160072,0.2728992,0.39350995,0.45684963,0.3547553
50.170074,0.2732073,0.39406386,0.45685953,0.35345533
50.180077,0.27242625,0.39344004,0.45691693,0.35441756
50.190075,0.27352783,0.39334917,0.45851704,0.35394308
50.200077,0.27356303,0.39334536,0.45587975,0.35374942
50.210075,0.27375033,0.3911265,0.4594,0.3537495
50.220078,0.2735487,0.39528567,0.45631883,0.35376614
50.230076,0.27377713,0.39437366,0.4572056,0.35324532
50.240074,0.27297428,0.39458746,0.45787278,0.35363805
50.250072,0.27405658,0.39454156,0.4578984,0.35476786
50.260075,0.27302676,0.39376915,0.45761925,0.35404974
50.270073,0.27386916,0.3941587,0.4574908,0.35419208
50.280075,0.2738145,0.39387324,0.45806462,0.35400832
50.290077,0.27343833,0.3927466,0.45891598,0.3536195
50.300076,0.27329504,0.39341757,0.4584338,0.3543102
50.310074,0.27359232,0.39303452,0.4584387,0.3540123
50.320076,0.2730616,0.39411676,0.45872474,0.35391644
50.330074,0.27405524,0.39428008,0.4589053,0.35405794
50.340073,0.2737135,0.39372754,0.45860696,0.3538033
50.350075,0.27336347,0.3937333,0.4589633,0.35375524
50.360077,0.27301046,0.39419693,0.4591248,0.3542208
50.370075,0.27371255,0.39378145,0.4591672,0.35419634
50.380074,0.2738609,0.39410436,0.4589933,0.35392714
50.39009,0.27268174,0.39370635,0.45998707,0.35355604
50.400074,0.27355757,0.39408496,0.4597352,0.3548629
50.410072,0.27367538,0.39391652,0.45950037,0.35440144
50.420074,0.2733185,0.39416832,0.45956865,0.35468045
50.430077,0.27333024,0.39392933,0.45977023,0.35462528
50.440075,0.27356437,0.39330953,0.45984674,0.3540618
50.450073,0.27259877,0.3938854,0.4599395,0.35437447
50.460075,0.27292183,0.3939068,0.46045795,0.35423008
50.47009,0.2711001,0.39201075,0.459366,0.3534337
50.48009,0.27099457,0.39197075,0.45947674,0.3546657
50.49012,0.27165985,0.39239013,0.45979583,0.35454726
50.500103,0.2731913,0.39015314,0.4604977,0.3531803
50.510082,0.27209267,0.39243218,0.4601518,0.35487023
50.520092,0.27380216,0.39391303,0.46074682,0.3536023
50.53008,0.27287698,0.39363623,0.46077296,0.35477322
50.54009,0.27282962,0.3939761,0.46111575,0.3542412
50.550083,0.27375537,0.39364725,0.46121922,0.35451764
50.560074,0.27316263,0.39332452,0.46154067,0.35405788
50.57007,0.27349356,0.39378035,0.46181214,0.3545358
50.580074,0.27318746,0.3936473,0.46182418,0.3547492
50.590076,0.27358985,0.39374948,0.46203795,0.3546258
50.600075,0.27342787,0.39372805,0.4612622,0.35512257
50.61008,0.27304903,0.39413223,0.46194944,0.35443047
50.620075,0.27363336,0.39322975,0.4616772,0.35416317
50.630077,0.27319145,0.39370748,0.4615185,0.35443214
50.64007,0.2743772,0.39437225,0.46212426,0.3547338
50.650078,0.27249306,0.3940386,0.46229154,0.3540935
50.660072,0.2735815,0.39452106,0.4625982,0.3542543
50.670074,0.27403662,0.39371407,0.46218464,0.35409912
50.680077,0.27269876,0.39449346,0.46275863,0.35495716
50.69007,0.27390605,0.39399976,0.4628208,0.35509586
50.700073,0.27310553,0.39453718,0.4627325,0.3545645
50.710075,0.27340755,0.39300755,0.4629428,0.35483727
50.720078,0.27434728,0.39481938,0.46313524,0.35518348
50.730076,0.27315184,0.39380047,0.46329132,0.35421866
50.740086,0.27294594,0.39366034,0.463414,0.3556412
50.750076,0.2723152,0.3931458,0.4634058,0.35429683
50.760075,0.27291536,0.3944749,0.46302778,0.35452425
50.770073,0.27407485,0.39480767,0.4640676,0.35497114
50.780075,0.27252123,0.39402267,0.4636366,0.3540359
50.790077,0.27353838,0.39396492,0.4639517,0.35492912
50.800076,0.27302414,0.3944205,0.46359712,0.35482574
50.810078,0.27350172,0.3937854,0.46424627,0.35432577
50.820076,0.27319217,0.39461648,0.4637639,0.3547745
50.830074,0.27310383,0.39182994,0.46401596,0.3546853
50.840076,0.27316114,0.3929687,0.46418503,0.35482123
50.85008,0.27316588,0.3944105,0.46477878,0.35576382
50.860077,0.27303803,0.39375597,0.464614,0.35497883
50.870075,0.27383676,0.39286676,0.4647258,0.35446194
50.880074,0.2722086,0.39314172,0.4648446,0.35510245
50.890076,0.2733162,0.39351943,0.46547875,0.35531005
50.900074,0.27239597,0.39366865,0.46523416,0.3550667
50.910072,0.27243006,0.39319736,0.4656376,0.3543741
50.920074,0.27314445,0.39425352,0.46534482,0.35528672
50.930073,0.27319407,0.39430055,0.4653667,0.35478878
50.940075,0.27290788,0.39269468,0.46476743,0.35435858
50.95009,0.2709422,0.3908897,0.46490416,0.3542031
50.96009,0.27147424,0.39246923,0.46615043,0.35520187
50.970093,0.27015892,0.390425,0.4646659,0.35497165
50.980083,0.2732901,0.39354557,0.4659578,0.35617146
50.990086,0.27150112,0.392299,0.4657477,0.35448673
51.00012,0.27100217,0.39213163,0.4661965,0.35446346
51.0101,0.2711392,0.39140135,0.46566486,0.35535216
51.0201,0.27372846,0.39392176,0.46674654,0.35495108
51.030094,0.27356085,0.3940428,0.46665478,0.35471484
51.040085,0.2728606,0.39403734,0.46665543,0.35550568
51.050076,0.27369124,0.39320293,0.46662498,0.35539275
51.060078,0.2732864,0.39392376,0.46756527,0.35552138
51.070072,0.27423447,0.39404863,0.46745017,0.35485178
51.080074,0.27318856,0.393859,0.4677976,0.35468933
51.090076,0.27422076,0.39358708,0.46752694,0.3553298
51.100075,0.27358246,0.39372575,0.46790937,0.3551435
51.110073,0.2733529,0.39420983,0.46847853,0.35527924
51.120075,0.27377248,0.39356518,0.46871623,0.35550997
51.130077,0.27354965,0.39383185,0.46825057,0.3552523
51.140076,0.27369606,0.39450747,0.46838856,0.35557285
51.150074,0.27383873,0.39442772,0.47018746,0.35608384
51.160076,0.27320078,0.39392352,0.4699904,0.35550594
51.170074,0.27418187,0.394682,0.46732646,0.3552081
51.180077,0.27309516,0.3931842,0.467337,0.35469922
51.190075,0.27297124,0.39461818,0.47039852,0.35517353
51.200077,0.2736295,0.39352128,0.46902218,0.3560889
51.210075,0.27302596,0.39231485,0.46932355,0.35534275
51.220074,0.2714043,0.39375728,0.4697676,0.35564324
51.230076,0.27283147,0.39428163,0.4700525,0.35572863
51.240078,0.27357635,0.39354065,0.4689703,0.35548782
51.250076,0.2727745,0.3935591,0.46991265,0.35550317
51.260075,0.27401274,0.39445332,0.46976706,0.35521668
51.270073,0.27364692,0.3935739,0.46980253,0.35560614
51.280075,0.27395704,0.39328644,0.47087106,0.35597017
51.290073,0.27362633,0.3939508,0.47035727,0.35531348
51.30009,0.27299443,0.39397138,0.47023487,0.35565147
51.310074,0.27370736,0.3933784,0.47049534,0.355649
51.320076,0.27382758,0.39477074,0.4711423,0.35585868
51.330074,0.2730689,0.39336908,0.47048488,0.35558373
51.340073,0.27232468,0.3934481,0.47132117,0.35549065
51.350075,0.2726601,0.3939556,0.47099856,0.35595882
51.360073,0.2730815,0.3939378,0.47149143,0.35557723
51.370075,0.27329648,0.3944245,0.47160417,0.35572568
51.380074,0.27363724,0.39426813,0.47181335,0.35607067
51.39007,0.27357736,0.39376277,0.47239473,0.35574818
51.40009,0.27303207,0.3937464,0.47186133,0.35635057
51.410076,0.27369547,0.3940505,0.47213766,0.3549182
51.42008,0.2739052,0.39409065,0.47228453,0.35596237
51.430077,0.27406567,0.39399192,0.47295704,0.35574335
51.440075,0.27322003,0.3932722,0.47189796,0.35576266
51.450073,0.27348247,0.3943544,0.47292095,0.35598642
51.460075,0.2735997,0.39436677,0.4728202,0.356862
51.4701,0.2716111,0.39288408,0.47269693,0.35569304
51.480106,0.27081832,0.39188653,0.47303203,0.3554976
51.490097,0.27108973,0.39211756,0.47359917,0.35679486
51.500126,0.27286252,0.39410514,0.47267637,0.35584342
51.51009,0.27351,0.39379135,0.47396886,0.35592693
51.520084,0.27365988,0.39434105,0.47342446,0.35588738
51.53008,0.2734063,0.3935746,0.47413173,0.3557753
51.540073,0.27345654,0.39431092,0.47399205,0.3564373
51.550076,0.27346006,0.39421192,0.47416514,0.356084
51.560074,0.27396286,0.39387017,0.4746041,0.35649863
51.570076,0.27366748,0.3939853,0.4744979,0.3559412
51.580074,0.27351436,0.39451668,0.47459868,0.35675776
51.590076,0.27332085,0.39455637,0.47514018,0.35647845
51.600075,0.2736762,0.3945524,0.47471058,0.35708702
51.610073,0.273037,0.39408436,0.47475383,0.35597694
51.620075,0.27374768,0.39362064,0.47575423,0.3565383
51.630074,0.27338743,0.394156,0.47608066,0.3559423
51.640076,0.27312866,0.39345923,0.4761772,0.35673615
51.650074,0.2734168,0.39369106,0.4758259,0.356242
51.660076,0.27292362,0.39363983,0.47570163,0.3565945
51.670074,0.27325776,0.39406478,0.47529498,0.35641816
51.680073,0.27270028,0.3937142,0.4746571,0.35674086
51.690075,0.2734985,0.3942916,0.4755237,0.35654187
51.700073,0.27321216,0.39384925,0.47649887,0.35637313
51.710075,0.27298546,0.3944579,0.47655332,0.3569992
51.720074,0.27303028,0.39374,0.4766407,0.3565533
51.730076,0.2733965,0.39438438,0.4769369,0.3568255
51.740074,0.27250153,0.39389622,0.47740057,0.35675314
51.750072,0.2726093,0.3939215,0.47819895,0.3570954
51.760075,0.27332908,0.39336103,0.47737062,0.35703227
51.770073,0.2731092,0.39415073,0.4776851,0.35691753
51.780075,0.27318197,0.39338064,0.47820324,0.35653418
51.790073,0.27324104,0.39353663,0.47874597,0.3573254
51.800076,0.2730347,0.39400688,0.47819448,0.35697436
51.810074,0.27276498,0.39372703,0.47803327,0.35747
51.820076,0.2732053,0.3938389,0.478134,0.35713705
51.83007,0.27361116,0.3935434,0.4786268,0.35761166
51.840076,0.27346924,0.39381287,0.47851756,0.35741156
51.850075,0.27383327,0.3942992,0.47895265,0.35662714
51.860077,0.27371198,0.39450073,0.47993296,0.3576879
51.87007,0.27322736,0.39439842,0.47926405,0.35706884
51.880077,0.27285573,0.3944834,0.47964907,0.3574043
51.89007,0.27316397,0.39396343,0.47944674,0.35730737
51.900074,0.27380672,0.3947497,0.4800318,0.3575219
51.910072,0.27292353,0.3945449,0.47964013,0.3569957
51.920074,0.27421376,0.39429647,0.47984713,0.35764962
51.930077,0.27320927,0.39364067,0.4806942,0.35740978
51.940075,0.27191868,0.3935774,0.48061916,0.3572617
51.950935,0.27141204,0.39173537,0.47954732,0.35706303
51.96293,0.27047116,0.39209783,0.4796923,0.35844272
51.970154,0.27121922,0.3920732,0.48087403,0.35666266
51.980087,0.27333844,0.3941475,0.4816847,0.35806316
51.990097,0.2723139,0.39211673,0.48097625,0.35745367
52.000095,0.27096337,0.3927089,0.48101062,0.35825709
52.010094,0.27102125,0.39218232,0.48111692,0.35720545
52.020092,0.2707613,0.39232045,0.48052815,0.35803497
52.030075,0.27255017,0.3935586,0.48170763,0.3583907
52.04007,0.27216387,0.39332214,0.48090255,0.35803658
52.05007,0.271359,0.39228293,0.48190504,0.3579091
52.06007,0.2711703,0.39258847,0.48173666,0.35797796
52.07007,0.27127257,0.39256427,0.48231524,0.3583436
52.08007,0.27129585,0.3920647,0.48191836,0.35770196
52.09007,0.27115995,0.39131886,0.48302487,0.35866347
52.10007,0.2712152,0.3925993,0.4825676,0.35818452
52.11007,0.27128544,0.39207122,0.48289642,0.35786852
52.12008,0.27197057,0.39247945,0.4832402,0.35792962
52.130077,0.27199212,0.3928971,0.48297146,0.35837334
52.14007,0.2728197,0.39371222,0.48372003,0.35826135
52.150074,0.2732434,0.39393136,0.4829003,0.35841957
52.160076,0.2737218,0.3949183,0.48480782,0.35799426
52.170074,0.27314898,0.3940612,0.48515466,0.35831055
52.180077,0.27357733,0.39450923,0.48289356,0.35827115
52.19007,0.27302855,0.39480498,0.4844905,0.35853344
52.200073,0.27313533,0.39409578,0.4850868,0.3588774
52.21008,0.2725824,0.39401394,0.4847597,0.3581794
52.22008,0.27355412,0.3941149,0.48497617,0.3589187
52.23008,0.27276483,0.39413428,0.48440194,0.35931674
52.240078,0.27369624,0.39287594,0.48488873,0.35853192
52.250076,0.2728334,0.39379314,0.48495752,0.3592246
52.260075,0.27361223,0.39465678,0.48547745,0.35873508
52.270073,0.27359578,0.39419627,0.4852186,0.358588
52.280075,0.27358872,0.39403734,0.48568013,0.3593157
52.290077,0.27394524,0.3939365,0.4857533,0.35889906
52.300076,0.27354327,0.39423624,0.4863174,0.35995468
52.310085,0.2735596,0.39452994,0.48633286,0.35955343
52.32008,0.2736752,0.39415252,0.4868594,0.35934818
52.330074,0.27330855,0.39336547,0.48679167,0.35899067
52.340076,0.27319402,0.39357746,0.48674795,0.35961935
52.350075,0.2735205,0.39497045,0.4871354,0.35972023
52.360077,0.27351174,0.39398175,0.4868921,0.35978684
52.370075,0.27361926,0.39459172,0.48772767,0.3607578
52.380074,0.2728458,0.39371118,0.48742095,0.35979155
52.390076,0.2739324,0.39440566,0.4880759,0.36057362
52.400074,0.27348375,0.3944549,0.4876483,0.35994425
52.4101,0.27274153,0.39407682,0.48803684,0.35984945
52.420082,0.27294543,0.39399502,0.488695,0.35964048
52.430073,0.27329236,0.3940838,0.4882811,0.36031702
52.440075,0.27300063,0.39439905,0.4881898,0.36029717
52.450073,0.27316743,0.39377123,0.4895958,0.35987264
52.460075,0.27311796,0.39396963,0.4887736,0.3605586
52.470093,0.27365953,0.39308274,0.48828924,0.36009195
52.480103,0.27093285,0.39234504,0.48852798,0.35998538
52.49009,0.27100438,0.39221177,0.48926464,0.36003032
52.5001,0.2735924,0.39486232,0.48961997,0.3609768
52.51012,0.2733595,0.39382124,0.489335,0.36083832
52.520096,0.27407724,0.3943225,0.49026036,0.3614386
52.530083,0.27258158,0.3933872,0.48960215,0.36087966
52.540077,0.272836,0.39497146,0.49016798,0.3610284
52.550076,0.27319953,0.39438576,0.49063188,0.36114007
52.560074,0.27351317,0.39429083,0.490969,0.36121058
52.570072,0.27270454,0.39358747,0.49055633,0.3610878
52.580074,0.2727033,0.3938749,0.49010053,0.36074248
52.590076,0.27321172,0.3943216,0.49106613,0.36073282
52.600075,0.2735546,0.39437196,0.49089974,0.36184937
52.610077,0.27367067,0.39368638,0.4919345,0.36046916
52.620075,0.27297032,0.39458966,0.49105003,0.36127046
52.630077,0.2732147,0.39412633,0.49133173,0.3611453
52.640076,0.27333018,0.3943754,0.4919536,0.36178795
52.650078,0.27442816,0.39417163,0.4914965,0.36204344
52.660076,0.27344584,0.39390972,0.49155256,0.36163506
52.670074,0.27386463,0.3940175,0.49225852,0.36218372
52.680077,0.27328286,0.39425024,0.4927822,0.3616023
52.690075,0.27341905,0.3946237,0.4932617,0.3621485
52.700073,0.27397546,0.3944359,0.4931357,0.36232916
52.710075,0.27345532,0.39411318,0.49326158,0.3625946
52.720074,0.27342284,0.39433432,0.49271503,0.36246294
52.730076,0.27341,0.39418146,0.49412456,0.36280784
52.740078,0.27309456,0.39392462,0.49366662,0.3627555
52.750072,0.2726964,0.39444923,0.4933425,0.36283126
52.760075,0.27374524,0.39374274,0.493832,0.36246827
52.770077,0.27338052,0.39410844,0.49424604,0.36341012
52.780075,0.27336487,0.39485642,0.49375567,0.3631433
52.790073,0.27297246,0.3937861,0.49542886,0.3632042
52.800076,0.27386165,0.39421666,0.4955853,0.36260572
52.810074,0.27167475,0.39251363,0.49280342,0.36354515
52.820076,0.27304924,0.39567733,0.49397007,0.3630201
52.830074,0.27351475,0.3955008,0.4955602,0.36125788
52.840073,0.2729221,0.39363793,0.49489883,0.36470255
52.850075,0.27332994,0.3932856,0.4942429,0.36454093
52.860073,0.27367264,0.39583623,0.49507087,0.3620721
52.870075,0.27313977,0.39433703,0.4944631,0.364765
52.880077,0.2733329,0.39404348,0.4950603,0.36460143
52.890076,0.27269292,0.39356032,0.4955303,0.3646675
52.900074,0.27208924,0.39505866,0.4954774,0.36259803
52.910072,0.2718908,0.394145,0.4960048,0.36342946
52.920074,0.27220958,0.39458913,0.49632302,0.3633017
52.930073,0.2727941,0.39461458,0.49629486,0.36465856
52.940083,0.27156323,0.3924117,0.49635348,0.36359325
52.950935,0.27115566,0.39219546,0.49609742,0.363996
52.96009,0.27109167,0.39226988,0.49575186,0.3632948
52.970093,0.2708819,0.39214206,0.49651656,0.3646611
52.98008,0.2729629,0.3945485,0.4969232,0.36488384
52.990124,0.2704446,0.39268187,0.49689588,0.36497277
53.00009,0.27029592,0.39241093,0.49725553,0.36487845
53.01009,0.27114123,0.39244476,0.49636465,0.3646964
53.020092,0.27341962,0.39318037,0.49746576,0.36511084
53.03009,0.2720763,0.39386076,0.4971081,0.3649158
53.040077,0.27226463,0.3938999,0.4976582,0.36507308
53.050076,0.27305773,0.39338034,0.49818668,0.3651309
53.060074,0.2733334,0.39377877,0.4980109,0.36537164
53.070072,0.2732171,0.39405143,0.4978506,0.36549664
53.080074,0.27254826,0.39386258,0.49872956,0.3653669
53.090073,0.27278548,0.39386392,0.49851486,0.3656977
53.10007,0.27352896,0.39522648,0.49888298,0.36606494
53.110073,0.27314523,0.39438048,0.4987126,0.36619237
53.12008,0.27383873,0.3953571,0.49879438,0.36630762
53.130077,0.2731346,0.39462754,0.49889308,0.3664281
53.140076,0.27314445,0.39487648,0.4993622,0.3663711
53.150074,0.27340847,0.3955323,0.49968526,0.36650342
53.160076,0.2734513,0.3943163,0.49969822,0.36661583
53.170074,0.27328387,0.39374223,0.49940732,0.36666486
53.180077,0.27331972,0.3949065,0.49961913,0.36685458
53.190075,0.27315578,0.39370784,0.4993901,0.36711234
53.200073,0.27407324,0.39491814,0.5002172,0.36685157
53.210087,0.27349868,0.39501703,0.5002764,0.3671991
53.220078,0.2733891,0.39477918,0.50022113,0.36737674
53.230076,0.27363062,0.3942948,0.5005575,0.36681768
53.240074,0.2730586,0.3943373,0.500366,0.36682883
53.250076,0.2739398,0.39465174,0.5006271,0.36699775
53.260075,0.2727451,0.39455983,0.50036895,0.36754248
53.270073,0.27337286,0.39480796,0.500058,0.36756662
53.280075,0.27377674,0.39447394,0.5009266,0.36819953
53.290073,0.27323413,0.39424422,0.50086194,0.36760288
53.300076,0.27304363,0.39457884,0.5004729,0.36728925
53.310074,0.27359438,0.39425468,0.50090146,0.36824512
53.320076,0.27349943,0.39422658,0.50159377,0.36809748
53.330074,0.2731842,0.39454234,0.5012438,0.36795846
53.340073,0.27322143,0.39462093,0.5017292,0.3685882
53.350075,0.27340105,0.39433646,0.5013102,0.36846146
53.360073,0.27337906,0.39408076,0.50227916,0.3682451
53.370075,0.27350897,0.39394462,0.50165635,0.368497
53.380074,0.27319002,0.3942978,0.50237256,0.3685199
53.39007,0.27299443,0.39403778,0.502041,0.3684167
53.400074,0.27432394,0.39444745,0.50282836,0.368988
53.410072,0.27278805,0.3937477,0.50219667,0.3688632
53.420094,0.273953,0.39493138,0.50259507,0.36930278
53.430077,0.27286968,0.39433834,0.50208426,0.36952722
53.440075,0.27400935,0.3949382,0.50254947,0.37036762
53.450073,0.2741634,0.39493412,0.50361127,0.36994314
53.460075,0.27340683,0.39425436,0.50298727,0.36990935
53.470085,0.27300504,0.39397314,0.5020923,0.369691
53.48009,0.27087718,0.39264762,0.5021585,0.370024
53.490093,0.27090174,0.39279222,0.5022792,0.3701343
53.500103,0.27212363,0.3926661,0.50264555,0.37026662
53.510082,0.27198687,0.39166328,0.5027191,0.3690781
53.520107,0.2726352,0.3941646,0.5028685,0.37054262
53.530075,0.27323243,0.39376873,0.50326633,0.37077904
53.540077,0.27294952,0.39414555,0.5039449,0.3705393
53.550076,0.27389896,0.3950154,0.50383323,0.3718318
53.560074,0.27272594,0.39440203,0.50332487,0.3717154
53.570076,0.27332735,0.39438325,0.5038655,0.37151006
53.580074,0.27300417,0.394227,0.50396365,0.3719185
53.590076,0.2732908,0.39496574,0.5046884,0.37200686
53.600075,0.27391794,0.3951235,0.50396395,0.37173346
53.610073,0.27337298,0.39462903,0.5046113,0.3718886
53.620075,0.27377716,0.39416972,0.504166,0.37120155
53.630074,0.2735171,0.3945382,0.5043485,0.37239614
53.640076,0.2732245,0.39488783,0.5040551,0.37260813
53.650074,0.2737491,0.39468515,0.5044734,0.3725577
53.660076,0.273388,0.3943545,0.50423986,0.37310725
53.670074,0.27270746,0.39485434,0.5043166,0.37245575
53.680073,0.27338713,0.39479023,0.5044751,0.3729266
53.690075,0.2735861,0.3943798,0.5051114,0.37301096
53.700073,0.27344602,0.39539927,0.5045659,0.37325442
53.71007,0.2731577,0.39465815,0.5046405,0.37336093
53.720078,0.27319458,0.3945753,0.5045071,0.37391344
53.730076,0.27302212,0.39404398,0.5046728,0.37308925
53.740074,0.27297404,0.39515153,0.5054526,0.37343204
53.750072,0.27327308,0.39416993,0.50543785,0.37452623
53.760075,0.2725066,0.3941726,0.50520533,0.37413698
53.770077,0.27341497,0.39386865,0.50486946,0.3738915
53.780075,0.27302665,0.39378092,0.5053819,0.37416193
53.790073,0.2731648,0.39402637,0.50518364,0.37435946
53.800076,0.27303007,0.394386,0.50517005,0.37389237
53.810074,0.27307007,0.3943693,0.5058137,0.3751962
53.820072,0.2725412,0.3939264,0.5057092,0.37513578
53.830074,0.2737535,0.39500692,0.50549394,0.37557897
53.840076,0.27293378,0.39409986,0.50593114,0.3753193
53.850075,0.27371892,0.39478543,0.50534993,0.37552014
53.860073,0.27356502,0.39400706,0.5055102,0.3760409
53.87007,0.27344492,0.39485016,0.5054522,0.37540725
53.880074,0.27317178,0.39511716,0.5061259,0.37541708
53.890076,0.27390608,0.393992,0.5058718,0.37578794
53.900078,0.27374813,0.39445773,0.50591457,0.37567386
53.910072,0.27356318,0.39459547,0.50602853,0.376597
53.920074,0.27374762,0.39486805,0.50686127,0.37690488
53.93009,0.27310753,0.39471114,0.50580484,0.37680393
53.940075,0.27191642,0.3933859,0.5063274,0.37606874
53.95009,0.27222225,0.39162156,0.50617516,0.37563896
53.960087,0.27069277,0.39286086,0.50620687,0.37675464
53.970097,0.27042693,0.39251116,0.50643915,0.37671795
53.980083,0.2729539,0.39450628,0.5064281,0.37741354
53.990097,0.27070567,0.3917573,0.50645465,0.3775422
54.000088,0.27152038,0.39276522,0.50693434,0.37692684
54.01009,0.27043712,0.39219135,0.506644,0.37721044
54.020084,0.27191415,0.39352623,0.5066322,0.37813112
54.030148,0.27229023,0.39426246,0.50712603,0.37791273
54.04007,0.2725431,0.39399135,0.50704587,0.37899223
54.050068,0.27187186,0.3939001,0.5072967,0.37826106
54.06007,0.27243868,0.3933127,0.50768536,0.3786629
54.07007,0.27217573,0.3940273,0.5073265,0.37898257
54.08007,0.27228725,0.39371338,0.5069422,0.37905264
54.09007,0.27176878,0.39375746,0.50678355,0.3792876
54.100067,0.27311313,0.39323145,0.50744534,0.37850216
54.11007,0.27250248,0.3930317,0.50704956,0.37864646
54.120068,0.27205235,0.3934956,0.5077549,0.37955573
54.130066,0.2720046,0.3936023,0.5078641,0.37990478
54.140076,0.2729075,0.39401895,0.50743926,0.3799586
54.150074,0.2736562,0.39483306,0.5081039,0.3798214
54.160072,0.27332917,0.39427322,0.5080087,0.37940264
54.170074,0.27348152,0.3944455,0.50834596,0.3800678
54.180073,0.2732144,0.39434305,0.50813633,0.37973624
54.190075,0.2740828,0.39495972,0.5081796,0.380391
54.200073,0.27284876,0.39472628,0.5080293,0.38027838
54.21007,0.27108333,0.39471167,0.50804347,0.38008347
54.220074,0.27295098,0.39447373,0.5085488,0.3802546
54.230076,0.27341273,0.39335293,0.5085448,0.38133746
54.240074,0.27326798,0.39414185,0.50846756,0.3812415
54.250076,0.27258,0.39426127,0.5091866,0.381307
54.260075,0.27310127,0.39449608,0.50927484,0.3814658
54.270077,0.27337772,0.3944179,0.5084356,0.38108495
54.28007,0.27364305,0.39496875,0.509452,0.38126287
54.290073,0.27337724,0.3946659,0.50899315,0.38179824
54.300076,0.27403024,0.39493853,0.50940806,0.3821368
54.310074,0.27361172,0.39459884,0.5091644,0.38177326
54.320076,0.27330726,0.39473808,0.51002693,0.38195807
54.330074,0.2727935,0.3943114,0.5094862,0.38254142
54.340076,0.27366343,0.39516285,0.50915223,0.38317433
54.350075,0.2734526,0.39474022,0.5091947,0.3826491
54.360077,0.27297428,0.3942642,0.50901,0.38267118
54.370075,0.27293643,0.39493993,0.5084718,0.38262492
54.380074,0.2733262,0.39447618,0.5095873,0.38253647
54.390076,0.2730941,0.394472,0.5098422,0.38311413
54.400074,0.27303377,0.39442614,0.5090129,0.3834737
54.410072,0.27330318,0.39458215,0.50984764,0.38306352
54.420074,0.27312493,0.39463282,0.5098546,0.38357604
54.430077,0.27321878,0.39553824,0.50914913,0.3833434
54.440075,0.27477017,0.39479765,0.5099172,0.38300553
54.450073,0.27399418,0.39462328,0.5108438,0.38363197
54.460075,0.27330428,0.39444923,0.5101034,0.3836012
54.470085,0.27289167,0.39426476,0.509929,0.38389584
54.48009,0.27055278,0.39243042,0.5100026,0.38402355
54.490093,0.27116916,0.39302036,0.51002395,0.38362572
54.500088,0.27050835,0.39205566,0.51033175,0.38294524
54.510086,0.27279955,0.394591,0.51032025,0.38441917
54.52008,0.27281126,0.39416596,0.5104901,0.3841922
54.53008,0.27260178,0.39350826,0.5110541,0.3849109
54.540077,0.27357176,0.39470965,0.51086646,0.38444307
54.550076,0.27323994,0.39388165,0.5109888,0.38441366
54.560074,0.27311683,0.39446986,0.51095814,0.38506824
54.570072,0.2726362,0.3942026,0.5098612,0.38455766
54.58008,0.27297515,0.39461005,0.50982046,0.38475016
54.590076,0.2732211,0.39477867,0.5118978,0.38523293
54.600075,0.27310327,0.39495483,0.5102235,0.3851895
54.610073,0.27346247,0.39416724,0.50946105,0.3849171
54.620075,0.27395132,0.39481214,0.5104535,0.38599288
54.630077,0.2734374,0.39383686,0.51139605,0.38541442
54.64007,0.27374923,0.39298564,0.5115216,0.38490874
54.650078,0.27338582,0.39452285,0.5119775,0.38565773
54.660072,0.27369037,0.3950824,0.511762,0.38582653
54.670074,0.27270994,0.39487433,0.51207054,0.3855312
54.680073,0.2730047,0.39482573,0.5118209,0.38574162
54.69007,0.2732623,0.39459595,0.5124365,0.38598657
54.700073,0.2736447,0.39469853,0.511625,0.3864882
54.71007,0.27309513,0.39430302,0.5123877,0.38606408
54.720078,0.27342093,0.39442614,0.5128949,0.38677022
54.730076,0.27370173,0.39508545,0.5125506,0.38698304
54.740078,0.27355248,0.394114,0.51190317,0.38573778
54.750076,0.27370822,0.39462385,0.5117777,0.3871003
54.760075,0.27259406,0.39418924,0.51247704,0.38680315
54.770073,0.27326128,0.39491007,0.5126592,0.3867761
54.780075,0.27327028,0.39492148,0.5122976,0.38619462
54.790073,0.27373835,0.3950385,0.5124571,0.38737547
54.800076,0.27340877,0.39520124,0.51268876,0.3874422
54.810074,0.27357727,0.3949704,0.5133296,0.38735038
54.820076,0.2723613,0.39402464,0.5122839,0.38768423
54.830074,0.2727097,0.39319405,0.51290965,0.38724327
54.840076,0.2726404,0.39347637,0.5131433,0.3868812
54.850075,0.27265346,0.39389005,0.51273376,0.38731572
54.860077,0.27213696,0.39391243,0.51313484,0.38752684
54.870075,0.27225015,0.3941162,0.5129428,0.38746247
54.880074,0.27232674,0.39412,0.512879,0.38768387
54.890076,0.27257767,0.39378998,0.51355743,0.3876527
54.900074,0.27405694,0.3943091,0.5136753,0.38817713
54.910072,0.27345902,0.39506206,0.51299065,0.38835335
54.920074,0.27382308,0.39508253,0.5134244,0.38896722
54.930073,0.27282155,0.3948948,0.51361763,0.3890889
54.940075,0.27204618,0.39389098,0.51376915,0.3882813
54.950092,0.27131468,0.39234623,0.5136696,0.38818187
54.96009,0.27119282,0.39217204,0.51446736,0.3886228
54.970093,0.2717591,0.39224407,0.5132208,0.38909695
54.980083,0.27272558,0.39435172,0.5137066,0.388757
54.99008,0.27262163,0.3942189,0.5140416,0.38913086
55.000095,0.2708486,0.39250314,0.5137612,0.388539
55.01011,0.26882383,0.3914549,0.5141679,0.38782924
55.02009,0.27013925,0.39238486,0.5144668,0.3885032
55.03009,0.26895368,0.38771737,0.5136035,0.38819999
55.040085,0.27025244,0.39043793,0.5135533,0.38848826
55.050083,0.2687645,0.3916379,0.5142228,0.38853914
55.06008,0.27191445,0.39357358,0.5142601,0.3889413
55.070076,0.27241722,0.393419,0.5151633,0.38974762
55.080074,0.27297348,0.39417532,0.51484364,0.38983294
55.090073,0.27351922,0.3942855,0.5151406,0.3898866
55.10007,0.27318585,0.39400724,0.5152144,0.3893959
55.11007,0.2734807,0.39475283,0.5156835,0.38972735
55.12007,0.2724021,0.3952197,0.51536924,0.38997877
55.13007,0.27253857,0.39490402,0.51534134,0.39040026
55.140068,0.2723219,0.39382544,0.5151841,0.39012775
55.150074,0.2728136,0.3946793,0.51541466,0.3896282
55.160076,0.2732881,0.39529526,0.51540434,0.38964617
55.17007,0.27350873,0.39430243,0.51629883,0.3896426
55.180077,0.27347893,0.39484748,0.5160191,0.39012045
55.190075,0.27230132,0.39436173,0.5155359,0.39042646
55.200073,0.27376413,0.39502397,0.51555824,0.38956222
55.21008,0.27350408,0.39405593,0.51538485,0.39064813
55.220078,0.27339062,0.3958023,0.5166056,0.3901296
55.230076,0.27299866,0.39465338,0.51572746,0.39070517
55.240074,0.27313805,0.39445075,0.51642144,0.3904247
55.250076,0.27332082,0.3947478,0.51437443,0.39078707
55.260075,0.27394503,0.39507556,0.5160941,0.3901194
55.270073,0.27297506,0.39483273,0.51685363,0.3904443
55.280075,0.2732961,0.39485332,0.5173499,0.39073953
55.290073,0.27263457,0.39454594,0.51707363,0.39008543
55.300076,0.27402186,0.39345896,0.5167526,0.38900712
55.310074,0.27298388,0.3937232,0.5166058,0.3920081
55.320072,0.27365318,0.39622357,0.5163122,0.39133215
55.33007,0.27280998,0.39456183,0.5167631,0.39217687
55.340076,0.2739425,0.39303875,0.5168841,0.38921794
55.350075,0.2734507,0.3944794,0.5164266,0.3913852
55.360073,0.273173,0.39457783,0.51719975,0.3914997
55.370075,0.27219492,0.39487973,0.51730675,0.39113185
55.380077,0.2730521,0.39442867,0.5170087,0.39123663
55.390076,0.274053,0.39514202,0.51760256,0.390986
55.400074,0.27323747,0.3944314,0.51754034,0.39126202
55.410072,0.27376384,0.39478528,0.51658875,0.39072618
55.420074,0.27343556,0.39463088,0.5172592,0.39174613
55.430077,0.2734691,0.3945106,0.51701444,0.3917813
55.44009,0.27270097,0.39423245,0.51650083,0.39233252
55.450077,0.27295312,0.39470622,0.5170048,0.39155725
55.460075,0.27380815,0.39464575,0.51687646,0.39156404
55.470085,0.2735381,0.39457864,0.5172703,0.39161116
55.480087,0.27136338,0.39201134,0.5174356,0.39190492
55.490093,0.27107203,0.39316824,0.5172751,0.39159042
55.500088,0.2713764,0.39242852,0.5172165,0.39113754
55.510082,0.2717403,0.39062217,0.51755756,0.39199346
55.52008,0.27284032,0.3952325,0.51783586,0.39231375
55.530075,0.27301678,0.39400494,0.5178514,0.3917433
55.5401,0.27356556,0.39514774,0.5181732,0.39272243
55.550076,0.27323627,0.39555183,0.5182626,0.3926486
55.560074,0.27288574,0.39494926,0.51815844,0.39256412
55.570076,0.2734811,0.39493728,0.51783276,0.392902
55.580074,0.27348676,0.3956173,0.5180496,0.39282656
55.590076,0.26932776,0.3943348,0.5175572,0.39260098
55.60008,0.2731849,0.39473587,0.51818454,0.3925633
55.610073,0.27310625,0.39432192,0.5186289,0.392644
55.62008,0.27349174,0.3946,0.51645994,0.39281422
55.630074,0.27336702,0.39542553,0.51855224,0.39243928
55.640095,0.27373496,0.394925,0.5181447,0.39332017
55.650074,0.2736468,0.3949002,0.518452,0.39260778
55.660076,0.2735307,0.39533716,0.5178003,0.39356795
55.670074,0.27319527,0.39442125,0.5182635,0.39301312
55.680073,0.2733692,0.3945954,0.5176524,0.3932699
55.690075,0.27246633,0.395559,0.51826566,0.39404193
55.700073,0.27233833,0.39488995,0.5180287,0.39395118
55.710075,0.27365765,0.394235,0.518337,0.3936394
55.720074,0.27276796,0.394401,0.51808345,0.3938341
55.730076,0.2731119,0.39536607,0.5187589,0.39354515
55.74009,0.273241,0.39418787,0.517771,0.39443824
55.750072,0.27333555,0.3941251,0.5186466,0.3932044
55.760075,0.27122796,0.39431602,0.517874,0.39327937
55.770077,0.27287397,0.39441234,0.5183491,0.39388868
55.780075,0.2733931,0.39469597,0.5184446,0.39370495
55.790077,0.2725117,0.394109,0.5180178,0.39344355
55.800076,0.27388182,0.3947518,0.5188444,0.39362708
55.810074,0.27321133,0.3948524,0.52015346,0.39402592
55.820072,0.27292565,0.39474443,0.51655483,0.39473438
55.83007,0.27342808,0.39519036,0.51946205,0.39416677
55.840096,0.2735493,0.39460546,0.5199772,0.3953824
55.850075,0.27274585,0.39441538,0.5170552,0.39391753
55.860077,0.27372652,0.39510137,0.5178055,0.39435259
55.87007,0.27363122,0.39444748,0.5187138,0.3947866
55.880077,0.27364016,0.3955962,0.518427,0.39473546
55.890076,0.27407032,0.39537296,0.51847184,0.39450142
55.900074,0.27276477,0.39449936,0.5182911,0.39426884
55.910072,0.273516,0.39456126,0.51883745,0.39469555
55.920074,0.27351037,0.39450178,0.51873684,0.39533377
55.930073,0.2737877,0.3955235,0.5183069,0.39516672
55.940075,0.27261594,0.39407516,0.51765287,0.39427134
55.950092,0.2719881,0.39344114,0.5186893,0.3947565
55.96009,0.27091837,0.39258012,0.5177089,0.3950049
55.970093,0.27109852,0.3931873,0.5179307,0.3954632
55.98008,0.27163428,0.39380237,0.5186743,0.39535
55.99008,0.2733811,0.39423147,0.5188147,0.39686143
56.0002,0.27056816,0.39283547,0.5172058,0.3952441
56.01009,0.27058423,0.3913869,0.51659876,0.39573503
56.020092,0.2709264,0.39293742,0.5173307,0.39521074
56.03009,0.27352524,0.39517885,0.51752144,0.3952626
56.040085,0.27177006,0.39487103,0.5178467,0.39556944
56.05008,0.27284613,0.3935112,0.5175593,0.3955895
56.060074,0.2733972,0.39458844,0.5201085,0.3960112
56.070072,0.27397105,0.3957513,0.5172974,0.3960149
56.080074,0.2737246,0.3948507,0.5187462,0.39508724
56.090076,0.27269602,0.39522606,0.51861596,0.39629582
56.100075,0.2735723,0.39660665,0.5187886,0.39580962
56.110073,0.27273715,0.3962993,0.51843715,0.39553124
56.120075,0.27384913,0.39517733,0.5187768,0.39611158
56.130074,0.27367538,0.39411557,0.5186519,0.39604327
56.140076,0.27362314,0.39476082,0.51839405,0.39672711
56.15009,0.27345845,0.39443555,0.5178032,0.39655814
56.160076,0.27369374,0.39501786,0.51918894,0.39675128
56.170074,0.2733231,0.39496303,0.5193609,0.39711994
56.180073,0.2736223,0.39500538,0.51879007,0.39686227
56.190075,0.27318174,0.3942223,0.5180135,0.3964801
56.200077,0.2732132,0.39457294,0.51592004,0.39693266
56.210075,0.2729898,0.39495796,0.51681525,0.3959577
56.220078,0.2731052,0.39523536,0.5175486,0.39673454
56.230076,0.2734213,0.39497897,0.5169799,0.39778876
56.240074,0.27278122,0.39541098,0.51877344,0.3956843
56.250072,0.27391812,0.39546314,0.5185806,0.39580154
56.260075,0.27332944,0.3944285,0.5184036,0.39773482
56.270073,0.2739564,0.39365023,0.5180235,0.39870253
56.280075,0.27425647,0.39667144,0.5180473,0.39734572
56.290073,0.27314433,0.39524585,0.5189221,0.3984158
56.30007,0.2741126,0.3952409,0.51811695,0.398568
56.310074,0.27438182,0.39531523,0.5185081,0.3977834
56.320072,0.2746487,0.39425147,0.51787305,0.39729628
56.330074,0.27420694,0.39489338,0.51812315,0.39817065
56.340076,0.27466616,0.39514524,0.51819116,0.39814642
56.350086,0.2717538,0.39503184,0.51797426,0.39781064
56.36008,0.27302185,0.3941272,0.5185662,0.39724693
56.37007,0.27344748,0.39510414,0.5180632,0.39821675
56.380077,0.27388602,0.39473566,0.51787215,0.39765546
56.390076,0.27294603,0.3936684,0.5182975,0.39787534
56.400074,0.27411303,0.3949415,0.519092,0.39816672
56.410076,0.27335387,0.39458326,0.51730025,0.3979163
56.420074,0.27375785,0.39474112,0.5181016,0.39827895
56.430073,0.27357394,0.39495227,0.518486,0.3974562
56.440075,0.2743164,0.3955977,0.5177795,0.39838147
56.450073,0.27346268,0.39445555,0.5184447,0.39905557
56.460075,0.2733505,0.39514545,0.5171754,0.39843023
56.470085,0.2721292,0.39520824,0.518511,0.39861652
56.48009,0.27119833,0.3939283,0.5176182,0.39838165
56.490093,0.2713348,0.39074263,0.51738805,0.39736173
56.50009,0.27158204,0.39394787,0.5180764,0.39871678
56.510082,0.27219275,0.394923,0.518064,0.39797768
56.52009,0.27323404,0.39421988,0.51751673,0.39955175
56.530075,0.27284366,0.3927109,0.51727855,0.3979209
56.540073,0.27256453,0.39322788,0.51856184,0.3979536
56.55007,0.27362245,0.39390975,0.5179007,0.3983665
56.560074,0.2727686,0.39595452,0.51823276,0.39934322
56.570076,0.2731091,0.39555755,0.5177539,0.39925882
56.580074,0.2732086,0.3959704,0.5176216,0.39942265
56.590073,0.27240998,0.39448726,0.51754475,0.39957112
56.600075,0.27220958,0.39447597,0.5174491,0.39916265
56.610073,0.27326941,0.39551425,0.51751405,0.39908913
56.620075,0.2733893,0.3946748,0.51813024,0.39938137
56.630077,0.27354378,0.39498007,0.51750034,0.3994795
56.64008,0.27319783,0.39455348,0.5184062,0.39891908
56.650074,0.27288845,0.39416802,0.5174,0.39922285
56.660072,0.27318075,0.39452076,0.5175392,0.3994662
56.670074,0.27384892,0.39522865,0.51769364,0.39972618
56.680077,0.2737721,0.39500594,0.517542,0.3991814
56.690075,0.2731244,0.39534444,0.51808167,0.39963475
56.700077,0.273608,0.395128,0.5177351,0.39955565
56.71007,0.2727276,0.39446756,0.5175999,0.39938793
56.720078,0.2734634,0.3942199,0.51846004,0.39967832
56.730076,0.27315477,0.39387226,0.51760423,0.39961836
56.740078,0.2742556,0.3944773,0.5182292,0.39976856
56.750072,0.27377957,0.39384443,0.51754355,0.39985952
56.760094,0.27303267,0.39592364,0.5179714,0.3994777
56.770073,0.2742112,0.39474696,0.5177674,0.39986682
56.780075,0.2732725,0.3948107,0.5187533,0.40061212
56.790073,0.27335492,0.39460048,0.5174643,0.4001028
56.800076,0.27347383,0.3945679,0.51806873,0.39938974
56.810074,0.27309072,0.3955875,0.5177444,0.40029174
56.820072,0.27387497,0.39476797,0.5181655,0.40004596
56.830074,0.27372423,0.3948915,0.5177995,0.39975694
56.840076,0.27296168,0.39496002,0.5176807,0.3998981
56.85007,0.27384138,0.3946941,0.5172884,0.39956045
56.860073,0.27271077,0.39451152,0.5178638,0.3999423
56.870075,0.27337542,0.39433724,0.51735747,0.40033555
56.880077,0.2737794,0.3945217,0.51821655,0.4003152
56.890076,0.27240112,0.39492148,0.51826966,0.4004823
56.900074,0.2732115,0.39446133,0.51766825,0.4003968
56.910072,0.2737389,0.39475095,0.51794225,0.39986867
56.920074,0.27336752,0.39491433,0.51810175,0.40015453
56.930077,0.2737338,0.39538434,0.51758856,0.4000437
56.940075,0.27186483,0.39371708,0.51726687,0.39956355
56.95009,0.27022144,0.39145252,0.51735044,0.4000377
56.960087,0.27058306,0.3923916,0.51713496,0.39998218
56.9701,0.27040923,0.39135855,0.5171726,0.40058446
56.980103,0.26944667,0.39460894,0.517327,0.400124
56.99008,0.27278414,0.39397532,0.5182042,0.40072227
57.000088,0.2717489,0.39304486,0.51697874,0.40020373
57.010086,0.2713622,0.39288944,0.5171961,0.40062892
57.020092,0.27106795,0.393991,0.51727337,0.4001554
57.030087,0.27340737,0.39455906,0.51762724,0.4005948
57.040085,0.27341667,0.3945535,0.5180712,0.40023682
57.05008,0.2730512,0.39407486,0.5178035,0.39976922
57.060078,0.27410278,0.39479172,0.51789635,0.40063387
57.07005,0.2722209,0.39405468,0.51728964,0.4007106
57.080074,0.27400258,0.39486608,0.5178001,0.40112534
57.090073,0.27305362,0.39394435,0.5180281,0.40045753
57.10007,0.2724994,0.39457545,0.5178164,0.40071565
57.110073,0.27314812,0.3941815,0.5167161,0.40065303
57.12007,0.272783,0.3945902,0.5172687,0.4009119
57.130074,0.27244088,0.39425743,0.51745456,0.40039942
57.14007,0.2727072,0.39448002,0.5181256,0.40148997
57.150074,0.27335075,0.39461318,0.5177985,0.4011233
57.160072,0.2729234,0.39452434,0.51753694,0.401155
57.170105,0.2736281,0.39442283,0.51798993,0.400913
57.180077,0.27376422,0.3941932,0.5171686,0.4005467
57.19007,0.27354258,0.39526215,0.5177926,0.40133935
57.200077,0.27325195,0.395109,0.5169665,0.4006191
57.210075,0.27357295,0.39440036,0.517526,0.40085253
57.220078,0.2729598,0.3944739,0.51695883,0.40056416
57.230072,0.27349204,0.3950084,0.51784503,0.40116924
57.240074,0.2728022,0.39496034,0.5175849,0.40057063
57.250076,0.27308536,0.39445034,0.5174332,0.40125337
57.260075,0.27322412,0.39519063,0.5170546,0.4009567
57.270092,0.27358606,0.39481357,0.5172044,0.40070453
57.280075,0.27289236,0.39461377,0.51754874,0.40081203
57.290073,0.2728444,0.39461237,0.5172546,0.40155596
57.300076,0.27392095,0.39536476,0.51702297,0.40086585
57.310074,0.2731025,0.39532572,0.5172532,0.40074828
57.320076,0.27392656,0.395266,0.5168087,0.40084064
57.330074,0.27301076,0.3937391,0.5181726,0.40064448
57.340073,0.27337334,0.3947164,0.5170547,0.4008056
57.350075,0.27336663,0.39497462,0.51736474,0.40106413
57.360073,0.27317035,0.39476454,0.5180129,0.40062967
57.37009,0.2732756,0.39420226,0.5173317,0.40117335
57.380077,0.27302316,0.3949499,0.5175605,0.40115088
57.390076,0.27318332,0.39410073,0.5169153,0.40103662
57.400078,0.2729958,0.3950617,0.51740634,0.4011774
57.410072,0.27308208,0.39448333,0.51747006,0.40143862
57.420074,0.2733028,0.3949343,0.5171911,0.40142074
57.430073,0.2734399,0.39462787,0.517461,0.40124834
57.440075,0.2732285,0.3941992,0.5171895,0.40108576
57.450077,0.27340075,0.39389557,0.5171671,0.40023994
57.460075,0.27271906,0.3943981,0.517358,0.40059304
57.470406,0.27226618,0.39485472,0.51760095,0.4013629
57.480156,0.2720402,0.39355373,0.51688594,0.40046772
57.490105,0.27137312,0.39382374,0.51756376,0.40057045
57.50009,0.27145815,0.3928928,0.51696706,0.4010252
57.51009,0.27331018,0.39375293,0.5167133,0.4004844
57.520084,0.27277738,0.39452532,0.51672894,0.4006453
57.53008,0.27337712,0.39492482,0.51704705,0.4012819
57.540077,0.27243173,0.39437354,0.51682,0.40068585
57.550076,0.27339548,0.394268,0.5168623,0.40199617
57.560078,0.27374807,0.39474156,0.5166156,0.40032792
57.570076,0.27328268,0.3950978,0.51700807,0.40126443
57.580074,0.27313858,0.3954658,0.5174396,0.40108213
57.590073,0.27297023,0.39390752,0.5168866,0.4006551
57.600075,0.27133298,0.3940041,0.5166061,0.40092954
57.610077,0.2741094,0.39387682,0.51656383,0.40059376
57.620075,0.27447677,0.39445445,0.5171972,0.40135315
57.630074,0.2735013,0.39360958,0.5164468,0.40068364
57.640076,0.27151984,0.39340088,0.51662946,0.40176252
57.650074,0.27270398,0.3923109,0.5164292,0.40027162
57.660076,0.2727359,0.3963297,0.5169464,0.40305918
57.670074,0.27299964,0.39464352,0.51643825,0.401873
57.680073,0.27368775,0.39518544,0.5172381,0.4014247
57.690075,0.27297708,0.39456078,0.51676196,0.40168193
57.700077,0.27309456,0.39441806,0.5171872,0.40095377
57.71007,0.2730059,0.39436397,0.5163205,0.40079233
57.720074,0.27381015,0.394512,0.51705545,0.40085518
57.730076,0.2732709,0.39452177,0.51687676,0.4007101
57.740074,0.27255395,0.39492646,0.51716244,0.40155154
57.750076,0.2728807,0.39526522,0.516486,0.40172797
57.760075,0.27351043,0.39497277,0.5166035,0.4013295
57.770073,0.27361536,0.39550418,0.5170372,0.4010922
57.780075,0.27332413,0.3949888,0.51697695,0.4010773
57.790073,0.27342838,0.3945617,0.5162931,0.40205067
57.800076,0.27255565,0.3940574,0.516353,0.40122643
57.810078,0.2738167,0.3944367,0.51664734,0.40098032
57.82008,0.27343565,0.39416543,0.5161078,0.4007786
57.83008,0.27398783,0.3944844,0.5171024,0.4009892
57.840076,0.27311206,0.39483532,0.5164496,0.40042531
57.850075,0.2729966,0.39371565,0.51593894,0.40072155
57.860073,0.2734743,0.39472353,0.51635396,0.40103847
57.870075,0.27311772,0.39388397,0.5162474,0.4010652
57.880077,0.27371705,0.39390537,0.5151798,0.40108913
57.890076,0.27383706,0.39434373,0.515923,0.40058273
57.900074,0.27416962,0.3948581,0.516163,0.40082186
57.91008,0.27282217,0.39483163,0.51650226,0.40124124
57.92008,0.27360144,0.395206,0.51619816,0.401081
57.930077,0.27322966,0.3942975,0.51646537,0.40103078
57.942417,0.27133182,0.39357334,0.515916,0.40105453
57.9501,0.2732353,0.3932871,0.5156668,0.400403
57.9601,0.27122965,0.39392814,0.51611704,0.4002317
57.970104,0.26981163,0.39257324,0.51534855,0.40060508
57.98009,0.27314964,0.39529526,0.5165657,0.40151933
57.990078,0.2733658,0.3942357,0.51599437,0.40134346
58.000126,0.27061045,0.39361998,0.5164905,0.4015474
58.010098,0.27107418,0.39262834,0.5158901,0.401346
58.020096,0.2714708,0.3924879,0.51521575,0.40018123
58.03009,0.2730196,0.39495897,0.5155489,0.39985538
58.04008,0.2727463,0.39303535,0.51552147,0.40034318
58.050083,0.2733673,0.39425704,0.5151711,0.40004545
58.060074,0.273334,0.3944079,0.5156443,0.40054747
58.070072,0.2740641,0.39450347,0.5162581,0.40143502
58.080074,0.27300107,0.39510104,0.51591206,0.40188435
58.090073,0.27292046,0.39387247,0.5158714,0.40082234
58.10007,0.27322108,0.39421296,0.5154617,0.40152663
58.110073,0.27341014,0.3946183,0.51577085,0.4013338
58.120075,0.27293724,0.3944326,0.5150182,0.40103623
58.130074,0.27360547,0.39451554,0.51547486,0.40123937
58.14007,0.27273092,0.39450067,0.5158352,0.400982
58.15007,0.27323103,0.39488077,0.515732,0.40130037
58.160072,0.27207154,0.3942857,0.51619816,0.4008878
58.17007,0.2729562,0.3943378,0.51543826,0.40115637
58.180107,0.2728717,0.39373347,0.5154648,0.40080246
58.190075,0.27395496,0.3942434,0.51532245,0.4006697
58.200073,0.27281982,0.39436838,0.5152403,0.40156823
58.210075,0.2736974,0.3944465,0.51556045,0.40133852
58.220074,0.2731595,0.39564455,0.5153799,0.4007128
58.230072,0.27260518,0.3948579,0.51526237,0.40041327
58.240074,0.2736725,0.39522463,0.51518047,0.4009106
58.250076,0.27308843,0.3948889,0.5153909,0.40113187
58.26008,0.27299717,0.3943409,0.5154384,0.40077338
58.270077,0.2731417,0.39472482,0.515681,0.40091005
58.280094,0.2730118,0.39504996,0.5155917,0.40123624
58.290077,0.27274895,0.39383772,0.5157678,0.40082523
58.300076,0.27308387,0.39499056,0.51611644,0.4007276
58.310074,0.27316684,0.39494702,0.51523906,0.40119663
58.320076,0.27290872,0.39504233,0.5153847,0.40165627
58.330074,0.27286148,0.39494443,0.51525915,0.40121052
58.340073,0.27347273,0.39403856,0.515109,0.40045452
58.350075,0.2731362,0.39465564,0.5157794,0.40068355
58.360077,0.27338883,0.3951167,0.5142062,0.4003256
58.37007,0.27347556,0.3944297,0.5154663,0.40064722
58.38009,0.27401257,0.39467648,0.5150602,0.40012082
58.390076,0.27388424,0.3952932,0.5164904,0.40075582
58.400074,0.27372313,0.39452976,0.51531124,0.40048513
58.410076,0.27382162,0.3952644,0.51550764,0.40079
58.420074,0.2735484,0.3945407,0.51499695,0.40055382
58.430077,0.27391657,0.39456633,0.5152278,0.40130696
58.440075,0.27372596,0.39409986,0.5148433,0.40079165
58.450073,0.2734289,0.39490548,0.5153052,0.40054572
58.460075,0.27366382,0.39516407,0.515125,0.4007667
58.470078,0.27222583,0.39777508,0.5145281,0.3985129
58.480118,0.27333277,0.39606303,0.5151303,0.40003714
58.4901,0.27118203,0.39285067,0.51623785,0.4001832
58.500103,0.27087277,0.39278707,0.51276165,0.40007702
58.510094,0.2662124,0.39042538,0.51350474,0.4013697
58.520092,0.27073088,0.39430183,0.5162764,0.40028754
58.530087,0.27335447,0.3947079,0.51706547,0.40017444
58.54008,0.27368906,0.39488086,0.51350534,0.40051183
58.550076,0.27321097,0.39363378,0.51436186,0.39989668
58.560074,0.27353668,0.395663,0.5151909,0.40007442
58.570076,0.27312595,0.39451438,0.51553583,0.39993316
58.58007,0.27376866,0.39447883,0.51530796,0.40094754
58.590076,0.27325645,0.39442882,0.5143901,0.39997086
58.600075,0.273373,0.39515996,0.5144698,0.40084296
58.610073,0.2731352,0.39503548,0.516128,0.4013217
58.620075,0.2730188,0.39524555,0.51509756,0.40064076
58.630077,0.27337468,0.39275154,0.5150529,0.40018916
58.64008,0.27289367,0.39460903,0.513183,0.4008448
58.650074,0.27336532,0.39483428,0.51511794,0.40031075
58.660076,0.27099472,0.3945572,0.5147876,0.39983165
58.67008,0.27360606,0.39575186,0.5145309,0.4012107
58.680077,0.2726275,0.3934387,0.51475185,0.40218574
58.690075,0.2732741,0.39308605,0.5147122,0.3990315
58.700077,0.2732009,0.39448577,0.5142942,0.4018897
58.710075,0.2743114,0.39679727,0.51540107,0.39962718
58.720078,0.27324295,0.3936343,0.51443255,0.39947093
58.730072,0.2729898,0.39310917,0.51549965,0.4004806
58.740078,0.27417397,0.3942913,0.51461774,0.40051794
58.750076,0.27382386,0.39337784,0.5152445,0.4004814
58.760075,0.27213496,0.39481705,0.515154,0.400738
58.770073,0.27400866,0.393606,0.51486933,0.40050608
58.780075,0.27188724,0.39487833,0.5147561,0.40039447
58.790092,0.2721046,0.3946004,0.5145148,0.399956
58.80007,0.27290535,0.39479214,0.5149146,0.3999369
58.810074,0.2740448,0.39533648,0.51489145,0.40040907
58.820076,0.27372813,0.39499438,0.5150467,0.4001754
58.83007,0.27343294,0.39475328,0.51562047,0.3999267
58.840076,0.27329013,0.3953785,0.5149319,0.4011577
58.85007,0.2737578,0.39452726,0.5145171,0.40091497
58.860077,0.27473655,0.39533055,0.5152006,0.400565
58.870075,0.27419764,0.3944461,0.51482105,0.39964873
58.880074,0.27346283,0.3953023,0.51499534,0.40015984
58.89009,0.27373096,0.3945263,0.5143904,0.399726
58.900074,0.27269876,0.395095,0.51582146,0.40023395
58.910072,0.27367154,0.39538702,0.5143563,0.40025365
58.920074,0.2732963,0.39468837,0.5145499,0.40005937
58.930073,0.2742885,0.3950914,0.51465166,0.40020186
58.940075,0.2709807,0.39390266,0.51521873,0.400075
58.950943,0.27108923,0.3928058,0.5139795,0.40022764
58.960102,0.27023044,0.39029938,0.51410306,0.39990252
58.970093,0.26934403,0.3921756,0.5145405,0.40043032
58.980103,0.2740179,0.3949029,0.5156394,0.40018484
58.990105,0.2734286,0.3939242,0.5151955,0.40048447
59.000187,0.2708301,0.39250717,0.5144028,0.40074283
59.010098,0.27127036,0.39277488,0.51512545,0.4002273
59.020096,0.27076748,0.39236608,0.51476234,0.40053698
59.030106,0.2732936,0.39345324,0.5153079,0.3998731
59.04009,0.2727399,0.39420444,0.5153179,0.3998741
59.05008,0.2737683,0.3943129,0.5145577,0.4004154
59.060078,0.27305147,0.39434716,0.5153923,0.40004987
59.070076,0.27297392,0.39453092,0.5153878,0.40036845
59.08008,0.2728937,0.39443624,0.51500505,0.39967224
59.090076,0.2736085,0.39483732,0.5148037,0.39982426
59.100075,0.27366316,0.39468768,0.51536936,0.39981365
59.110077,0.27392903,0.39486977,0.51562953,0.39963576
59.12008,0.27317274,0.39507562,0.5149473,0.399843
59.130077,0.27349523,0.3949712,0.51550484,0.40076727
59.140076,0.27406174,0.39478296,0.51505184,0.3999151
59.150078,0.2731269,0.39493152,0.51565534,0.40023243
59.160076,0.27417606,0.39492816,0.5147933,0.400561
59.170074,0.273361,0.39440915,0.51547503,0.39952865
59.180073,0.2732181,0.39466032,0.5159366,0.40027025
59.190075,0.2732605,0.39435008,0.5154779,0.39949745
59.200077,0.27446505,0.39455768,0.5154793,0.39987916
59.210083,0.27378124,0.3950031,0.5159802,0.39996284
59.22008,0.27362868,0.39511508,0.5159381,0.39964372
59.23008,0.27314502,0.39451954,0.5151655,0.39964598
59.240074,0.27284667,0.39503098,0.51531553,0.40046665
59.250076,0.27379912,0.39495796,0.51539606,0.40017617
59.260075,0.27354044,0.39410236,0.51587856,0.3999948
59.270077,0.27438813,0.39475462,0.5153691,0.39970642
59.280075,0.27293888,0.39457044,0.51564735,0.39961794
59.290073,0.27340144,0.39527544,0.5156369,0.40003455
59.300076,0.27349937,0.3942992,0.5160943,0.40060127
59.310078,0.27417588,0.39456746,0.5164915,0.4012644
59.320076,0.27346492,0.3941556,0.515831,0.39957944
59.330074,0.27364004,0.39495498,0.51640236,0.40052992
59.340073,0.27330184,0.39489123,0.51637864,0.39998525
59.350075,0.27395064,0.3952009,0.515791,0.39979646
59.360073,0.27374697,0.39518222,0.5165586,0.40066454
59.370075,0.27251646,0.39438456,0.5166524,0.40040967
59.380077,0.27266246,0.39487794,0.5163076,0.39922762
59.390076,0.273288,0.39470565,0.5160428,0.39943933
59.40008,0.27316564,0.395232,0.51646566,0.4000215
59.410076,0.27354607,0.39428908,0.5166425,0.39956543
59.42008,0.27333164,0.39514828,0.51669,0.3997462
59.430077,0.27387792,0.39477733,0.5169802,0.39992854
59.440075,0.2736234,0.394974,0.5166664,0.39996785
59.450073,0.27349025,0.39246637,0.5169652,0.39955193
59.46009,0.27306166,0.3945028,0.5171353,0.39983028
59.470078,0.27283075,0.3933915,0.5167192,0.39914617
59.48009,0.27125925,0.39255738,0.516817,0.39917728
59.4901,0.27308595,0.3924784,0.51643026,0.39941326
59.500145,0.27154747,0.39308903,0.51700974,0.40034175
59.510098,0.26448488,0.39448217,0.5171619,0.39873973
59.520084,0.27126467,0.39253104,0.51684594,0.39898586
59.53008,0.27209336,0.39390117,0.5170831,0.39965087
59.540073,0.2727334,0.3942596,0.5169877,0.3999263
59.55007,0.2737059,0.39303955,0.51762474,0.39980513
59.560074,0.2728885,0.393884,0.51746804,0.39948162
59.570072,0.27315632,0.3939629,0.5174369,0.4000637
59.58007,0.27274475,0.39441565,0.5172304,0.3996645
59.590073,0.27303144,0.39444822,0.5175292,0.3999046
59.60007,0.27365267,0.39375395,0.5183749,0.39959323
59.610073,0.27408448,0.3951918,0.5178001,0.3994779
59.620075,0.27298474,0.39466286,0.51843226,0.3994869
59.6301,0.27326193,0.395536,0.518349,0.39934775
59.64008,0.272993,0.39457434,0.5181033,0.3993013
59.650074,0.2738775,0.39502054,0.5178625,0.39990798
59.660076,0.2734707,0.39494705,0.5181213,0.39923617
59.670074,0.27138677,0.39421198,0.51854795,0.39927992
59.680073,0.27326566,0.39455006,0.5184689,0.39992547
59.69007,0.272742,0.39498597,0.51797324,0.3989038
59.700073,0.2730308,0.39406976,0.51875,0.39923427
59.71007,0.27299437,0.39422163,0.5187363,0.3991948
59.720074,0.27399227,0.39469728,0.5185323,0.39948815
59.730076,0.273345,0.39434442,0.51913244,0.39852685
59.740074,0.2736185,0.39583224,0.5183467,0.40014732
59.750072,0.27389315,0.39494976,0.5185925,0.39932942
59.760075,0.27403298,0.39521867,0.51907694,0.39957342
59.770073,0.27285945,0.39418492,0.5191687,0.39900512
59.780075,0.27402756,0.3952198,0.5191327,0.39990264
59.790073,0.2731151,0.39482686,0.5191625,0.39985895
59.800076,0.27333346,0.39533904,0.51956993,0.39941835
59.810074,0.27344063,0.3948444,0.51939505,0.3996076
59.820076,0.2733677,0.39459056,0.5192594,0.3997979
59.830074,0.2733092,0.39417467,0.5194008,0.3997125
59.840076,0.27314973,0.39449668,0.51979756,0.3996171
59.850075,0.27354324,0.39470533,0.51989686,0.39886987
59.860077,0.27328682,0.39512002,0.51925063,0.39854917
59.870075,0.27263632,0.39511117,0.51998276,0.39982203
59.880074,0.2726683,0.39467058,0.5201692,0.39945695
59.89007,0.27358982,0.39467764,0.52040195,0.39917472
59.900074,0.27302137,0.39518464,0.51994246,0.39935488
59.910072,0.27347776,0.3940641,0.5201294,0.39904588
59.920074,0.2733587,0.39433295,0.52017385,0.39929146
59.930073,0.2743554,0.39465672,0.52032393,0.3994772
59.940083,0.27158657,0.39384168,0.5206587,0.39888722
59.950092,0.27152964,0.39207026,0.5225525,0.3976851
59.96013,0.27011448,0.39212403,0.5207311,0.39844492
59.970093,0.27079526,0.39082924,0.52205175,0.39851385
59.980103,0.2734485,0.3951042,0.52141285,0.3992532
59.99008,0.27328095,0.39389688,0.5219832,0.39954406
60.000103,0.27093202,0.39283913,0.52081275,0.39904845
60.01009,0.27105227,0.39147785,0.5190937,0.39863458
60.020096,0.27181268,0.39410195,0.52135247,0.39875826
60.030106,0.27081817,0.3928202,0.5229625,0.39825404
60.0401,0.27348945,0.39573714,0.5212793,0.3993068
60.05008,0.2736282,0.39477092,0.5216097,0.39805183
60.060078,0.2737246,0.39476782,0.52238774,0.39985225
60.070076,0.27342558,0.3949374,0.521266,0.39904487
60.080074,0.27340373,0.39524862,0.5222888,0.39920384
60.090076,0.27352616,0.39378494,0.5215648,0.3991855
60.100075,0.2737503,0.39525747,0.522591,0.3989304
60.110077,0.2736486,0.39511544,0.5224412,0.39913967
60.120075,0.2729587,0.39487714,0.5228851,0.39965367
60.130074,0.27369684,0.39457285,0.52218735,0.39865935
60.140076,0.2729851,0.39436448,0.52303964,0.39867628
60.150074,0.27404284,0.3944266,0.52261174,0.39845893
60.160076,0.2730902,0.39522332,0.52248967,0.39819637
60.170074,0.27363896,0.3950379,0.5226229,0.3985478
60.180077,0.27328205,0.39569226,0.52284664,0.39855468
60.190075,0.2738662,0.3951498,0.5236288,0.3989255
60.20007,0.27292556,0.3944202,0.5227295,0.39852226
60.210075,0.2744345,0.39487955,0.5231474,0.39901444
60.220078,0.2735426,0.39504677,0.52343786,0.3981895
60.230076,0.27343315,0.39491025,0.52432686,0.3990939
60.240074,0.27315593,0.39412037,0.52352846,0.39856747
60.250072,0.27336627,0.39520776,0.52381814,0.39888343
60.260075,0.27351004,0.39452502,0.5239105,0.39896342
60.270077,0.27290282,0.39438686,0.5251012,0.3986062
60.280075,0.27342254,0.39479443,0.52412647,0.39801317
60.290073,0.2735423,0.39478314,0.524503,0.39859813
60.300076,0.272929,0.39476267,0.5244397,0.39858413
60.310074,0.27366614,0.39450163,0.52470094,0.39811373
60.320072,0.27417466,0.3942866,0.52495867,0.39840782
60.330074,0.27263844,0.3953375,0.5254849,0.39883772
60.340073,0.2735421,0.39508402,0.5257546,0.39852855
60.350075,0.2728653,0.39409342,0.52333117,0.3976469
60.360073,0.27310765,0.39394906,0.5249354,0.39772502
60.37007,0.27261105,0.39341712,0.52573985,0.39758456
60.380074,0.27232033,0.39436582,0.52532107,0.39886588
60.390076,0.27216423,0.39313692,0.52517134,0.39834076
60.400078,0.2726127,0.3936685,0.52549595,0.39812204
60.410072,0.27187926,0.39345527,0.5256341,0.398158
60.420074,0.27201054,0.3930102,0.5257633,0.3983845
60.430077,0.27252978,0.3933144,0.5259238,0.3986322
60.440075,0.27396747,0.39603132,0.52546793,0.39890838
60.450073,0.2736445,0.3946851,0.5264822,0.3996581
60.460075,0.27338973,0.39415702,0.5259947,0.3964908
60.470074,0.27344567,0.3934702,0.52609926,0.39770856
60.48009,0.27184767,0.39400947,0.526554,0.3973069
60.490105,0.2695341,0.39367145,0.52661914,0.39837113
60.5001,0.2713334,0.39342183,0.52616274,0.39802808
60.510098,0.27517617,0.39398462,0.52661353,0.39781958
60.520084,0.2710633,0.3938169,0.52697605,0.39722252
60.530083,0.27295396,0.39437234,0.5277201,0.39807385
60.540077,0.27273643,0.39525273,0.52736807,0.3982571
60.550076,0.2733219,0.39448148,0.52756953,0.39865974
60.560074,0.27322036,0.3950402,0.5274126,0.3977603
60.570076,0.2732386,0.39409748,0.5276754,0.39797577
60.58007,0.2734405,0.39503455,0.5273148,0.39820394
60.590076,0.27328852,0.39445525,0.5279838,0.3973402
60.60008,0.27343267,0.39478475,0.52834034,0.39796832
60.610073,0.27282673,0.3945381,0.5280926,0.39749435
60.620075,0.27307075,0.39465606,0.528507,0.3977883
60.630077,0.2735124,0.3939302,0.5287736,0.39762852
60.64008,0.2736874,0.39432383,0.529089,0.39825106
60.650074,0.27349335,0.39429024,0.5290054,0.39861962
60.660076,0.27323055,0.39506635,0.5290981,0.39841506
60.670074,0.27264628,0.39447984,0.5283572,0.39792404
60.680073,0.27418885,0.39475155,0.5292859,0.39726287
60.690075,0.2732739,0.39470702,0.5297861,0.3983321
60.700077,0.273719,0.39525703,0.5292091,0.39772204
60.710075,0.27250087,0.39425927,0.52981055,0.39766797
60.720078,0.27240288,0.39489272,0.5291289,0.3979039
60.730072,0.27275896,0.39467707,0.53013283,0.3983724
60.740078,0.2722352,0.39457786,0.5297034,0.39850712
60.750072,0.27288347,0.39432883,0.5296188,0.39717776
60.76008,0.27256694,0.39432666,0.5306897,0.3978161
60.770077,0.27308288,0.39345908,0.53003,0.39745656
60.780075,0.27301493,0.39468554,0.5304859,0.39782983
60.790073,0.27407098,0.39473248,0.53049046,0.39747363
60.80007,0.27375215,0.39508873,0.5308019,0.3975325
60.810074,0.27408865,0.39538616,0.5319123,0.39783224
60.820072,0.2731506,0.39436206,0.53126043,0.39705545
60.830074,0.27408907,0.3952727,0.5307232,0.3972853
60.840073,0.2737448,0.39406428,0.530819,0.398037
60.85007,0.27367845,0.39546227,0.5310199,0.3979359
60.86008,0.27346402,0.39486554,0.53171545,0.39715454
60.870075,0.2733836,0.3951609,0.53187114,0.39744905
60.880077,0.2734245,0.39461547,0.53188133,0.39748105
60.89007,0.27346936,0.39465973,0.5312766,0.39831743
60.900074,0.27334794,0.39477476,0.53237486,0.39755073
60.910095,0.273877,0.393794,0.53020555,0.39736572
60.920074,0.27334246,0.3945787,0.53363216,0.39791456
60.930077,0.2728566,0.39446703,0.53013825,0.3972811
60.940075,0.2730329,0.3940152,0.53298455,0.3977684
60.950092,0.27099475,0.39325523,0.5310643,0.39759836
60.960106,0.2711969,0.39096227,0.53257835,0.3964532
60.970093,0.27094835,0.39056212,0.532906,0.3981464
60.980095,0.2733079,0.39447543,0.5328708,0.39631835
60.99008,0.27306375,0.39206973,0.5328546,0.39831594
61.0001,0.26925856,0.39044043,0.5327746,0.39712983
61.010136,0.2728836,0.39443445,0.5326808,0.3964678
61.020107,0.2708963,0.39475363,0.53362995,0.39680952
61.0301,0.27067336,0.39275035,0.53345025,0.3969136
61.0401,0.27015162,0.39102367,0.53373754,0.39707404
61.0501,0.26995674,0.392193,0.53322244,0.39696145
61.060085,0.27240074,0.39396268,0.5333287,0.39663506
61.070084,0.27344328,0.39387602,0.53360194,0.3967884
61.080074,0.27316976,0.39401555,0.53458273,0.39687788
61.090073,0.27335033,0.39526618,0.5338071,0.3972326
61.10007,0.27275845,0.39485383,0.5339551,0.39638567
61.110073,0.27269164,0.39376804,0.5350987,0.3969548
61.120075,0.27270097,0.39411128,0.5344526,0.39659718
61.130074,0.2737785,0.39380845,0.5353531,0.3971773
61.14007,0.273427,0.39476886,0.53403056,0.3975727
61.15007,0.2732052,0.3944982,0.53510636,0.3969671
61.160072,0.2734468,0.3948414,0.5348417,0.3969046
61.17007,0.27333197,0.3947432,0.53490263,0.39645812
61.180073,0.2733448,0.3943943,0.5354415,0.39677113
61.190075,0.272761,0.39516494,0.535494,0.39739165
61.200073,0.27299422,0.3946876,0.5353507,0.3970665
61.21007,0.2726432,0.39431107,0.5357988,0.39722946
61.22008,0.27298513,0.39512956,0.5360171,0.3965607
61.230072,0.27314836,0.39482358,0.53603506,0.39651054
61.240078,0.27419594,0.3950851,0.53681487,0.39629036
61.250072,0.2734509,0.39431438,0.53619343,0.39665067
61.260075,0.27333596,0.39492714,0.5366687,0.39660934
61.270073,0.27329558,0.394794,0.53666437,0.39692906
61.280075,0.2739625,0.39533758,0.53733206,0.39662364
61.290073,0.27338246,0.39537627,0.5365819,0.39599884
61.300076,0.2735159,0.39481822,0.53663874,0.39581865
61.310074,0.2731713,0.39489654,0.5379039,0.39656204
61.320072,0.27328765,0.39546806,0.5352168,0.3966024
61.33008,0.27196327,0.39398637,0.53870094,0.39435887
61.340076,0.27379227,0.3947658,0.5364635,0.39642364
61.350075,0.27317458,0.39516827,0.538457,0.39670384
61.360073,0.27382904,0.39518097,0.5369312,0.396423
61.370075,0.27369943,0.39390233,0.5379866,0.3961639
61.380074,0.27367654,0.3948872,0.53798544,0.39534578
61.390076,0.2736175,0.3946021,0.5387338,0.39766362
61.40013,0.2731764,0.39484435,0.5376273,0.39540175
61.410076,0.27381408,0.39312813,0.53872025,0.39728886
61.42008,0.27335256,0.3949516,0.53833365,0.3963395
61.430077,0.27345318,0.39587513,0.5386992,0.39520422
61.440075,0.2739308,0.39652714,0.53899354,0.39485383
61.450073,0.27442822,0.39452443,0.53926355,0.39590922
61.460075,0.27397224,0.39502913,0.53926176,0.39557326
61.470074,0.27521428,0.3950327,0.5390612,0.39652056
61.48009,0.27028513,0.3925286,0.5393609,0.39558297
61.490105,0.27345967,0.39277858,0.53983426,0.39641115
61.5001,0.27049786,0.39319953,0.53891104,0.39518622
61.510098,0.2729855,0.3881206,0.53985906,0.3951829
61.52008,0.27299103,0.3932257,0.53956324,0.3953625
61.530075,0.2729227,0.39479142,0.5394394,0.39539805
61.540073,0.2732114,0.39519706,0.5404629,0.39530075
61.55007,0.27256238,0.3941845,0.5406385,0.39624235
61.560074,0.27352282,0.39427915,0.5402175,0.3953256
61.570072,0.2731134,0.39460173,0.54000676,0.3955128
61.58007,0.2734865,0.39445642,0.5406489,0.39538497
61.590073,0.27353784,0.39424366,0.5405198,0.39587048
