elapsed_time_sec,ss1,ss2,ss3,ss4
4.3709997e-06,0.22028281,0.33042252,0.43122488,0.35152087
0.010079448,0.2196731,0.33446556,0.43206155,0.37341475
0.020066971,0.2179889,0.33470267,0.43274093,0.38049537
0.03006292,0.21893851,0.3344025,0.43314594,0.3826259
0.040063366,0.21875566,0.33458033,0.4323842,0.38279435
0.05006154,0.21896699,0.33471042,0.4324767,0.38341796
0.060062822,0.21864194,0.335073,0.43298474,0.38333532
0.070062526,0.21889871,0.33485425,0.43260586,0.38265035
0.08006279,0.2188031,0.3348101,0.43243662,0.3833989
0.090062186,0.2189883,0.33497086,0.43250507,0.38210267
0.100062616,0.21915734,0.33450878,0.4319316,0.38278016
0.1100629,0.21888342,0.33451864,0.43302327,0.38358745
0.120061696,0.21907109,0.33572045,0.43259946,0.3835846
0.13006258,0.21866567,0.334054,0.43244147,0.38361382
0.14006254,0.2195759,0.33460197,0.43238148,0.38335094
0.1500625,0.21894604,0.33397046,0.43221807,0.38328624
0.1600625,0.21993527,0.33523926,0.43284398,0.38300705
0.17006129,0.21790259,0.33470848,0.43257967,0.38309592
0.1800625,0.21869995,0.33524412,0.4320279,0.3830558
0.19006154,0.21848826,0.33468512,0.43222576,0.38346377
0.20006293,0.21857668,0.33457217,0.43204224,0.3832798
0.21006192,0.21875285,0.33478835,0.4322141,0.38348573
0.22006285,0.21852565,0.3345838,0.4320328,0.3828661
0.23006265,0.21907614,0.3345504,0.43269408,0.38276047
0.24006207,0.21933421,0.3349313,0.43213025,0.38285378
0.2500616,0.2184408,0.33549982,0.43163106,0.38311464
0.26006207,0.218804,0.3347568,0.43245173,0.38345507
0.27006236,0.21931149,0.33562875,0.43257645,0.38263705
0.2800627,0.21936259,0.33461303,0.4323187,0.3830222
0.29006192,0.217391,0.3353657,0.43234083,0.3833337
0.30006266,0.21906865,0.3342211,0.43184572,0.3825922
0.31006202,0.21970351,0.33579075,0.43248156,0.38189536
0.32006258,0.21984123,0.33509475,0.43197778,0.3822679
0.33006647,0.21947162,0.33446062,0.4313331,0.38267133
0.3400632,0.21880092,0.33491254,0.43236166,0.3824788
0.35006145,0.21883526,0.3351462,0.43199882,0.38330448
0.36007065,0.21849765,0.33495092,0.4314218,0.38294676
0.3700653,0.21925148,0.33540103,0.431985,0.38280913
0.3800629,0.21844871,0.33547607,0.43151,0.38227403
0.39007396,0.21886386,0.3350213,0.43175018,0.38245013
0.40006694,0.21945374,0.3343637,0.43164754,0.38228166
0.41006237,0.21831305,0.33514872,0.43063143,0.38248602
0.42006212,0.2195878,0.3349817,0.4312135,0.38258728
0.43006155,0.2188037,0.3350488,0.43134433,0.38210762
0.44006205,0.21972951,0.33519757,0.4313289,0.38283202
0.45006028,0.21884911,0.33518484,0.43154866,0.38225526
0.46006262,0.2177983,0.3357596,0.43171036,0.38241804
0.47006142,0.21992405,0.33527014,0.43113258,0.38196358
0.48006153,0.21984862,0.3360959,0.4310976,0.38170928
0.49006644,0.21837275,0.33493814,0.43080148,0.38264367
0.5000655,0.21955302,0.33560848,0.4316984,0.3822394
0.5100626,0.21859962,0.335064,0.43160918,0.3826654
0.5200676,0.21968909,0.336068,0.43111706,0.38257352
0.53006357,0.21778403,0.33542752,0.43109068,0.38245454
0.54006296,0.21852991,0.33523366,0.430978,0.38209885
0.5500631,0.21892095,0.33495718,0.43095595,0.38172063
0.56006294,0.21876535,0.33498597,0.43164513,0.38182214
0.57006246,0.21968824,0.33549294,0.4309341,0.38180363
0.5800623,0.2188752,0.33530164,0.4306147,0.3822151
0.59006315,0.21947016,0.33505526,0.4311373,0.38165337
0.60006255,0.21928908,0.33562624,0.43018794,0.38225615
0.61006266,0.21901925,0.33575803,0.43079776,0.381924
0.62006235,0.21916658,0.33490273,0.43136138,0.38186136
0.63006246,0.21907032,0.33543327,0.431782,0.3820842
0.6400626,0.21958606,0.33560684,0.43029004,0.38159713
0.65006113,0.21954334,0.33584383,0.431337,0.3817175
0.6600627,0.21909447,0.33459127,0.4299405,0.38216284
0.67006224,0.21966563,0.33573148,0.43141866,0.38214123
0.6800621,0.21879399,0.33472338,0.43049556,0.38244644
0.69006354,0.21910952,0.335626,0.43132612,0.38175356
0.7000627,0.21907252,0.335005,0.42981595,0.38204306
0.7100615,0.21847384,0.33476642,0.43051165,0.3822947
0.7200618,0.22008538,0.3349089,0.4303424,0.3816909
0.73006237,0.21871266,0.3348867,0.42996535,0.3820082
0.7400623,0.2191727,0.33473444,0.43082747,0.38098586
0.75006205,0.21961421,0.33494616,0.43067223,0.3816355
0.76006275,0.2201095,0.33554828,0.43042633,0.3814549
0.7700598,0.21944645,0.33585027,0.43042275,0.38186702
0.7800662,0.2197798,0.33550322,0.43062493,0.38166314
0.7900637,0.2172952,0.33532113,0.43053696,0.3816965
0.80006397,0.21901564,0.33586183,0.4305432,0.38182905
0.81006205,0.21787877,0.335344,0.43086702,0.3820507
0.8200628,0.22011003,0.33633304,0.43038237,0.3822294
0.83006245,0.21916041,0.33558312,0.4302344,0.3815838
0.8400614,0.21954192,0.33583423,0.43008488,0.38221005
0.8500622,0.21936245,0.33580053,0.4300238,0.38156718
0.8600794,0.21912162,0.33575097,0.42977184,0.3814885
0.8700679,0.21927725,0.33553806,0.43040127,0.38114575
0.8800622,0.21929936,0.3354148,0.43023816,0.38135394
0.89006394,0.21884617,0.3359784,0.4299084,0.38091388
0.90006393,0.21980174,0.33521578,0.43059176,0.3814942
0.9100628,0.2195491,0.33540064,0.42948467,0.38116327
0.920078,0.21998411,0.3351764,0.4294033,0.38037765
0.9300653,0.22006266,0.33630615,0.4293685,0.38118652
0.9400627,0.21871608,0.3355537,0.43029907,0.3817018
0.9500627,0.22013718,0.3361338,0.43025586,0.3814221
0.9600627,0.21902964,0.3354521,0.4300063,0.38119364
0.9700608,0.21994813,0.33611086,0.42986694,0.3811954
0.98006254,0.21918693,0.33559993,0.43021193,0.38139442
0.99006206,0.21943505,0.33612075,0.43008956,0.38131595
1.0000688,0.21894518,0.33583423,0.42990044,0.38120016
1.0100638,0.21827443,0.33508548,0.42927164,0.3815138
1.0200617,0.21847722,0.33582777,0.42915884,0.38098556
1.0300618,0.21879494,0.33608082,0.4293093,0.38132608
1.0400631,0.21987197,0.33573014,0.4303318,0.38053304
1.0500629,0.21912333,0.33615735,0.4296843,0.38114274
1.0600626,0.21944045,0.33552665,0.42998526,0.38065094
1.0700626,0.21942563,0.33551136,0.4291174,0.38089946
1.0800613,0.21956165,0.33567306,0.42856985,0.38098195
1.0900621,0.21923904,0.33580515,0.42936277,0.3816371
1.100063,0.21896055,0.33547306,0.42927712,0.38140994
1.1100624,0.21978007,0.33595854,0.42951667,0.38072872
1.1200625,0.2191687,0.3357636,0.4292713,0.38099205
1.1300615,0.21890657,0.33554482,0.42967567,0.38069937
1.1400626,0.21955927,0.33612105,0.42984748,0.38117838
1.1500624,0.21876267,0.33504987,0.4299724,0.38092622
1.1600627,0.21928956,0.33589453,0.4293581,0.38035986
1.1700623,0.2202839,0.33618206,0.42911026,0.3811092
1.1800622,0.22011746,0.33601186,0.43008095,0.3807312
1.190062,0.21794383,0.33599156,0.42876104,0.38042745
1.200062,0.21978447,0.33595783,0.42979047,0.3807941
1.2100616,0.21966317,0.33564085,0.4291805,0.38087538
1.2200646,0.21961936,0.33605483,0.42867422,0.38041458
1.230062,0.21959227,0.33595315,0.428547,0.3806227
1.2400626,0.21998398,0.33544278,0.42891544,0.38094905
1.2500615,0.2198887,0.33585972,0.4288334,0.3804614
1.2600626,0.21944906,0.33682245,0.42902732,0.38087493
1.270062,0.21973245,0.33645344,0.42869085,0.3805549
1.2800627,0.21910946,0.3361542,0.42912385,0.38053358
1.2900617,0.21999504,0.3362378,0.4287299,0.38077354
1.3000625,0.22007307,0.33595166,0.42859736,0.38043898
1.3100623,0.21961038,0.33652428,0.42884782,0.38062766
1.3200616,0.21962272,0.3362088,0.42867386,0.37969595
1.3300624,0.21963517,0.33614865,0.42954138,0.3806224
1.3400626,0.21903999,0.33641392,0.42874455,0.38012785
1.3500624,0.21921793,0.33601472,0.42871565,0.3804089
1.3600788,0.2185109,0.33582243,0.42891413,0.38015905
1.3700669,0.21904303,0.33538353,0.42952287,0.3799829
1.3800642,0.21901987,0.33578435,0.4287175,0.38043174
1.3900627,0.21921,0.33589825,0.42827538,0.37990156
1.4000638,0.21958518,0.33610815,0.4287147,0.37987512
1.4100627,0.21971188,0.33614966,0.42903927,0.38017192
1.4200629,0.22011764,0.33634627,0.42929935,0.37990388
1.4300625,0.21989422,0.336663,0.42943242,0.37953052
1.4400613,0.21951137,0.33648697,0.42775962,0.37998167
1.4500625,0.21884939,0.33589286,0.42980114,0.38099423
1.4600601,0.2197951,0.3362917,0.43032104,0.38133463
1.4700623,0.2190382,0.33613628,0.42804483,0.3804717
1.4800632,0.21943898,0.33636716,0.4273489,0.3804656
1.4900619,0.21955244,0.33555987,0.42727208,0.3811856
1.5000622,0.21959084,0.33712786,0.4295739,0.37828982
1.5100609,0.21952295,0.33486065,0.42796883,0.38154504
1.5200619,0.21972723,0.33466122,0.4291225,0.3792393
1.5300627,0.21983816,0.33481425,0.42766076,0.38031486
1.5400625,0.21952343,0.33564648,0.428622,0.3794091
1.5500625,0.21975261,0.33562118,0.42843267,0.37972492
1.5600618,0.2196451,0.33465636,0.4277576,0.37926623
1.5700624,0.21916385,0.33640033,0.42804885,0.37975255
1.5800624,0.2186985,0.33730122,0.42831677,0.37997434
1.5900625,0.22024117,0.33523303,0.42782187,0.37951064
1.6000626,0.21899725,0.33679068,0.4278121,0.37979364
1.6100612,0.22079112,0.3367835,0.42780492,0.3795146
1.6200626,0.21980482,0.33632296,0.42805535,0.3791537
1.6300623,0.21950026,0.3376078,0.42826614,0.3788908
1.6400625,0.22006758,0.3371803,0.4275868,0.37933427
1.6500626,0.2202028,0.33694848,0.42854255,0.3798161
1.6600623,0.21981005,0.3365434,0.4280284,0.37940896
1.6700618,0.21995749,0.33724505,0.4283092,0.3795083
1.6800611,0.2192689,0.3360552,0.42773888,0.37980777
1.6900622,0.22007005,0.33705676,0.42813757,0.37982517
1.7000626,0.219671,0.33702132,0.428242,0.37973636
1.7100624,0.2198359,0.33628178,0.42815658,0.37965867
1.7200627,0.21999441,0.33696315,0.42791247,0.3792222
1.7300599,0.21945338,0.33609542,0.4277586,0.37971455
1.7400627,0.21915054,0.3366916,0.42817813,0.37913874
1.7500622,0.21980345,0.33699694,0.42747337,0.37962803
1.7600621,0.21991153,0.33668387,0.42835283,0.37981263
1.7700624,0.22072892,0.33596507,0.42807564,0.38031924
1.7800618,0.21951404,0.33697215,0.42791787,0.3798212
1.7900617,0.21925515,0.33704674,0.42855948,0.3793744
1.8000622,0.21981929,0.3364694,0.427666,0.37976363
1.8100625,0.21923603,0.33682168,0.427382,0.379629
1.8200624,0.2200627,0.33674738,0.42764002,0.37949297
1.8300624,0.21986647,0.33659688,0.4278999,0.37913713
1.8400624,0.21957952,0.33669284,0.42852524,0.37924817
1.8500612,0.21943016,0.3365722,0.42723656,0.37886846
1.8600781,0.21979116,0.33770674,0.42724225,0.3794617
1.8700733,0.21753019,0.33657432,0.42680094,0.37862435
1.8800664,0.21957916,0.3365955,0.42841017,0.3793959
1.8900626,0.21914922,0.33620676,0.42713988,0.37925988
1.9000635,0.21917973,0.33653054,0.42659807,0.3785389
1.9100626,0.21945007,0.3356431,0.42741638,0.3788414
1.9200801,0.21978372,0.3359886,0.42683923,0.37956315
1.9300646,0.22041197,0.33674222,0.42684743,0.37865126
1.9400637,0.2203555,0.3361914,0.42800274,0.37927532
1.9500636,0.21974055,0.3368112,0.42757913,0.37865442
1.9600648,0.21947162,0.33629537,0.4275766,0.3792848
1.9700614,0.22008172,0.33749396,0.42689303,0.37944558
1.9800669,0.21984702,0.3370933,0.42731562,0.3786765
1.990065,0.21944012,0.337188,0.42749804,0.3784077
2.000067,0.21980451,0.33605182,0.42716613,0.37933278
2.0100646,0.219387,0.33688724,0.4273049,0.3789281
2.0200632,0.21935138,0.3356511,0.42671853,0.3785234
2.0300615,0.22032714,0.33658335,0.42714226,0.37975514
2.0400617,0.2200733,0.33660588,0.4274183,0.3792537
2.0500624,0.22011575,0.3372808,0.42652252,0.37856135
2.0600624,0.2194235,0.3369885,0.42695108,0.37842888
2.070062,0.21979868,0.33686998,0.4269323,0.37886962
2.0800629,0.21992257,0.3365081,0.42776868,0.37827197
2.0900621,0.2195306,0.33698025,0.4267963,0.37850195
2.100062,0.22038047,0.33699775,0.4274673,0.37905028
2.1100624,0.21993263,0.3376936,0.42657578,0.37897348
2.1200626,0.22047195,0.337869,0.4270368,0.37928507
2.1300626,0.22013405,0.33661538,0.42695656,0.37866622
2.140062,0.22077778,0.33768246,0.42679515,0.37809128
2.1500623,0.22056708,0.33693612,0.42729884,0.3790347
2.1600616,0.22010492,0.33726934,0.42768562,0.37771818
2.1700623,0.21994744,0.33691671,0.42639,0.37879342
2.180062,0.22002026,0.33663908,0.42673773,0.37857905
2.190061,0.22011182,0.33669254,0.42723992,0.37800607
2.2000628,0.21973492,0.33752963,0.426935,0.37866318
2.2100623,0.21975432,0.33669254,0.42720512,0.37823975
2.2200665,0.21969408,0.3371502,0.4267094,0.37815657
2.2300627,0.2198291,0.3366838,0.42652074,0.37883556
2.240062,0.21975946,0.33674628,0.42663842,0.37809056
2.250063,0.2196145,0.33747888,0.4264522,0.3789008
2.260063,0.2200022,0.33654696,0.42663822,0.37808144
2.2700624,0.22005899,0.33748323,0.42695975,0.3777154
2.2800612,0.22001721,0.33702403,0.42687497,0.3783306
2.290062,0.21969816,0.33672136,0.42671186,0.37854382
2.3000627,0.22026767,0.33768365,0.42654085,0.37814808
2.310061,0.22032715,0.33684245,0.4271359,0.377367
2.3200626,0.21980554,0.33689338,0.42643258,0.37816307
2.3300617,0.21629101,0.33672753,0.42733452,0.37820065
2.3400633,0.21671006,0.3367513,0.4267547,0.37769908
2.3500621,0.22042345,0.3369991,0.42631552,0.3777441
2.3600786,0.21961604,0.3353853,0.42648622,0.3778875
2.3700683,0.2182917,0.3377041,0.4263226,0.37771168
2.3800611,0.21966708,0.33641785,0.42624438,0.3776928
2.3900626,0.22035083,0.3375906,0.42642242,0.37801522
2.4000618,0.22006969,0.33678642,0.42666215,0.37796795
2.4100628,0.21916047,0.336654,0.42656246,0.37766072
2.4200625,0.2193422,0.33663476,0.42603123,0.37839782
2.4300625,0.21936259,0.33668262,0.42656457,0.3780789
2.4400623,0.22137214,0.3371734,0.42626914,0.37761518
2.4500613,0.22074789,0.33655247,0.42663166,0.3781297
2.4600627,0.21986507,0.33771542,0.42709443,0.37747955
2.4700627,0.22003783,0.33736956,0.42639285,0.3775944
2.4800632,0.22114745,0.337398,0.42679146,0.37768883
2.490062,0.22038998,0.33730915,0.42665425,0.37744948
2.500062,0.22059742,0.3373688,0.42619288,0.37796065
2.5100622,0.22002152,0.33722588,0.4262081,0.37737092
2.5200622,0.22039229,0.33747703,0.4264167,0.37795588
2.5300617,0.2196713,0.33748943,0.4264655,0.37775823
2.5400622,0.21983637,0.33756086,0.42624685,0.37772554
2.5500627,0.2208519,0.33740324,0.42628554,0.37709615
2.5600626,0.2199961,0.33644056,0.42625648,0.37748498
2.570061,0.21860923,0.33621255,0.4258833,0.37740543
2.5800617,0.21942857,0.33630463,0.4253635,0.37724835
2.5900624,0.21895795,0.33575994,0.4258109,0.37764782
2.6000626,0.21934782,0.3362192,0.42627528,0.37724194
2.6100621,0.21925913,0.33647674,0.42574883,0.37716284
2.6200619,0.21918823,0.3366376,0.42579237,0.37707362
2.6300626,0.21961781,0.3370246,0.42614597,0.37761417
2.6400614,0.2186447,0.3366758,0.42566347,0.3771812
2.650062,0.22038125,0.33828634,0.42656595,0.37730628
2.6600626,0.22007903,0.33646655,0.42628634,0.37792137
2.6700618,0.21988975,0.3373737,0.42608893,0.3773946
2.6800623,0.22025926,0.33731356,0.42641667,0.37750748
2.690061,0.21887077,0.33781543,0.42613533,0.37761256
2.7000623,0.2198018,0.33763883,0.42582834,0.377058
2.710062,0.21977092,0.33722186,0.42557898,0.37752217
2.7200623,0.22063886,0.33739275,0.42635244,0.37704694
2.7300622,0.21956514,0.3375004,0.42535964,0.37676543
2.740062,0.21997657,0.33764952,0.42627457,0.37703848
2.750062,0.21983895,0.3376138,0.4258473,0.3770359
2.7600617,0.22042388,0.33727115,0.42521858,0.37666288
2.7700622,0.22005463,0.3376562,0.42601195,0.37731618
2.7800622,0.22044577,0.33701387,0.4257093,0.37709922
2.7900612,0.22007343,0.3371238,0.42619425,0.37713104
2.8000624,0.22023346,0.33783233,0.42641288,0.3772781
2.8100615,0.22044042,0.33725664,0.42630318,0.37713376
2.8200612,0.22044842,0.33726054,0.42635688,0.37683913
2.8300624,0.21996021,0.3370071,0.42602104,0.377587
2.8400621,0.22059552,0.33724007,0.42633256,0.3772262
2.8500617,0.22024462,0.33749756,0.42633778,0.37667012
2.8600783,0.22058749,0.33737916,0.42594677,0.3776232
2.8700676,0.22064845,0.33727747,0.42574057,0.37619284
2.8800611,0.2202661,0.33707666,0.42637724,0.37693614
2.890063,0.2205379,0.3380576,0.42549005,0.37626532
2.9000618,0.2205186,0.33893472,0.42628703,0.37672597
2.9100633,0.2204592,0.33759046,0.42547432,0.37706327
2.920079,0.22080286,0.33790064,0.42588824,0.37660512
2.9300644,0.22026284,0.3375978,0.42641023,0.3771473
2.9400656,0.22024335,0.3372497,0.42571363,0.37655297
2.950061,0.22078404,0.33795923,0.42598632,0.37646148
2.9600623,0.22084977,0.3378583,0.42542058,0.37676293
2.9700627,0.22078267,0.33813414,0.42579877,0.37718424
2.980064,0.21736309,0.33729273,0.426339,0.37561983
2.9900668,0.22021104,0.33817932,0.4260509,0.37687457
3.0000682,0.22081755,0.33657905,0.42607406,0.37658077
3.010064,0.21918601,0.337805,0.42645037,0.376775
3.0200624,0.2196547,0.33771333,0.42577884,0.3760888
3.0300632,0.2209499,0.33856544,0.42610872,0.37671027
3.040063,0.22035812,0.3380546,0.42602322,0.37677836
3.0500617,0.22151335,0.33819148,0.42676213,0.37658906
3.0600626,0.22101712,0.33807632,0.42654064,0.3764402
3.0700617,0.2199611,0.33809492,0.4261543,0.37660438
3.0800624,0.22024886,0.33755046,0.42666212,0.37691545
3.0900624,0.2203346,0.33714846,0.42654654,0.37646922
3.1000626,0.22108015,0.3371657,0.42651212,0.37700376
3.1100624,0.22029689,0.337218,0.42630464,0.37669614
3.1200614,0.22063114,0.33780807,0.42668143,0.3760914
3.130062,0.21984205,0.33740863,0.42595017,0.37599343
3.1400623,0.2209693,0.3378384,0.42638728,0.37673804
3.150062,0.22084457,0.33761728,0.425621,0.37654552
3.1600623,0.22016719,0.33747584,0.4261108,0.37570047
3.1700613,0.22055079,0.33775535,0.42599678,0.37636927
3.1800628,0.22026637,0.33754042,0.42648396,0.37654495
3.1900616,0.22011249,0.33747533,0.42615908,0.37616348
3.2000628,0.22088827,0.3377712,0.42649332,0.37595704
3.2100663,0.22047785,0.337722,0.42589176,0.37652913
3.2200632,0.21991947,0.33757308,0.426108,0.37636662
3.2300622,0.21990663,0.33775982,0.42634252,0.37587595
3.240062,0.22024077,0.33763424,0.42589334,0.37585992
3.2500627,0.2202318,0.33820495,0.42611,0.37570947
3.2600627,0.2206422,0.33817568,0.42637894,0.3760825
3.2700615,0.22096124,0.33827984,0.42621493,0.37592408
3.280062,0.22036411,0.33709854,0.4269908,0.37677178
3.2900617,0.21944892,0.33774555,0.42626154,0.37611163
3.3000627,0.22153272,0.3373761,0.426631,0.3762924
3.3100622,0.22125648,0.33867618,0.42667896,0.3757318
3.320062,0.22059788,0.33823773,0.42658764,0.37578142
3.3300622,0.22066487,0.3383251,0.42680293,0.3760659
3.3400624,0.22037783,0.33845526,0.4271898,0.37599412
3.3500621,0.22174619,0.33873412,0.4267745,0.3763365
3.3600779,0.22058499,0.33776143,0.42675045,0.3754993
3.3700666,0.22060427,0.3384824,0.42611107,0.37646416
3.3800619,0.22064748,0.337733,0.42660898,0.37546593
3.390063,0.2209818,0.3382997,0.42677903,0.37578213
3.400062,0.22088529,0.33832487,0.42693806,0.37569463
3.4100618,0.22063483,0.33801556,0.42599273,0.37536472
3.420063,0.22023782,0.33788753,0.4261216,0.37616548
3.4300625,0.2210414,0.33777577,0.42679298,0.37590533
3.4400623,0.2207709,0.33838347,0.42675868,0.3764552
3.4500625,0.22161962,0.3375169,0.42732635,0.3757389
3.4600625,0.22079517,0.3389229,0.4264126,0.37561142
3.4700627,0.22041398,0.33777073,0.42604786,0.3755532
3.4800613,0.22078994,0.33915403,0.42697605,0.3763194
3.490062,0.22018859,0.33783233,0.42646784,0.37545365
3.5000627,0.22073911,0.33761802,0.42671922,0.375416
3.5100622,0.21974328,0.33855793,0.42652744,0.37556294
3.5200624,0.22115296,0.33784598,0.42728052,0.3760546
3.5300612,0.2210559,0.33825725,0.42691484,0.37506887
3.5400624,0.22052647,0.33811226,0.42753303,0.37574512
3.5500615,0.22101845,0.33800894,0.4277228,0.37508693
3.5600624,0.22102284,0.33882818,0.4273592,0.3753482
3.5700624,0.2207358,0.33849588,0.4273365,0.37525868
3.580062,0.22088158,0.3385239,0.4264997,0.3747858
3.5900624,0.22075945,0.3379853,0.42767107,0.37509704
3.6000612,0.22102617,0.3376921,0.42746422,0.37470374
3.6100624,0.22083801,0.33905658,0.42645374,0.37529472
3.6200624,0.22153383,0.33869728,0.42712006,0.37500915
3.630062,0.2206906,0.338478,0.4272913,0.3748763
3.640062,0.2204065,0.3384702,0.42692837,0.3746344
3.6500611,0.2213842,0.33806807,0.42668933,0.37541232
3.6600626,0.22024581,0.33899802,0.42671874,0.37514547
3.670062,0.22118787,0.33870003,0.4270442,0.3759578
3.680062,0.2202619,0.33879685,0.42735428,0.37546834
3.6900618,0.21991004,0.33834192,0.42757192,0.37486118
3.700062,0.22076495,0.3379107,0.42697746,0.3754226
3.7100616,0.22103363,0.33849135,0.42759734,0.37555707
3.7200615,0.2207027,0.33734056,0.427339,0.3745065
3.7300622,0.22094768,0.33913106,0.4273862,0.37530935
3.7400622,0.22152169,0.33842424,0.42794988,0.37455928
3.750062,0.22088204,0.33867326,0.4277424,0.37469333
3.7600622,0.22177963,0.33849326,0.4278818,0.3747963
3.770061,0.22126977,0.3384981,0.4270384,0.3749469
3.7800612,0.2211207,0.33836922,0.42794722,0.3752423
3.7900615,0.22000033,0.33913672,0.427828,0.37443173
3.8000624,0.22144176,0.33881932,0.4274905,0.37521613
3.8100617,0.22124666,0.33798665,0.42809755,0.37479487
3.820062,0.22094621,0.33964118,0.4270056,0.3749207
3.8300626,0.22066933,0.3384561,0.42782292,0.3749163
3.8400598,0.22089651,0.3390768,0.42824763,0.37511814
3.8500617,0.22044401,0.33892742,0.4274262,0.37465137
3.8603656,0.22206612,0.33860484,0.42747077,0.37532017
3.870068,0.22094072,0.33870733,0.42793894,0.37434894
3.880062,0.22184396,0.33911017,0.42789632,0.37537387
3.890063,0.22100319,0.33812657,0.42793274,0.37431452
3.9000628,0.22097637,0.33858183,0.42804155,0.3750277
3.9100623,0.22081521,0.33818567,0.42803162,0.3744565
3.9200797,0.22064526,0.33833405,0.4288966,0.37494725
3.9300642,0.22033307,0.33810687,0.42806378,0.37433004
3.9400654,0.22083831,0.33790746,0.42782196,0.37407675
3.9500637,0.22079207,0.33848664,0.42825767,0.37571824
3.960062,0.22070622,0.33880836,0.4285938,0.37457687
3.970063,0.22023693,0.33847237,0.42841506,0.3753132
3.9800625,0.22030883,0.33827037,0.4278692,0.37466
3.9900622,0.22059965,0.33818036,0.42885765,0.37443647
4.000068,0.2207257,0.3389506,0.42889667,0.3739943
4.0100646,0.22069003,0.33922246,0.42896342,0.37418866
4.020063,0.2198591,0.33844817,0.42865625,0.3745688
4.0300612,0.22094241,0.33910474,0.428179,0.37483504
4.0400634,0.22052367,0.33830217,0.42786145,0.37502488
4.0500627,0.22065477,0.33938673,0.42868274,0.37410703
4.060063,0.2208473,0.3384882,0.4282274,0.3741855
4.070062,0.2202237,0.33866903,0.42855108,0.37449312
4.0800614,0.220972,0.33979386,0.42871398,0.37477228
4.0900626,0.22101952,0.33880427,0.42820087,0.3742988
4.1000633,0.22007562,0.3392001,0.42845276,0.37387994
4.110063,0.22098045,0.33843836,0.42848852,0.373935
4.120063,0.22101957,0.3391509,0.42880887,0.37447906
4.1300616,0.2208564,0.33842936,0.42956477,0.37427652
4.1400623,0.22168356,0.33920678,0.4290939,0.3749618
4.150062,0.22094642,0.33910233,0.4287333,0.3741622
4.1600623,0.22161163,0.33889124,0.4288147,0.3745379
4.170062,0.22064689,0.33943254,0.42862496,0.37455067
4.180062,0.22128952,0.33966172,0.42901096,0.3740539
4.190061,0.21993822,0.339702,0.4288948,0.37417027
4.2000628,0.2209923,0.33799583,0.4292234,0.37346113
4.2100787,0.22460783,0.34220693,0.4295987,0.37387225
4.220073,0.2243559,0.34248188,0.4296273,0.3739544
4.230076,0.22398628,0.3422017,0.4291444,0.37394026
4.2400727,0.22390644,0.34239239,0.42986217,0.3738308
4.2500725,0.22557093,0.3426998,0.43005118,0.37400886
4.2600727,0.22544856,0.34206054,0.42994902,0.3740621
4.2700753,0.22476174,0.3428809,0.43040946,0.37482032
4.280074,0.22476412,0.3424553,0.4309322,0.37388557
4.2900753,0.22427268,0.34237424,0.43017066,0.3741613
4.300075,0.22515553,0.34256434,0.43068847,0.3741107
4.310074,0.22539812,0.34247753,0.43058556,0.3740321
4.320073,0.22458334,0.34234008,0.4307243,0.37374416
4.330074,0.22538126,0.34104615,0.43066102,0.3737079
4.3400774,0.22519271,0.34237087,0.43061608,0.37316975
4.350077,0.22487862,0.34324837,0.43053463,0.3739299
4.360087,0.22525524,0.34213567,0.4307973,0.37229264
4.3700857,0.22409469,0.3408681,0.4316623,0.37373224
4.380076,0.22421801,0.34231693,0.43077812,0.37299654
4.3900743,0.22311087,0.3426824,0.4307473,0.3732644
4.4000754,0.2249837,0.34249517,0.43097505,0.37361696
4.410095,0.22466524,0.34180385,0.43123147,0.3737912
4.4200754,0.2257885,0.34197047,0.43076232,0.37363675
4.430075,0.2247746,0.3416699,0.43174392,0.37317997
4.4400725,0.22510213,0.3428273,0.4306518,0.37385756
4.450075,0.22501837,0.34277058,0.43062657,0.37361214
4.4600754,0.22482087,0.34313595,0.4313221,0.3734739
4.470073,0.22483344,0.34220105,0.43154672,0.373323
4.480076,0.2250802,0.3430931,0.43093255,0.37393162
4.490073,0.224639,0.34233853,0.43138787,0.37321767
4.5000753,0.22523446,0.34327033,0.4313268,0.3734573
4.510092,0.22462222,0.3422882,0.43140438,0.37298456
4.5200763,0.22521125,0.3429064,0.43158686,0.37401646
4.5300765,0.22546148,0.34236997,0.43166384,0.37325597
4.5400763,0.22499672,0.34211275,0.4317599,0.3732337
4.550089,0.2255632,0.3423041,0.43170014,0.37387884
4.5600796,0.22591896,0.34284213,0.43143943,0.37298626
4.5700746,0.22541088,0.34243974,0.4321213,0.37347353
4.580076,0.22516283,0.3429873,0.43170178,0.37306714
4.5900784,0.2249474,0.34280455,0.4312078,0.37283677
4.600081,0.22542201,0.34271112,0.43162403,0.37343687
4.6100926,0.2247407,0.3432564,0.43149573,0.3725613
4.6200757,0.22538841,0.34284988,0.43202087,0.37343663
4.6300764,0.22564098,0.3438765,0.43172207,0.37341318
4.640075,0.22581914,0.3427934,0.43249083,0.37336072
4.6500764,0.22564997,0.3427199,0.43239704,0.37303403
4.6600747,0.22455372,0.3426497,0.4324165,0.37355092
4.6700754,0.22581036,0.34286135,0.4330353,0.37327293
4.6800737,0.22544709,0.34238774,0.43214038,0.37280434
4.6900754,0.22581841,0.34332362,0.43187582,0.3733339
4.7000766,0.22566776,0.34315136,0.43188196,0.3728994
4.710089,0.22500095,0.34314328,0.43206725,0.37308723
4.720076,0.22549364,0.3428921,0.43233982,0.37218416
4.730073,0.22493078,0.34289128,0.43255895,0.3732769
4.7400756,0.2247007,0.34262154,0.43279845,0.3728598
4.7500753,0.22519536,0.3429382,0.43202195,0.3735256
4.7600756,0.22529435,0.3432668,0.433411,0.3728313
4.7700753,0.2247663,0.34275764,0.43307662,0.3732531
4.7800746,0.22533008,0.3432407,0.43348044,0.37322855
4.7900853,0.2248459,0.34295535,0.4341906,0.37249345
4.800071,0.22594716,0.34346604,0.43299675,0.37304792
4.810083,0.22470021,0.34264982,0.432717,0.37343946
4.8200755,0.22528902,0.3431768,0.43306962,0.37308243
4.830074,0.22473694,0.34309268,0.43289924,0.37297723
4.8400755,0.22488223,0.3432394,0.4325374,0.37286204
4.850073,0.22531128,0.34277144,0.43311632,0.3725132
4.8600883,0.225102,0.34219816,0.43302447,0.3731423
4.8700843,0.22456695,0.3422384,0.4332714,0.3736727
4.8800755,0.22505689,0.34265473,0.4329937,0.3731221
4.890074,0.22307646,0.34283578,0.43259472,0.3732847
4.900076,0.2251989,0.3429219,0.43362412,0.3728078
4.910097,0.22527651,0.34240547,0.43287483,0.37254795
4.920085,0.2248053,0.34322965,0.4331605,0.37278003
4.9300756,0.22497964,0.34280834,0.43352136,0.37306947
4.9400773,0.22481903,0.34293336,0.43354696,0.37260145
4.950074,0.22553213,0.34308594,0.43345815,0.37327018
4.960075,0.225105,0.34261376,0.43361259,0.37275758
4.970073,0.22549596,0.34354118,0.4332689,0.37270507
4.980076,0.22536159,0.34331033,0.43380177,0.3725046
4.9900727,0.22512183,0.34270248,0.43394828,0.3722907
5.000084,0.22516245,0.3432094,0.43379727,0.3730958
5.0101,0.22455141,0.34315753,0.4340201,0.373176
5.020075,0.22509548,0.34291488,0.4339444,0.37249285
5.0300746,0.22512701,0.34399372,0.43437743,0.37225112
5.0400734,0.22498204,0.34313005,0.4344263,0.37274757
5.050075,0.22529313,0.3431229,0.4337408,0.3722147
5.060074,0.22597903,0.34300748,0.43385178,0.37197292
5.070075,0.22523212,0.34349242,0.43456867,0.372413
5.080075,0.22583455,0.3438921,0.4342738,0.37222925
5.090074,0.22530738,0.34333172,0.43472123,0.3724026
5.1000757,0.22544871,0.3435311,0.43468446,0.37275138
5.1100917,0.22529812,0.3427162,0.43502256,0.37254044
5.1200767,0.22554561,0.34395412,0.43497914,0.37348446
5.1300755,0.22485693,0.34228903,0.4342994,0.37230402
5.1400743,0.22567295,0.3441137,0.43469942,0.3724222
5.1500745,0.22601835,0.3434137,0.4350918,0.37203595
5.160073,0.22531797,0.34355876,0.4351737,0.37237504
5.1700754,0.22503635,0.34309483,0.43536943,0.3726037
5.180075,0.22617592,0.34332988,0.4359138,0.3730184
5.1900735,0.22540244,0.3435122,0.43460378,0.3723144
5.200074,0.22517124,0.3426227,0.4354884,0.3730882
5.210074,0.22474259,0.34346327,0.43547523,0.37246054
5.2200756,0.22490668,0.34258032,0.43511418,0.37234432
5.230076,0.22531,0.34390685,0.43570453,0.37213188
5.240073,0.22465521,0.3425024,0.43462256,0.37187386
5.2500763,0.22546807,0.3431975,0.43540657,0.37157458
5.260075,0.22459629,0.3432274,0.4347945,0.37206763
5.2700753,0.22499627,0.34294203,0.4357713,0.37245378
5.2800727,0.22543548,0.34351134,0.43524107,0.37244904
5.290074,0.22444654,0.3433248,0.4360108,0.37267518
5.3000736,0.22512196,0.34320614,0.4353176,0.37193865
5.3100805,0.22531296,0.34383765,0.43563122,0.37258914
5.320075,0.2249028,0.343832,0.43600258,0.3721721
5.3300734,0.2243139,0.34290624,0.43632275,0.3717654
5.340076,0.22458813,0.3421565,0.4357249,0.37212285
5.350075,0.22404476,0.34269613,0.43664578,0.37181884
5.360099,0.22440778,0.34260637,0.43634626,0.37229607
5.370083,0.22379078,0.34204665,0.43604025,0.37218142
5.3800764,0.22329809,0.34203786,0.4356883,0.37229902
5.390075,0.22452757,0.34228358,0.4358793,0.37277803
5.400075,0.22376218,0.34223446,0.43602622,0.37215564
5.4100757,0.22379169,0.34258762,0.4358819,0.3716838
5.420076,0.22622918,0.34359145,0.43662417,0.37184146
5.4300737,0.22652762,0.3437094,0.43709,0.37227628
5.4400754,0.22602566,0.34360743,0.43601817,0.37243998
5.450073,0.22535995,0.34342653,0.43650526,0.37189335
5.4600754,0.22581556,0.3437913,0.43697616,0.37247163
5.4700704,0.22540833,0.3436495,0.43673873,0.3724854
5.4800763,0.22663017,0.34404477,0.43715099,0.3729589
5.490074,0.22592586,0.344179,0.4361753,0.37157464
5.5000753,0.2262216,0.3442663,0.43727666,0.3719017
5.5100737,0.22507964,0.34368753,0.43677437,0.37239045
5.5200725,0.22557068,0.34339678,0.43763375,0.37215135
5.530077,0.22561601,0.34455884,0.43759286,0.37175983
5.5400763,0.22542238,0.34332672,0.4375439,0.3716433
5.550076,0.22642773,0.34355545,0.4376242,0.3719397
5.5600753,0.22585136,0.34350124,0.43727976,0.37189192
5.5700736,0.22577173,0.34380463,0.4376178,0.3715238
5.5800753,0.22593945,0.3437472,0.437523,0.3721583
5.590074,0.22585107,0.34398904,0.43741438,0.37188107
5.6000757,0.22603214,0.34354892,0.43750873,0.37143767
5.610075,0.22594014,0.34414935,0.437886,0.37189883
5.6200747,0.22512777,0.3438279,0.4384471,0.37209186
5.630074,0.22642903,0.34464914,0.4376242,0.3716389
5.6400733,0.22500242,0.34370032,0.43802965,0.3713764
5.6500754,0.22528186,0.34413782,0.43852824,0.3717547
5.660075,0.22511056,0.3438645,0.43843108,0.3715956
5.670073,0.2263272,0.34458604,0.437948,0.37176895
5.680075,0.22632425,0.34388325,0.4381769,0.3720476
5.6900735,0.22573453,0.34351575,0.4383004,0.37131402
5.700075,0.2255851,0.34360698,0.4383439,0.37163466
5.710076,0.22546023,0.34318012,0.43861952,0.3711893
5.720081,0.22514433,0.34328184,0.43877885,0.37179804
5.730075,0.22593392,0.34417754,0.43920833,0.37137297
5.7400746,0.22508267,0.34347668,0.43879953,0.3717555
5.750076,0.22543743,0.3437882,0.43846422,0.3716795
5.7600737,0.22582556,0.34389952,0.43965372,0.37159145
5.770076,0.22569272,0.34427294,0.4388321,0.37144426
5.780075,0.2257251,0.34421188,0.4394394,0.3716199
5.7900734,0.2254619,0.34399837,0.43936735,0.37078965
5.800076,0.22566429,0.34496742,0.43933925,0.37257263
5.810073,0.22576936,0.34340656,0.4393011,0.37189582
5.82009,0.22627091,0.3440231,0.4398371,0.37133515
5.830071,0.22657803,0.34408277,0.4397525,0.3714651
5.8400745,0.22570845,0.34504467,0.43991932,0.37185907
5.8500752,0.22590011,0.34431705,0.4394816,0.3717086
5.8600893,0.22531857,0.3445704,0.43993348,0.3712444
5.8700857,0.22540885,0.34333125,0.43939942,0.3717241
5.8800774,0.22572815,0.3439633,0.44056565,0.3714797
5.8900743,0.22405404,0.34346148,0.44009742,0.37171698
5.900077,0.22553521,0.3439915,0.43993467,0.37164214
5.9100766,0.22667469,0.34403318,0.43997735,0.37176526
5.9201093,0.22553045,0.34323263,0.4403146,0.37189835
5.9300776,0.22580774,0.34414157,0.43994707,0.37155816
5.9400744,0.22557454,0.34449467,0.44012544,0.37183473
5.9500723,0.22541249,0.34514117,0.44090563,0.37175137
5.9600754,0.22584155,0.34365296,0.44083688,0.37100056
5.9700766,0.22645384,0.34453535,0.44068995,0.37212616
5.9800797,0.22596747,0.3444683,0.44014543,0.37138647
5.990076,0.2262267,0.34427926,0.44070312,0.37170044
6.0000806,0.22640596,0.34377557,0.44060415,0.37093928
6.0100775,0.22484356,0.34428602,0.44096646,0.37159646
6.0200963,0.2252627,0.34400418,0.44160748,0.37162834
6.030074,0.22636999,0.34425914,0.44027966,0.3717386
6.040076,0.22484556,0.3434937,0.44059706,0.37125945
6.050073,0.22597632,0.3446614,0.44147572,0.37166154
6.060075,0.22537817,0.34485617,0.44177344,0.37201342
6.0700755,0.22562356,0.3440812,0.44104567,0.37153372
6.080075,0.22599822,0.344573,0.44137567,0.37144464
6.0900736,0.22575876,0.34392786,0.44139153,0.37128118
6.1000752,0.22639503,0.3441981,0.4413905,0.37159088
6.1100745,0.22560762,0.34410253,0.441519,0.3708332
6.1200876,0.2260692,0.34449303,0.4415828,0.3710685
6.1300764,0.2263221,0.3440136,0.44166192,0.37104204
6.140075,0.22537524,0.34406152,0.44274005,0.3708149
6.150075,0.2257069,0.34359744,0.44200483,0.3712308
6.1600738,0.22595792,0.34462735,0.44236723,0.370898
6.170073,0.22605763,0.34355697,0.44237667,0.37179908
6.180075,0.22605804,0.34452128,0.44282,0.37147978
6.1900735,0.22602956,0.34456956,0.4429595,0.37116438
6.2000756,0.22516508,0.34354392,0.4427207,0.37116283
6.2100754,0.22546938,0.3442099,0.44301763,0.37147167
6.220095,0.22548752,0.34412134,0.44290578,0.37132257
6.2300787,0.22562467,0.3440618,0.44314122,0.37130693
6.240073,0.22633152,0.34368715,0.44259286,0.3711863
6.2500753,0.2254878,0.34380746,0.44302982,0.37108395
6.2600746,0.2256444,0.34438777,0.442912,0.37085113
6.2700753,0.22695868,0.34528792,0.44344726,0.3713804
6.280075,0.22638674,0.34409046,0.4430698,0.3709955
6.290073,0.22658537,0.34480178,0.44331005,0.3712613
6.3000746,0.22576395,0.3444744,0.4439317,0.37050617
6.3100758,0.22700487,0.34483406,0.4433197,0.37209338
6.3200903,0.22544795,0.34418514,0.44337198,0.37122586
6.3300767,0.2267522,0.34428105,0.44337067,0.37101904
6.340078,0.22574624,0.34436566,0.44345728,0.371845
6.3500767,0.22493988,0.3445637,0.44396016,0.37141094
6.360084,0.22481357,0.34310776,0.44338083,0.37167472
6.370084,0.22490819,0.34442624,0.44374958,0.37019762
6.380077,0.22538708,0.34470144,0.4448385,0.37141392
6.3900766,0.22478056,0.34468555,0.44440648,0.37163383
6.400076,0.22622915,0.34464124,0.44493008,0.37123525
6.4100733,0.22609591,0.34419012,0.44498682,0.3710094
6.420097,0.22620825,0.3444723,0.44436982,0.37082726
6.4300747,0.22603008,0.3447163,0.4451076,0.3712064
6.440075,0.22625558,0.3448623,0.44536713,0.37106416
6.450075,0.2252888,0.3444843,0.44402975,0.37116578
6.4600754,0.22654004,0.34386384,0.4453199,0.3713359
6.470074,0.22587092,0.34432945,0.44513083,0.3714072
6.480073,0.22640829,0.3445434,0.444953,0.37158838
6.490075,0.22432783,0.34471852,0.4453892,0.37094784
6.500076,0.22627622,0.34504598,0.4451739,0.37099847
6.510074,0.22544682,0.34486404,0.4448827,0.37083346
6.5200934,0.22562782,0.3448916,0.44576094,0.37151572
6.530073,0.22582068,0.3449384,0.44540194,0.37119678
6.540076,0.22573167,0.34412253,0.4455547,0.37048212
6.550075,0.225817,0.3446879,0.44589275,0.37072697
6.5600753,0.22567128,0.34494394,0.44635075,0.37157348
6.570076,0.22586839,0.34434652,0.44572702,0.37087372
6.5800743,0.22599417,0.3446629,0.44648966,0.3703068
6.5900745,0.22561099,0.34522372,0.4460212,0.37097317
6.6000733,0.2262774,0.34434745,0.44651622,0.3707897
6.6100745,0.22616486,0.34493443,0.44671622,0.37116697
6.62009,0.22555111,0.34503168,0.4463055,0.37147072
6.6300755,0.22699545,0.34532854,0.44632205,0.3713533
6.6400747,0.22576798,0.3445464,0.44673648,0.37077352
6.650072,0.2261851,0.34445113,0.44743434,0.37114903
6.660075,0.22714078,0.34477067,0.44667688,0.37109476
6.670076,0.22729202,0.34539053,0.44666544,0.3712431
6.680074,0.22693923,0.34464204,0.44786474,0.37072244
6.6900744,0.2252248,0.3456295,0.44774354,0.37021783
6.7000747,0.22544695,0.34496504,0.4469804,0.37135777
6.710076,0.22679736,0.3449043,0.4479824,0.37020263
6.7200723,0.22639494,0.34500247,0.4476232,0.37067342
6.730076,0.22658075,0.3448351,0.4477308,0.37051055
6.7400756,0.22555827,0.34494203,0.4479145,0.370553
6.7500744,0.22563986,0.3441582,0.44771692,0.3703613
6.760075,0.22590797,0.34466723,0.4479243,0.3712406
6.7700725,0.22594249,0.34473935,0.44762847,0.37091407
6.7800746,0.22647507,0.3449133,0.44819564,0.3708244
6.7900724,0.226167,0.34453318,0.4483619,0.37039065
6.8000755,0.22630057,0.345501,0.448642,0.37060723
6.8100753,0.22605906,0.34523788,0.44834492,0.37060967
6.820074,0.22719859,0.3455212,0.44886386,0.37055176
6.8300757,0.22632433,0.3450647,0.44800302,0.37070197
6.8400726,0.22636701,0.3452515,0.4490735,0.37100402
6.8500752,0.22571293,0.34493375,0.4487011,0.37090278
6.860077,0.22421263,0.3434358,0.44954026,0.37089512
6.8700852,0.22519067,0.34475124,0.44914708,0.370684
6.8800774,0.22606045,0.34325206,0.448998,0.37070242
6.8900733,0.22591336,0.3454152,0.4492833,0.3705859
6.9000764,0.22618689,0.34394997,0.44951126,0.37048802
6.9100757,0.22576854,0.34439394,0.449344,0.37061772
6.9200864,0.22632451,0.3447927,0.4496615,0.3699381
6.9300785,0.22584042,0.34426793,0.4494771,0.3706665
6.9400735,0.22677638,0.3446249,0.4499315,0.3711901
6.9500747,0.22600044,0.34422126,0.4499244,0.37119564
6.9600735,0.22556536,0.34449124,0.45007047,0.37076434
6.9700756,0.22599201,0.3448896,0.4506261,0.37051323
6.98007,0.22611725,0.34496868,0.45016393,0.37084264
6.990074,0.22594294,0.3452682,0.45091203,0.37047002
7.0000796,0.2261917,0.34451383,0.45087442,0.3710513
7.0100737,0.22618647,0.34480727,0.4517465,0.3711295
7.0200753,0.226167,0.3455134,0.45097092,0.37067488
7.0300736,0.22609784,0.34549403,0.4508605,0.37052143
7.0400763,0.22638068,0.34534085,0.45065874,0.3709519
7.050076,0.22621158,0.34535468,0.45203546,0.37067753
7.060075,0.22646499,0.34432894,0.4512891,0.37065586
7.0700755,0.22514431,0.3452806,0.45146686,0.3704455
7.080073,0.22748493,0.34555438,0.4521096,0.37098515
7.0900745,0.22637877,0.34462225,0.45138702,0.37063304
7.1000757,0.22707786,0.34585458,0.45177904,0.3706387
7.1100736,0.22612514,0.34541732,0.4515011,0.37112942
7.1200757,0.22650939,0.345232,0.4524559,0.3710751
7.1300726,0.22650598,0.34498852,0.45177492,0.37034854
7.140075,0.22635294,0.34539837,0.4525998,0.37052616
7.1500754,0.22625203,0.34514296,0.45260423,0.37095007
7.160075,0.22694612,0.34533823,0.4529296,0.37085295
7.1700754,0.22649577,0.3449004,0.45248544,0.37040746
7.1800747,0.22672415,0.34596458,0.452861,0.37082872
7.1900735,0.2264692,0.3454894,0.45313737,0.37115204
7.200073,0.22565857,0.345074,0.45300105,0.37088412
7.210075,0.22650905,0.34563074,0.45347592,0.37083647
7.2200828,0.22577177,0.3446801,0.45383012,0.37130344
7.2300797,0.22649734,0.34540612,0.45430195,0.37063155
7.2400765,0.22674115,0.34521955,0.4539765,0.37035522
7.25007,0.22589692,0.3458243,0.45407206,0.37061274
7.2600765,0.22662354,0.34510744,0.45353153,0.37077305
7.270074,0.22688177,0.3449171,0.45436454,0.37057742
7.280075,0.22628905,0.34500316,0.45409024,0.370477
7.2900743,0.22650827,0.34507227,0.45407203,0.37029883
7.300075,0.22590786,0.3452001,0.454509,0.36996496
7.310075,0.22644965,0.3466115,0.45518494,0.3719325
7.320073,0.22665375,0.3450119,0.45555574,0.37008983
7.330089,0.22609803,0.34556073,0.454472,0.37026152
7.3400755,0.22599502,0.34559688,0.4553406,0.37019932
7.350074,0.22664787,0.34592542,0.4554709,0.37042126
7.360075,0.22529341,0.3441804,0.45470038,0.37064293
7.3700852,0.2253911,0.3449778,0.4553412,0.3705524
7.380077,0.22553647,0.34532923,0.45592782,0.36993906
7.3900743,0.2249553,0.34473425,0.45539978,0.37019306
7.4000764,0.22543551,0.34501582,0.45548728,0.37032813
7.4100766,0.226338,0.34489787,0.45589375,0.37066156
7.420074,0.22704092,0.34526348,0.4566863,0.37059936
7.4300723,0.22661209,0.34527168,0.45596758,0.36986762
7.440074,0.22584812,0.34527335,0.45742622,0.37083226
7.4500756,0.2262859,0.34480762,0.45654434,0.37043443
7.4600754,0.22658882,0.34546378,0.45607832,0.37085173
7.470073,0.22662786,0.34542367,0.45635942,0.37013835
7.4800773,0.22656357,0.3454462,0.4566466,0.37058735
7.4900737,0.22655264,0.3456389,0.45701894,0.3707538
7.500076,0.22690988,0.34592205,0.45790285,0.37074095
7.510074,0.22645412,0.34547973,0.45800483,0.3710399
7.5200744,0.22648714,0.34559405,0.45779803,0.37134293
7.5300727,0.22681837,0.3456855,0.45808068,0.37106264
7.5400753,0.2270564,0.34516314,0.45787555,0.36998314
7.550075,0.22742587,0.34568223,0.45747572,0.37054688
7.560072,0.22708541,0.34576806,0.45778102,0.37039536
7.570075,0.22702526,0.34566942,0.45845622,0.37069574
7.580075,0.22649625,0.34565488,0.458239,0.37054598
7.5900736,0.22742346,0.34562227,0.4592072,0.3705857
7.6000752,0.22682814,0.3454888,0.45867094,0.37089685
7.610073,0.22657149,0.34548146,0.45857948,0.3704615
7.620075,0.22652134,0.3456818,0.4587526,0.36998683
7.6300755,0.22748667,0.34585756,0.45863137,0.3707828
7.6400747,0.22683294,0.34550327,0.45966715,0.37132967
7.6500764,0.22736739,0.3464023,0.45964462,0.37037048
7.660074,0.22735746,0.34598455,0.45965922,0.37082136
7.670075,0.22714315,0.3462717,0.46045268,0.37104046
7.680073,0.22639284,0.34557104,0.45990655,0.37070346
7.690073,0.22611406,0.3458312,0.46021616,0.37041518
7.700075,0.22635174,0.34578666,0.45976385,0.3707357
7.7100744,0.22664218,0.3460669,0.46039566,0.3715247
7.7200756,0.22658072,0.34577024,0.46029943,0.37034056
7.7300725,0.22630996,0.34624156,0.46073073,0.3703089
7.740073,0.22661953,0.34602812,0.46045646,0.3708532
7.7500753,0.22664784,0.3454282,0.46114764,0.3704631
7.760074,0.22770098,0.34571978,0.4613566,0.3709805
7.770075,0.22625098,0.3458831,0.4613875,0.3702008
7.780074,0.22627312,0.34631318,0.46131337,0.37056163
7.790073,0.22689117,0.34619236,0.46171847,0.37043667
7.800072,0.2263045,0.34592223,0.46171263,0.37075204
7.810075,0.22662129,0.3449376,0.46158302,0.3704654
7.820075,0.226631,0.34623507,0.46220124,0.37070715
7.8300724,0.22703286,0.34625068,0.4615093,0.37014365
7.8400807,0.22735122,0.3461768,0.46230632,0.37080684
7.8500767,0.22645167,0.34561136,0.46194327,0.37121254
7.860077,0.2263778,0.3451436,0.46203932,0.37081024
7.870086,0.22540529,0.3450817,0.46322668,0.3712778
7.8800783,0.22656217,0.3461243,0.46278,0.3710404
7.890076,0.22677916,0.34561163,0.46262822,0.37041256
7.900076,0.22651029,0.34525847,0.46330106,0.3708886
7.910074,0.22653882,0.34612504,0.46306452,0.37016317
7.920083,0.22615726,0.34553957,0.4639087,0.3706639
7.930077,0.22668451,0.34563217,0.4632159,0.37095645
7.940074,0.22720316,0.34534407,0.4633711,0.370569
7.9500775,0.2266368,0.34610766,0.46353185,0.37015355
7.960074,0.22667556,0.34631175,0.46401727,0.370721
7.9700737,0.22712667,0.3463064,0.464117,0.37069508
7.980076,0.22673924,0.3458172,0.464669,0.37052184
7.9900746,0.22708641,0.34620345,0.46437445,0.37083483
8.00008,0.22641261,0.3452811,0.46454135,0.37083662
8.010076,0.22601771,0.34652725,0.46497136,0.3708525
8.020074,0.22612123,0.34556466,0.46469,0.37111124
8.030074,0.22699444,0.3466996,0.46508524,0.3711765
8.040074,0.22714818,0.34581074,0.4649143,0.37050554
8.0500765,0.22683996,0.3461885,0.46447212,0.3705432
8.060074,0.22707364,0.34558663,0.46505767,0.3706082
8.070076,0.22714101,0.34639353,0.46621236,0.3709265
8.080075,0.22711277,0.3456707,0.46625614,0.37020734
8.090075,0.22659057,0.34600246,0.46595526,0.37040597
8.100076,0.22614652,0.34511635,0.4663591,0.37036383
8.110076,0.225983,0.34525058,0.4659153,0.3703842
8.120075,0.22751291,0.34486642,0.46624082,0.37037548
8.130075,0.22616053,0.34496915,0.4662093,0.3704739
8.140076,0.22613157,0.34518737,0.46649197,0.3704999
8.150076,0.22429185,0.3444923,0.4664745,0.37077194
8.160073,0.22672339,0.34623805,0.46718547,0.37066728
8.170074,0.22550343,0.34295386,0.46658418,0.37106112
8.180076,0.2257927,0.34587675,0.46768197,0.37060964
8.190074,0.22660726,0.34550706,0.4670644,0.37084895
8.200073,0.22683167,0.34644777,0.46746197,0.370362
8.210073,0.22669064,0.34612978,0.46740356,0.36990786
8.220078,0.22629628,0.3450207,0.4680543,0.37073618
8.230072,0.22726141,0.3459075,0.46820182,0.37106878
8.240076,0.22676232,0.34615293,0.46790573,0.37010232
8.250078,0.22642383,0.34582034,0.4678262,0.37014547
8.260075,0.22740975,0.34631112,0.46819076,0.3701032
8.270076,0.22697726,0.34582457,0.4688991,0.37038326
8.280073,0.22662182,0.3456154,0.46905386,0.3703074
8.290074,0.22681242,0.34630156,0.46925092,0.37017876
8.300076,0.2265609,0.34641048,0.4687096,0.3704686
8.310076,0.2274902,0.34594554,0.46865046,0.3713104
8.320076,0.2265448,0.34597814,0.46949717,0.37086856
8.330072,0.22654185,0.34590873,0.46983603,0.37156916
8.340078,0.22456364,0.34626645,0.46949318,0.37028584
8.350085,0.22589244,0.34576693,0.4695009,0.3708619
8.360076,0.22700857,0.34655136,0.46921444,0.3703409
8.37009,0.22601487,0.34669322,0.4695643,0.37084526
8.380077,0.22651869,0.3463307,0.46970394,0.3705234
8.390073,0.22682123,0.346346,0.47009742,0.37140733
8.400076,0.2269711,0.3455392,0.4695264,0.37064052
8.410074,0.22729662,0.34670967,0.4702477,0.3706138
8.420075,0.22719991,0.34609556,0.47106495,0.37106338
8.430077,0.22681108,0.34656304,0.47032216,0.37092367
8.440076,0.22747631,0.34627435,0.4703537,0.37064445
8.45007,0.22711149,0.34654105,0.47153464,0.37094036
8.460075,0.22790742,0.346858,0.47133133,0.37033895
8.470077,0.22647801,0.34649116,0.47078413,0.3707692
8.480076,0.22706541,0.34634635,0.47192925,0.37077174
8.490075,0.22763798,0.34658808,0.4711374,0.37010932
8.500075,0.22690792,0.3472088,0.4715104,0.3707501
8.510075,0.22727688,0.34695205,0.4716985,0.37003478
8.520074,0.22740927,0.34650892,0.47174063,0.3706617
8.530076,0.22702163,0.34578434,0.47228247,0.3710912
8.540075,0.22745979,0.34674352,0.47234988,0.37063012
8.550075,0.22684276,0.3464312,0.4723869,0.37069067
8.560075,0.22797012,0.3455237,0.47165078,0.37070248
8.570073,0.22720337,0.34612757,0.47213253,0.37058467
8.580075,0.22678389,0.346381,0.47267017,0.3702331
8.590074,0.22696604,0.3456665,0.47336203,0.37033305
8.600076,0.22701618,0.3460315,0.47373778,0.37011027
8.610076,0.22758245,0.34648308,0.47299933,0.37025735
8.620074,0.22744083,0.34624067,0.47188282,0.37029448
8.630075,0.2272964,0.34711975,0.47204933,0.3698925
8.640074,0.22672552,0.34643623,0.47260675,0.37035918
8.65009,0.22691354,0.3464058,0.47557947,0.37028116
8.660077,0.22744557,0.34651896,0.47498813,0.3706181
8.670075,0.22727229,0.34676504,0.47534537,0.37055913
8.680076,0.22640024,0.3464099,0.47451526,0.37061995
8.690074,0.22737838,0.34639612,0.4756303,0.37047115
8.700075,0.2271825,0.34620196,0.4752525,0.37125042
8.710075,0.22795266,0.34841812,0.47446755,0.37060216
8.720077,0.22747187,0.34509897,0.47450304,0.37122744
8.730076,0.22742929,0.34658545,0.4750994,0.37096483
8.740074,0.22670257,0.34579885,0.47449514,0.37059966
8.750089,0.22708283,0.34602192,0.47394603,0.37042066
8.760074,0.2271037,0.34617,0.4754111,0.37009767
8.770076,0.2278194,0.345603,0.4755211,0.37072155
8.780076,0.22801724,0.3463787,0.4748636,0.3708028
8.790074,0.22728047,0.3472379,0.47563484,0.37062928
8.800075,0.22668867,0.3472092,0.47591236,0.37012032
8.810074,0.22705072,0.3469584,0.47541678,0.37020838
8.820076,0.22730698,0.34658664,0.4758132,0.37101555
8.830076,0.22726963,0.34641972,0.4757535,0.37083718
8.840075,0.22808115,0.34694934,0.47658893,0.3709894
8.85009,0.22707318,0.3468428,0.47630268,0.3697141
8.860075,0.22789395,0.34693944,0.4767867,0.37044942
8.870089,0.22553766,0.3454095,0.4763438,0.37020457
8.880138,0.22692946,0.34604034,0.47656116,0.37123126
8.890081,0.22650036,0.34598258,0.47703817,0.37068832
8.900074,0.22783415,0.34624273,0.47679138,0.37054035
8.910071,0.22713952,0.34630042,0.47624296,0.37052104
8.920092,0.22737552,0.34591123,0.4775949,0.37020853
8.93008,0.22684604,0.34643105,0.47684354,0.3706486
8.940079,0.22730713,0.3465015,0.4776713,0.3703373
8.950098,0.22733091,0.3467379,0.47755164,0.37012786
8.960074,0.22729404,0.34619293,0.47773033,0.37066546
8.970077,0.22747926,0.34682015,0.47770646,0.37087515
8.980089,0.2262362,0.34613314,0.47719893,0.3715977
8.990101,0.2264374,0.34593257,0.47776902,0.37050825
9.000089,0.2264274,0.3463455,0.47779834,0.37058213
9.010078,0.22700793,0.3464012,0.47808707,0.37084195
9.020076,0.22672519,0.34602728,0.4781412,0.37045592
9.030075,0.227217,0.34683537,0.4781448,0.37039042
9.040075,0.22647642,0.34630734,0.4782498,0.37024307
9.050075,0.22686788,0.34705427,0.4790404,0.3708836
9.060076,0.22744648,0.34652197,0.47943118,0.37081972
9.070075,0.22683592,0.34650472,0.4785544,0.37039846
9.080075,0.22706817,0.34689122,0.479382,0.3710151
9.090075,0.22697926,0.34605783,0.47956485,0.3702374
9.100075,0.2268512,0.34643283,0.47849402,0.37048635
9.110075,0.2275166,0.34667715,0.47938874,0.3701506
9.120073,0.22759938,0.34656715,0.47987914,0.3707507
9.130075,0.22701629,0.34679392,0.47868124,0.37040144
9.140075,0.22745036,0.3470457,0.4801137,0.37046948
9.150075,0.22753102,0.34611335,0.47856522,0.37000993
9.160075,0.22753918,0.34682643,0.48177058,0.371393
9.170073,0.2271085,0.3467407,0.47828084,0.3703622
9.180076,0.2272254,0.34734914,0.48204544,0.37080854
9.190075,0.22707823,0.34607747,0.48128965,0.3704118
9.200073,0.2285057,0.34691003,0.47949547,0.37092623
9.210076,0.22756396,0.34637123,0.47921407,0.3696035
9.220077,0.2276191,0.34711596,0.48063868,0.37061077
9.230074,0.22713713,0.34711656,0.48078322,0.37089708
9.240073,0.22687867,0.34617153,0.48090613,0.37053868
9.250076,0.22740538,0.3466683,0.48122033,0.37062922
9.260075,0.22771187,0.34679967,0.4808794,0.37046704
9.270075,0.22777003,0.3464137,0.48066455,0.37060645
9.280074,0.22761638,0.3468147,0.4813906,0.37043867
9.290073,0.22807758,0.34693927,0.48166823,0.37086558
9.300076,0.22706139,0.3467026,0.4815538,0.37079453
9.310076,0.2273792,0.34745178,0.4811422,0.37038717
9.320075,0.22800344,0.34745827,0.48174196,0.3703916
9.330076,0.22748329,0.34765935,0.4818727,0.371085
9.340074,0.22695963,0.3465065,0.48220763,0.3708702
9.350075,0.22803387,0.34729707,0.4814223,0.37104157
9.360074,0.22786091,0.34714627,0.48080692,0.37046838
9.370089,0.22773106,0.3476317,0.48293915,0.37108687
9.380078,0.22725137,0.34679425,0.48108265,0.3708556
9.390074,0.22631104,0.34762487,0.48020428,0.37096664
9.400076,0.22736831,0.34678143,0.4807001,0.37016952
9.41007,0.22691596,0.34668955,0.48393336,0.37078696
9.420076,0.22728094,0.34625342,0.48144338,0.37125793
9.430076,0.2275494,0.34665093,0.48203063,0.37009007
9.440075,0.22730896,0.34625778,0.48352417,0.36905077
9.450075,0.22730882,0.34617314,0.4826893,0.3714083
9.4600935,0.22773492,0.34655005,0.48364973,0.3703221
9.470077,0.22702135,0.34685796,0.48254433,0.3700278
9.480074,0.22738904,0.34771448,0.48209232,0.37041432
9.490074,0.22682163,0.34739625,0.48310384,0.3709712
9.500075,0.22817238,0.3473769,0.4831407,0.37051278
9.510075,0.22719593,0.34661007,0.48323837,0.3708845
9.520075,0.22763471,0.34690195,0.48391265,0.37105966
9.530072,0.22785792,0.34593222,0.4842492,0.370285
9.540075,0.22853221,0.34771776,0.4843201,0.37060556
9.550075,0.2277638,0.34714082,0.48340434,0.3703988
9.560089,0.22780669,0.34712952,0.48435247,0.3704119
9.570077,0.22740667,0.3462762,0.48389173,0.37078375
9.580074,0.22732167,0.34634897,0.48464414,0.37065625
9.590075,0.2280892,0.34673005,0.48443255,0.37000495
9.600071,0.22718304,0.3467387,0.48427814,0.3699227
9.610072,0.22711088,0.3459704,0.48451474,0.37036148
9.62007,0.22765622,0.34679976,0.4845879,0.37050405
9.6300745,0.22824949,0.34719944,0.48459968,0.3704993
9.640076,0.22828244,0.34778515,0.4848956,0.3704424
9.650072,0.22787912,0.3477202,0.485319,0.37028268
9.660092,0.22736798,0.34708747,0.48474303,0.37009636
9.670076,0.22847012,0.34768763,0.4853279,0.37033963
9.680075,0.22790706,0.34756345,0.4855182,0.3700423
9.690075,0.22773279,0.34743786,0.48533344,0.37120134
9.700076,0.22761661,0.34695077,0.48529857,0.3705532
9.710074,0.22828364,0.34754878,0.48588684,0.37094903
9.720073,0.2279337,0.3475671,0.48500046,0.3704897
9.730076,0.22769156,0.3481391,0.48579505,0.37045386
9.740075,0.22821537,0.3477023,0.48590034,0.37111163
9.750074,0.22808363,0.3473414,0.48591894,0.3705091
9.760089,0.22776327,0.34734726,0.4861229,0.37054986
9.770074,0.22716148,0.34696743,0.48584992,0.37047485
9.780075,0.22769186,0.34749305,0.48560742,0.37071308
9.790073,0.22789483,0.34694147,0.48592573,0.37090215
9.800075,0.22833985,0.3473442,0.48577034,0.370293
9.810076,0.22791223,0.34699154,0.48601988,0.36974528
9.820074,0.2271217,0.34793445,0.48663566,0.37088504
9.830075,0.2278784,0.3471283,0.4861549,0.37094352
9.840073,0.2279958,0.34756342,0.48657098,0.3708191
9.850075,0.22763683,0.34643567,0.4865875,0.37052658
9.86008,0.22741027,0.34756222,0.48722062,0.3705157
9.870088,0.22642633,0.34692305,0.48647684,0.37127057
9.880079,0.22794779,0.34631833,0.48735425,0.37074938
9.890075,0.2277909,0.34643373,0.4875135,0.37081707
9.900076,0.2273176,0.34734207,0.48698837,0.37065178
9.910075,0.22711076,0.3438232,0.48706844,0.37070152
9.920085,0.2269412,0.34664404,0.48710957,0.37069783
9.9300785,0.22685325,0.34674948,0.48766223,0.3704166
9.940074,0.22757533,0.34651726,0.487393,0.37107444
9.950076,0.22676192,0.34726733,0.48817027,0.37009862
9.960074,0.2281687,0.3469294,0.48752242,0.37046388
9.970077,0.22856131,0.34695622,0.4871609,0.37046143
9.980074,0.22765286,0.34714466,0.48800614,0.37060976
9.990078,0.22733413,0.34691557,0.4872522,0.37015873
10.000083,0.22655778,0.3466505,0.48810896,0.3702638
10.010081,0.22706161,0.34717122,0.48781976,0.37084818
10.020076,0.22804907,0.3471083,0.4878554,0.37024122
10.030074,0.22682184,0.34688845,0.48853484,0.37093124
10.040076,0.22833699,0.34703824,0.4876505,0.3708552
10.050076,0.2284231,0.3478054,0.48870337,0.37022266
10.060076,0.22808772,0.34707624,0.48873585,0.37076557
10.070074,0.22768793,0.34781757,0.4887287,0.37110794
10.0800705,0.22764874,0.34715736,0.4881666,0.3706271
10.090075,0.22864214,0.34691575,0.4891895,0.37105027
10.100076,0.22783166,0.34717828,0.48981926,0.37126535
10.110075,0.22874719,0.34714645,0.4888251,0.37145028
10.120076,0.22834288,0.34717035,0.48849735,0.3709796
10.130074,0.22749281,0.34776747,0.48881987,0.3704572
10.140076,0.22847274,0.34765348,0.4887453,0.3707531
10.150075,0.22810297,0.34726357,0.4886133,0.370994
10.160074,0.22795984,0.34742296,0.48890543,0.371027
10.170076,0.22829933,0.3477334,0.48832628,0.37084222
10.180073,0.22750014,0.34758404,0.48897785,0.3704655
10.190075,0.2284834,0.34785333,0.48891756,0.37046292
10.200073,0.22830833,0.34750926,0.48962486,0.37084985
10.210074,0.22755523,0.34778517,0.4890426,0.37091705
10.220075,0.22885808,0.3473289,0.48988566,0.37044147
10.230073,0.2275885,0.34801826,0.48979774,0.37004757
10.240081,0.22811922,0.34770206,0.48955306,0.3705793
10.250073,0.22771405,0.34722358,0.4899717,0.37167084
10.260076,0.22729515,0.34695175,0.48946148,0.3707931
10.270071,0.22829853,0.3476466,0.4897396,0.37076348
10.280075,0.22757813,0.34719935,0.49055678,0.3706871
10.290072,0.22562021,0.34674603,0.48958597,0.37121436
10.3000765,0.22786874,0.3472609,0.4899096,0.3706754
10.310074,0.2280163,0.34769055,0.49029523,0.37076423
10.320073,0.22794701,0.34754083,0.4900612,0.3705986
10.330074,0.22857155,0.34809673,0.49076712,0.37073103
10.340075,0.22561537,0.34762698,0.49017686,0.37107077
10.350078,0.22807758,0.34774762,0.49085575,0.37093198
10.360076,0.22816877,0.3472553,0.49046013,0.3702022
10.370086,0.22590433,0.34763,0.49044278,0.37082228
10.380078,0.22736856,0.3472435,0.49047938,0.37078834
10.390074,0.22680506,0.34766674,0.49071795,0.3715647
10.400077,0.2277468,0.34706366,0.4907764,0.37088197
10.410075,0.2276826,0.34725156,0.48971662,0.37124258
10.420075,0.22755525,0.34751135,0.49172178,0.37034246
10.430076,0.22797552,0.347517,0.4902336,0.37113938
10.440073,0.22811331,0.34727827,0.4904132,0.37092158
10.450075,0.22821671,0.34719026,0.49080932,0.37082797
10.460074,0.22826427,0.34814885,0.49093428,0.37081164
10.470077,0.22800253,0.34783977,0.49138695,0.371463
10.480075,0.22820647,0.34736222,0.49145725,0.37102097
10.490073,0.22832833,0.34818593,0.49153456,0.37112433
10.500074,0.22856969,0.34784055,0.4914755,0.37107763
10.510076,0.22699165,0.34730157,0.49084947,0.37010956
10.520075,0.22819301,0.34816867,0.49125674,0.37167364
10.530074,0.22704792,0.3474111,0.491938,0.37148732
10.540076,0.22853673,0.34811795,0.49149343,0.3715135
10.550075,0.22804035,0.34799322,0.49170792,0.37118202
10.560074,0.2283236,0.3484291,0.49188012,0.37150022
10.570075,0.22823158,0.34716904,0.49144325,0.37124863
10.580075,0.22743483,0.34746972,0.492169,0.37140125
10.590074,0.22863011,0.34858182,0.49160653,0.3708107
10.600076,0.22831608,0.3471499,0.49080825,0.37168735
10.610073,0.22843859,0.34768447,0.49146894,0.37125662
10.620075,0.22796997,0.34784538,0.49195245,0.3715218
10.6300745,0.22797956,0.3485151,0.49179772,0.37101868
10.640074,0.22846927,0.34807968,0.49199572,0.37198538
10.650076,0.22824223,0.347688,0.49216712,0.37083864
10.660074,0.22769293,0.3479117,0.49215874,0.3718214
10.670075,0.22784714,0.34796792,0.492101,0.37140203
10.680073,0.2277933,0.34781754,0.49217844,0.3718785
10.690074,0.22759144,0.34771332,0.49222645,0.37150356
10.700075,0.22786506,0.34683698,0.49180448,0.3719181
10.710075,0.22826727,0.34772995,0.49230072,0.3713726
10.720076,0.22845984,0.3478074,0.49231723,0.3712787
10.730072,0.22813307,0.3477761,0.49335784,0.3718789
10.740075,0.2288152,0.3483429,0.4933913,0.3712212
10.750075,0.22845393,0.3477385,0.49255046,0.37098026
10.760075,0.22803858,0.34781343,0.4926358,0.37100837
10.770076,0.2280815,0.34766522,0.4929477,0.37138805
10.780075,0.22863396,0.34790573,0.49262878,0.37124193
10.790074,0.22773688,0.3478481,0.49290115,0.37070647
10.800073,0.22916922,0.34793684,0.4929527,0.3717838
10.810075,0.22797415,0.34741652,0.49316922,0.37233692
10.820075,0.22811307,0.34854388,0.49354672,0.37128192
10.830074,0.22877112,0.34732404,0.49333543,0.37118563
10.8400755,0.22909755,0.34794486,0.4935392,0.3719774
10.850073,0.22785826,0.3478444,0.49339983,0.37207496
10.860075,0.22798872,0.3486234,0.49365598,0.37246567
10.870084,0.22475345,0.34651414,0.49280682,0.37135082
10.880079,0.22708628,0.3468044,0.4936577,0.37207025
10.890075,0.22745556,0.34689623,0.4939606,0.37194002
10.900076,0.22676569,0.34675542,0.4927682,0.37131873
10.910076,0.22715679,0.34728503,0.49335596,0.37133506
10.920083,0.2275314,0.34726238,0.49328867,0.37134373
10.9300785,0.22679424,0.3468192,0.49336237,0.37139186
10.940074,0.22709295,0.34723634,0.4927556,0.37099877
10.950074,0.22762395,0.34816116,0.49386603,0.3717566
10.960076,0.22835201,0.34813774,0.49315992,0.37197992
10.970074,0.22868194,0.34817016,0.49426734,0.37220415
10.980076,0.22806841,0.34777227,0.49397755,0.37149364
10.990075,0.22901845,0.34833875,0.49396056,0.37220076
11.000084,0.22790243,0.34744918,0.49415767,0.37140137
11.010077,0.22704957,0.3478502,0.49367812,0.3719647
11.020077,0.22809735,0.34764716,0.49437177,0.37196237
11.030073,0.22808383,0.3483698,0.49461365,0.37168834
11.040073,0.22835726,0.3478374,0.49429402,0.37171465
11.0500765,0.22864562,0.34787205,0.49401775,0.37119
11.060075,0.22854052,0.3482146,0.49437213,0.3718301
11.070076,0.22819382,0.3489094,0.49457934,0.37176308
11.080074,0.2284866,0.34783003,0.49454865,0.3716952
11.090075,0.22858831,0.3488538,0.4946546,0.37190703
11.100076,0.22740868,0.34785637,0.49393338,0.37170184
11.110075,0.22881079,0.3479547,0.4951887,0.37170932
11.120075,0.22852938,0.348409,0.4940062,0.37219205
11.130076,0.2283516,0.34823868,0.4941874,0.37216574
11.140074,0.22926764,0.3483986,0.49451208,0.37217283
11.150075,0.22834593,0.34774286,0.49480805,0.37242904
11.160073,0.2286268,0.3474776,0.4959146,0.37168473
11.170075,0.22806928,0.34771264,0.49371982,0.3720448
11.180075,0.2287029,0.34845674,0.4950456,0.37203637
11.190073,0.2282816,0.34836024,0.49427527,0.37262437
11.200074,0.22853471,0.3481791,0.49554795,0.37207416
11.210073,0.22711526,0.34824073,0.49506995,0.37221792
11.220081,0.22827315,0.34790877,0.49485612,0.37278184
11.230072,0.2288901,0.34806144,0.49561444,0.37255284
11.240075,0.2278556,0.34845746,0.49493784,0.37203366
11.250077,0.22854334,0.34807256,0.49550968,0.37215444
11.260075,0.22820137,0.3482522,0.49515423,0.37211943
11.270076,0.22766563,0.3475172,0.49532333,0.37226287
11.280072,0.22784567,0.34790507,0.49529514,0.37157938
11.290074,0.2274903,0.34837714,0.49508163,0.37293142
11.300076,0.22859904,0.34800392,0.49498776,0.37220046
11.310075,0.22867642,0.3477289,0.49599513,0.3724619
11.320075,0.22861679,0.34783888,0.49595192,0.37216952
11.330072,0.22887124,0.34834248,0.4961532,0.3720156
11.340075,0.22877316,0.34865418,0.4959098,0.37213594
11.350074,0.22854479,0.34868655,0.49576083,0.37220857
11.360074,0.22823653,0.34836638,0.49707836,0.3721941
11.370112,0.22633164,0.34775788,0.49645978,0.37244374
11.380081,0.22799021,0.34798777,0.49798292,0.37307608
11.390076,0.22806683,0.3486087,0.49462885,0.37304792
11.400074,0.22860959,0.34791178,0.49660644,0.37235796
11.410073,0.228079,0.34803903,0.49426386,0.37286788
11.420075,0.22810748,0.3482708,0.49493006,0.3739596
11.430076,0.22809087,0.34830555,0.4963687,0.37278458
11.440074,0.22834782,0.347744,0.4960438,0.3727616
11.450072,0.22824107,0.34812412,0.49545538,0.3724069
11.4600725,0.22885655,0.34828702,0.4957348,0.3723529
11.470076,0.22765864,0.34782088,0.4957946,0.37217578
11.480076,0.22869161,0.3479299,0.49630862,0.37267596
11.490074,0.22897527,0.3478807,0.49618736,0.37281775
11.500073,0.22933272,0.3485778,0.49580398,0.37271163
11.510076,0.22891752,0.34794974,0.49619898,0.37294197
11.520074,0.2291111,0.34867224,0.49612913,0.37286946
11.530074,0.2283944,0.34844995,0.49683118,0.3730713
11.540076,0.22895765,0.34815562,0.49643984,0.37327516
11.550076,0.2280318,0.34776068,0.49511167,0.3719991
11.560076,0.22798279,0.34797022,0.49858904,0.37283152
11.570073,0.2284309,0.34785664,0.4968814,0.3726048
11.580075,0.22826555,0.347733,0.4943877,0.3729117
11.590075,0.22835256,0.3470756,0.49567625,0.37236547
11.600077,0.22854796,0.34781358,0.49667284,0.37286583
11.610075,0.22878273,0.34809387,0.497693,0.3734135
11.620074,0.22827174,0.3479526,0.49636388,0.37206376
11.6300745,0.22871213,0.34835693,0.49647298,0.3713736
11.640073,0.22899117,0.34754092,0.49543652,0.37391442
11.650075,0.22875531,0.34724703,0.49660766,0.37411448
11.660074,0.22892053,0.34692255,0.49665144,0.3738237
11.670074,0.22953543,0.3486077,0.4970677,0.37252262
11.680076,0.22807315,0.34793714,0.4968774,0.37266076
11.690073,0.22958598,0.34815505,0.49745733,0.3734779
11.700075,0.22815381,0.34803787,0.49689558,0.37281626
11.710075,0.22877233,0.34818244,0.49731305,0.37297097
11.720075,0.2282789,0.34809387,0.49713138,0.37267074
11.730076,0.22810715,0.34812346,0.4973354,0.37292847
11.740074,0.22915946,0.34867385,0.49698105,0.3723828
11.750075,0.2288052,0.34796342,0.4974048,0.37285534
11.760073,0.2280087,0.3482339,0.49690092,0.37308586
11.770074,0.22869493,0.34897625,0.49723935,0.3728489
11.780075,0.22906508,0.34863326,0.498434,0.37279353
11.790075,0.22882205,0.34803116,0.49846324,0.37312785
11.800076,0.22901319,0.34830827,0.497233,0.3724314
11.810073,0.22886956,0.34811395,0.49765074,0.37334767
11.820071,0.22903228,0.34860328,0.49785542,0.37302652
11.830075,0.22866309,0.34861428,0.49761856,0.37345687
11.840075,0.22910708,0.3483658,0.49701044,0.37296012
11.850076,0.22850789,0.3485285,0.4976996,0.37365103
11.860074,0.22868843,0.3482006,0.49762475,0.3733888
11.870106,0.22552867,0.34671926,0.497394,0.37305376
11.880081,0.22842537,0.34807193,0.49790776,0.3740081
11.890075,0.22625841,0.34814447,0.49801996,0.37377667
11.900076,0.2289166,0.34822533,0.49808174,0.37408578
11.910077,0.22847115,0.3483401,0.49793994,0.3731695
11.920086,0.22860368,0.3481527,0.49769786,0.37371907
11.930078,0.22756678,0.3480295,0.49807596,0.37344033
11.940075,0.22845279,0.34852138,0.49779582,0.3735861
11.950076,0.22871864,0.34827247,0.4976651,0.37331042
11.960076,0.22841384,0.34839666,0.4980502,0.37266237
11.970076,0.22822279,0.34837785,0.4986037,0.37355697
11.980075,0.22865403,0.34841734,0.4987265,0.37359178
11.990073,0.22918642,0.34873426,0.4979725,0.37351605
12.000084,0.22813316,0.34825096,0.49859655,0.37330392
12.010079,0.22825316,0.34807152,0.49834248,0.37340847
12.020077,0.22878975,0.34825605,0.49856782,0.3737829
12.030074,0.22919929,0.34891164,0.49857095,0.37392205
12.040075,0.2285636,0.34799552,0.4987606,0.37321597
12.050073,0.22858009,0.34846762,0.49872282,0.37346357
12.060076,0.22861567,0.3486202,0.4985129,0.37364975
12.070076,0.22844207,0.34752932,0.49883053,0.37395242
12.080075,0.22863017,0.34880912,0.49809813,0.37386316
12.090073,0.2292464,0.34876895,0.4985528,0.37406018
12.100075,0.2289569,0.34877637,0.49862027,0.373273
12.110076,0.22800194,0.3483759,0.49871567,0.3738759
12.120072,0.2289161,0.3487866,0.4985306,0.37367344
12.130075,0.22965588,0.34780616,0.49909782,0.37365037
12.140074,0.22890192,0.3481425,0.49863124,0.37389785
12.150075,0.22874342,0.34839115,0.4991522,0.3736366
12.160075,0.229002,0.34906933,0.49927977,0.3743448
12.170073,0.22865367,0.34820148,0.49950457,0.37433589
12.180075,0.22912093,0.34960204,0.49932492,0.37448582
12.190074,0.22923765,0.34910536,0.49901083,0.37393916
12.200073,0.22921999,0.34902766,0.4993381,0.3743794
12.210083,0.22907995,0.3484254,0.50021684,0.3736968
12.220076,0.22863664,0.34846282,0.49973822,0.37312746
12.230073,0.22842321,0.3485127,0.49940664,0.37340647
12.240073,0.22857575,0.3488763,0.49967036,0.374589
12.250073,0.22884394,0.34843144,0.4998035,0.3739512
12.260076,0.22866166,0.34873587,0.49925134,0.37335858
12.270076,0.22887544,0.34865415,0.50027186,0.37439975
12.280075,0.22861286,0.34824848,0.5005654,0.3736236
12.290073,0.2279253,0.3489449,0.49986532,0.37386173
12.300075,0.22914185,0.3484605,0.5002877,0.374175
12.310075,0.22935516,0.3491725,0.5001255,0.3740203
12.320074,0.22880608,0.34860238,0.5001932,0.37402558
12.330075,0.22910553,0.3489588,0.5001636,0.37447998
12.340077,0.22882628,0.34881374,0.5000632,0.37346795
12.35008,0.22912264,0.34903967,0.50120807,0.3745132
12.360074,0.2288604,0.3478095,0.50078934,0.37403694
12.370088,0.22917493,0.34630364,0.5002874,0.3742334
12.380081,0.22881545,0.34850532,0.49935597,0.37417752
12.390076,0.22725725,0.3485403,0.49955383,0.3746626
12.400075,0.22832915,0.3480499,0.5004754,0.37418884
12.410074,0.22879314,0.34855613,0.50012136,0.37430885
12.420076,0.22930354,0.34846607,0.5004699,0.3747808
12.430075,0.22855715,0.34812197,0.50111634,0.37382358
12.440076,0.22894827,0.348095,0.50097686,0.37479398
12.450076,0.22915438,0.34809425,0.5012023,0.37380904
12.460074,0.22944342,0.34844443,0.50077343,0.37400228
12.470076,0.22862425,0.34793988,0.5008009,0.3747371
12.48007,0.22862317,0.34916818,0.5009771,0.37476012
12.490076,0.22877862,0.3490441,0.50090903,0.37453955
12.500075,0.2289795,0.3488392,0.5019654,0.37524575
12.510075,0.2286203,0.34860536,0.50189894,0.37421387
12.520074,0.22910248,0.34912747,0.5015954,0.3744847
12.530074,0.22788876,0.34860936,0.50100875,0.37461382
12.540075,0.22951397,0.34914777,0.50194997,0.37469146
12.55007,0.22952855,0.34934047,0.5016594,0.37487283
12.560075,0.22895819,0.34858394,0.50203335,0.3740328
12.570075,0.22890417,0.3485894,0.5017903,0.37323666
12.580074,0.22951853,0.34865093,0.5017415,0.37453637
12.590077,0.22929373,0.34872308,0.5018451,0.3745345
12.600076,0.22905381,0.34916386,0.5021383,0.37435803
12.610074,0.22939979,0.34917444,0.50221765,0.3748205
12.620074,0.22905968,0.34897876,0.5019575,0.37446907
12.630075,0.22911938,0.34905523,0.50254506,0.3747707
12.640076,0.22868063,0.3490585,0.50195926,0.37444493
12.650073,0.2301307,0.34902447,0.5021903,0.37481496
12.660075,0.22903031,0.34862038,0.50212556,0.37518373
12.670074,0.22951816,0.34962705,0.502786,0.37503955
12.680074,0.22974488,0.34917143,0.5027482,0.37425444
12.690074,0.22953336,0.34990388,0.50337225,0.3746623
12.700074,0.22956498,0.34848413,0.5024817,0.37448174
12.710075,0.22877134,0.34897763,0.50281495,0.37492946
12.720072,0.22885382,0.34843257,0.5023137,0.3754048
12.730076,0.22919615,0.3495145,0.5022279,0.37438563
12.740076,0.228338,0.34886667,0.5028435,0.37488735
12.750074,0.22957377,0.3488851,0.50308734,0.37479365
12.760075,0.22882833,0.34912226,0.5027054,0.37552792
12.770073,0.22888044,0.3486734,0.502602,0.374754
12.780076,0.2289589,0.34892678,0.5031447,0.37522295
12.790075,0.22940595,0.34879714,0.5032148,0.375389
12.8000765,0.22957903,0.34936908,0.5034643,0.3754481
12.810076,0.22874276,0.34885108,0.5023498,0.37458372
12.820074,0.22979456,0.34950736,0.50342613,0.37465832
12.830074,0.22892256,0.3488108,0.5031158,0.37443185
12.840074,0.22964267,0.34907013,0.5037032,0.3751919
12.850075,0.22856615,0.3491585,0.5035295,0.37474725
12.860075,0.22948523,0.34920996,0.5040784,0.37498018
12.870088,0.22897947,0.34902492,0.50417346,0.37443513
12.880081,0.22848123,0.34887582,0.50353956,0.37514403
12.890077,0.22759213,0.34871295,0.50375116,0.37608662
12.900078,0.22908682,0.34891558,0.50402063,0.3750657
12.910075,0.22865528,0.3491739,0.50390095,0.37514737
12.920084,0.22825211,0.3494902,0.5037835,0.3751167
12.930078,0.22853152,0.34862328,0.5037066,0.37578902
12.940076,0.22841251,0.34905705,0.5042859,0.3748467
12.950075,0.22868244,0.34887528,0.5039078,0.37531677
12.960075,0.22950889,0.34885493,0.5040719,0.3752907
12.970076,0.22922644,0.3488822,0.5042488,0.37600398
12.980075,0.2290645,0.34856597,0.5044069,0.3756347
12.990073,0.22966075,0.34870276,0.50468844,0.37569892
13.000079,0.22933923,0.34925565,0.503633,0.375324
13.0100765,0.22853027,0.34933147,0.5043371,0.37572524
13.020082,0.2288131,0.34802893,0.5046909,0.37540108
13.030076,0.23001195,0.3493074,0.50513726,0.37555203
13.040072,0.22957648,0.3491503,0.5041545,0.37554714
13.050076,0.22815514,0.34952706,0.5047488,0.37607366
13.060075,0.22996931,0.34913704,0.50435257,0.3757726
13.070076,0.22941707,0.34953988,0.50446314,0.37585524
13.080075,0.22980069,0.34910628,0.50533926,0.3761616
13.090076,0.22950442,0.3488845,0.5045967,0.3754983
13.100078,0.22953407,0.34842923,0.5047799,0.37563953
13.110073,0.22907075,0.34943086,0.50493133,0.37632707
13.120075,0.22959766,0.3494562,0.5054098,0.37661675
13.130076,0.22935183,0.34895015,0.5053329,0.3762337
13.140074,0.22953975,0.34904686,0.505262,0.37666246
13.150076,0.22975926,0.34956583,0.5060015,0.3761957
13.160074,0.23046577,0.34996137,0.50566685,0.3756017
13.170076,0.23007204,0.3500071,0.50550646,0.37645486
13.180073,0.22913681,0.3493397,0.5052726,0.37608168
13.190077,0.22912978,0.34944096,0.5054668,0.3760723
13.200075,0.22887547,0.34905648,0.50531566,0.37522775
13.210074,0.22909921,0.34857383,0.50542176,0.37573767
13.220088,0.22844072,0.3489107,0.50610065,0.37668768
13.230073,0.22860706,0.34888932,0.5047771,0.37620044
13.240076,0.22904277,0.3488375,0.505255,0.37509537
13.2500725,0.22842085,0.34934115,0.50580674,0.3761669
13.260076,0.229066,0.34897432,0.5054305,0.37603772
13.270075,0.2295199,0.34902668,0.5060518,0.37611195
13.280074,0.22933888,0.34911034,0.5061115,0.37590015
13.290074,0.22828545,0.34971896,0.50652754,0.37611073
13.300074,0.22883002,0.3492642,0.505793,0.37546676
13.310076,0.2296831,0.34915558,0.5062823,0.3764215
13.320075,0.22888845,0.34890914,0.5052699,0.37630302
13.330075,0.22908267,0.34928387,0.5061519,0.37538478
13.3400755,0.2289032,0.34952596,0.50648755,0.37596065
13.350072,0.22959466,0.34928983,0.50632405,0.37672302
13.360075,0.22908206,0.34916684,0.50652504,0.37619054
13.37009,0.22853188,0.35025996,0.5064704,0.3757793
13.380084,0.22835158,0.34885684,0.5063275,0.3764753
13.390076,0.2293312,0.34902692,0.5071579,0.376318
13.400078,0.22865811,0.34816,0.50620735,0.37651095
13.410074,0.22935921,0.3488275,0.5068361,0.37674022
13.4200735,0.22953942,0.34951207,0.50735193,0.37697473
13.430076,0.22943872,0.34918118,0.5061269,0.3762712
13.440075,0.22987367,0.34871775,0.506981,0.3759983
13.450075,0.22917524,0.34960964,0.5074944,0.37643844
13.460073,0.2294431,0.34934193,0.5074537,0.37631378
13.470075,0.22948618,0.34916192,0.5071358,0.37647292
13.480077,0.23041824,0.35026953,0.5070686,0.37648898
13.490074,0.22869468,0.34898594,0.50755477,0.37608895
13.500075,0.22965437,0.3499924,0.50824356,0.37710163
13.510073,0.2291084,0.34924054,0.50692844,0.3765876
13.520076,0.23040137,0.34969154,0.5076208,0.376594
13.530074,0.22955592,0.34885007,0.50723934,0.37665957
13.540074,0.22989368,0.34987965,0.50752795,0.37578946
13.550076,0.22993706,0.34984058,0.50720924,0.3764264
13.560075,0.2299355,0.3490941,0.50759625,0.37720898
13.570074,0.22930376,0.35020357,0.5070712,0.3771939
13.580075,0.22967881,0.3486917,0.50766665,0.37679812
13.590075,0.2292835,0.3493055,0.50744766,0.377151
13.600076,0.22951914,0.35014373,0.50759536,0.37733498
13.610075,0.23002999,0.34897554,0.5071908,0.37682724
13.620075,0.22921227,0.3494844,0.5077085,0.37706146
13.630075,0.23006481,0.350054,0.50704426,0.37720764
13.640075,0.22841403,0.3482156,0.5080661,0.3766943
13.650075,0.2290716,0.3483571,0.5075291,0.37732586
13.660072,0.227071,0.3484993,0.5078723,0.37693155
13.670092,0.22737883,0.3487723,0.50767,0.37726185
13.680076,0.22770746,0.34756255,0.50825876,0.3761976
13.690074,0.22931902,0.34899962,0.5079934,0.3766911
13.700075,0.22717725,0.34921172,0.5080244,0.37668785
13.710073,0.22829898,0.3491425,0.508412,0.3767
13.720076,0.22978072,0.35020447,0.5085042,0.3773897
13.730074,0.22909553,0.3491156,0.5090303,0.37760836
13.740074,0.23005724,0.34898454,0.5082563,0.37669665
13.750076,0.22953992,0.34918886,0.5085451,0.37694433
13.760074,0.22917484,0.34930176,0.50835836,0.37737164
13.770089,0.2293793,0.34904835,0.5086163,0.37756458
13.780073,0.2298099,0.34939438,0.5088143,0.3776731
13.790074,0.22937806,0.349299,0.50935227,0.3774959
13.8000765,0.22935112,0.34996316,0.50829697,0.37762925
13.810074,0.22950672,0.34975982,0.508749,0.37743142
13.820076,0.23025198,0.35027984,0.508822,0.37823287
13.830073,0.22971477,0.34925994,0.5084484,0.37782788
13.8400755,0.23000021,0.3494671,0.5090536,0.37862304
13.850076,0.22937548,0.34896567,0.50915647,0.37789062
13.860075,0.23082936,0.34925365,0.5086195,0.3784738
13.870125,0.23092681,0.34996635,0.50896096,0.37721404
13.880094,0.22935331,0.34971586,0.50898325,0.37784716
13.890077,0.22849436,0.34983793,0.5087174,0.37779504
13.900074,0.22910587,0.3497668,0.50953096,0.37777793
13.910076,0.22957315,0.34959602,0.5093186,0.37770882
13.920086,0.22975631,0.3498275,0.50919676,0.37804717
13.9300785,0.22909299,0.34893292,0.50921166,0.37848154
13.940074,0.2293098,0.34951392,0.50919455,0.37840563
13.950074,0.23069009,0.34878296,0.5092788,0.37783867
13.960076,0.22979516,0.349773,0.50940084,0.37786412
13.970074,0.22955488,0.349938,0.5090909,0.3773656
13.980076,0.22922824,0.3492027,0.5094519,0.37757018
13.990074,0.22958219,0.34977514,0.510115,0.3785676
14.000086,0.22915976,0.3498944,0.50968415,0.37782946
14.01008,0.22970395,0.34982917,0.5099509,0.37833562
14.020076,0.22993566,0.35003564,0.5101158,0.3779871
14.030075,0.22989622,0.35001084,0.5102173,0.3784808
14.040073,0.22965506,0.34981775,0.5096629,0.37841764
14.050075,0.22967252,0.34999755,0.5099703,0.3780295
14.060076,0.22926813,0.3491808,0.51026976,0.37840903
14.070076,0.2300759,0.34954926,0.5099205,0.3777963
14.080075,0.22917852,0.34909457,0.5109269,0.37814775
14.090076,0.22935282,0.3493608,0.51008135,0.3779831
14.100074,0.22922005,0.3489823,0.50969046,0.3779449
14.110076,0.22933269,0.34996572,0.5099472,0.3780657
14.120072,0.23012699,0.34917855,0.5110624,0.3776576
14.130075,0.22952566,0.34725168,0.5105162,0.37826496
14.140078,0.22946666,0.3502235,0.5107357,0.37756392
14.150075,0.22884585,0.34984803,0.51042676,0.37807086
14.160075,0.22996743,0.34945947,0.5109708,0.3781997
14.1700735,0.23015974,0.34969026,0.5110936,0.37827978
14.180076,0.22900723,0.34972826,0.5109973,0.3784231
14.190083,0.22888216,0.3494369,0.511513,0.37853396
14.200073,0.22972818,0.3500763,0.50807256,0.3784467
14.210083,0.22965811,0.3494934,0.51106477,0.37857038
14.220075,0.22974454,0.34936908,0.5107164,0.3786712
14.230076,0.22981413,0.34939024,0.5107895,0.37871718
14.240074,0.22936966,0.34962267,0.5112286,0.3787018
14.250076,0.22911274,0.3496303,0.5119176,0.37895003
14.260076,0.23029116,0.34900644,0.51154137,0.37866023
14.270073,0.23011012,0.34926978,0.510529,0.37869188
14.280075,0.23027451,0.34978896,0.5103858,0.37868425
14.290074,0.22912627,0.34972087,0.5105222,0.37965888
14.300076,0.22991598,0.35030976,0.51143104,0.37868893
14.310074,0.23027828,0.34990966,0.51220876,0.37829542
14.320075,0.23061715,0.35006568,0.512675,0.37852418
14.330075,0.23039235,0.34991226,0.5129441,0.37939855
14.340076,0.23021379,0.34973326,0.5128371,0.37900236
14.350081,0.22983398,0.3496843,0.51192576,0.379151
14.360074,0.22955906,0.34941557,0.5126048,0.37908208
14.370088,0.2299416,0.34956694,0.51148635,0.37921762
14.380084,0.22949767,0.349282,0.5111084,0.37960044
14.390079,0.22921664,0.35013872,0.5115054,0.37892082
14.400078,0.23014897,0.34932807,0.51204973,0.37901908
14.410073,0.22968665,0.34996623,0.51166624,0.3792466
14.420074,0.23048773,0.35041848,0.51126766,0.37940702
14.430076,0.2289323,0.34908038,0.51182604,0.37907296
14.440076,0.22952184,0.34927967,0.51176894,0.37906355
14.450075,0.23015746,0.34975484,0.51135063,0.3790264
14.460075,0.23050423,0.35003054,0.5120394,0.37937322
14.470074,0.22993524,0.3500564,0.51207274,0.37896958
14.480073,0.23024707,0.34926575,0.51179636,0.3791211
14.490074,0.22850394,0.3502682,0.51197964,0.3796972
14.500076,0.2298801,0.349736,0.5127899,0.37944362
14.510075,0.22959943,0.35044265,0.5116262,0.3792448
14.520073,0.23043048,0.35047996,0.5122999,0.37952748
14.530074,0.22921742,0.34921086,0.51168656,0.37916613
14.540075,0.22992581,0.34996095,0.512116,0.37995905
14.550076,0.2299297,0.34985834,0.512267,0.37903327
14.560075,0.22994255,0.35000396,0.51190263,0.3795993
14.570076,0.22950004,0.34971082,0.51298064,0.37917578
14.580076,0.23018897,0.3497898,0.51230705,0.38019744
14.590082,0.22954269,0.3493839,0.5123344,0.37927416
14.600075,0.22919108,0.3494189,0.5127717,0.3798117
14.610078,0.22999023,0.34963194,0.5122653,0.37946618
14.620075,0.22983745,0.34951445,0.5126312,0.3796625
14.630075,0.23040923,0.349527,0.51180655,0.379728
14.640076,0.23018487,0.34960237,0.51241636,0.37958398
14.650073,0.23023339,0.35032672,0.5123628,0.37971765
14.660075,0.22962573,0.35051602,0.5120879,0.38064736
14.670075,0.22977754,0.3501119,0.51238865,0.37956092
14.680089,0.22976816,0.3505366,0.5127624,0.37984428
14.690075,0.23055574,0.35045987,0.5125845,0.3800624
14.700075,0.23003876,0.34987974,0.5119692,0.38023362
14.710075,0.23121214,0.35055062,0.5127473,0.38073853
14.720074,0.23033132,0.3501991,0.5117776,0.379718
14.730075,0.23012106,0.35011822,0.51420385,0.38016173
14.740075,0.23007292,0.35053602,0.51388925,0.37987432
14.750074,0.23030567,0.35007477,0.51214236,0.38042837
14.760074,0.2299239,0.3499588,0.51439065,0.38023713
14.770073,0.23015752,0.3498016,0.5124256,0.38001284
14.78008,0.22962907,0.35040393,0.51315063,0.3800693
14.790072,0.22980349,0.34963134,0.512164,0.38068578
14.8000765,0.23008154,0.3503826,0.51167345,0.37973097
14.810075,0.23004995,0.34999946,0.5134373,0.3803818
14.820075,0.23028947,0.3503327,0.5125752,0.38121274
14.830075,0.23005378,0.35096467,0.5129249,0.3797559
14.840073,0.2309791,0.3516281,0.51295453,0.38009495
14.850076,0.22972669,0.34894672,0.5130951,0.37927923
14.860075,0.23022929,0.35075366,0.51389235,0.37996772
14.870098,0.23012324,0.3501635,0.51312363,0.38003588
14.880105,0.23044492,0.34957975,0.51337075,0.38147473
14.8900795,0.22913808,0.34991965,0.5127108,0.38047567
14.900077,0.22945155,0.3505599,0.5134989,0.38108197
14.910076,0.22949676,0.34969488,0.51323307,0.3809387
14.920087,0.23045541,0.35002342,0.51382387,0.38032088
14.930078,0.22902727,0.34986478,0.5134958,0.3814402
14.940077,0.2299233,0.35004604,0.5132673,0.3799391
14.950074,0.22958465,0.3495755,0.51344794,0.38059428
14.960073,0.22965224,0.34957856,0.51357585,0.38117746
14.970075,0.23054099,0.3501089,0.5136428,0.38018242
14.980083,0.2294456,0.3497919,0.5132682,0.38097405
14.990093,0.22895372,0.34979656,0.51393574,0.38007677
15.000079,0.22985573,0.34937143,0.5140565,0.3809885
15.010076,0.23017342,0.34990335,0.5146529,0.3808454
15.020076,0.2296004,0.3500859,0.5138682,0.38090122
15.030073,0.2296077,0.3501532,0.5142079,0.38182777
15.040076,0.23043354,0.35059714,0.5145703,0.3811333
15.050077,0.23056698,0.35018024,0.5141453,0.38120827
15.060076,0.22992757,0.34960306,0.5142924,0.38117158
15.070076,0.23007941,0.35014942,0.51440406,0.381081
15.080072,0.23025687,0.34990856,0.51417696,0.3807622
15.090076,0.23000364,0.34978813,0.51414317,0.38131398
15.100078,0.2304175,0.349891,0.5146065,0.38106522
15.110074,0.22969286,0.34948376,0.5139419,0.38116652
15.120076,0.22956581,0.35046268,0.51399004,0.38116547
15.130074,0.23059984,0.34978777,0.5140042,0.38118017
15.140075,0.23084766,0.35034436,0.5147313,0.38119236
15.150076,0.23038481,0.35104358,0.5149181,0.38122958
15.160074,0.23070922,0.35049596,0.5145312,0.38169473
15.170075,0.22965845,0.3506086,0.5146173,0.3817364
15.180075,0.23096916,0.35036823,0.5150376,0.381679
15.190075,0.2302116,0.35035968,0.5145001,0.38178167
15.200073,0.23079301,0.35092637,0.5140792,0.38229087
15.210082,0.22935858,0.35076174,0.5148543,0.3810812
15.220077,0.23027693,0.3505495,0.514944,0.38179103
15.230077,0.23050207,0.3501032,0.5150966,0.38133976
15.240087,0.22907192,0.35078442,0.51532245,0.38134015
15.25008,0.23082656,0.3503871,0.51475257,0.38164318
15.260077,0.23019527,0.3499308,0.5146258,0.3816295
15.270076,0.22920579,0.35069397,0.51585907,0.38143322
15.280076,0.2311431,0.35022205,0.51600033,0.38161877
15.290098,0.23047403,0.3503187,0.51496154,0.3816993
15.300078,0.22987385,0.350426,0.51558137,0.38188356
15.310078,0.23037289,0.35016727,0.51575893,0.38217425
15.320074,0.23030892,0.35030338,0.5149739,0.38202453
15.330076,0.23067187,0.35069117,0.51534486,0.38181922
15.3400755,0.22976546,0.35047647,0.51526314,0.38196695
15.350075,0.2307612,0.34963468,0.5157763,0.38284734
15.360075,0.23010959,0.34975573,0.51531065,0.38126075
15.370091,0.22926639,0.35038307,0.51603884,0.38236988
15.380084,0.22948152,0.34967503,0.51619524,0.38281405
15.390079,0.22841768,0.35022232,0.51553136,0.3820995
15.400079,0.229922,0.35135075,0.5157765,0.38219088
15.410076,0.22938128,0.35056838,0.51554954,0.38268352
15.420076,0.22980542,0.34971386,0.5160084,0.38155434
15.430075,0.22975864,0.3500967,0.51527673,0.3846377
15.440083,0.2299817,0.34977856,0.5155718,0.3833535
15.450073,0.22962694,0.34978172,0.5159838,0.38266587
15.460072,0.22977003,0.34988,0.51630014,0.38215482
15.470076,0.2298282,0.34994376,0.51611453,0.38314268
15.480074,0.23046532,0.34986117,0.5163872,0.38239026
15.490076,0.23038094,0.34995037,0.51669306,0.38161394
15.500078,0.23030709,0.35073584,0.51671547,0.3826581
15.510076,0.23006938,0.35038814,0.5167412,0.38315558
15.520076,0.23025921,0.3505931,0.517106,0.38297436
15.530073,0.23003532,0.3504775,0.5171895,0.3822031
15.540075,0.23018406,0.35032192,0.51735556,0.38340428
15.550076,0.23103377,0.35051355,0.5172862,0.38291737
15.560073,0.2311425,0.35050175,0.5174977,0.3823695
15.570074,0.22985773,0.351021,0.51748604,0.38277546
15.580075,0.22992572,0.3511115,0.51742756,0.3833467
15.590075,0.2296739,0.3504187,0.5167298,0.38278022
15.600081,0.23023587,0.35033938,0.5177215,0.38353336
15.610074,0.23077682,0.3502129,0.51759607,0.38282377
15.620073,0.23075353,0.35036066,0.51723826,0.3838006
15.630076,0.2305809,0.35060894,0.51770365,0.38318986
15.640075,0.23036966,0.35074216,0.51798993,0.38328427
15.650075,0.23085877,0.35092732,0.5177324,0.38314527
15.660074,0.23037595,0.3507551,0.51835984,0.38338557
15.670075,0.23063047,0.3511921,0.51737523,0.38235867
15.680073,0.23079565,0.35035065,0.51783687,0.38292137
15.690075,0.23069447,0.3508463,0.5183884,0.3823879
15.700076,0.22973254,0.3508086,0.51830834,0.38304386
15.710076,0.23059177,0.35110897,0.518554,0.3833004
15.720076,0.23047519,0.35049257,0.51906604,0.38320187
15.730073,0.23042212,0.3505954,0.5184901,0.383491
15.740075,0.23018296,0.35065803,0.5189398,0.38325062
15.750074,0.23043747,0.35160735,0.51946807,0.38367608
15.760075,0.22996192,0.3502587,0.5190582,0.38326144
15.770075,0.23013614,0.35024157,0.51979196,0.3840577
15.780074,0.2308675,0.35020795,0.52005345,0.38278726
15.790081,0.23004903,0.35034722,0.51974255,0.38328034
15.800074,0.2302762,0.35057774,0.51921153,0.38389915
15.810076,0.2299564,0.35076025,0.5192305,0.38354927
15.820075,0.23059475,0.35053638,0.51954114,0.38333586
15.830076,0.23011786,0.3506683,0.5198391,0.38355803
15.840076,0.23070551,0.3506158,0.5201879,0.38292167
15.850073,0.23051852,0.35077763,0.5203747,0.3838276
15.860075,0.22991349,0.35023373,0.52013224,0.3838647
15.870084,0.2289727,0.34964335,0.5191848,0.3841353
15.880084,0.23038256,0.3501428,0.52044374,0.38374972
15.890078,0.22932509,0.35020593,0.5199477,0.38436878
15.900078,0.23089547,0.35039672,0.5202679,0.3842342
15.910075,0.23012032,0.35050547,0.52102447,0.3836487
15.920084,0.23064281,0.35112032,0.5210228,0.3845398
15.930076,0.22982235,0.35075262,0.52076197,0.38343054
15.940077,0.23004372,0.3504055,0.5202825,0.38397345
15.950075,0.23032494,0.35027018,0.5207895,0.38381973
15.960075,0.23061015,0.35092935,0.52144057,0.38394806
15.970072,0.23097607,0.34995145,0.52103615,0.38372445
15.980075,0.23120137,0.35071293,0.5224139,0.3838916
15.990072,0.23008318,0.3503733,0.52182794,0.38416976
16.000082,0.23021282,0.35086486,0.5215422,0.38404468
16.010077,0.23054738,0.3504381,0.52184856,0.38396755
16.020075,0.23009558,0.35018414,0.5222087,0.3842986
16.030073,0.2309517,0.3514727,0.522639,0.38460454
16.040073,0.23116134,0.35085127,0.52174497,0.38439852
16.050076,0.2314079,0.35132003,0.52231365,0.3840383
16.060076,0.22988683,0.3509599,0.52316386,0.38406155
16.070074,0.2313903,0.35117835,0.5235412,0.3842859
16.080074,0.2307572,0.3504919,0.52328837,0.3843785
16.090075,0.23110987,0.35151798,0.52294904,0.38388768
16.100075,0.23127471,0.35184973,0.5231031,0.38483018
16.110077,0.23075876,0.35123757,0.5231922,0.38537684
16.120075,0.2305252,0.3513806,0.5232301,0.38429213
16.130075,0.23016271,0.3511767,0.5237213,0.38437986
16.140076,0.23018345,0.3509209,0.52389485,0.38502938
16.150074,0.23000446,0.3516025,0.523715,0.38455713
16.160072,0.23080552,0.35054016,0.52363956,0.38490802
16.170074,0.23050343,0.35065818,0.52385396,0.3850376
16.180075,0.23060334,0.35103297,0.52393997,0.38507774
16.190073,0.23014721,0.3501228,0.52450615,0.38483757
16.200073,0.23079276,0.35091224,0.5243446,0.3856217
16.210073,0.23050952,0.35071868,0.523928,0.3845519
16.220076,0.23109008,0.34891066,0.5248881,0.38489154
16.230082,0.23075923,0.35094184,0.5254224,0.38488188
16.240078,0.23006955,0.35041845,0.5259392,0.38477582
16.250074,0.22962308,0.35145262,0.5253274,0.38474575
16.260075,0.23104222,0.35106826,0.52580035,0.3855076
16.270073,0.22980244,0.35107762,0.5254201,0.38524178
16.280073,0.23023719,0.35088798,0.52613384,0.38505897
16.290073,0.22918981,0.35091454,0.5260367,0.38486493
16.300076,0.23021246,0.35112613,0.52569926,0.38524395
16.310076,0.23014449,0.35079122,0.52562296,0.38524982
16.320074,0.23071176,0.35141164,0.52702725,0.3856816
16.330074,0.23030525,0.35052308,0.5265098,0.3851427
16.340076,0.23059715,0.3509142,0.5267408,0.3856276
16.350079,0.2295546,0.35163236,0.52646774,0.3851433
16.360073,0.23022151,0.35036296,0.5274262,0.38544822
16.370075,0.2294003,0.34995797,0.52705663,0.38527083
16.380085,0.23022869,0.3503503,0.52752584,0.38627657
16.39008,0.23058857,0.35079837,0.52783185,0.38579878
16.400072,0.23129953,0.3509751,0.5272151,0.38559714
16.41007,0.22980012,0.35027355,0.52778816,0.3856956
16.420074,0.22982126,0.34998453,0.5265428,0.38562
16.430077,0.22969338,0.35020465,0.5303053,0.38566524
16.440075,0.22963029,0.34982714,0.5288028,0.38549352
16.450073,0.23034799,0.3501478,0.5289327,0.3864092
16.460075,0.22908764,0.35018253,0.5294691,0.38607502
16.470074,0.22962332,0.349883,0.5284406,0.3859694
16.480074,0.22966912,0.34919852,0.52863246,0.3865542
16.490076,0.23008774,0.3507773,0.52938026,0.38580763
16.500074,0.23129886,0.35104102,0.5297771,0.3857765
16.510075,0.23081017,0.351227,0.52991295,0.3858199
16.520082,0.23105474,0.3510039,0.5301059,0.38617694
16.530077,0.23012698,0.35092616,0.530139,0.38588643
16.540075,0.23200041,0.35112837,0.5304433,0.38596535
16.550076,0.23111694,0.35146487,0.53028667,0.38695386
16.560076,0.2315537,0.350895,0.53107053,0.38675255
16.570074,0.23038769,0.3514765,0.53076607,0.38622618
16.580072,0.23137589,0.35201952,0.5316169,0.38663813
16.590076,0.22976671,0.35082743,0.5313003,0.38674924
16.600079,0.23149273,0.35173538,0.5315793,0.386868
16.610075,0.23091216,0.35048923,0.53181595,0.38644862
16.620075,0.23012099,0.35138884,0.53171104,0.38702044
16.630074,0.23099679,0.35082144,0.5319443,0.38698637
16.64007,0.23011774,0.35060742,0.5328961,0.38690484
16.650074,0.23096097,0.35145396,0.5313914,0.3868343
16.660076,0.23106463,0.35062465,0.53284234,0.387532
16.670074,0.23028158,0.3506098,0.53261346,0.38692567
16.680075,0.23019575,0.35108206,0.5327252,0.38774902
16.690084,0.22951174,0.35161707,0.53315043,0.3870739
16.700077,0.23131968,0.35222846,0.5331422,0.38751704
16.710073,0.23131107,0.35133788,0.53336304,0.38768753
16.720076,0.23009205,0.3510615,0.53349495,0.38733855
16.730076,0.23128843,0.35140455,0.5336541,0.38702083
16.740074,0.2308179,0.35130146,0.5342625,0.38771936
16.750074,0.23137257,0.35175112,0.5348755,0.38776988
16.760073,0.23060681,0.35068628,0.53407264,0.38731796
16.770075,0.23092195,0.35125452,0.5346066,0.38753006
16.780075,0.23109537,0.35102963,0.5347017,0.38741183
16.790073,0.2302298,0.35093918,0.5353182,0.38762176
16.800076,0.23135975,0.35122994,0.53561467,0.3879614
16.810074,0.23148748,0.35091642,0.53543997,0.38755155
16.820076,0.23111016,0.3509323,0.5353553,0.38812876
16.830074,0.2310849,0.35096955,0.53668195,0.38771197
16.840075,0.23026288,0.3507739,0.5364634,0.3879506
16.850075,0.23105787,0.35120928,0.5360185,0.3877667
16.860075,0.23160301,0.35141087,0.5363066,0.38773754
16.870075,0.23011042,0.35028175,0.535373,0.38819
16.880085,0.2311695,0.3513396,0.5376742,0.38882217
16.890078,0.22997111,0.35088253,0.5371251,0.38867745
16.900074,0.2314707,0.35089108,0.53677535,0.38879004
16.910076,0.23112832,0.3511475,0.53762037,0.38894042
16.920084,0.23081115,0.3514877,0.53830606,0.38883403
16.930077,0.23064663,0.35162753,0.53779405,0.3895161
16.940077,0.23146912,0.35180527,0.53837276,0.38921383
16.950073,0.23069371,0.35046512,0.53809357,0.38921726
16.960075,0.2306849,0.35135967,0.5381553,0.3889417
16.970076,0.23096074,0.35164407,0.538033,0.38861817
16.980076,0.23108536,0.3510991,0.5387572,0.3895551
16.990074,0.22966452,0.351128,0.53905743,0.3894787
17.00008,0.23119159,0.35057932,0.5393361,0.38940835
17.010078,0.23031096,0.3512269,0.5386825,0.38923502
17.020075,0.23085222,0.3512673,0.5404952,0.3891999
17.030075,0.23098023,0.35138765,0.53986603,0.38925567
17.040075,0.23032108,0.35140944,0.53824306,0.38947183
17.050074,0.23170072,0.35211095,0.539308,0.38996783
17.060074,0.23017232,0.3512404,0.5413671,0.38967684
17.070076,0.23092127,0.35129523,0.54056555,0.38974598
17.080078,0.23108971,0.35124287,0.5404326,0.38998613
17.090073,0.23026845,0.35090268,0.5411424,0.39016363
17.100075,0.23105696,0.35126698,0.54082245,0.38999265
17.110075,0.2317886,0.3518165,0.54193443,0.39050135
17.120073,0.2311059,0.35122022,0.54028493,0.39016768
17.130075,0.23077206,0.3516734,0.5419111,0.39091533
17.140076,0.23061788,0.35145408,0.542159,0.3909018
17.150074,0.23124328,0.35197768,0.5420361,0.3905103
17.160076,0.23189905,0.35123768,0.54199666,0.3907568
17.170073,0.23125684,0.3507301,0.5418376,0.39058545
17.180075,0.23121645,0.35130957,0.5421708,0.39134765
17.190073,0.22958024,0.35130012,0.5422911,0.3915407
17.200075,0.23123945,0.35152704,0.54271364,0.39140773
17.210073,0.22777064,0.35100162,0.542767,0.39137802
17.22008,0.23199889,0.3512352,0.54350144,0.39132443
17.230076,0.23081882,0.35168752,0.54303586,0.39160427
17.240074,0.23143089,0.35234487,0.5436123,0.39158058
17.250074,0.23181327,0.35189223,0.54381686,0.39225242
17.260075,0.23205832,0.35230964,0.5443444,0.39218056
17.270079,0.23085676,0.35163537,0.5441325,0.3913868
17.280079,0.23096459,0.351614,0.54353386,0.39199886
17.290075,0.2312414,0.35134414,0.54422444,0.39224666
17.300076,0.23121461,0.35153556,0.544423,0.3919272
17.310076,0.23140208,0.35089034,0.5446391,0.39244044
17.320074,0.23103797,0.3515371,0.5451645,0.39207488
17.330076,0.23096748,0.35124916,0.54531574,0.3926524
17.340075,0.23065159,0.35136494,0.5458298,0.39300033
17.350073,0.23028575,0.35119238,0.54497105,0.39233857
17.360073,0.23066013,0.35104054,0.54442644,0.3927054
17.370075,0.2315447,0.3512687,0.54517907,0.39234984
17.380085,0.23051937,0.35115984,0.54594886,0.39284575
17.39008,0.22969268,0.3517963,0.5458749,0.39289206
17.400076,0.23108397,0.35160917,0.54597205,0.39314973
17.410074,0.23099151,0.35181168,0.5459861,0.39392528
17.420074,0.23049128,0.3516426,0.5460846,0.3931144
17.430075,0.23147736,0.3513568,0.545801,0.39327538
17.440075,0.2313072,0.3514407,0.5465222,0.3937405
17.450075,0.23152104,0.351659,0.54696846,0.39443955
17.460075,0.23092777,0.3512594,0.5470118,0.39404577
17.470076,0.23044261,0.35126165,0.54618317,0.39449948
17.480074,0.23102936,0.3511072,0.5472421,0.3939637
17.490076,0.23128743,0.3511683,0.5470355,0.3938911
17.500074,0.23143464,0.3508563,0.5464692,0.39416286
17.510077,0.23153588,0.35157803,0.5470983,0.39398023
17.520077,0.23143436,0.35161853,0.5470193,0.394479
17.530075,0.22982378,0.35186183,0.54691046,0.39405292
17.540077,0.23133007,0.35136017,0.5471352,0.39409634
17.55007,0.23087424,0.35171604,0.5479865,0.39537185
17.560076,0.23097607,0.3518504,0.54862314,0.39476594
17.570076,0.23109204,0.35048637,0.54818106,0.39551342
17.580076,0.23219605,0.35162425,0.5475284,0.3950242
17.590073,0.23096961,0.35150686,0.54838765,0.39496896
17.60007,0.23152664,0.35124546,0.5482895,0.39621747
17.610075,0.231009,0.35171202,0.54825944,0.3961251
17.620077,0.23132695,0.35201243,0.5486741,0.3959178
17.630074,0.23138997,0.35111743,0.54813665,0.39584246
17.640074,0.23112795,0.3511246,0.5482157,0.3958666
17.650074,0.23116115,0.35179844,0.5486689,0.3962158
17.660074,0.23078103,0.35152778,0.54816455,0.39615527
17.67007,0.23129906,0.35176215,0.5485605,0.39675322
17.680075,0.23074621,0.35176948,0.5489163,0.39662832
17.690075,0.22995567,0.35144165,0.54901284,0.39653
17.700077,0.2320761,0.3522242,0.54947466,0.3963253
17.710073,0.23185727,0.35267955,0.54951036,0.39705807
17.720074,0.23151018,0.35164344,0.54934245,0.3966218
17.730076,0.23209035,0.35205674,0.54921913,0.39718425
17.740076,0.231546,0.35199025,0.54957676,0.3969479
17.750074,0.23161533,0.35197046,0.5491942,0.39726746
17.760075,0.23133169,0.35114005,0.54956466,0.39763698
17.770073,0.23194444,0.35200208,0.5497609,0.39771202
17.780075,0.23129025,0.3519333,0.54981214,0.39831597
17.790073,0.23107232,0.3522698,0.55010086,0.39838645
17.800074,0.23143367,0.35173294,0.5496106,0.39767835
17.810076,0.23117952,0.35192814,0.5500647,0.39833224
17.820076,0.23118162,0.35155407,0.5499808,0.39798406
17.830076,0.22985616,0.35187078,0.5495648,0.39797166
17.840073,0.2311459,0.35245195,0.54972017,0.3982843
17.850073,0.23175988,0.35201028,0.5503003,0.39795613
17.860075,0.23140265,0.35238463,0.55006367,0.39898112
17.870075,0.23091729,0.35240474,0.5510296,0.3986319
17.880089,0.22971566,0.35186034,0.550986,0.39947596
17.89008,0.23096424,0.35202962,0.5508378,0.39933565
17.900074,0.231751,0.352474,0.54963905,0.40009844
17.910074,0.22935157,0.34944046,0.5510457,0.39940917
17.920084,0.23100796,0.35181504,0.5512461,0.39997295
17.930077,0.2305526,0.35149482,0.55084085,0.40024254
17.940079,0.23190989,0.35190517,0.5504444,0.3994538
17.950075,0.23131353,0.35171282,0.5506799,0.399672
17.960073,0.23123887,0.3520075,0.55072427,0.39994556
17.970078,0.23059407,0.35169166,0.5508297,0.39963633
17.980074,0.23092884,0.3521701,0.55149776,0.40013972
17.990078,0.23156051,0.35213187,0.55086786,0.40051883
18.000082,0.23144802,0.35145798,0.5506649,0.40051383
18.010073,0.2299917,0.35170224,0.55050254,0.40053552
18.020075,0.22921675,0.35160592,0.5526228,0.3998623
18.030075,0.23066448,0.351877,0.5504773,0.40065747
18.040073,0.23115121,0.35238895,0.5517884,0.40074956
18.050076,0.23218085,0.35233793,0.550871,0.40094176
18.060076,0.23164804,0.35227928,0.55156696,0.4016308
18.070076,0.23130642,0.3522128,0.551614,0.40117514
18.080072,0.23165286,0.3530591,0.5512389,0.40154082
18.090075,0.23160753,0.35236186,0.5511215,0.40174824
18.100075,0.23241489,0.35199815,0.550743,0.40249717
18.110073,0.23165551,0.35310075,0.55139935,0.4018486
18.120075,0.23186247,0.35192364,0.55099887,0.40184417
18.130074,0.23161228,0.35300076,0.55169183,0.40216297
18.140076,0.2321691,0.35214123,0.55156875,0.4023193
18.150076,0.23182292,0.35192332,0.5516502,0.40313864
18.160076,0.2321038,0.35236797,0.5516407,0.40235785
18.170074,0.23173536,0.35236433,0.5514313,0.40296906
18.180073,0.23219381,0.35187352,0.55112237,0.40255636
18.190073,0.23138298,0.35236835,0.5515189,0.40299195
18.200073,0.23216994,0.3523046,0.55105984,0.40308142
18.210077,0.2318627,0.35197058,0.55136955,0.403597
18.220076,0.23128684,0.3518926,0.55183226,0.40304342
18.230076,0.23170301,0.35287625,0.55128264,0.40376896
18.240074,0.23175529,0.35278282,0.55168444,0.40354314
18.250074,0.2316023,0.35227948,0.5510201,0.40353346
18.260075,0.23149216,0.3530052,0.55174226,0.40374655
18.270075,0.23112957,0.35179174,0.55115575,0.40388128
18.280075,0.23142542,0.35265818,0.55201286,0.4035991
18.290073,0.2295732,0.3518179,0.5512782,0.40365192
18.300076,0.2316707,0.35248825,0.5520528,0.4045225
18.310076,0.23158568,0.352027,0.55152404,0.40449005
18.320072,0.23086882,0.3527634,0.55155456,0.40456152
18.330074,0.23160498,0.3519305,0.5513743,0.40488562
18.340078,0.23103666,0.35100675,0.5521569,0.40480566
18.35008,0.2308971,0.35273653,0.5516386,0.40473297
18.360077,0.23131771,0.35243127,0.5516317,0.40498096
18.370071,0.23050202,0.35218,0.55161583,0.40442762
18.380087,0.23113592,0.35128716,0.55176353,0.40517294
18.39008,0.23101352,0.35219985,0.5512941,0.40564188
18.400076,0.23137681,0.3520786,0.5520096,0.40541476
18.410074,0.23147911,0.3525234,0.55122393,0.40566915
18.420074,0.23154676,0.35228524,0.5513378,0.40568817
18.430075,0.23173718,0.35322544,0.55168307,0.4062711
18.440073,0.23132348,0.35236764,0.5513172,0.40626624
18.450075,0.23196745,0.3528021,0.5519856,0.40729988
18.460075,0.23157032,0.35190287,0.5509334,0.4059427
18.470074,0.2318563,0.3524088,0.5520288,0.40675947
18.480076,0.23140351,0.3523475,0.55120903,0.40660027
18.490076,0.23182921,0.3524783,0.55186534,0.40686736
18.500076,0.23171304,0.3523231,0.5514924,0.40684587
18.510077,0.23199832,0.3525171,0.5512047,0.40745372
18.520075,0.23137578,0.35208485,0.55211043,0.40688846
18.530075,0.23158577,0.3523897,0.551094,0.40717188
18.540073,0.23169006,0.35256103,0.5512569,0.407829
18.550076,0.23263523,0.35249588,0.5513158,0.4078897
18.560072,0.23228978,0.35240877,0.55216587,0.40800843
18.570074,0.23161942,0.35259533,0.55089235,0.40795648
18.580074,0.23279601,0.35331655,0.55122954,0.4080804
18.590075,0.23187481,0.35155195,0.5509031,0.40861687
18.600075,0.23196998,0.35302654,0.551479,0.40898117
18.610073,0.23214233,0.352305,0.55082357,0.40865922
18.620075,0.23324572,0.35304922,0.5520456,0.4084797
18.630072,0.23066235,0.35315305,0.55151075,0.4088611
18.640076,0.23151901,0.35361007,0.5511199,0.4089392
18.650074,0.23207459,0.35257217,0.5514114,0.40862125
18.660074,0.23181981,0.35333517,0.55149066,0.4091364
18.670076,0.23163933,0.35275716,0.55103743,0.40909004
18.680073,0.23173735,0.35317522,0.5508797,0.40931976
18.690075,0.23159005,0.3518793,0.55116826,0.40917256
18.700073,0.2317432,0.35264245,0.5512663,0.40988433
18.710075,0.23128328,0.3528822,0.5509333,0.409469
18.720076,0.23169038,0.3527185,0.55068403,0.40940538
18.730072,0.23111986,0.3528009,0.55159765,0.40990493
18.740074,0.23116691,0.35252136,0.55040437,0.40973
18.750074,0.23158158,0.35239258,0.55123156,0.41063693
18.760075,0.23165405,0.35178685,0.55057824,0.41011298
18.770075,0.23253497,0.35338902,0.5511597,0.41023225
18.780075,0.23173709,0.3529332,0.5505133,0.41042107
18.790073,0.2306465,0.35263902,0.55099595,0.4104815
18.800072,0.2316423,0.3521945,0.5507982,0.41011885
18.810074,0.23204142,0.3529497,0.55154455,0.41065186
18.820076,0.23138915,0.3520577,0.5502221,0.41116846
18.830074,0.23222151,0.35355482,0.55046976,0.41116422
18.840075,0.23152779,0.35283664,0.5502222,0.4107434
18.850073,0.23172249,0.35248378,0.550381,0.4115284
18.860075,0.23126462,0.35255396,0.55095583,0.41169116
18.870075,0.23206891,0.3532073,0.55003864,0.41087458
18.880096,0.2321179,0.35298645,0.550295,0.41250718
18.890081,0.23072897,0.35197276,0.5501926,0.4115775
18.900076,0.23291162,0.35311103,0.5501441,0.41253603
18.910076,0.23177712,0.3523514,0.55019736,0.4119516
18.920105,0.23237363,0.3526314,0.5508164,0.4117251
18.93008,0.23181948,0.35302198,0.5507528,0.4125099
18.940077,0.23215649,0.35271212,0.5502063,0.4130406
18.950075,0.23238827,0.35315984,0.5503855,0.41284722
18.960075,0.23243564,0.35358748,0.5500503,0.4124939
18.970074,0.2320615,0.35270065,0.55008656,0.41306874
18.98008,0.23205337,0.3538528,0.5499742,0.4128188
18.990074,0.23162214,0.35297716,0.55011696,0.41284811
19.00008,0.2313326,0.35284528,0.5500567,0.4133026
19.010078,0.2315238,0.35221443,0.5500391,0.41327295
19.020075,0.23130362,0.35260117,0.5499036,0.41318753
19.030075,0.23173898,0.3539786,0.5495069,0.4130285
19.040073,0.23207448,0.35300604,0.54942524,0.41360417
19.050077,0.23249443,0.3530941,0.549838,0.4137907
19.060076,0.23162241,0.35338774,0.54895365,0.41441202
19.070074,0.23196316,0.35283035,0.5491924,0.41339788
19.080074,0.23173939,0.35330608,0.5493397,0.41403502
19.090075,0.23130041,0.3523782,0.5495917,0.4145183
19.100077,0.23159875,0.3526321,0.54950607,0.4137881
19.110075,0.23199372,0.35386774,0.5496969,0.4142324
19.120073,0.23226699,0.35321242,0.5493423,0.41400927
19.130074,0.23224404,0.35365307,0.5497392,0.4149951
19.140074,0.23161814,0.35254547,0.54975295,0.4153701
19.150076,0.2320348,0.35292235,0.54776174,0.41434303
19.160074,0.23213357,0.35236785,0.54831904,0.41529027
19.170074,0.2305617,0.3520798,0.54810864,0.41548243
19.180075,0.23084313,0.35193187,0.5492622,0.41490826
19.190073,0.22992206,0.3507232,0.54865974,0.4149064
19.200075,0.2307073,0.35305008,0.5481326,0.41535467
19.210075,0.2307263,0.35171482,0.5488802,0.415426
19.220081,0.23062862,0.3518913,0.5490185,0.41590837
19.230076,0.23017745,0.35205922,0.54851264,0.41524884
19.240076,0.23087561,0.35183063,0.54807323,0.41472542
19.250074,0.23088393,0.35126734,0.5481268,0.41546503
19.260073,0.23201206,0.35332286,0.5479113,0.41796103
19.270075,0.23185515,0.35215434,0.5484026,0.41594768
19.280075,0.2332279,0.35387626,0.54824126,0.4157211
19.290073,0.23159005,0.35245663,0.5474649,0.4164367
19.300076,0.23192732,0.35315037,0.5479544,0.41658592
19.310074,0.23181202,0.35260236,0.5476001,0.41676
19.320076,0.23273785,0.35334677,0.5483649,0.41620016
19.330074,0.23233941,0.35362178,0.54779404,0.41682696
19.340075,0.2321143,0.35427478,0.54799104,0.4164465
19.350077,0.23220223,0.35328284,0.54730153,0.41767398
19.360075,0.23212293,0.35298058,0.5476447,0.4169997
19.370075,0.23228282,0.353852,0.5479308,0.4170557
19.3801,0.23240338,0.3533076,0.54673296,0.41711384
19.39008,0.23152737,0.3533396,0.5469948,0.41809285
19.400076,0.23152152,0.35312623,0.54664934,0.4179321
19.410078,0.23227364,0.3537513,0.54599714,0.41768327
19.420076,0.23205076,0.3538202,0.5470018,0.41702506
19.430073,0.23292704,0.35274664,0.5466643,0.4175086
19.440073,0.23208284,0.35269842,0.5472869,0.41754198
19.450075,0.23200086,0.35332915,0.54657584,0.41761613
19.460075,0.23207648,0.353342,0.54694235,0.41797546
19.470076,0.23215686,0.35313448,0.5468496,0.41891083
19.480076,0.23227869,0.3533394,0.5455455,0.4182797
19.490074,0.23130815,0.35400257,0.54671735,0.41861507
19.500074,0.23221174,0.35336968,0.54615694,0.41905794
19.510075,0.23233826,0.35237557,0.546006,0.41883132
19.520077,0.23265256,0.35400718,0.5454756,0.41851786
19.530073,0.23215602,0.35321808,0.5457064,0.4186296
19.540075,0.23187283,0.35355923,0.5454481,0.41878685
19.550074,0.23251857,0.35382363,0.54575616,0.4188345
19.560076,0.23217791,0.35265794,0.5454073,0.41993135
19.570076,0.23181842,0.35229802,0.5459632,0.41888228
19.580074,0.23244943,0.3537229,0.54571354,0.41936478
19.590075,0.23172,0.35290602,0.5457796,0.419003
19.600075,0.23214673,0.3534829,0.5456461,0.4193532
19.610075,0.23217927,0.35256854,0.54518217,0.41957232
19.620073,0.23171613,0.3533388,0.545273,0.42008904
19.630075,0.23235428,0.35349813,0.5446326,0.42010406
19.640074,0.2323178,0.35316303,0.5448559,0.4203462
19.650074,0.23137288,0.35379738,0.5443723,0.41971204
19.660074,0.23240075,0.35331753,0.54517967,0.4201806
19.670073,0.23175682,0.35277915,0.5452275,0.4205763
19.680077,0.23263055,0.35332674,0.5449633,0.4203498
19.690075,0.23197618,0.352891,0.54394513,0.42032033
19.700075,0.23236729,0.3531806,0.5437844,0.4205935
19.710075,0.23261347,0.3535107,0.54358304,0.42070663
19.720076,0.2318195,0.35282716,0.5438702,0.42095566
19.730076,0.23241575,0.35331702,0.54431784,0.4209325
19.740072,0.233371,0.35313532,0.5443668,0.42111868
19.750076,0.23341285,0.35280356,0.5441361,0.42048228
19.760075,0.23213768,0.35362917,0.5431525,0.42067176
19.770075,0.23279212,0.35418138,0.54379815,0.42114305
19.780075,0.23359698,0.35347027,0.542934,0.42093256
19.79008,0.23146218,0.35396552,0.5439087,0.42143515
19.800077,0.23210168,0.35393372,0.54347587,0.4216421
19.810074,0.23224285,0.35379368,0.5438512,0.42191693
19.820074,0.23194458,0.35350946,0.54249287,0.421908
19.830076,0.2327783,0.35399032,0.5431658,0.42230952
19.840075,0.23180147,0.3535231,0.54250544,0.42114627
19.850075,0.23219645,0.35337663,0.5436541,0.42204
19.860073,0.23285061,0.35302535,0.5421017,0.4220245
19.870075,0.23220368,0.35364383,0.54345024,0.42202362
19.8801,0.23206457,0.3534217,0.5403861,0.42138183
19.890104,0.23150629,0.35328314,0.5423646,0.42249277
19.900078,0.2323943,0.35374635,0.5426698,0.42239404
19.910074,0.23213886,0.3532015,0.54061526,0.42174777
19.920103,0.23260903,0.35338292,0.54221785,0.42228913
19.930079,0.23146741,0.3544239,0.5408147,0.42206076
19.940079,0.23253526,0.35348678,0.54157805,0.42395696
19.950075,0.2322172,0.35320398,0.54141206,0.42448854
19.960075,0.23293996,0.35352793,0.54141456,0.42155477
19.970076,0.23218533,0.35290462,0.5408302,0.4214773
19.980074,0.2327719,0.35467255,0.54117256,0.4246555
19.990074,0.23189658,0.35392967,0.5411176,0.42144233
20.000082,0.23275718,0.3535118,0.54107374,0.42327708
20.010086,0.23159665,0.35287306,0.54071933,0.423024
20.020075,0.23175356,0.3528386,0.54011136,0.4237692
20.030075,0.23197162,0.35272554,0.54126596,0.42308468
20.040073,0.231915,0.353687,0.54073316,0.42375135
20.050076,0.2323504,0.35284656,0.54034173,0.4236812
20.060076,0.23219438,0.3534845,0.5395414,0.42284012
20.070076,0.23276903,0.35328385,0.5394046,0.42369285
20.080074,0.23249339,0.35397515,0.5397441,0.42319572
20.090075,0.23217298,0.35369402,0.54047036,0.42473248
20.100075,0.23207706,0.35364076,0.538918,0.42353353
20.110075,0.23311724,0.35386658,0.539279,0.42425343
20.120075,0.23187023,0.35327497,0.5396095,0.42381307
20.130074,0.23261297,0.35405254,0.5393159,0.42414603
20.140076,0.23295285,0.35369354,0.53961146,0.4241818
20.150074,0.23288414,0.3539296,0.5394883,0.42417225
20.160074,0.23205717,0.3534699,0.53845465,0.42489776
20.170076,0.2319464,0.3538748,0.5384381,0.424154
20.180077,0.2325594,0.35406017,0.53867537,0.42497012
20.190071,0.23222622,0.3541133,0.53867036,0.4247631
20.200077,0.23200972,0.3534345,0.53853476,0.42478767
20.210077,0.23172937,0.354248,0.5384601,0.4243164
20.220076,0.23257202,0.35402057,0.53815603,0.42520058
20.230074,0.2318661,0.35365215,0.538239,0.42464563
20.240072,0.23236284,0.3546895,0.5375854,0.42545125
20.250074,0.23217584,0.35389605,0.53766847,0.42504582
20.260075,0.23338455,0.3542221,0.53755647,0.42523935
20.270073,0.23217173,0.3538838,0.536504,0.42520902
20.280075,0.23342408,0.35475323,0.53739667,0.4251154
20.290073,0.23086956,0.35326773,0.53708565,0.42557514
20.300077,0.23250969,0.3545493,0.53707343,0.42619866
20.310076,0.23334384,0.35443574,0.53637373,0.42561063
20.320074,0.23289734,0.3541395,0.53691554,0.42517823
20.330074,0.23282877,0.35397473,0.53664917,0.42552307
20.340075,0.23295613,0.35337025,0.5367422,0.42565176
20.350075,0.23268738,0.3534863,0.5360225,0.4258241
20.360077,0.23307814,0.35394168,0.53611267,0.42551333
20.370075,0.23207617,0.3539056,0.53591233,0.42545155
20.380234,0.2319412,0.35322058,0.5356345,0.42583507
20.39008,0.2314483,0.35303462,0.5359248,0.42584747
20.400084,0.23232959,0.353414,0.53544253,0.42608964
20.410078,0.23295352,0.35371014,0.5352898,0.4263241
20.420074,0.23230296,0.3532845,0.5353348,0.42608404
20.430075,0.23197368,0.3534676,0.53566176,0.4262002
20.440075,0.23243822,0.35321096,0.5351927,0.4257614
20.450075,0.23249401,0.35376146,0.5348203,0.42663935
20.460073,0.23219408,0.35361102,0.5345499,0.42623904
20.470076,0.23303111,0.35390708,0.53536844,0.42710048
20.480076,0.23245014,0.35359922,0.5343748,0.42666844
20.490074,0.23182459,0.35362715,0.53424466,0.42708555
20.500074,0.23256987,0.35377273,0.53424317,0.42648524
20.510073,0.23180301,0.35318682,0.53411347,0.42697814
20.520075,0.23248586,0.35376737,0.5337684,0.4266685
20.530075,0.23213682,0.3537572,0.533604,0.42679664
20.540073,0.2326898,0.35357824,0.5338991,0.4270447
20.550076,0.23312765,0.35433275,0.53355473,0.42669266
20.560074,0.23311614,0.35399377,0.5333475,0.42746985
20.570078,0.23277296,0.35348737,0.53168976,0.4270488
20.580076,0.2329559,0.35367796,0.5337766,0.427055
20.590075,0.23122051,0.35336137,0.53296536,0.42635894
20.600075,0.23258954,0.35427755,0.5328296,0.4277248
20.610075,0.23252912,0.35414562,0.5330579,0.42716056
20.620075,0.23296374,0.3545828,0.53292906,0.42818087
20.630074,0.23294763,0.35417572,0.5326915,0.42713383
20.640076,0.23273154,0.35471842,0.5328314,0.4274313
20.650076,0.23205028,0.35408112,0.53183967,0.42754212
20.660074,0.2331489,0.3544818,0.53267217,0.4279286
20.670076,0.2324159,0.35428664,0.53148216,0.4280915
20.680075,0.23281513,0.35412776,0.532058,0.4281519
20.690075,0.23219666,0.35406506,0.53132087,0.427802
20.700073,0.23246776,0.35402778,0.5314656,0.42821246
20.710075,0.2330264,0.3544154,0.53181565,0.4279871
20.720076,0.23236194,0.3537064,0.5309472,0.4279098
20.730076,0.23330398,0.35431108,0.53121156,0.42847314
20.740074,0.23249428,0.35468587,0.52999747,0.4274681
20.750072,0.23292275,0.35419303,0.53042114,0.42765015
20.760073,0.23327486,0.35444987,0.53018045,0.42784712
20.770073,0.23253366,0.35415366,0.5304177,0.42861295
20.78008,0.23304494,0.35426053,0.52985406,0.42917353
20.790077,0.23236826,0.3548658,0.53036535,0.42856175
20.800076,0.23324491,0.35427603,0.5299725,0.42825577
20.810076,0.2328211,0.35395437,0.5303566,0.42840952
20.820074,0.23242469,0.35407156,0.5295392,0.42814055
20.830076,0.23310088,0.3542056,0.5292735,0.4286278
20.840075,0.23216254,0.35439485,0.5290631,0.4283817
20.850075,0.23314407,0.35407147,0.5298566,0.4284449
20.860075,0.23241104,0.35410547,0.52906,0.42869556
20.870071,0.23289183,0.35329866,0.52909917,0.4287701
20.880472,0.2327514,0.35382873,0.52843094,0.42848697
20.890081,0.23201977,0.35334346,0.5287965,0.42925575
20.900078,0.23292902,0.3542638,0.52784157,0.42882103
20.91008,0.23261234,0.35382155,0.52877724,0.4294859
20.920097,0.23219255,0.35449296,0.5284309,0.42936945
20.930084,0.23300903,0.35392472,0.52833337,0.42888823
20.940075,0.23267145,0.35394222,0.52851605,0.4292688
20.950075,0.23232163,0.3542578,0.52788955,0.4289854
20.960075,0.23279445,0.35443527,0.528408,0.42945132
20.970074,0.23202635,0.3538895,0.5273076,0.4292787
20.980097,0.23301241,0.35468072,0.52684784,0.42956695
20.990103,0.23233503,0.35444355,0.5274235,0.4293222
21.000086,0.23216702,0.35386637,0.5267832,0.42974895
21.010073,0.2329847,0.35404772,0.52730197,0.429592
21.020073,0.23288752,0.3543209,0.52639717,0.42981195
21.030075,0.23283902,0.35497743,0.52738523,0.429447
21.040075,0.2333123,0.35436645,0.52577966,0.429265
21.050077,0.23360133,0.35485104,0.5266752,0.42883295
21.060074,0.23341659,0.3548765,0.5261783,0.4297114
21.070076,0.23243622,0.3537016,0.52621716,0.43009412
21.080074,0.23288567,0.3551138,0.52627885,0.4296733
21.090075,0.23262529,0.3545912,0.52581203,0.42952958
21.100088,0.23355277,0.35400683,0.525424,0.42975843
21.110071,0.23309843,0.35495988,0.52518713,0.43029568
21.120073,0.23305012,0.35472095,0.5248186,0.43052793
21.130072,0.23326027,0.35491583,0.5258666,0.43044952
21.140076,0.23331118,0.3545969,0.5248129,0.4296538
21.150076,0.23320565,0.3547418,0.5253762,0.43041742
21.160076,0.23301816,0.35456565,0.5246115,0.43050978
21.170076,0.23335546,0.35412112,0.52475905,0.4309249
21.180073,0.23286231,0.3549688,0.52466965,0.43009838
21.190075,0.23285341,0.3545282,0.5244107,0.43011412
21.20008,0.23287502,0.3550435,0.52413654,0.43023568
21.210081,0.23301409,0.3544245,0.52384055,0.43051127
21.220076,0.23289436,0.35444048,0.5243408,0.43012497
21.230074,0.23242483,0.3541054,0.5236498,0.43017522
21.240076,0.2327065,0.35449964,0.52324736,0.43053007
21.250074,0.2321628,0.35388044,0.5224107,0.4298304
21.260077,0.23308365,0.35477397,0.5234397,0.42971078
21.270075,0.23305319,0.3547821,0.52293277,0.42993683
21.280075,0.23266664,0.35466957,0.52311,0.43098497
21.290075,0.23276202,0.35439113,0.5222587,0.43025303
21.30009,0.2332612,0.3548799,0.52296066,0.4307037
21.310078,0.23303555,0.35439447,0.52216643,0.43097758
21.320076,0.23303246,0.35464633,0.52295977,0.43063778
21.330074,0.23245159,0.35473034,0.5218597,0.43057358
21.340075,0.23364843,0.35575575,0.52209824,0.43027377
21.350073,0.23240545,0.35433918,0.5220468,0.43066466
21.360075,0.23242961,0.35487765,0.5219083,0.43076122
21.370075,0.23254357,0.35422444,0.5211682,0.43054736
21.380114,0.23302218,0.35465014,0.5209742,0.4312216
21.390093,0.23080763,0.35440803,0.5212767,0.43117207
21.400105,0.23302452,0.35449597,0.52029824,0.43036243
21.410076,0.23339918,0.3549069,0.5212236,0.4310288
21.420074,0.23214777,0.35380572,0.52008384,0.43111894
21.430073,0.23308855,0.35395196,0.5212114,0.43131557
21.440075,0.23309006,0.35400048,0.5207008,0.43136775
21.450077,0.23351707,0.35437772,0.5197693,0.43131682
21.460075,0.23329023,0.3554778,0.5213577,0.43088496
21.470074,0.23262925,0.35511872,0.51964283,0.43135467
21.480076,0.23343492,0.35440913,0.52063596,0.4309363
21.490074,0.23248513,0.3552336,0.51988816,0.43124864
21.500093,0.23326665,0.35492724,0.5198282,0.43121538
21.510077,0.23351772,0.3559258,0.5193964,0.43203428
21.520075,0.23332635,0.3542359,0.51954037,0.43119192
21.530079,0.23300476,0.3544258,0.5187191,0.43123963
21.540073,0.23272742,0.3542375,0.5203446,0.43108526
21.550076,0.23308238,0.3545984,0.5176425,0.43097937
21.560076,0.2331744,0.35499778,0.5198856,0.43159714
21.570076,0.23274255,0.35478005,0.52054465,0.43121248
21.580074,0.23348534,0.35461092,0.51739466,0.43185908
21.590075,0.2332983,0.354598,0.518117,0.4310438
21.600094,0.23286442,0.35451287,0.5177239,0.43200856
21.610075,0.23359576,0.35532466,0.51860255,0.4318134
21.620075,0.23343776,0.35468805,0.51686853,0.43120795
21.630075,0.23288848,0.3549021,0.5178815,0.43138313
21.640074,0.23366393,0.3550303,0.51726854,0.4296416
21.650076,0.23334396,0.35387835,0.51700914,0.43259102
21.660072,0.23360763,0.35546345,0.5174804,0.43142217
21.670074,0.23267473,0.35363635,0.5167609,0.43045455
21.680075,0.23335777,0.35602725,0.51732516,0.4322779
21.690073,0.232596,0.3567766,0.51732713,0.43182066
21.700075,0.23287684,0.3555642,0.5166448,0.43080696
21.710073,0.23350258,0.35342896,0.51674736,0.43079162
21.720076,0.23268183,0.35644424,0.51590496,0.43178293
21.730074,0.23258947,0.35473308,0.5162709,0.43125397
21.740074,0.23304541,0.35472867,0.5159371,0.43202132
21.750074,0.23345003,0.3541055,0.5157992,0.43187398
21.760075,0.23343071,0.35503107,0.515725,0.4320235
21.770075,0.23376973,0.35491407,0.5158067,0.43145835
21.780073,0.2332565,0.35442266,0.5155596,0.4319552
21.790073,0.23353225,0.35510257,0.5151621,0.43191016
21.800076,0.23299818,0.3546467,0.51536816,0.43182117
21.810076,0.23350114,0.35590243,0.51535285,0.4313829
21.820076,0.23307312,0.35474306,0.51477534,0.4317092
21.830072,0.23425049,0.3551882,0.5148312,0.43209183
21.840075,0.23304583,0.3545623,0.51471835,0.43223086
21.850075,0.23313564,0.35504502,0.5152707,0.4322252
21.860075,0.23373447,0.35500628,0.5138234,0.43205988
21.870073,0.23252147,0.3547172,0.51352775,0.43227133
21.880102,0.23363924,0.35227892,0.51274824,0.43151852
21.890085,0.23232016,0.35485476,0.5143452,0.432601
21.900076,0.23315379,0.35488835,0.51280445,0.43179968
21.910076,0.23354852,0.3549566,0.5121061,0.43135646
21.920082,0.23330007,0.35509485,0.51128817,0.43266964
21.930079,0.23292287,0.35507116,0.5133785,0.4315797
21.940077,0.23228347,0.35407713,0.51338696,0.43160117
21.950075,0.23178,0.35403678,0.5123745,0.43118432
21.960073,0.23240842,0.35432714,0.51282376,0.431878
21.970076,0.2327041,0.35410613,0.5122374,0.4315784
21.980074,0.23232384,0.35490328,0.51296693,0.43284804
21.990076,0.2321821,0.3540226,0.5115312,0.4311367
22.00008,0.23207642,0.3549792,0.51208144,0.4321798
22.010078,0.23157333,0.35478508,0.511219,0.4316473
22.020075,0.231873,0.3542244,0.5115856,0.43209845
22.030075,0.23250549,0.35565555,0.5111688,0.43165714
22.040075,0.23285376,0.3553819,0.51154345,0.432116
22.050074,0.23292106,0.3545704,0.5116918,0.4316405
22.060076,0.2335535,0.3557335,0.51078963,0.43165785
22.070074,0.23271292,0.3552719,0.5109415,0.43170512
22.080074,0.23349403,0.35471997,0.5110936,0.43101987
22.090075,0.23265845,0.3545187,0.5097882,0.43254974
22.100075,0.23297706,0.35416868,0.51075745,0.4322641
22.110075,0.23410091,0.3555797,0.5107549,0.43217704
22.120075,0.23294082,0.3548732,0.51002705,0.43216288
22.130074,0.23300853,0.35555202,0.5103007,0.4319742
22.140074,0.2323498,0.35550487,0.5100894,0.43226054
22.150076,0.23307557,0.35555962,0.5098438,0.4329562
22.160074,0.23332952,0.3546807,0.50985676,0.43169352
22.170074,0.23305665,0.3554456,0.5095665,0.43238238
22.180075,0.23341516,0.3549933,0.5085032,0.43256685
22.190075,0.23334529,0.35499218,0.50900763,0.4321441
22.200075,0.23351763,0.35439488,0.50944865,0.43177995
22.210075,0.23263323,0.3549543,0.5084819,0.43201664
22.22008,0.23254757,0.35485098,0.5088448,0.43201882
22.230076,0.23289426,0.3552562,0.50846326,0.43222117
22.240076,0.23269825,0.35507402,0.50834405,0.43241256
22.250074,0.2327405,0.35482478,0.5082016,0.43212256
22.260075,0.23400632,0.35589385,0.508387,0.43201813
22.270075,0.23339191,0.3554708,0.50787777,0.4318123
22.280075,0.23416033,0.355204,0.50722015,0.4320377
22.290073,0.23398615,0.35493225,0.5080134,0.43212923
22.300076,0.23384981,0.3554758,0.5070444,0.4326587
22.310074,0.23379923,0.3560655,0.5070727,0.43182668
22.320074,0.23418288,0.35586688,0.50772977,0.4324124
22.330076,0.23421247,0.35542843,0.50627214,0.43274
22.340075,0.23394458,0.355771,0.50708866,0.43223232
22.350077,0.23333454,0.3557236,0.50615346,0.43184823
22.360077,0.23369695,0.35481414,0.5062788,0.4321623
22.370075,0.23279653,0.35459456,0.50671154,0.43154368
22.380083,0.23399663,0.3565285,0.5061216,0.43270972
22.390081,0.23259136,0.35450673,0.50625765,0.43183908
22.400076,0.23373851,0.35480854,0.5056258,0.43224803
22.410074,0.2343113,0.35523924,0.50608385,0.43294674
22.420074,0.2335772,0.3550695,0.50511813,0.4324842
22.430073,0.23357801,0.35553494,0.5060685,0.432085
22.440075,0.23340337,0.35518536,0.50516135,0.4316617
22.450075,0.23340392,0.3555326,0.5051651,0.43233347
22.460075,0.23402467,0.3552315,0.5048757,0.43205073
22.470074,0.23352437,0.35551456,0.50520587,0.4329345
22.480076,0.23318948,0.35614926,0.5047753,0.43187302
22.490076,0.2336787,0.35562852,0.50481147,0.432377
22.500074,0.23357676,0.35517153,0.50480884,0.43231383
22.510092,0.23375432,0.35552102,0.50431365,0.43209606
22.520077,0.23350248,0.354829,0.5037618,0.43213585
22.530075,0.23312804,0.35479155,0.5036786,0.43211263
22.540075,0.23364525,0.35543358,0.5033236,0.431895
22.550074,0.23326819,0.35548592,0.50373447,0.43258986
22.560076,0.23392288,0.35563985,0.5030635,0.43217954
22.570074,0.23348059,0.35560167,0.5034116,0.43186867
22.580074,0.23318782,0.35519376,0.50299716,0.43182814
22.590075,0.23357058,0.3551658,0.50262964,0.43272176
22.600077,0.23358308,0.35558522,0.50305283,0.43223652
22.61009,0.2338013,0.35584155,0.5023477,0.4323232
22.620075,0.23428622,0.35552433,0.50242877,0.43179956
22.630074,0.23350003,0.3550942,0.50284743,0.43227947
22.640076,0.23374462,0.35617697,0.5027862,0.43309397
22.650076,0.23327266,0.35544893,0.5022679,0.43264613
22.660074,0.23464587,0.35627472,0.5022358,0.43222475
22.670074,0.23352513,0.35506102,0.5017245,0.43245587
22.680075,0.23339307,0.35562223,0.5018456,0.43203458
22.690075,0.23269828,0.3554192,0.5018578,0.43247288
22.700073,0.23384528,0.35483626,0.50138426,0.43274188
22.710089,0.23398297,0.35508084,0.50135404,0.43315443
22.720076,0.23404267,0.3554975,0.5006669,0.43225446
22.730076,0.23378298,0.35530385,0.5012595,0.4322196
22.740072,0.23395997,0.3554212,0.5004988,0.43209288
22.750076,0.2343791,0.3560102,0.500495,0.43200174
22.760075,0.23361117,0.35591757,0.5004625,0.43194038
22.770075,0.23316209,0.35557625,0.50041515,0.4323963
22.780075,0.23351632,0.3551841,0.5001239,0.43276203
22.790075,0.23479028,0.35631302,0.50045455,0.43303207
22.800076,0.23344883,0.35566682,0.4987791,0.43242326
22.81008,0.23349157,0.35610044,0.49919987,0.43220106
22.820076,0.23273441,0.35572883,0.5001393,0.4326315
22.830076,0.23371355,0.35587326,0.49900422,0.4324696
22.840075,0.23363988,0.3560138,0.49943605,0.4318693
22.850075,0.23354864,0.35566652,0.49907672,0.4324867
22.860073,0.23375918,0.35605082,0.49864605,0.43235078
22.870075,0.23406687,0.35605597,0.49823347,0.43179518
22.880085,0.23338445,0.35596922,0.49772468,0.4323614
22.890087,0.23153387,0.35539177,0.4982864,0.43274963
22.900076,0.23358415,0.3557542,0.49828306,0.43285337
22.910097,0.23295116,0.35549536,0.4979386,0.431999
22.920086,0.23394996,0.3561203,0.49839598,0.43273997
22.930077,0.232559,0.3554117,0.49826878,0.43352643
22.940163,0.23264995,0.3537837,0.4978324,0.4321719
22.950207,0.23033403,0.3550895,0.49797186,0.43315738
22.960093,0.2340618,0.35554305,0.49758515,0.43251953
22.97008,0.23266691,0.3552718,0.4975032,0.4325291
22.98008,0.233541,0.35603255,0.49754518,0.43231204
22.990074,0.23381416,0.35514128,0.49665812,0.43244472
23.000076,0.23364964,0.35560897,0.4970664,0.43255535
23.010096,0.23331949,0.3550598,0.49677834,0.4323907
23.020077,0.23391563,0.3554782,0.4965883,0.4321959
23.030075,0.23328976,0.35564384,0.49582893,0.43249434
23.040075,0.23376432,0.35585865,0.49587658,0.43202665
23.050074,0.23254722,0.3561414,0.49551183,0.43275166
23.060076,0.23401514,0.35551304,0.49594074,0.43186808
23.070076,0.23336767,0.3553648,0.49582556,0.43259645
23.080074,0.23468906,0.35689077,0.49542582,0.43200183
23.090073,0.2345078,0.3560213,0.4958226,0.4307885
23.100073,0.23389456,0.35635158,0.49578303,0.43258226
23.110073,0.23407207,0.35591745,0.49534482,0.43264726
23.120075,0.23415302,0.35577446,0.49529335,0.43271586
23.130125,0.23304538,0.35352725,0.494479,0.4320426
23.14014,0.23250408,0.3549935,0.49485242,0.43191668
23.150114,0.23106931,0.35247928,0.49474698,0.43187022
23.160458,0.23163942,0.35212383,0.49300498,0.4316877
23.170097,0.23017773,0.35311618,0.49414146,0.43228206
23.180141,0.23168142,0.354437,0.49397656,0.43234146
23.190088,0.23139136,0.3546727,0.49277517,0.43239763
23.200098,0.23214677,0.35443336,0.49334726,0.43296257
23.210106,0.2278436,0.35369962,0.49335623,0.4325066
23.220089,0.22745062,0.35227194,0.49223495,0.43264958
23.230076,0.22876616,0.3523916,0.49250266,0.43274713
23.240067,0.23001033,0.35291445,0.4922525,0.43199578
23.250072,0.22729288,0.3504605,0.49143338,0.43237582
23.260065,0.23033254,0.3523303,0.49245015,0.43295875
23.270061,0.22927135,0.35201105,0.49189943,0.43229148
23.280064,0.22993413,0.3525957,0.4917757,0.43311986
23.290064,0.22899173,0.35229635,0.492526,0.4327211
23.300062,0.22993673,0.35259598,0.4917141,0.43338272
23.310062,0.22909522,0.3523817,0.49152067,0.43265057
23.320063,0.22992982,0.35363573,0.4923432,0.43277586
23.330063,0.22937809,0.35230732,0.4916356,0.4325641
23.340063,0.22952922,0.35224187,0.49145365,0.43238896
23.350061,0.22968684,0.35250837,0.49203846,0.43295026
23.360064,0.23031259,0.3522192,0.48922756,0.43255353
23.370062,0.22950839,0.35230398,0.48906577,0.43331084
23.380074,0.23016976,0.34818012,0.48977527,0.4317241
23.390068,0.22677666,0.3517901,0.49169615,0.4323342
23.400064,0.22949459,0.35298574,0.48971957,0.431943
23.41006,0.22958149,0.35309914,0.49045235,0.4332525
23.420061,0.22977269,0.35308927,0.4902613,0.43276834
23.430063,0.23002729,0.3525666,0.4908469,0.43077835
23.440063,0.22950016,0.35308933,0.48970386,0.43231648
23.450064,0.23025887,0.35256264,0.48986623,0.43294758
23.460062,0.23007177,0.351347,0.4891582,0.43261164
23.470062,0.23089702,0.35336423,0.48901978,0.43323576
23.480064,0.2303477,0.3527274,0.48922464,0.4331507
23.490063,0.22944787,0.3530813,0.48983577,0.43293375
23.500065,0.22985785,0.3529786,0.4886073,0.4331403
23.510061,0.23041254,0.35227427,0.48861182,0.43254796
23.520063,0.22981805,0.35263792,0.489283,0.43244708
23.530064,0.22968094,0.352369,0.48855382,0.4322759
23.540062,0.22919044,0.35287288,0.48873213,0.43225488
23.550062,0.22889566,0.35272068,0.48786923,0.4323263
23.560062,0.23023546,0.3527225,0.48751092,0.43239504
23.570063,0.22953051,0.3524642,0.48718122,0.4321666
23.580063,0.2300178,0.3526416,0.4880626,0.43283513
23.590063,0.22998855,0.35262033,0.48797265,0.43229464
23.600063,0.22963762,0.35310176,0.4880726,0.4330568
23.610062,0.2293783,0.35273787,0.4874254,0.4327085
23.620062,0.23035447,0.35346907,0.487802,0.43220863
23.630062,0.23007278,0.3530009,0.4871029,0.43229276
23.640062,0.23125446,0.35363764,0.48731887,0.43260932
23.650063,0.22958401,0.3528843,0.48637375,0.43148738
23.660063,0.22990675,0.3532029,0.48706344,0.43309966
23.670063,0.22954416,0.35310897,0.48638025,0.43288016
23.680061,0.22962758,0.35183385,0.4868429,0.43278164
23.690062,0.22929236,0.35250396,0.48663875,0.43215424
23.700062,0.23000316,0.35243654,0.48668727,0.43257907
23.710062,0.2296621,0.35272756,0.48650613,0.4324706
23.720062,0.2299381,0.35310724,0.4863168,0.4323769
23.730062,0.23033768,0.35275683,0.48522905,0.43304467
23.740063,0.22952053,0.3524575,0.48589486,0.432915
23.750061,0.2301776,0.35289893,0.4852085,0.43242556
23.760063,0.23000982,0.3528557,0.4853002,0.4327314
23.770061,0.22992612,0.3530405,0.48499075,0.4326312
23.780062,0.23001494,0.35233167,0.48484105,0.4323555
23.790062,0.23025697,0.3525438,0.4852004,0.43259966
23.800062,0.22974297,0.35272828,0.48455366,0.4325722
23.810062,0.2302175,0.3531769,0.485003,0.43204403
23.820063,0.23029323,0.35248953,0.48415467,0.43236426
23.830061,0.23006298,0.3525881,0.48465446,0.4323189
23.840063,0.23050809,0.35292223,0.48441687,0.43277243
23.850061,0.22961877,0.35251412,0.4840565,0.4315199
23.860062,0.2295232,0.35315225,0.48369068,0.43183717
23.870062,0.2299773,0.35261813,0.48402417,0.43264627
23.880072,0.22990213,0.35222042,0.48255,0.43193975
23.89007,0.22963303,0.3530716,0.483825,0.43202955
23.900063,0.23016104,0.35353312,0.4833869,0.43234736
23.91006,0.22981961,0.3531649,0.4828049,0.4323795
23.92007,0.2308136,0.3533306,0.48333728,0.4327911
23.930065,0.22930095,0.35345843,0.48287323,0.4318149
23.940063,0.23097076,0.3536204,0.4835951,0.43205622
23.950062,0.23019971,0.3528492,0.4828917,0.4324431
23.960064,0.23044375,0.35383466,0.48299277,0.43233725
23.970062,0.2290125,0.35294113,0.48204315,0.43242314
23.980062,0.23102102,0.35332796,0.48307496,0.43210387
23.990063,0.23035444,0.35268617,0.4820886,0.43236002
24.000069,0.22949772,0.35264567,0.48264825,0.43250638
24.010063,0.2288247,0.3526302,0.48208722,0.43280572
24.020063,0.23025031,0.35319364,0.48188135,0.43219286
24.030064,0.22922488,0.35269132,0.4819185,0.4330177
24.040062,0.23013997,0.35347286,0.48201892,0.43229783
24.050062,0.23047556,0.35314542,0.48127633,0.43284097
24.060062,0.23023066,0.35249144,0.48211,0.43269885
24.07006,0.23009014,0.35320678,0.48194045,0.43229088
24.080063,0.23031852,0.35275283,0.48122936,0.43147418
24.090061,0.22963993,0.35308176,0.48195082,0.43231168
24.100063,0.22989495,0.35342813,0.48188272,0.43227533
24.110062,0.2306734,0.35301617,0.4814002,0.4324698
24.120062,0.23019762,0.3525941,0.48157513,0.43218562
24.130062,0.23050156,0.35306692,0.4815287,0.4323483
24.14008,0.22988813,0.3530891,0.48035884,0.43220255
24.150064,0.22987849,0.35349664,0.4811124,0.43210936
24.16006,0.23027024,0.35275856,0.4804159,0.43201485
24.170063,0.22888748,0.35301805,0.48049238,0.4320446
24.180061,0.22987647,0.35315752,0.4803495,0.4320587
24.190062,0.22973853,0.35329235,0.4801107,0.43255472
24.200062,0.23014003,0.35274974,0.4797943,0.43168643
24.210066,0.23006505,0.35315582,0.48050186,0.43255636
24.220062,0.23014566,0.3529572,0.4803626,0.43188626
24.230066,0.2296578,0.35344318,0.4799407,0.43237716
24.240065,0.2302891,0.35389048,0.47988984,0.43215925
24.250063,0.22974394,0.35289317,0.479526,0.43226343
24.260063,0.23116498,0.3532486,0.47985524,0.43201783
24.270063,0.22948503,0.35295725,0.47962922,0.43152815
24.280062,0.23019946,0.3527945,0.479272,0.43222284
24.290062,0.23048574,0.35375658,0.47934455,0.4324188
24.300062,0.23025818,0.35350215,0.47927442,0.43252704
24.310062,0.23087183,0.35286903,0.4783808,0.43192863
24.320063,0.23037635,0.3536031,0.47904605,0.43219593
24.330063,0.23061317,0.35344777,0.4787773,0.4317924
24.340061,0.22839846,0.35395935,0.4789262,0.43179995
24.350065,0.23080204,0.35305783,0.4791053,0.43232518
24.360062,0.23024452,0.35301375,0.47864425,0.43222684
24.370062,0.23053111,0.35235882,0.4792734,0.4322806
24.380074,0.2305614,0.3531444,0.47707745,0.43295178
24.390074,0.22984768,0.35353708,0.4794557,0.43242535
24.400063,0.23065116,0.35338384,0.4760008,0.43284428
24.41006,0.23111288,0.35405093,0.47978893,0.4331094
24.420063,0.23008014,0.35271555,0.47743514,0.4322952
24.430063,0.23028454,0.35312432,0.47766343,0.43212718
24.440062,0.23092565,0.3533118,0.47785798,0.43202567
24.450062,0.2300479,0.3530924,0.4776845,0.43263796
24.460062,0.23019002,0.3530696,0.47731546,0.4317273
24.470062,0.23020376,0.35382414,0.4772795,0.4331419
24.48006,0.23068893,0.35370302,0.4769414,0.43200013
24.490063,0.2297789,0.3536463,0.47789472,0.4319601
24.500063,0.23007204,0.35350648,0.47720903,0.43203193
24.510061,0.22967853,0.35356414,0.47690687,0.43214962
24.520063,0.23015137,0.35353762,0.4768089,0.4316584
24.530062,0.22983058,0.35359073,0.4770557,0.43235013
24.540062,0.23098962,0.35436615,0.47615072,0.43189555
24.550062,0.22915429,0.35319972,0.47725472,0.43219486
24.560062,0.23051558,0.35328564,0.47639,0.43147534
24.57006,0.2299867,0.35302234,0.4761507,0.43232092
24.580126,0.23055393,0.35341325,0.47688985,0.43132067
24.590063,0.23077893,0.35344535,0.475847,0.43170935
24.600061,0.230936,0.35355216,0.47552603,0.4321982
24.610062,0.2306447,0.35357052,0.476248,0.43194214
24.620062,0.23039407,0.3534254,0.47660115,0.43242735
24.630062,0.22990759,0.35319287,0.47553775,0.43114266
24.640062,0.23123801,0.35429898,0.4761059,0.43210065
24.65006,0.2304317,0.35356408,0.47581995,0.4316344
24.660063,0.23064545,0.3534596,0.47565857,0.43205518
24.670063,0.23000172,0.3528695,0.47534868,0.43260205
24.680061,0.23041613,0.3530663,0.47490808,0.43163112
24.690062,0.23093481,0.35368443,0.47531044,0.43221962
24.700064,0.22988555,0.35317338,0.47542155,0.4315313
24.710062,0.22947435,0.35254002,0.47307146,0.43036664
24.720062,0.22915603,0.35186338,0.47645333,0.43119067
24.730062,0.22929898,0.35255402,0.47465953,0.43194488
24.740063,0.23053792,0.35269666,0.47427666,0.4312859
24.750061,0.22910374,0.35206798,0.47582874,0.4319674
24.760061,0.22947413,0.35277283,0.4745013,0.43125194
24.77006,0.22822526,0.35306093,0.4749159,0.4318685
24.780064,0.22962846,0.35231006,0.47423944,0.43164828
24.79006,0.22990529,0.35369125,0.47441092,0.43132243
24.800064,0.23036055,0.35338375,0.47398886,0.43218035
24.810062,0.23068616,0.35387477,0.47435886,0.43176106
24.820063,0.23020491,0.35347715,0.47410372,0.4314088
24.830063,0.2302747,0.35370666,0.47453514,0.4325392
24.840061,0.23129399,0.35385427,0.4738372,0.43144354
24.850063,0.23048022,0.3535343,0.47454828,0.43218443
24.860064,0.22999889,0.35382065,0.47372663,0.4319725
24.870062,0.22990988,0.35319543,0.4738441,0.43192634
24.88008,0.22954987,0.35365003,0.47332025,0.43188524
24.890074,0.22964926,0.35308963,0.4733686,0.4313931
24.900064,0.23129486,0.3537903,0.47404543,0.43205243
24.91006,0.2303875,0.35363123,0.47306654,0.4324148
24.920073,0.23066443,0.35415208,0.4741092,0.4321908
24.930065,0.23045675,0.35382995,0.47360152,0.43159524
24.940062,0.23113835,0.35340458,0.47285387,0.4325622
24.95006,0.23031028,0.35318625,0.47312465,0.43141145
24.960062,0.23038721,0.3544187,0.47313213,0.43262947
24.970062,0.2298026,0.35289532,0.47239962,0.43174553
24.980062,0.2306539,0.35306057,0.47254243,0.4322473
24.990063,0.23127684,0.35302255,0.47246173,0.432005
25.000065,0.23038405,0.35333073,0.472353,0.43165138
25.010063,0.22954132,0.35376224,0.47232628,0.43234557
25.020063,0.23075788,0.35287628,0.47245386,0.4319466
25.030064,0.22996642,0.35366023,0.47257504,0.43200785
25.040064,0.23126201,0.35346124,0.47246778,0.4323505
25.050062,0.23057723,0.35415372,0.47176668,0.4321172
25.060062,0.22996381,0.35371742,0.4724522,0.43223557
25.070063,0.23075025,0.35341886,0.47265944,0.43241817
25.080063,0.23061597,0.353708,0.4718018,0.4316589
25.090061,0.23143655,0.35395393,0.4720263,0.4321624
25.100063,0.23036262,0.3533602,0.47193736,0.43241417
25.110062,0.23144224,0.35337856,0.4715911,0.43200582
25.120062,0.23013178,0.35385188,0.47159544,0.43141803
25.130062,0.23055823,0.3537297,0.471742,0.43214124
25.140062,0.23130617,0.35370284,0.47200215,0.43151724
25.150063,0.23004515,0.3534186,0.47171205,0.43165633
25.160063,0.23050487,0.35343358,0.4710829,0.4319451
25.170061,0.23095356,0.35320508,0.4720719,0.43150923
25.180061,0.23075534,0.35371333,0.47233424,0.43216538
25.190062,0.22976099,0.35397536,0.4695503,0.4328047
25.200062,0.23147836,0.35378468,0.47133842,0.432471
25.210062,0.23146458,0.3531646,0.46978593,0.43174744
25.220064,0.23100737,0.35385942,0.46933293,0.43218875
25.230064,0.23043966,0.35378516,0.4724948,0.43281183
25.240063,0.23153846,0.35418826,0.47053066,0.430788
25.250061,0.23029147,0.3541398,0.46972346,0.4317875
25.260063,0.23096755,0.35517225,0.47064972,0.43294203
25.270061,0.23110755,0.353674,0.47085604,0.43109494
25.280064,0.23067851,0.35430402,0.4710509,0.43304357
25.290062,0.23125325,0.35177854,0.47137526,0.43119064
25.300064,0.2307195,0.35513178,0.4705738,0.43215525
25.310062,0.23156016,0.35402843,0.4698783,0.43205637
25.32006,0.2311056,0.35343757,0.47035962,0.43272492
25.330063,0.22961485,0.3552157,0.46995282,0.43286893
25.340063,0.23091902,0.3546355,0.47080702,0.43212333
25.350061,0.23079039,0.35337564,0.47073904,0.43218344
25.360064,0.23027353,0.35440633,0.4702079,0.43205822
25.370062,0.2311269,0.35397068,0.4698748,0.4318721
25.38007,0.22712111,0.35181242,0.4698915,0.43177962
25.390072,0.22913136,0.35401803,0.46990892,0.43259332
25.400064,0.23133573,0.35387003,0.46946546,0.43225265
25.410063,0.23107004,0.35424253,0.47005406,0.43189016
25.420063,0.23054294,0.35398343,0.46957287,0.43221837
25.430063,0.23022832,0.35395497,0.4700062,0.4316697
25.44006,0.23083171,0.35320437,0.4694743,0.43130973
25.450062,0.2306939,0.35410404,0.4698177,0.43227005
25.460062,0.23055197,0.3537604,0.46942312,0.43300095
25.470062,0.2310276,0.35456493,0.46976137,0.43221205
25.480062,0.2309491,0.3536683,0.46874365,0.43293962
25.490063,0.230763,0.35403886,0.4687955,0.4326746
25.500063,0.23188066,0.35327968,0.46903834,0.4323846
25.510063,0.22989513,0.35307986,0.46939847,0.4322397
25.520063,0.23063362,0.35348624,0.46936527,0.4320106
25.530064,0.2300037,0.35349292,0.46885026,0.431723
25.540062,0.23078182,0.35412154,0.4690351,0.4329159
25.550062,0.23092982,0.35399655,0.46791476,0.43209177
25.560062,0.23083933,0.35463396,0.4688786,0.43204597
25.570063,0.23044163,0.35377666,0.46920168,0.43194833
25.580063,0.23026419,0.35384563,0.4685454,0.43251792
25.590063,0.2314807,0.35383618,0.46827096,0.432063
25.600063,0.23152302,0.3542064,0.46843043,0.43220362
25.610062,0.23114064,0.35423568,0.46806297,0.43248805
25.620062,0.23131956,0.3546247,0.46830347,0.43278518
25.630062,0.23091178,0.35415396,0.46804574,0.43237182
25.640062,0.23045027,0.35420534,0.46819398,0.4321768
25.650063,0.23088291,0.3534735,0.46828458,0.43244052
25.660063,0.2312211,0.3535333,0.4683742,0.43234822
25.670063,0.23051873,0.3542131,0.4677633,0.43227893
25.680065,0.22755164,0.35222006,0.46764368,0.43246675
25.690094,0.23027368,0.3538404,0.46778795,0.43148407
25.700066,0.2310623,0.3535971,0.46767336,0.4324137
25.710062,0.23129174,0.35443363,0.46783257,0.43221685
25.720062,0.23106207,0.35395834,0.4678267,0.43252835
25.730062,0.2313101,0.35391644,0.46759287,0.43268013
25.740063,0.23080446,0.35405263,0.4677164,0.43302086
25.750063,0.23078825,0.35443938,0.46750295,0.43260166
25.760063,0.23046884,0.35361817,0.46776998,0.43243936
25.770061,0.23152366,0.35343572,0.46745196,0.4322077
25.780062,0.2298891,0.35374787,0.46802026,0.4332094
25.790062,0.22908458,0.35441896,0.467606,0.43242684
25.800062,0.23084185,0.3547129,0.46695754,0.4325111
25.810062,0.23079418,0.35438752,0.46723166,0.43244556
25.820063,0.23040986,0.35404405,0.4669744,0.43259662
25.830063,0.23070826,0.35381335,0.4669721,0.4329599
25.840063,0.23084368,0.35375342,0.46687183,0.43222085
25.850061,0.23050047,0.35415617,0.46664867,0.43253878
25.860062,0.23069167,0.3536823,0.46690193,0.4320511
25.870062,0.23027094,0.35359073,0.46670005,0.43260232
25.880064,0.22798334,0.3516236,0.4659081,0.43267813
25.890074,0.23072973,0.35425088,0.4670457,0.43224508
25.900064,0.23046166,0.35405737,0.46688488,0.43200842
25.91006,0.23043707,0.35403448,0.46630535,0.43203756
25.92007,0.2307829,0.3545743,0.4670065,0.43157095
25.930065,0.2306483,0.35408995,0.46680915,0.4324263
25.940062,0.23117533,0.354513,0.46706998,0.43310672
25.950075,0.22715555,0.3506531,0.46574292,0.43094227
25.960104,0.2273462,0.35181028,0.46578825,0.43157446
25.970089,0.230687,0.35439384,0.46628934,0.43144515
25.980074,0.23110044,0.35445276,0.46617708,0.43161166
25.990072,0.23008569,0.35408843,0.4661994,0.43313617
26.000072,0.23153684,0.3545082,0.46721876,0.43256423
26.010063,0.23032321,0.35461324,0.4659901,0.43250698
26.020063,0.23125732,0.354436,0.46702814,0.43240607
26.030064,0.22907072,0.35463366,0.46532685,0.43193603
26.040062,0.2313396,0.35413864,0.46602398,0.43223712
26.050062,0.23050629,0.35411102,0.46509323,0.431933
26.060062,0.23105487,0.35336712,0.46592075,0.4330047
26.070063,0.23154078,0.3542644,0.46545628,0.43303028
26.080063,0.23066126,0.3544144,0.4653968,0.43229944
26.090061,0.23110932,0.35491055,0.46639764,0.43244162
26.100063,0.23076004,0.3537997,0.4656136,0.43261918
26.110062,0.23083778,0.35373306,0.4659908,0.43307254
26.120064,0.23103787,0.35345545,0.465848,0.43291074
26.130062,0.2312098,0.35418314,0.46605614,0.43248641
26.140062,0.23072617,0.35390916,0.46610427,0.43240735
26.150063,0.2307786,0.35418302,0.46584928,0.4325425
26.16006,0.23137642,0.3542286,0.46515328,0.431992
26.170063,0.23067448,0.35465047,0.46570048,0.43294665
26.180063,0.23104382,0.35467598,0.4653632,0.43179595
26.190062,0.22984663,0.3539189,0.4652079,0.43278667
26.200064,0.23073064,0.35436672,0.46514645,0.43270722
26.210066,0.2311922,0.35451436,0.46484897,0.43266118
26.220064,0.2315569,0.35421017,0.46548074,0.43266878
26.230062,0.23096555,0.3538723,0.46498764,0.4329124
26.240063,0.23163037,0.35467985,0.46452826,0.4322404
26.250063,0.23053278,0.35445294,0.46496913,0.43276554
26.260063,0.23132502,0.3543412,0.46489862,0.43238273
26.270063,0.23133032,0.35469833,0.4651403,0.43234235
26.280062,0.23160318,0.35444954,0.46500415,0.433043
26.290062,0.2315493,0.35442603,0.4651487,0.43280116
26.300062,0.23184858,0.35462332,0.46480632,0.43273562
26.310062,0.2316688,0.35472912,0.46478373,0.43264145
26.320063,0.23127377,0.35493213,0.46467197,0.43312424
26.330061,0.23141854,0.35394716,0.46466902,0.43238088
26.340061,0.23107532,0.35188,0.46451113,0.4324846
26.350063,0.2301583,0.35433382,0.46440178,0.43248695
26.360064,0.23164679,0.35463455,0.4650445,0.432708
26.370062,0.23067851,0.35399053,0.46531984,0.43262756
26.380062,0.23089348,0.3517038,0.46526843,0.43344927
26.390074,0.23169029,0.3547264,0.46386915,0.43268543
26.400064,0.23087929,0.35489014,0.46466714,0.43272144
26.410063,0.2316157,0.35505456,0.4642734,0.43299997
26.420063,0.2319348,0.3552155,0.4644406,0.43300813
26.430063,0.2317865,0.35521868,0.46479702,0.4334624
26.440063,0.23146062,0.35474792,0.46468183,0.43341154
26.450062,0.23174024,0.35539618,0.46499124,0.43254226
26.460062,0.23183662,0.3548099,0.46415785,0.43277907
26.470062,0.23184457,0.35462695,0.4642316,0.43314126
26.480062,0.23171651,0.35404864,0.4636197,0.43336248
26.490063,0.23145059,0.35498983,0.46403444,0.43332034
26.500063,0.23122115,0.35429695,0.46405384,0.4327711
26.510063,0.23101972,0.35453933,0.4637891,0.43303046
26.520061,0.23171158,0.35417557,0.46362293,0.43215242
26.530062,0.23059644,0.35424498,0.4638946,0.43280175
26.540062,0.23189478,0.35504958,0.46384174,0.43236423
26.550062,0.23071691,0.35443386,0.46422338,0.43342412
26.560062,0.23093717,0.35465863,0.4638696,0.4329593
26.57006,0.23124923,0.35430208,0.46421164,0.43225706
26.580063,0.23121168,0.35458645,0.4638045,0.4331798
26.590061,0.23057815,0.35404375,0.4633666,0.43263635
26.600063,0.23126906,0.35448468,0.46325022,0.43292147
26.610062,0.23135808,0.3541789,0.46354288,0.4327678
26.620062,0.23167592,0.35497135,0.46394268,0.4330018
26.630062,0.23044144,0.35456413,0.46357328,0.43349904
26.64006,0.23180701,0.35460725,0.46359158,0.4329179
26.650063,0.23061872,0.3549395,0.46338767,0.43284342
26.66006,0.23134506,0.35388383,0.46359867,0.43341875
26.670063,0.23107526,0.35484824,0.463677,0.43308732
26.680061,0.23110384,0.35421237,0.4624084,0.43247658
26.690062,0.23161875,0.35462427,0.46354407,0.43316057
26.700062,0.23101063,0.35443136,0.46344194,0.43366143
26.710062,0.23198827,0.35409108,0.46356058,0.43296635
26.720062,0.23149264,0.35437873,0.4628878,0.43263897
26.730062,0.23152293,0.35529858,0.46369404,0.43347532
26.740063,0.23105246,0.3547076,0.4627343,0.43340078
26.750063,0.23179562,0.35495645,0.46306142,0.43336517
26.760061,0.23131214,0.35397112,0.4626719,0.43282515
26.770061,0.23189704,0.35594374,0.4630036,0.4334745
26.780062,0.23169692,0.35519308,0.462256,0.43344283
26.790062,0.23222159,0.3547484,0.4628687,0.4324095
26.800062,0.23127975,0.35543096,0.46275222,0.43289006
26.810062,0.23149468,0.3549524,0.46289575,0.4336915
26.820063,0.23130035,0.35407487,0.46273026,0.43272516
26.830063,0.23048852,0.3545182,0.4629406,0.43330163
26.840063,0.23123607,0.35497612,0.46256524,0.43272018
26.850061,0.23076203,0.35488075,0.4626865,0.43253064
26.860062,0.23182389,0.3546995,0.46243414,0.4330208
26.870062,0.2316636,0.35496023,0.4621203,0.43247986
26.88006,0.2323109,0.35425133,0.46202967,0.43210685
26.890076,0.23126778,0.35443208,0.46184388,0.4331132
26.900064,0.23181824,0.35511532,0.46263152,0.43361285
26.91006,0.23080042,0.35411906,0.46176532,0.4329991
26.92007,0.23206791,0.3557652,0.46198693,0.43291473
26.930065,0.23129095,0.35444778,0.46215478,0.43285385
26.940062,0.23244333,0.35489193,0.46218598,0.43327042
26.950062,0.23055601,0.3547409,0.46181408,0.43255195
26.960062,0.23178424,0.35503933,0.46214607,0.43362257
26.970062,0.23167703,0.35532796,0.4619571,0.4332884
26.980076,0.230699,0.3546262,0.4623005,0.4327041
26.990082,0.2299791,0.35483173,0.46265456,0.43312567
27.000069,0.23134293,0.3547198,0.46170768,0.4333021
27.010063,0.23150218,0.3542877,0.46139717,0.43294984
27.020061,0.23030104,0.3551992,0.46161434,0.43284646
27.030062,0.23054905,0.3527251,0.46175626,0.4333827
27.040064,0.23179065,0.35500446,0.46182308,0.43290582
27.050062,0.231195,0.3549978,0.4613,0.43317205
27.060062,0.23119861,0.35459742,0.46145934,0.43294564
27.070063,0.23194073,0.35501045,0.46150175,0.43307397
27.080063,0.23121545,0.3551281,0.46164793,0.43291044
27.090061,0.23209241,0.3551816,0.461417,0.4329249
27.100063,0.23094417,0.35399875,0.46094576,0.43348184
27.110062,0.23197047,0.35488838,0.4621204,0.4337182
27.120062,0.23139594,0.35679197,0.46165276,0.43277803
27.130062,0.23174304,0.35418525,0.4615514,0.43378803
27.14006,0.23105969,0.35555196,0.46151444,0.4332207
27.150063,0.23287809,0.3562346,0.46129647,0.4332772
27.160063,0.23061422,0.35523373,0.4613449,0.43305692
27.170061,0.23172331,0.35539424,0.46114025,0.4329834
27.180063,0.23331387,0.35519406,0.4613421,0.43304798
27.190062,0.22937115,0.35477948,0.4606487,0.43344262
27.200064,0.23109053,0.3547884,0.46085462,0.43306184
27.210064,0.23159035,0.35492182,0.46149594,0.43304002
27.220062,0.23200464,0.35534072,0.4606063,0.43312714
27.230062,0.23115505,0.35402632,0.46124145,0.43275476
27.240063,0.2311521,0.35497513,0.46077514,0.43351224
27.250063,0.2309846,0.35502642,0.46154287,0.43346533
27.260063,0.23169364,0.35545015,0.46035534,0.43399704
27.270061,0.23157029,0.35536996,0.4618935,0.43310216
27.280062,0.23244096,0.3550559,0.46041402,0.43391043
27.290062,0.23059791,0.35483986,0.4611595,0.4329029
27.300062,0.23148385,0.35547647,0.46148902,0.43320048
27.310062,0.23133056,0.3549752,0.46045545,0.43250242
27.320063,0.2314253,0.35552374,0.46115938,0.43314323
27.330063,0.23060177,0.35482168,0.4603942,0.43303168
27.340063,0.23201896,0.35469243,0.4600644,0.4327252
27.350061,0.2314931,0.35469946,0.46105504,0.43322027
27.360062,0.23138252,0.35464013,0.46033016,0.43357852
27.370062,0.23221177,0.35562843,0.4607682,0.43272662
27.380062,0.23153022,0.35486355,0.46072346,0.43320695
27.390074,0.23054488,0.3549765,0.45992303,0.4329815
27.400066,0.2319026,0.3549799,0.46034387,0.43285018
27.410063,0.23166329,0.3553808,0.4604945,0.433074
27.420063,0.23222734,0.35497847,0.4597501,0.43374395
27.430061,0.23163477,0.35498375,0.46073818,0.4330138
27.440063,0.23167376,0.35510954,0.46058542,0.43325782
27.450062,0.23235564,0.35554102,0.4607236,0.43348405
27.460062,0.2314354,0.35507706,0.4606388,0.43334916
27.470062,0.23288979,0.35498253,0.46120772,0.43367434
27.480062,0.23052463,0.35417977,0.46013483,0.43329805
27.490063,0.23009004,0.35424972,0.46052572,0.43377873
27.500063,0.23015915,0.3548158,0.46089756,0.43277892
27.510063,0.23126982,0.3542094,0.45984843,0.43336394
27.520061,0.23083699,0.35473475,0.46005493,0.43383563
27.530062,0.23013048,0.35364804,0.45952696,0.43256336
27.540062,0.23009732,0.35325497,0.4602184,0.43269318
27.55006,0.23029149,0.35428423,0.46009794,0.4330251
27.560062,0.23187186,0.35574955,0.4597579,0.4333746
27.570063,0.2323529,0.35542217,0.4604108,0.43321523
27.580063,0.2324935,0.3551918,0.4599837,0.43398756
27.590063,0.22991356,0.3544294,0.4608617,0.4332436
27.600061,0.2321298,0.3545786,0.46042302,0.43383655
27.610062,0.23233311,0.3550078,0.4600243,0.43362883
27.620062,0.23282158,0.3557319,0.4601466,0.43446827
27.630062,0.23196109,0.35532522,0.4601441,0.43269384
27.640062,0.2324424,0.35549438,0.46009263,0.43378645
27.65006,0.2322027,0.35501024,0.46000904,0.432845
27.660063,0.23139769,0.3549157,0.4603109,0.4331036
27.670063,0.23247154,0.35510072,0.46018335,0.433255
27.680061,0.23162833,0.35415107,0.45952296,0.432856
27.690062,0.23062417,0.3551403,0.45929006,0.4327833
27.700064,0.2318514,0.35555127,0.4597066,0.4333449
27.710062,0.23166704,0.3551266,0.4597455,0.43321368
27.720062,0.23211995,0.3554001,0.4590095,0.4337762
27.730062,0.23240118,0.35531673,0.45952728,0.43370685
27.740063,0.23104854,0.35590053,0.4595902,0.43266195
27.750063,0.23252249,0.3557213,0.45987013,0.43344268
27.760063,0.23199204,0.3550131,0.4599892,0.43378675
27.770061,0.23230307,0.35557124,0.4606111,0.43378517
27.780062,0.2315294,0.3551728,0.46006292,0.43389148
27.79006,0.23124185,0.35533136,0.46001112,0.433303
27.800062,0.23120928,0.35512644,0.45994347,0.4340531
27.810062,0.23225704,0.3559199,0.45917195,0.43341848
27.820063,0.23188527,0.3552338,0.4596002,0.43353516
27.830063,0.23174123,0.3552983,0.45889562,0.43439728
27.84006,0.23158364,0.35451055,0.45979246,0.43318042
27.850061,0.2311915,0.35528523,0.45937747,0.433239
27.860062,0.23162208,0.35504806,0.4594048,0.43361014
27.870062,0.23236528,0.3547262,0.45946875,0.4338464
27.880062,0.23159826,0.35444608,0.46007702,0.43327373
27.890072,0.23187071,0.35451013,0.459798,0.43379256
27.900064,0.23158336,0.3551632,0.45963362,0.4344124
27.910063,0.23118667,0.35503027,0.4592828,0.43376577
27.92007,0.23223063,0.35473356,0.45906425,0.43397456
27.930065,0.2318166,0.35504702,0.45970762,0.4339175
27.940062,0.23232992,0.35561872,0.4599488,0.43370223
27.950062,0.23126261,0.3552557,0.45943975,0.43366876
27.960062,0.23259175,0.35571113,0.45924184,0.43395334
27.970062,0.23266177,0.35512635,0.45907766,0.43379387
27.980062,0.2323619,0.35586026,0.45934528,0.4341918
27.990063,0.2315607,0.35525227,0.45893928,0.43295145
28.000069,0.23250502,0.35538742,0.45954943,0.43365178
28.010063,0.23108901,0.35496888,0.45896176,0.43400916
28.020061,0.2319226,0.35437164,0.45946676,0.43362424
28.030062,0.23025085,0.35524213,0.45892158,0.43371215
28.040062,0.23192431,0.3548703,0.45883948,0.43339112
28.050062,0.23148726,0.3557544,0.45925817,0.43365213
28.060062,0.23220252,0.35466582,0.45879474,0.4339659
28.070063,0.23300181,0.35535428,0.45925435,0.43347842
28.080061,0.23185952,0.35521406,0.45902628,0.433306
28.090063,0.23351148,0.35558563,0.45943984,0.43381158
28.100063,0.23183163,0.35527402,0.45891136,0.43404278
28.110062,0.23168576,0.35546878,0.45946583,0.43345523
28.120062,0.23131941,0.35522714,0.459782,0.43411273
28.130062,0.2321591,0.35529765,0.45917615,0.43366516
28.140062,0.23172846,0.35548806,0.45926312,0.43355113
28.150063,0.23142137,0.35483336,0.4582027,0.43388212
28.160063,0.23127814,0.3549397,0.45834762,0.43351862
28.170063,0.23127815,0.35492846,0.4594334,0.43465295
28.180061,0.23196757,0.3554853,0.45888954,0.4343855
28.190062,0.23137926,0.35444546,0.4588225,0.43466341
28.200062,0.23139547,0.35481602,0.4592049,0.43328372
28.210062,0.23176081,0.35510734,0.45898423,0.4337505
28.220062,0.23202774,0.3542728,0.45847538,0.43452618
28.230074,0.23525602,0.35826802,0.45985332,0.43408987
28.240107,0.23543671,0.35831895,0.4596974,0.43314153
28.250078,0.2355028,0.35816738,0.45939592,0.4332004
28.260073,0.23604934,0.3584565,0.4597252,0.43369344
28.270071,0.2352647,0.35809803,0.4599373,0.4333124
28.280075,0.23595357,0.3588938,0.46006572,0.4337178
28.290073,0.23623137,0.35855466,0.4593735,0.4340025
28.300074,0.23623723,0.3588465,0.4602138,0.43330815
28.310076,0.2361687,0.35859373,0.45978558,0.43341324
28.320097,0.23612602,0.35908374,0.45988405,0.43384945
28.330076,0.23544906,0.35870975,0.4599706,0.43354353
28.340075,0.23554742,0.3586304,0.45984465,0.43422502
28.350075,0.23257868,0.3582822,0.45946684,0.43316028
28.360077,0.23600727,0.35795307,0.45960826,0.43339875
28.370073,0.23523182,0.35793912,0.4600821,0.4325874
28.380075,0.23531818,0.35852948,0.45989898,0.43317553
28.390083,0.23565914,0.3581948,0.45972395,0.43397188
28.40008,0.23655285,0.35805097,0.4596775,0.43383577
28.410095,0.23580238,0.3588714,0.45958418,0.4340317
28.420095,0.23563482,0.35867503,0.459399,0.433624
28.430075,0.23538692,0.3585388,0.4600916,0.43422952
28.440077,0.23634145,0.35929835,0.4593936,0.4334901
28.450073,0.23637278,0.35938287,0.45955586,0.43339682
28.460075,0.23608467,0.35785267,0.46027973,0.433669
28.470076,0.23646651,0.3590941,0.46005523,0.43471608
28.480076,0.23511547,0.35853752,0.45916137,0.433762
28.490076,0.23441508,0.35923982,0.45966947,0.43368107
28.500074,0.23563337,0.35897967,0.45972493,0.4340543
28.510075,0.23622805,0.35884038,0.45889494,0.4339134
28.520088,0.23657197,0.35832772,0.45943528,0.4332341
28.530075,0.23643869,0.3592735,0.45970276,0.43301836
28.540075,0.23622173,0.35879743,0.45986128,0.43447274
28.55008,0.23498368,0.359049,0.4595673,0.43360502
28.560076,0.23625137,0.35880494,0.45991448,0.433824
28.570074,0.23575877,0.35904053,0.45953152,0.43392834
28.580076,0.23608235,0.35882556,0.4596947,0.43387502
28.590073,0.23491621,0.35799235,0.45912582,0.4338435
28.600077,0.23587273,0.35882968,0.46013752,0.43420753
28.610075,0.23550542,0.35845673,0.4593191,0.4337186
28.620092,0.23656027,0.35889658,0.4592439,0.43365997
28.630077,0.23551822,0.35825235,0.45974556,0.43415102
28.640074,0.23564,0.3590605,0.45976692,0.4338596
28.650074,0.23565063,0.35867655,0.46005833,0.43328473
28.660074,0.23584506,0.35783422,0.45973986,0.4342323
28.670076,0.23590764,0.3594816,0.45912704,0.43363804
28.680077,0.23562488,0.35869175,0.45899048,0.43386492
28.690073,0.23597555,0.35881567,0.4596528,0.4339565
28.700075,0.2361944,0.35866317,0.45956028,0.43457755
28.710075,0.2353827,0.3588862,0.45909455,0.43355432
28.72008,0.23607029,0.35859138,0.45941713,0.4344287
28.730076,0.23622827,0.35861617,0.45927683,0.4333016
28.740074,0.23627345,0.35813266,0.45929918,0.43410152
28.750074,0.23606004,0.35891953,0.45998606,0.43383712
28.760073,0.23603281,0.35872746,0.4590561,0.43422076
28.770075,0.23617852,0.3589333,0.45945522,0.43400273
28.780075,0.23555513,0.35891488,0.4595972,0.43388468
28.790073,0.23638363,0.35839072,0.45919532,0.43382096
28.800076,0.23619422,0.35802647,0.45875424,0.43370092
28.810074,0.23591158,0.35865897,0.4589555,0.43421715
28.82009,0.23622105,0.35917872,0.45926237,0.4341962
28.830076,0.23597741,0.3584155,0.4600325,0.43448246
28.840075,0.23648164,0.35845265,0.45936882,0.43370315
28.850075,0.23584293,0.359369,0.45920023,0.43407726
28.860075,0.23569322,0.3587483,0.4592773,0.43403
28.870073,0.23613332,0.35852957,0.45966464,0.4343698
28.880074,0.23602235,0.35914615,0.45930433,0.4339118
28.890083,0.23376821,0.3585133,0.4594844,0.43383822
28.900078,0.23585708,0.35870454,0.46011573,0.43449602
28.910097,0.23558086,0.358784,0.45948014,0.43465972
28.920084,0.23669095,0.3591542,0.45877135,0.43416876
28.930077,0.23500238,0.35869837,0.4592592,0.43440968
28.940075,0.2361648,0.35897,0.4598793,0.43483627
28.950073,0.23575498,0.35793367,0.45910367,0.43473238
28.960075,0.23623292,0.35919535,0.45999575,0.43414998
28.970074,0.23633467,0.3589018,0.45921993,0.43383378
28.980076,0.23666216,0.35913348,0.45970315,0.43366095
28.990074,0.23631218,0.35900947,0.45906588,0.43409234
29.000082,0.23597997,0.35920456,0.45910722,0.434665
29.010075,0.23557056,0.35841995,0.459309,0.4344357
29.020075,0.23573107,0.35826844,0.45970926,0.43486708
29.030075,0.23594539,0.35857907,0.4592552,0.4339391
29.040075,0.23555359,0.35979933,0.45894322,0.4343899
29.050074,0.2364594,0.35888034,0.45860645,0.43448806
29.060074,0.2363549,0.35855025,0.45891786,0.4341314
29.070074,0.23683676,0.3589585,0.4586315,0.4348116
29.080074,0.23623256,0.35859916,0.45899063,0.43468946
29.090075,0.23593853,0.3589614,0.4593022,0.43495542
29.100075,0.23646566,0.35901797,0.45873052,0.4344724
29.110075,0.23683506,0.3588225,0.45920572,0.43485022
29.120073,0.23613463,0.35859254,0.45935604,0.4345809
29.130075,0.23698771,0.3588562,0.45913368,0.43488643
29.140076,0.23551959,0.35860056,0.45906985,0.43499205
29.150074,0.2359427,0.3597025,0.45921573,0.43454993
29.160074,0.23622397,0.359347,0.4591282,0.43475953
29.170073,0.23626648,0.3586391,0.45885298,0.43379897
29.180075,0.23676854,0.35860845,0.4594188,0.43466428
29.190073,0.23623416,0.35884067,0.45878887,0.43449613
29.200073,0.23379137,0.35939083,0.45926914,0.43438476
29.21008,0.23657401,0.35863814,0.4591421,0.43504632
29.220074,0.23661205,0.35834065,0.4583639,0.43467098
29.230076,0.23516887,0.35939616,0.45947152,0.4340487
29.240076,0.23587354,0.35982546,0.4595717,0.43513206
29.250074,0.23687361,0.358409,0.459702,0.43471646
29.260077,0.23697467,0.35891277,0.4595503,0.43417057
29.270073,0.23596323,0.3591411,0.46040368,0.4355527
29.280075,0.23621929,0.35924122,0.46076998,0.43528333
29.290073,0.2362101,0.3591875,0.45929483,0.43527347
29.300076,0.23648615,0.35989353,0.45920968,0.43595177
29.310074,0.23602411,0.3589352,0.45974782,0.4360537
29.320074,0.2366884,0.358746,0.45813528,0.43590957
29.330074,0.23702459,0.35928807,0.4588907,0.4343439
29.340073,0.23574536,0.35872012,0.4594138,0.4351402
29.350075,0.23609158,0.35953718,0.45929462,0.43424594
29.360075,0.23637138,0.35848817,0.45938694,0.43447646
29.370075,0.23629871,0.3591704,0.45888644,0.43476635
29.380074,0.23615062,0.35950845,0.45989662,0.43517452
29.390083,0.23621286,0.35885158,0.4589604,0.43504056
29.400078,0.23543961,0.35821685,0.4592319,0.43541515
29.410074,0.2358444,0.3590529,0.4589113,0.43496895
29.420076,0.23613481,0.35841513,0.45965993,0.43497887
29.430075,0.23633549,0.35916352,0.45936257,0.43488303
29.440075,0.23593296,0.35848606,0.4586802,0.43501058
29.450073,0.23659372,0.3601038,0.4588331,0.43531394
29.460073,0.23657712,0.35852164,0.4595298,0.43492812
29.470076,0.23605181,0.35989523,0.4593147,0.43565336
29.480083,0.23565806,0.3586322,0.45919997,0.43484834
29.490076,0.2349068,0.3592142,0.4593993,0.4345901
29.500076,0.23609695,0.359235,0.45929012,0.43477347
29.510075,0.23586372,0.35865387,0.4593241,0.43533236
29.520075,0.23601931,0.35896337,0.45883927,0.43492725
29.530075,0.23620634,0.35893783,0.45916808,0.4351572
29.540075,0.23557578,0.35871542,0.45904523,0.43520772
29.550076,0.23626637,0.3593845,0.4599686,0.4345264
29.560074,0.23640487,0.3588601,0.46006006,0.4358308
29.570076,0.23571761,0.35880324,0.45894697,0.43497726
29.580072,0.23663679,0.36023358,0.45873132,0.43474978
29.590075,0.2365776,0.35880813,0.45983726,0.4346225
29.600075,0.2365946,0.35974815,0.4597674,0.43487525
29.610075,0.23631106,0.3587455,0.45838588,0.43501294
29.620075,0.23659089,0.3594353,0.45900252,0.43542993
29.630072,0.23543945,0.35944146,0.45838788,0.43554744
29.640076,0.23606886,0.3590895,0.4594791,0.4357345
29.650074,0.23637268,0.35923445,0.45927107,0.43540257
29.660074,0.23551862,0.35982832,0.45970333,0.4353307
29.670074,0.23565912,0.35880262,0.45930642,0.43547866
29.680075,0.23704223,0.3585843,0.45973805,0.43574804
29.690073,0.23647353,0.35911286,0.4593051,0.43558106
29.700073,0.23687051,0.35938314,0.4585694,0.435323
29.710075,0.23675634,0.3600721,0.45911354,0.43513688
29.720076,0.23616092,0.35898483,0.45900637,0.43592995
29.730076,0.23656072,0.35874268,0.45977855,0.43516058
29.740074,0.23653577,0.35909986,0.45911273,0.43492892
29.750072,0.23658204,0.3597484,0.4600898,0.43515605
29.760073,0.2365054,0.35894597,0.45915678,0.435109
29.770075,0.23611274,0.3595946,0.45892623,0.4349738
29.780075,0.23656186,0.35900757,0.45893568,0.43578476
29.790073,0.23568304,0.3597078,0.45952863,0.4359626
29.800074,0.23654632,0.3595579,0.45885393,0.4358469
29.810072,0.23666945,0.35953608,0.45986956,0.4364754
29.820072,0.23646533,0.35941467,0.4591583,0.4359353
29.830076,0.2361127,0.35961494,0.45907924,0.4356597
29.840075,0.23720416,0.35984138,0.4584571,0.4360874
29.850075,0.23600349,0.35958734,0.45968276,0.43542567
29.860075,0.23649305,0.35922357,0.45930701,0.43530905
29.870073,0.23651776,0.35892653,0.45868805,0.43495312
29.880075,0.23578006,0.35986203,0.45940104,0.43639466
29.890102,0.23341535,0.35813883,0.4591409,0.43553913
29.90008,0.23487587,0.35945502,0.45898896,0.43588415
29.910074,0.23540446,0.35925835,0.45928797,0.43610537
29.920084,0.23644581,0.35885215,0.45947272,0.4361429
29.930077,0.23579566,0.35855994,0.45890933,0.43588597
29.940075,0.23636317,0.35942194,0.45930076,0.4360169
29.950075,0.23671614,0.36004418,0.45897153,0.43572652
29.960075,0.23632528,0.35916755,0.45937964,0.43587914
29.970076,0.23595499,0.35880882,0.45896795,0.43577647
29.980074,0.23684126,0.35920483,0.45979983,0.4352275
29.990076,0.23590143,0.35926738,0.4589269,0.4358146
30.00008,0.23681897,0.35881603,0.45913994,0.4360046
30.010078,0.23530075,0.3584235,0.45876938,0.43738514
30.020075,0.235969,0.35896683,0.45951548,0.43616226
30.030075,0.23621461,0.35912728,0.4589378,0.4361873
30.040075,0.23635194,0.359324,0.45890498,0.43636042
30.050074,0.23717673,0.35980952,0.46035415,0.436464
30.060074,0.23619042,0.35947803,0.45889586,0.4364029
30.070076,0.2362367,0.35928077,0.45964256,0.43627197
30.080074,0.2370978,0.35870615,0.45895958,0.4360725
30.090075,0.23619394,0.35915285,0.45994234,0.4363072
30.100077,0.23703367,0.35872453,0.45958468,0.43598804
30.110073,0.23784158,0.3595793,0.45879543,0.43593848
30.120075,0.23673356,0.35936373,0.45898813,0.43645093
30.130075,0.23620948,0.3590014,0.45923167,0.43595922
30.140076,0.23685174,0.3600271,0.4591816,0.4355416
30.150076,0.2373314,0.35999978,0.4587314,0.43616596
30.160074,0.23635617,0.3591639,0.45893693,0.4358342
30.170074,0.23643918,0.3599415,0.4594753,0.43593794
30.180073,0.23655526,0.35942858,0.45874605,0.4360945
30.190073,0.23667088,0.35928726,0.45929846,0.43660247
30.200073,0.23721115,0.35943696,0.4592404,0.43643996
30.210081,0.23674832,0.35923484,0.4590071,0.43649232
30.220076,0.23667601,0.3595444,0.45837492,0.4361852
30.230076,0.23637879,0.3594376,0.45850992,0.43651003
30.240076,0.23710556,0.3594805,0.45770386,0.43498057
30.250076,0.23652583,0.35826978,0.45882562,0.43599015
30.260077,0.23553023,0.3594151,0.45838007,0.43571946
30.270077,0.23485999,0.35828817,0.45868292,0.43576562
30.280077,0.23576337,0.35867196,0.45885018,0.43663964
30.290073,0.23540181,0.35875937,0.45882204,0.4363678
30.300074,0.23655258,0.35882947,0.45890707,0.43553793
30.310076,0.23519969,0.35868797,0.45843738,0.43441063
30.320076,0.23499943,0.3590727,0.45877174,0.4376157
30.330091,0.23684339,0.35915577,0.4579306,0.43706453
30.340075,0.23619187,0.35910282,0.45842493,0.43705624
30.350077,0.23635924,0.35840496,0.4586355,0.43647546
30.360077,0.23658252,0.3590094,0.4586975,0.4369071
30.370075,0.23699172,0.3590875,0.45915687,0.43612862
30.380074,0.23642683,0.3598073,0.4592419,0.43710414
30.390104,0.23406653,0.35909316,0.45894164,0.4365554
30.40008,0.23711334,0.35912797,0.45885682,0.43711808
30.410074,0.23621425,0.3594371,0.45919934,0.43672538
30.420074,0.23598462,0.35893163,0.4589954,0.43621686
30.430098,0.23621565,0.35915944,0.45902148,0.43708897
30.440077,0.23628531,0.35820895,0.45880112,0.4364134
30.450073,0.2371569,0.3596691,0.45913765,0.43706292
30.460073,0.23694226,0.35925478,0.4585636,0.4364365
30.47007,0.23658468,0.35960206,0.4591699,0.43575895
30.480078,0.23633488,0.35943604,0.4582028,0.43703386
30.490074,0.23635024,0.35976726,0.45882544,0.43678704
30.500076,0.23713486,0.3592172,0.4585627,0.43655375
30.510075,0.23682609,0.35896274,0.4584513,0.43660298
30.520073,0.23598446,0.35973874,0.45922005,0.4367072
30.53009,0.23588954,0.35910502,0.45826456,0.43692937
30.540075,0.23715383,0.35981685,0.4582983,0.43681297
30.550074,0.23677358,0.3593218,0.45821637,0.43676677
30.560076,0.23742662,0.35993585,0.45855758,0.4358958
30.570074,0.23646636,0.35912555,0.45852238,0.43630278
30.580076,0.23673305,0.35961667,0.45878,0.43741015
30.590075,0.23581636,0.35978332,0.45857593,0.43693274
30.600075,0.23723891,0.3597664,0.45825163,0.43636543
30.610073,0.23697929,0.35961133,0.45810843,0.43687242
30.620073,0.23681325,0.3591652,0.45891407,0.43737507
30.63009,0.23623791,0.3600229,0.4587737,0.43676126
30.640074,0.23687358,0.35933283,0.45835826,0.43657422
30.650076,0.23709519,0.35931408,0.4585463,0.4366067
30.66007,0.2366686,0.359937,0.45819578,0.43636358
30.670076,0.23735242,0.35962555,0.4579685,0.43668938
30.680075,0.23696984,0.3600953,0.45824108,0.43692383
30.690073,0.23640262,0.35971728,0.45847198,0.4368946
30.700075,0.23739058,0.35908562,0.45834586,0.43733394
30.710075,0.23638484,0.35892504,0.4585388,0.43744403
30.720076,0.2374925,0.3599161,0.45838457,0.43676332
30.73008,0.23716237,0.35995212,0.4583928,0.436672
30.740074,0.23655091,0.35899484,0.45841527,0.43723807
30.750074,0.23760794,0.36046997,0.4583007,0.43706486
30.760073,0.23640667,0.3593247,0.45860302,0.4375153
30.770075,0.23721235,0.35992622,0.45855278,0.43748933
30.780075,0.23593342,0.35959694,0.45824847,0.43729764
30.790071,0.23716821,0.36026925,0.4581786,0.4374859
30.800074,0.23651023,0.35969847,0.45781526,0.43729565
30.810074,0.23682481,0.3596781,0.45799172,0.4376241
30.820074,0.23641528,0.35883987,0.4578136,0.4369588
30.83009,0.23625898,0.3593643,0.45744878,0.43706974
30.840075,0.23727295,0.35915855,0.4576027,0.43734905
30.850075,0.23705626,0.35927135,0.45729282,0.43765825
30.860075,0.23759842,0.35904357,0.4577519,0.43706322
30.870075,0.23644167,0.35939613,0.45768967,0.43712586
30.880074,0.23709731,0.35950547,0.45750633,0.43786016
30.890083,0.23382422,0.3576462,0.45757455,0.43605074
30.900082,0.23715392,0.359448,0.45761347,0.4380275
30.910074,0.23630291,0.35930887,0.45753947,0.4370916
30.920084,0.23668239,0.35965914,0.45833665,0.43773705
30.930098,0.23556967,0.35945448,0.45743933,0.43763348
30.940075,0.23729579,0.35964462,0.45671764,0.4379523
30.950073,0.2353625,0.3598894,0.45719513,0.43790737
30.960077,0.23719165,0.35963383,0.45630214,0.43877962
30.970076,0.23758654,0.3598981,0.45592132,0.43753368
30.980076,0.23711082,0.3598036,0.45618436,0.43773612
30.990074,0.23687671,0.3594966,0.45669678,0.43577233
31.00008,0.23664026,0.35934743,0.45730266,0.43654037
31.010077,0.23656918,0.3603513,0.45647052,0.43844944
31.020073,0.23681843,0.3601899,0.45674416,0.435908
31.030075,0.23677243,0.3610562,0.45794633,0.43823993
31.040075,0.2362767,0.35823184,0.45787933,0.43694353
31.050074,0.23724069,0.3599274,0.45696118,0.4369425
31.060076,0.23719959,0.359867,0.45743525,0.43810377
31.070076,0.23759525,0.35921404,0.45719236,0.43761763
31.080074,0.23746751,0.3593271,0.45773065,0.43760246
31.090075,0.23732054,0.35987413,0.4569834,0.43825027
31.100077,0.23765807,0.3595704,0.4567722,0.4378669
31.110075,0.23695056,0.3588114,0.4570863,0.4366607
31.120073,0.23719147,0.35868627,0.45739532,0.43764338
31.130075,0.23680378,0.35952306,0.4570632,0.4373821
31.14009,0.23756023,0.35928872,0.45659757,0.43677348
31.150076,0.23689914,0.36029705,0.45698643,0.43826634
31.160076,0.23703039,0.35987374,0.45670062,0.4373641
31.17007,0.23661406,0.35999596,0.45676687,0.43724653
31.180075,0.23712274,0.36005142,0.45635173,0.4371225
31.190073,0.23576015,0.35898426,0.45733216,0.43768468
31.200075,0.23689717,0.35929772,0.4565695,0.43730035
31.210075,0.23704904,0.35893345,0.45720974,0.43745944
31.22008,0.23660079,0.35935962,0.4569709,0.43808416
31.23008,0.23696828,0.35955253,0.45697927,0.43773007
31.240091,0.23677325,0.35992733,0.45668814,0.43762922
31.250078,0.23577464,0.3589457,0.45637333,0.43755612
31.260077,0.2369568,0.35999808,0.45679602,0.43730107
31.270077,0.23698851,0.359928,0.45661467,0.43769115
31.280075,0.237098,0.36030203,0.45629996,0.43821177
31.290073,0.23549359,0.36006686,0.4567242,0.4384494
31.300076,0.23650084,0.359918,0.4562747,0.43761528
31.310076,0.23693155,0.35990497,0.45581672,0.43789405
31.320074,0.2369208,0.35929772,0.4575943,0.43796694
31.330076,0.23676872,0.35915905,0.4557146,0.43840843
31.34009,0.23632446,0.3596896,0.45589745,0.43798763
31.350077,0.23718055,0.35911587,0.45572773,0.43819615
31.360073,0.23755436,0.35896623,0.45586494,0.4375725
31.370075,0.23703024,0.35986307,0.45527178,0.43760985
31.380075,0.23666151,0.35952687,0.45557186,0.43721527
31.390085,0.23755322,0.35796085,0.45573443,0.4375226
31.400082,0.23746091,0.3592143,0.45529643,0.4376974
31.410074,0.23678619,0.35927954,0.45589197,0.43792066
31.420076,0.23738001,0.36003664,0.45559385,0.43810716
31.430075,0.23745567,0.35986546,0.45548156,0.43762937
31.440098,0.23704515,0.35949376,0.45595843,0.4378196
31.450073,0.23715094,0.36071002,0.45607495,0.43792033
31.460075,0.23737188,0.3595212,0.45524132,0.4382576
31.470076,0.23755862,0.36000323,0.4549254,0.43772957
31.480074,0.23706761,0.35957384,0.45558313,0.4376784
31.490074,0.23729096,0.35909486,0.4558786,0.43836635
31.500076,0.23776567,0.35975882,0.45586368,0.43777838
31.510075,0.23670587,0.3597508,0.4549778,0.43793467
31.520077,0.2369534,0.3598099,0.45526856,0.4379676
31.530073,0.23745337,0.35921997,0.45498496,0.43772987
31.540075,0.23752563,0.36013708,0.4554532,0.43743604
31.550076,0.2369404,0.35920295,0.45597762,0.43813705
31.560076,0.23746201,0.35984555,0.4557867,0.4379303
31.570074,0.2366361,0.36021942,0.4556262,0.43802804
31.580076,0.23755243,0.3601399,0.45511648,0.4379054
31.590075,0.23685509,0.36020783,0.45545915,0.4380595
31.600073,0.23669514,0.3597684,0.4551561,0.4380686
31.610075,0.23684098,0.3593994,0.45483798,0.43831825
31.620075,0.23770973,0.35955355,0.4555713,0.4385085
31.630075,0.23752894,0.35983232,0.455209,0.43818226
31.640076,0.23751123,0.36013883,0.45526594,0.4384109
31.650074,0.23669784,0.35856596,0.4548647,0.43832147
31.660074,0.23684587,0.3604634,0.45466244,0.438459
31.670074,0.23693605,0.36016434,0.4544436,0.4381646
31.680075,0.23706086,0.36039057,0.45449752,0.43857378
31.690073,0.2366161,0.3593364,0.4540578,0.4378649
31.700075,0.23692805,0.35938436,0.45446238,0.43799588
31.710075,0.23715939,0.36063153,0.45418516,0.43784443
31.720074,0.23733534,0.35946813,0.45477343,0.4383019
31.730076,0.23759286,0.36065534,0.45445615,0.4382613
31.740074,0.23670919,0.359882,0.45430836,0.43804938
31.750074,0.23746938,0.3602958,0.4545613,0.4381467
31.760077,0.23678735,0.359669,0.45446584,0.43835983
31.770073,0.23728691,0.3597436,0.4549303,0.43855196
31.780075,0.2380185,0.35961142,0.45495605,0.43724537
31.790075,0.23612791,0.3602086,0.45470896,0.43822372
31.800076,0.2371028,0.36026654,0.45462427,0.4381658
31.810074,0.23775443,0.3598423,0.4544165,0.43838152
31.820076,0.23733483,0.35943902,0.4535676,0.43810827
31.830074,0.23747139,0.35971338,0.45435786,0.4379935
31.840073,0.23719446,0.359388,0.454222,0.43774912
31.850075,0.23769273,0.36015534,0.45468196,0.4381077
31.860075,0.23809052,0.36024675,0.45357963,0.43816748
31.870075,0.23738366,0.3595167,0.45354763,0.438086
31.880075,0.23726045,0.36019006,0.45425233,0.437927
31.890085,0.23635827,0.35953754,0.45358172,0.43759978
31.900082,0.23773524,0.36069393,0.45435387,0.43803152
31.910074,0.23639667,0.359142,0.45438802,0.43841514
31.920084,0.23696998,0.36027056,0.4541045,0.4384876
31.930077,0.2368735,0.36001,0.45340645,0.4385459
31.940075,0.2372815,0.35964715,0.45379353,0.43866804
31.950075,0.23746368,0.36008492,0.45344022,0.43825123
31.960073,0.2375577,0.36010414,0.45365626,0.438119
31.970076,0.23725088,0.35957614,0.45312613,0.43832722
31.980074,0.23754184,0.35971203,0.4536203,0.43862063
31.990074,0.23736864,0.35979715,0.45315784,0.43838948
32.00008,0.2372303,0.35931656,0.4535945,0.43769488
32.010075,0.23679021,0.3600566,0.45278835,0.4374478
32.020073,0.23693117,0.359235,0.45254782,0.4376034
32.03007,0.23747635,0.3595958,0.45370585,0.43755275
32.040077,0.23675151,0.35985944,0.453042,0.43778172
32.050076,0.23739204,0.35990503,0.45378572,0.43722
32.060074,0.23705228,0.3604163,0.45344937,0.43778798
32.070076,0.23689115,0.35982215,0.4535324,0.43851724
32.080074,0.23759568,0.36046463,0.45336354,0.43748847
32.090076,0.23754577,0.36034748,0.45260772,0.43797955
32.100075,0.23733427,0.35959283,0.45301193,0.4378272
32.110077,0.23745862,0.3602805,0.45272395,0.43792334
32.120075,0.23792331,0.35926774,0.4529662,0.43843758
32.130074,0.23742476,0.36084554,0.45264724,0.43847722
32.140076,0.23725204,0.35959023,0.4519874,0.4379162
32.150078,0.23626995,0.35961935,0.45308736,0.4376351
32.160076,0.23756182,0.36011282,0.4529999,0.43817598
32.170074,0.23676874,0.3596224,0.45242402,0.43771535
32.180073,0.23706749,0.35957956,0.45206317,0.43807626
32.19007,0.23636958,0.36008742,0.45235923,0.43782482
32.200073,0.23784503,0.36015305,0.45184758,0.4377518
32.21008,0.23747519,0.35869497,0.4522586,0.43860403
32.220078,0.23786004,0.36070943,0.4528722,0.43743664
32.230076,0.23700778,0.3605711,0.4526071,0.43819195
32.240074,0.23725104,0.35968414,0.45309064,0.4385986
32.250072,0.23738445,0.35955805,0.45252836,0.43802115
32.260075,0.23757768,0.3598681,0.45248112,0.43795106
32.270077,0.23718323,0.35989487,0.4519354,0.4383669
32.280075,0.237615,0.36116257,0.45218363,0.43825957
32.290073,0.23744841,0.36005297,0.45227313,0.4374137
32.300076,0.23747644,0.36007988,0.4530459,0.43857548
32.310074,0.23749621,0.36047947,0.45202708,0.43795583
32.320072,0.23754594,0.35929745,0.45257643,0.4386141
32.330074,0.23722167,0.36040702,0.45233968,0.43810484
32.340076,0.23691615,0.3608943,0.45213604,0.43764302
32.350075,0.237269,0.36011952,0.45140216,0.43850556
32.360085,0.23691203,0.3598877,0.45194608,0.43797624
32.370075,0.23671791,0.36035717,0.45207635,0.43817073
32.380077,0.23776932,0.3606417,0.45213145,0.43791562
32.390083,0.23690274,0.35964677,0.4524479,0.4383802
32.400085,0.236833,0.35989058,0.45201254,0.43773195
32.410076,0.23748487,0.3607827,0.45228764,0.43875378
32.42008,0.23790894,0.3597797,0.4515312,0.4376904
32.430073,0.2376315,0.36074612,0.4503715,0.4386615
32.440075,0.23780058,0.35979527,0.45200613,0.43796754
32.450077,0.23717235,0.36020988,0.45098782,0.43819502
32.460075,0.23700632,0.35972255,0.4513713,0.43730652
32.470078,0.23712985,0.35981625,0.45178002,0.43848684
32.480076,0.23714294,0.36020732,0.4505147,0.43729174
32.490074,0.23588125,0.35965258,0.45019227,0.43881464
32.500076,0.23734379,0.3599356,0.45222205,0.43888912
32.510075,0.23721313,0.36011285,0.4534877,0.43737844
32.520077,0.2373736,0.35947123,0.451329,0.4380545
32.530075,0.23703568,0.36075783,0.45100358,0.43791154
32.540077,0.2373211,0.36053726,0.45132038,0.4382165
32.550076,0.23734814,0.35992348,0.45172274,0.43798602
32.560074,0.23722222,0.36064145,0.45133802,0.4378716
32.570076,0.23667037,0.3598163,0.4510509,0.4377671
32.580074,0.2377466,0.3604206,0.4520376,0.43763715
32.590073,0.23693383,0.35982668,0.4509943,0.4380826
32.600075,0.23796941,0.35989836,0.45154262,0.43810222
32.610073,0.23718509,0.35998058,0.45098594,0.4372251
32.620075,0.23730095,0.36030522,0.45074543,0.43857485
32.630074,0.23773964,0.35915464,0.45092303,0.43781173
32.640076,0.2370153,0.3597072,0.45109966,0.43764117
32.650074,0.23745,0.35949385,0.45089203,0.4384614
32.660076,0.23719074,0.36025384,0.45035192,0.43751597
32.670074,0.23786995,0.36052993,0.45075712,0.4374953
32.680073,0.23746538,0.36011252,0.45079204,0.43728647
32.690075,0.23663874,0.35998684,0.45084894,0.4370658
32.700077,0.23741026,0.3601647,0.45102945,0.43817937
32.71007,0.23747326,0.36061063,0.45062068,0.43733457
32.720078,0.23774588,0.3604954,0.45090273,0.4375767
32.730072,0.23822431,0.36096075,0.45063078,0.4375767
32.740074,0.23743273,0.35983992,0.45087498,0.43800256
32.750076,0.23774053,0.3606611,0.45117778,0.43749255
32.760075,0.23702976,0.36070964,0.4506608,0.4375207
32.770077,0.23783004,0.3601962,0.45109692,0.4376321
32.780075,0.23772348,0.36064103,0.45048633,0.43797818
32.790073,0.23763064,0.36122522,0.45110017,0.43741044
32.800076,0.23806262,0.36032933,0.45074734,0.4370302
32.810074,0.23727512,0.36055157,0.45094764,0.4376563
32.820076,0.23766679,0.3603843,0.4501156,0.43818668
32.830074,0.23713453,0.36090133,0.4506749,0.4374746
32.840076,0.23736866,0.36044478,0.45027378,0.4372984
32.850075,0.2372007,0.36006412,0.45051673,0.43679997
32.860073,0.2379561,0.3598602,0.4498041,0.43726346
32.870075,0.23664644,0.36043486,0.45024708,0.43819943
32.880074,0.2381598,0.3609464,0.45041016,0.4379324
32.890083,0.23689237,0.36067683,0.4502372,0.43724412
32.90009,0.23762712,0.36022422,0.4504215,0.43766847
32.910076,0.23683156,0.3599094,0.45049435,0.43708402
32.920086,0.23807567,0.36016315,0.45053262,0.43789855
32.930077,0.23729475,0.35995218,0.4490965,0.43757972
32.940075,0.2378116,0.36030635,0.45028052,0.43751997
32.950073,0.23734649,0.36033398,0.45019522,0.4371492
32.960075,0.2377401,0.3598536,0.45019054,0.43786067
32.970074,0.2368381,0.35985374,0.45020548,0.43796885
32.980083,0.23625916,0.3599997,0.45011914,0.4375627
32.990105,0.23624459,0.35959464,0.4495964,0.43718004
33.000088,0.2372393,0.36005,0.45024636,0.4370661
33.010075,0.2368157,0.35962266,0.4503914,0.43760073
33.020073,0.23623098,0.35898563,0.44993383,0.43730327
33.03007,0.23693256,0.3590404,0.45032164,0.43667117
33.040073,0.23474722,0.3590208,0.450192,0.4371704
33.05007,0.23616584,0.35984197,0.45018137,0.4372739
33.060074,0.23599759,0.35946012,0.4500922,0.43693578
33.070076,0.23611876,0.35956228,0.45014843,0.43757144
33.080074,0.23670255,0.35919845,0.4493276,0.43738863
33.090073,0.23640424,0.35939798,0.4502987,0.4378256
33.100075,0.23759498,0.36001706,0.44925687,0.43687674
33.110077,0.23773704,0.3604836,0.45032114,0.4372799
33.120075,0.23809619,0.35994306,0.44992685,0.4373442
33.13008,0.237667,0.36012736,0.4499476,0.43758795
33.140076,0.23791291,0.36111867,0.449863,0.43706256
33.150093,0.23767067,0.36017764,0.44908002,0.43772745
33.160072,0.23741506,0.36023784,0.44973376,0.43726352
33.170074,0.23820093,0.36065036,0.44984648,0.4371857
33.180077,0.23854545,0.3607985,0.4500537,0.4376085
33.190075,0.23786554,0.36035392,0.45011747,0.43757203
33.200077,0.2378498,0.36038178,0.44977364,0.43682253
33.210075,0.23673114,0.36022288,0.44982848,0.43761972
33.220074,0.2373856,0.36026785,0.44941097,0.4374362
33.230076,0.23822013,0.36001226,0.45018026,0.43715864
33.240074,0.23753242,0.36025083,0.4502505,0.4374491
33.250095,0.23804645,0.36011967,0.44927245,0.4373133
33.260075,0.2378539,0.3611336,0.44921675,0.43722337
33.270077,0.23788434,0.35986626,0.44903278,0.4373674
33.280075,0.23827885,0.36040366,0.44951782,0.4368155
33.290073,0.23684241,0.3606779,0.4496756,0.43647838
33.300076,0.23779003,0.35973036,0.45004362,0.43749687
33.310074,0.23762074,0.3601888,0.44905517,0.43565598
33.320076,0.23683009,0.35982454,0.44989273,0.43677732
33.330074,0.23706837,0.3595076,0.44952363,0.4368182
33.340076,0.23749274,0.36041573,0.44915372,0.43658426
33.35009,0.23716176,0.3602845,0.4485092,0.43643165
33.360077,0.23789208,0.36051628,0.44903266,0.43623173
33.370075,0.23799272,0.36044377,0.4490971,0.43703526
33.380074,0.23793513,0.36030546,0.4491852,0.43659836
33.390087,0.23823419,0.36062613,0.44936448,0.43660268
33.40008,0.2374364,0.36032626,0.4492851,0.43710962
33.410076,0.23758623,0.36021778,0.44928017,0.43749177
33.42008,0.23775895,0.36024812,0.44920453,0.43693107
33.430077,0.23758052,0.3604384,0.4494068,0.43628305
33.440075,0.2377616,0.35996354,0.44859958,0.43645087
33.450096,0.23745051,0.3607049,0.44950795,0.43662068
33.460075,0.23736764,0.3602793,0.44938186,0.4366204
33.470074,0.23770131,0.360357,0.44952944,0.43644583
33.480076,0.23689719,0.36047363,0.4486754,0.43638983
33.490074,0.2373167,0.3599811,0.44963026,0.4366246
33.500072,0.23799524,0.36011937,0.44943064,0.43613634
33.510075,0.23813446,0.3604676,0.4490121,0.43644395
33.520077,0.23737177,0.3603403,0.44919023,0.43671328
33.530075,0.23804879,0.36078864,0.44964492,0.43736255
33.540073,0.23768094,0.3606377,0.4490642,0.43640435
33.55009,0.2374367,0.36047676,0.44893014,0.43657237
33.560074,0.2376621,0.3614207,0.44877866,0.43646464
33.570076,0.237566,0.36127755,0.4487214,0.43677148
33.580074,0.23793522,0.36131212,0.44903305,0.43681747
33.590073,0.23717527,0.36067957,0.4490156,0.43693262
33.600075,0.23922902,0.36152652,0.44913018,0.4369116
33.610077,0.23705126,0.360626,0.4486742,0.43619922
33.620075,0.23868486,0.3611711,0.4489935,0.4365455
33.630074,0.23833583,0.36077043,0.4486997,0.43622187
33.640076,0.23763111,0.3599618,0.4493372,0.4370947
33.65009,0.23752134,0.36078876,0.448631,0.43610948
33.660076,0.23762459,0.3607666,0.4486507,0.43636426
33.670074,0.23771115,0.36051574,0.44917682,0.436298
33.680077,0.23837763,0.36083427,0.44884428,0.4360637
33.690075,0.23707803,0.36044776,0.44887814,0.4360744
33.700077,0.23777735,0.36060083,0.44891664,0.43592566
33.710075,0.23835562,0.3612874,0.4488377,0.436684
33.720074,0.23818357,0.36099386,0.44966048,0.43598017
33.730076,0.23793428,0.36063442,0.4490924,0.43608102
33.740074,0.23752648,0.3605977,0.44853497,0.43573543
33.75008,0.23710318,0.3606011,0.44867057,0.43558002
33.76008,0.23814912,0.3609011,0.4480851,0.43567652
33.770077,0.23788658,0.3608449,0.44829643,0.4359058
33.780075,0.23821788,0.36144003,0.44820386,0.43623275
33.790073,0.23771314,0.36135885,0.44881824,0.4358981
33.80008,0.23798427,0.3603396,0.4482751,0.43572995
33.810078,0.23712514,0.36052758,0.44880092,0.4350313
33.820076,0.23782954,0.35984448,0.44828555,0.43624717
33.830074,0.23769806,0.36002538,0.44851497,0.43568897
33.840076,0.23840526,0.3606949,0.4486878,0.4350274
33.850086,0.23801322,0.36073595,0.44860366,0.43573645
33.860077,0.23830949,0.36006686,0.44796634,0.4357465
33.870102,0.23735073,0.36005667,0.44796374,0.4355977
33.88008,0.23684253,0.3600695,0.4483559,0.43505228
33.89009,0.23551483,0.36070764,0.44842798,0.43550882
33.900085,0.23761338,0.36063004,0.44925836,0.43562415
33.910076,0.23641545,0.359922,0.44799498,0.43573886
33.92009,0.23794405,0.36060616,0.44796255,0.4354675
33.930077,0.23738922,0.36028603,0.44794238,0.43584022
33.940075,0.238102,0.36021584,0.44832474,0.43510482
33.950096,0.2377325,0.3601496,0.4483839,0.4354618
33.960075,0.23786838,0.36084485,0.4484928,0.4357965
33.970074,0.2377318,0.36013478,0.44813654,0.43541792
33.98008,0.23773217,0.36080325,0.44807038,0.43551674
33.990074,0.23829892,0.36066124,0.44768232,0.43550682
34.000088,0.23758294,0.36063454,0.44871876,0.4354281
34.010075,0.23730557,0.36065927,0.44795117,0.43576556
34.020073,0.23735346,0.36042112,0.4484477,0.43535933
34.03007,0.23902234,0.36087847,0.44854343,0.43518412
34.040077,0.2369755,0.36065868,0.4468529,0.43578792
34.050125,0.23732106,0.3602082,0.4486287,0.4350918
34.060078,0.23807725,0.3614153,0.44909292,0.43494245
34.07008,0.2392082,0.36122143,0.44807714,0.43531698
34.080074,0.2384915,0.360915,0.448248,0.4347254
34.09008,0.23865046,0.36135632,0.44834685,0.4348397
34.10008,0.23781312,0.3610682,0.44858402,0.43504518
34.110077,0.23899493,0.36120263,0.4484245,0.43520376
34.12008,0.23800537,0.3607618,0.448213,0.4352093
34.130077,0.23845938,0.36108935,0.44889483,0.43509644
34.14008,0.23845597,0.36089694,0.4479678,0.43480003
34.150112,0.23804933,0.36087674,0.44856483,0.43506712
34.160076,0.23812442,0.36093247,0.4478251,0.43465844
34.170074,0.23772429,0.36118904,0.44832623,0.43428224
34.180073,0.23764777,0.3608048,0.44851893,0.43490243
34.190075,0.23812096,0.3615084,0.4474449,0.43414786
34.200073,0.23763786,0.36072284,0.4479329,0.43554947
34.210075,0.2375534,0.36080265,0.4478415,0.43505204
34.220078,0.2377889,0.36142045,0.44787836,0.43551376
34.230076,0.23736496,0.3603363,0.4476999,0.4338932
34.240078,0.23750496,0.3611929,0.4483117,0.43509835
34.25009,0.23746157,0.3609625,0.4476852,0.4347317
34.260082,0.23814318,0.36046776,0.44789007,0.43432662
34.270077,0.23755054,0.36083555,0.4478536,0.4347878
34.280075,0.23842968,0.36116764,0.44768757,0.43449473
34.290073,0.23727655,0.36126032,0.44773078,0.4348492
34.300076,0.23740405,0.36039844,0.4480506,0.43467778
34.310078,0.23745285,0.3604396,0.44722334,0.43418443
34.320072,0.23774981,0.36110383,0.44720885,0.43533236
34.330074,0.2381396,0.3609351,0.44775346,0.43396556
34.340076,0.23854382,0.3608595,0.44726956,0.4345333
34.3501,0.23693559,0.35999963,0.44767898,0.43427643
34.360085,0.23893443,0.3610119,0.4479185,0.43494526
34.37007,0.23772077,0.36116892,0.44752276,0.43389478
34.380077,0.23790684,0.36062667,0.44726217,0.43435347
34.39009,0.23634788,0.35960326,0.44798642,0.43389234
34.40009,0.2384831,0.36076117,0.4475241,0.43408749
34.410076,0.23831302,0.36113733,0.44722527,0.43488696
34.420074,0.23803538,0.36010572,0.4470622,0.43453404
34.430073,0.2386669,0.36222643,0.44730705,0.43421498
34.440075,0.23802735,0.3609148,0.44699863,0.43476522
34.4501,0.2384823,0.36142808,0.4470657,0.43426868
34.460075,0.238921,0.3603706,0.4473296,0.4344383
34.470078,0.23805574,0.36117902,0.44749644,0.43414807
34.480076,0.23827092,0.36088964,0.44764063,0.43442556
34.490078,0.23873371,0.36096853,0.4479744,0.434175
34.500076,0.23786812,0.36015522,0.44697526,0.43369585
34.510075,0.23877093,0.36120728,0.44710565,0.43421298
34.520077,0.23905137,0.36110905,0.44720364,0.4333826
34.530075,0.23841691,0.36077708,0.44721252,0.43362033
34.540073,0.23799893,0.36110997,0.44763112,0.4334826
34.550095,0.23797771,0.36085373,0.44718787,0.43386436
34.560074,0.23885827,0.36116406,0.4472725,0.43402135
34.570076,0.23823297,0.36090922,0.44712266,0.433359
34.580074,0.23831785,0.36150444,0.4473157,0.43375194
34.590073,0.23795675,0.36089364,0.44739145,0.4338891
34.60008,0.23866805,0.36149785,0.44780397,0.43408692
34.610073,0.23782004,0.36065772,0.44693643,0.43372464
34.62007,0.23879467,0.36132345,0.44711837,0.43345997
34.630077,0.2377684,0.36063236,0.44703805,0.4339279
34.640076,0.23816217,0.36094713,0.44731763,0.43398288
34.65009,0.23760095,0.36088088,0.44708216,0.43322566
34.660076,0.23832396,0.360523,0.44740358,0.43323827
34.670074,0.238064,0.36068267,0.44720715,0.43333948
34.680073,0.23806357,0.36065993,0.44696203,0.43346062
34.690075,0.23820898,0.3616734,0.4476556,0.43334725
34.700073,0.23775224,0.36068034,0.44716012,0.43334022
34.710075,0.23797257,0.3615623,0.44721562,0.43379116
34.720074,0.23775907,0.36084887,0.44734928,0.43252024
34.730072,0.23850484,0.36085486,0.4468216,0.43402907
34.740074,0.2389729,0.36134863,0.4475141,0.43346578
34.75009,0.23811245,0.36163405,0.44685316,0.43370304
34.760075,0.23773186,0.3606241,0.4473289,0.43293858
34.770077,0.23827897,0.3607229,0.44684324,0.4338141
34.780075,0.23779449,0.3603823,0.44673747,0.43335775
34.790073,0.23770429,0.3617116,0.44725576,0.43327564
34.80007,0.23846492,0.36092505,0.44666126,0.43350872
34.810074,0.23838474,0.36082304,0.44695583,0.4339764
34.820076,0.2380759,0.36052054,0.44704926,0.4334538
34.830074,0.23798805,0.3608468,0.44679952,0.433334
34.840076,0.2385557,0.3606099,0.44724944,0.43306428
34.850086,0.2380097,0.3605757,0.44718894,0.433775
34.860073,0.23840594,0.3615931,0.44709662,0.43317342
34.870075,0.23870291,0.361296,0.44720975,0.43352622
34.880074,0.23773743,0.36202267,0.44645628,0.4333867
34.89008,0.23722275,0.35998538,0.4461196,0.43339717
34.900085,0.23838253,0.36121678,0.4471755,0.43361053
34.910076,0.237856,0.36138543,0.4465684,0.43390048
34.920086,0.23838171,0.36062634,0.4462823,0.43349087
34.930077,0.2374992,0.3611445,0.44673562,0.4332308
34.940075,0.23845041,0.36170518,0.44640896,0.4329606
34.9501,0.23811567,0.3606715,0.44638538,0.4324946
34.960075,0.23812032,0.36130878,0.44710612,0.4333073
34.970074,0.23829898,0.3609204,0.44583294,0.43281296
34.980072,0.23896849,0.36127302,0.44698197,0.4333082
34.990074,0.23694135,0.36078137,0.44677788,0.43310988
35.00009,0.23812264,0.36066675,0.4462594,0.43216652
35.01008,0.23728722,0.36138016,0.44617993,0.43250084
35.020077,0.23838171,0.36078566,0.44644925,0.43246096
35.030075,0.23821127,0.36172786,0.4466577,0.4328458
35.040073,0.23836432,0.36093134,0.44615036,0.43288302
35.050076,0.23831926,0.361215,0.44697282,0.43237972
35.060074,0.23804516,0.36123163,0.44622687,0.43302396
35.070076,0.23867968,0.3612545,0.44664133,0.4332425
35.080074,0.23755023,0.36111987,0.44645616,0.43289998
35.090073,0.23819114,0.361783,0.44661444,0.43292674
35.100075,0.23852336,0.3610147,0.4465566,0.43280107
35.110077,0.23804413,0.36095488,0.44654393,0.43288693
35.120075,0.23825733,0.3613059,0.44627398,0.43270716
35.130074,0.238119,0.36097214,0.44618723,0.43257156
35.140076,0.23863621,0.36092913,0.44650218,0.4323712
35.150074,0.2382181,0.36074755,0.44659507,0.43195844
35.160072,0.23769888,0.36181802,0.4464825,0.43269134
35.170074,0.23798113,0.36091527,0.44679573,0.43289185
35.180073,0.23874225,0.3612408,0.44647887,0.4336943
35.190075,0.23791915,0.3607841,0.44503194,0.4315569
35.200077,0.23854944,0.3615936,0.44793823,0.4328575
35.21007,0.23824407,0.36176893,0.44575566,0.43199342
35.22008,0.23871033,0.36141172,0.4457296,0.4324807
35.230072,0.23692131,0.36087137,0.4458784,0.43227154
35.240078,0.23815842,0.3610273,0.44606858,0.43276742
35.250072,0.23850836,0.36120522,0.44616592,0.43242738
35.260075,0.23948854,0.36174536,0.44583374,0.4324158
35.270073,0.2389242,0.36092725,0.44577405,0.43218762
35.280075,0.23924685,0.36159754,0.44584277,0.43203986
35.290073,0.23823972,0.36138034,0.44642633,0.43185008
35.300076,0.23886205,0.3610747,0.44593486,0.4327803
35.310074,0.23887414,0.36200652,0.4457717,0.43238628
35.320076,0.23864432,0.36117205,0.445432,0.43220493
35.330074,0.23858248,0.36147082,0.44593412,0.4318716
35.340073,0.23861846,0.3615006,0.44560727,0.43173355
35.350075,0.23854017,0.36133665,0.4453628,0.43196896
35.360073,0.23872232,0.361884,0.44551522,0.4324768
35.370075,0.23864634,0.3609263,0.44551846,0.4316297
35.380074,0.23795381,0.36141837,0.4452739,0.43272272
35.390076,0.23643792,0.3597133,0.4458283,0.43207058
35.400085,0.2378317,0.3608569,0.44549826,0.432514
35.410076,0.2387122,0.36146954,0.44573236,0.43276662
35.420074,0.23805009,0.3605538,0.44521317,0.43211785
35.430077,0.23847926,0.361179,0.446278,0.43184182
35.440075,0.23887086,0.3614336,0.445619,0.43186912
35.450073,0.23852554,0.36168757,0.44552693,0.43321058
35.46007,0.23869854,0.36173797,0.44504726,0.43158373
35.470078,0.23874514,0.36089775,0.4455835,0.43200386
35.480076,0.23877925,0.36138013,0.44606638,0.43189535
35.490074,0.23869075,0.36064956,0.44595745,0.43151385
35.500072,0.23815337,0.3613466,0.44605845,0.4312967
35.510075,0.23860158,0.36173022,0.44527122,0.4314709
35.52007,0.23862669,0.36116937,0.4454939,0.43241525
35.530075,0.23764472,0.36096564,0.44593543,0.4319171
35.540077,0.23848784,0.36213765,0.4455363,0.43160212
35.55007,0.23844275,0.36162302,0.4451408,0.43164244
35.560074,0.23941304,0.36208314,0.44534948,0.43155968
35.570076,0.23858875,0.361003,0.44510674,0.431701
35.580074,0.23901735,0.3616531,0.44521868,0.43179622
35.590073,0.23733558,0.36104524,0.4445769,0.4324604
35.600075,0.23862556,0.3616137,0.44536987,0.4318353
35.610073,0.23921293,0.3619161,0.44498628,0.4318086
35.620075,0.23897979,0.36184728,0.44563457,0.43185204
35.630074,0.23811303,0.3610518,0.44519025,0.43188173
35.640076,0.23852757,0.36128083,0.44512475,0.43184364
35.650074,0.23795497,0.36125422,0.44501653,0.43178594
35.66009,0.23855755,0.36109263,0.44496375,0.43190545
35.670074,0.2381527,0.36190453,0.44551256,0.43177393
35.680073,0.23800083,0.36173213,0.44484377,0.4316894
35.690075,0.23879078,0.3615306,0.44508997,0.431387
35.700073,0.23865388,0.36134958,0.44520533,0.4311528
35.710075,0.24016668,0.36266413,0.44475073,0.43141896
35.720074,0.2383147,0.36145845,0.44496176,0.43213353
35.730076,0.23913215,0.36136153,0.44532394,0.43177903
35.740074,0.2379975,0.36170378,0.4445141,0.43140376
35.750076,0.2384069,0.36188972,0.44491702,0.43137863
35.76008,0.23963465,0.36121386,0.44465676,0.43157476
35.770073,0.23861396,0.36213103,0.4453768,0.43185568
35.780075,0.23728852,0.36055443,0.44440928,0.43069953
35.790073,0.2376042,0.36124694,0.44480112,0.4315719
35.800076,0.2371317,0.36096936,0.44450426,0.43169633
35.810074,0.23676276,0.3599952,0.44494164,0.4315664
35.820076,0.23776093,0.36129305,0.4448599,0.43101525
35.830074,0.2375527,0.36081076,0.44427162,0.43145454
35.840073,0.23750098,0.36080194,0.4444062,0.43164697
35.850075,0.23783728,0.3610079,0.44436008,0.4313066
35.860073,0.23800638,0.36026883,0.4441697,0.43069506
35.870075,0.23912215,0.3613756,0.44444546,0.43145463
35.880074,0.23886164,0.36182234,0.44443613,0.4316239
35.89007,0.23565352,0.3606053,0.44347313,0.43059704
35.900085,0.23875995,0.36243764,0.4445427,0.4322045
35.910076,0.2388583,0.3612348,0.44476232,0.43155313
35.920086,0.23873368,0.36119688,0.4447229,0.4316322
35.930077,0.2373106,0.3610783,0.44468853,0.4312729
35.940075,0.23874468,0.36193374,0.4443769,0.43161598
35.950073,0.23843293,0.36109164,0.44443268,0.4311435
35.960075,0.23975645,0.3620111,0.4444211,0.43150595
35.970078,0.23816454,0.3609714,0.44441155,0.43186224
35.980072,0.23785482,0.36134818,0.4443248,0.43129525
35.990074,0.23832873,0.36196747,0.44363615,0.43134663
36.000088,0.23851416,0.36113474,0.44408414,0.43121693
36.010082,0.23888175,0.3619217,0.44346294,0.43055147
36.020077,0.2385251,0.36129493,0.44403931,0.43212843
36.030075,0.23878619,0.36258417,0.44328216,0.4310011
36.040077,0.23851758,0.36136606,0.44420668,0.4305024
36.050076,0.23836799,0.36118332,0.4440061,0.43112087
36.060074,0.23881356,0.36086497,0.44329906,0.43087205
36.070076,0.23868725,0.3615533,0.4437519,0.4309183
36.080074,0.23838627,0.36140063,0.44343534,0.43064025
36.090076,0.23900104,0.36208105,0.44372964,0.43122295
36.100075,0.23849604,0.36181518,0.44427922,0.43057314
36.110077,0.23820816,0.36227888,0.44353005,0.43113527
36.120075,0.23947527,0.36154562,0.44316664,0.43137917
36.130077,0.2387734,0.36106488,0.44365156,0.4316044
36.140076,0.23848449,0.36224538,0.44340616,0.43089604
36.150074,0.23895384,0.362579,0.44334835,0.4312925
36.160076,0.23843831,0.36166722,0.44331795,0.43091282
36.17008,0.23862642,0.36160412,0.4439436,0.43058753
36.180077,0.23886943,0.36168244,0.4437201,0.43023238
36.19007,0.23851356,0.36151218,0.443299,0.43122733
36.200077,0.23851766,0.36219534,0.4433563,0.43100768
36.210075,0.2389145,0.36209592,0.443263,0.4309181
36.220074,0.23935492,0.3624807,0.44326994,0.430582
36.23008,0.23841926,0.36081862,0.44336814,0.43088764
36.240074,0.23959352,0.36167195,0.4432671,0.43075588
36.250076,0.23812853,0.3622234,0.44257522,0.43063903
36.260075,0.23944278,0.36229432,0.44317153,0.43097824
36.270073,0.23897743,0.36170858,0.44337946,0.43070453
36.280075,0.23966783,0.3626252,0.4429033,0.4311873
36.290073,0.23855972,0.36209717,0.44272932,0.43085316
36.300076,0.23822494,0.36158982,0.44276303,0.4306086
36.310074,0.23920865,0.36125028,0.4433044,0.43077758
36.320072,0.2384073,0.36214197,0.44302717,0.43056253
36.3301,0.23896517,0.36192638,0.44286868,0.430712
36.340076,0.23853296,0.36145642,0.4423006,0.43075323
36.350075,0.23636298,0.36197072,0.44251668,0.43075836
36.360077,0.23823881,0.36190477,0.44255888,0.43074745
36.370075,0.23918194,0.3614716,0.442707,0.43036583
36.380074,0.2381347,0.36137375,0.4425148,0.43051735
36.390076,0.23906507,0.36136016,0.44293857,0.43041387
36.400085,0.23842567,0.3615105,0.44330734,0.43144986
36.410076,0.2372908,0.36137316,0.44252625,0.4309192
36.42008,0.23843306,0.36138052,0.44232446,0.43065086
36.430077,0.2390796,0.36234218,0.44220552,0.43014655
36.440075,0.23912616,0.36184752,0.4422767,0.430046
36.450077,0.23906614,0.36202464,0.441842,0.43030292
36.46007,0.23835449,0.36235738,0.44260237,0.4301941
36.470078,0.23840003,0.36131477,0.4424425,0.42985535
36.480072,0.23894331,0.361504,0.44201824,0.43114632
36.49007,0.23765148,0.3612375,0.44207665,0.42998987
36.500072,0.23890951,0.36136156,0.44195879,0.43057755
36.510075,0.238992,0.36136538,0.44186914,0.42990914
36.520077,0.23924227,0.36217055,0.44200853,0.43052596
36.530075,0.2373849,0.362233,0.44203246,0.43058398
36.54008,0.2382235,0.36184365,0.44207942,0.43043277
36.550076,0.23854047,0.36183327,0.44210267,0.43014488
36.560074,0.23952046,0.36173823,0.4417469,0.43012515
36.570072,0.23909318,0.36266106,0.4423616,0.43025333
36.580074,0.23944503,0.36208928,0.44211623,0.43058577
36.590073,0.23923539,0.36220154,0.4419776,0.4301571
36.600075,0.23890178,0.3623156,0.44175786,0.43101302
36.610077,0.23854333,0.36216286,0.44205543,0.4300986
36.620075,0.23878011,0.36156642,0.44133812,0.43058226
36.630074,0.238872,0.36192828,0.4416115,0.42947695
36.640076,0.23899269,0.36225143,0.44193265,0.4297616
36.650074,0.23882616,0.3622844,0.4412888,0.42962337
36.660076,0.23860967,0.36231187,0.44170848,0.43017906
36.670074,0.23944205,0.36207366,0.44127953,0.42989865
36.680077,0.23908235,0.3619611,0.44128597,0.43037972
36.690075,0.2394931,0.36244628,0.4416887,0.43022135
36.700073,0.23913519,0.3621652,0.4413606,0.43024993
36.710075,0.23979948,0.36200568,0.44173852,0.43017575
36.720074,0.23893523,0.3615807,0.44123948,0.430257
36.730076,0.23976788,0.3624977,0.44153827,0.43047512
36.740074,0.23946066,0.36182284,0.441022,0.4293285
36.750072,0.23937708,0.3621294,0.44167414,0.42997226
36.760075,0.23892824,0.3621926,0.44070852,0.4305163
36.770077,0.23987362,0.36196795,0.44124633,0.43042237
36.780075,0.2392604,0.36212388,0.4413817,0.4297501
36.790073,0.23722342,0.3619948,0.44111246,0.43016106
36.800076,0.23836458,0.36145332,0.44100386,0.430442
36.810074,0.23898026,0.36157823,0.44113374,0.43005472
36.820072,0.23865904,0.36191398,0.44056123,0.4295503
36.830074,0.23899435,0.36154684,0.44098672,0.429635
36.840076,0.23840421,0.36133042,0.44094613,0.43006253
36.850075,0.23848557,0.361828,0.44099906,0.42969632
36.860077,0.23895848,0.36239287,0.4413661,0.42959395
36.87007,0.23891407,0.36179897,0.44091824,0.43041348
36.880074,0.23927999,0.36225027,0.43979314,0.4300114
36.89007,0.23865038,0.36173823,0.43948558,0.42936414
36.90009,0.23860274,0.3617362,0.440373,0.4320911
36.910076,0.23767044,0.362249,0.44181308,0.42792702
36.920086,0.23858735,0.36153194,0.43879244,0.43167725
36.930077,0.23908265,0.36172906,0.4411598,0.42920384
36.940075,0.23993273,0.36195275,0.44035417,0.42909676
36.950077,0.23762769,0.36237833,0.43994033,0.42943206
36.960075,0.23876153,0.3615234,0.44040444,0.42987818
36.970074,0.23883578,0.36134672,0.44049224,0.4293305
36.980076,0.23864774,0.3627262,0.44019848,0.4298101
36.990074,0.23914081,0.36135328,0.44007003,0.42989883
37.000088,0.23914659,0.36199874,0.44015732,0.4297258
37.01008,0.23870373,0.3618164,0.44006017,0.42923847
37.020077,0.23951067,0.36153293,0.44052073,0.42931697
37.030075,0.23930557,0.36207855,0.44005778,0.42949486
37.040077,0.23970711,0.361859,0.4395981,0.42908126
37.050076,0.23954378,0.36259544,0.43972564,0.42961198
37.060074,0.23903513,0.36205253,0.43946618,0.42986727
37.070076,0.23924932,0.3624769,0.4398866,0.4292177
37.080074,0.23875466,0.36253217,0.44027594,0.4294767
37.090073,0.23925495,0.36337605,0.440357,0.42942113
37.100075,0.23950851,0.3619788,0.4397054,0.42956647
37.110073,0.23849103,0.36227798,0.43965998,0.4292826
37.120075,0.23904547,0.3619951,0.4395247,0.42960614
37.130074,0.23893759,0.36113015,0.4396892,0.42904362
37.140076,0.23912136,0.36169252,0.43991753,0.4296795
37.150074,0.23903623,0.36219886,0.4394108,0.42911008
37.160076,0.23871095,0.36229038,0.43913978,0.42949566
37.170074,0.23916519,0.3624339,0.43940812,0.42907727
37.180073,0.23934206,0.36219102,0.43919018,0.42942247
37.190075,0.23843493,0.36241847,0.43935886,0.42906383
37.200077,0.23988523,0.3621708,0.4383305,0.42920166
37.210075,0.23920977,0.36171404,0.4394907,0.42919943
37.220078,0.23895426,0.362787,0.43982443,0.42927393
37.230072,0.2385055,0.36131257,0.43879086,0.42946714
37.240074,0.23929192,0.36246967,0.43922693,0.4293854
37.250072,0.23868899,0.36248448,0.43914405,0.42845705
37.260075,0.23895483,0.36302623,0.43967482,0.42898595
37.270077,0.2389791,0.3623705,0.4384282,0.42950585
37.280075,0.2389608,0.3622141,0.43982622,0.42889136
37.290073,0.23749706,0.36200204,0.43844905,0.42840895
37.30007,0.23893127,0.36208427,0.43890598,0.4287306
37.310078,0.238716,0.36220363,0.43903297,0.4292339
37.320076,0.2389196,0.36256105,0.43862185,0.42896622
37.330074,0.23942953,0.36178952,0.4391742,0.42907983
37.340076,0.23954481,0.36239514,0.43792698,0.42938074
37.35007,0.23946708,0.36230415,0.43863407,0.42853424
37.360077,0.2386655,0.36260957,0.43871504,0.4290062
37.370075,0.23867428,0.36229628,0.4388845,0.4289144
37.380074,0.23804791,0.3617011,0.43883812,0.4282872
37.39007,0.23925196,0.36186808,0.43893352,0.42776495
37.40009,0.2392195,0.36186257,0.43874913,0.42855465
37.410076,0.23855388,0.3622535,0.4387481,0.42957526
37.420074,0.23885243,0.36257726,0.43848938,0.4286008
37.430077,0.23910816,0.3627576,0.43860433,0.42869917
37.440075,0.239648,0.36179549,0.43866536,0.4279761
37.450077,0.23871273,0.3621039,0.43857187,0.42888054
37.460075,0.23940775,0.3619988,0.43848836,0.42826855
37.470074,0.23875202,0.36257178,0.43850183,0.42892385
37.480076,0.23860505,0.36236194,0.43811178,0.42798018
37.490074,0.23933102,0.3622825,0.4381903,0.4281527
37.500072,0.23945728,0.3614239,0.43780586,0.42829496
37.510075,0.23943682,0.36225036,0.4384834,0.42778313
37.520073,0.23922598,0.36281872,0.43830073,0.428255
37.530075,0.23909637,0.36270073,0.43849483,0.42824352
37.540073,0.23874687,0.3631933,0.43832052,0.42834595
37.550076,0.23913956,0.36251402,0.43792415,0.4286997
37.560074,0.23918092,0.36300537,0.43826434,0.4283187
37.570072,0.23886769,0.36258513,0.4375932,0.42851913
37.580074,0.23960136,0.36316255,0.43828925,0.42846385
37.590076,0.23881611,0.36269784,0.43807438,0.42839438
37.600075,0.23890485,0.3627258,0.43753028,0.4283968
37.610073,0.23854008,0.36252016,0.4375522,0.4280928
37.620075,0.23889706,0.36218718,0.43804678,0.42817172
37.630074,0.2389667,0.3622315,0.43796095,0.42785773
37.640076,0.23927201,0.36213753,0.43769416,0.42791966
37.650074,0.23894294,0.3626778,0.43878606,0.42705208
37.660072,0.23817796,0.36263835,0.43737915,0.4285173
37.670074,0.23854315,0.3625638,0.4368569,0.42810336
37.680077,0.23894031,0.36267346,0.43785703,0.42835203
37.69007,0.23996434,0.36311528,0.4377389,0.4279636
37.700077,0.23973782,0.36242834,0.43650126,0.42787173
37.71007,0.23999976,0.36176997,0.43739036,0.42820674
37.720074,0.23867637,0.36221176,0.43757555,0.42794555
37.730076,0.2394702,0.36276206,0.4376529,0.42838687
37.740074,0.23952533,0.36279255,0.43704396,0.42796728
37.750076,0.23925988,0.36330545,0.43776625,0.42811668
37.760075,0.23936604,0.3623733,0.43675265,0.42829525
37.77009,0.23886625,0.36342952,0.4373632,0.42776075
37.78007,0.23884563,0.36253428,0.4366579,0.42776686
37.790073,0.23946203,0.36307654,0.43711683,0.42784575
37.800076,0.23942536,0.36252686,0.43777722,0.42722306
37.810074,0.23965012,0.3625237,0.43688828,0.4275436
37.820076,0.23887369,0.36259094,0.43695387,0.42746928
37.830074,0.23998563,0.36271688,0.4369283,0.42718658
37.840076,0.23933741,0.36289313,0.4366824,0.42783436
37.850075,0.23861185,0.3629544,0.43599457,0.42758852
37.860073,0.24008721,0.3628559,0.43699417,0.4275814
37.87008,0.23862067,0.36294258,0.43703404,0.42706916
37.880074,0.23975758,0.36343953,0.43724993,0.42782286
37.89007,0.23846918,0.3631299,0.43665025,0.4272637
37.900085,0.23971131,0.3633442,0.43633327,0.42767307
37.91008,0.23835827,0.36194053,0.43668577,0.42776614
37.920086,0.23938087,0.3626037,0.4369245,0.42806438
37.930077,0.23830955,0.36256284,0.43644345,0.4272007
37.94007,0.2397628,0.3625473,0.43676814,0.4281156
37.950073,0.23848926,0.36253497,0.4362736,0.4268624
37.960075,0.2390489,0.36256823,0.4362323,0.4270801
37.970097,0.23842771,0.36251307,0.43588364,0.42719063
37.980076,0.23899946,0.36209142,0.4366929,0.4272025
37.990074,0.23956512,0.36291072,0.4359671,0.4267868
38.000088,0.23846331,0.3628023,0.43615985,0.42678577
38.01008,0.23949197,0.36259732,0.43591127,0.42727092
38.020073,0.23917808,0.36199933,0.436452,0.42676875
38.030075,0.23947974,0.3628316,0.43577164,0.42669168
38.040077,0.23985776,0.36356017,0.43551514,0.4267567
38.05008,0.23869082,0.36309066,0.43607885,0.42695117
38.060078,0.23875286,0.36259127,0.43651003,0.427113
38.070126,0.23907773,0.3625795,0.43646356,0.4271478
38.08008,0.23937654,0.36260626,0.43630573,0.42682406
38.090076,0.23989093,0.36384898,0.43586057,0.4267783
38.10008,0.24022794,0.3628326,0.43603593,0.4266313
38.110077,0.23978356,0.3627265,0.43611607,0.4268148
38.12008,0.23921539,0.3627562,0.43575272,0.42687935
38.130077,0.23976912,0.36300117,0.43582797,0.42641455
38.140076,0.23991889,0.36319315,0.43616837,0.42692226
38.150074,0.23959647,0.36304337,0.43522456,0.42696235
38.16008,0.23986612,0.36326224,0.4357871,0.4273507
38.170086,0.23937196,0.36229035,0.4360541,0.42646205
38.180077,0.24018739,0.3631161,0.43623513,0.42705023
38.190075,0.23930758,0.36232182,0.4351452,0.4269338
38.200073,0.23970918,0.3628212,0.43545735,0.4269397
38.210083,0.23891535,0.36231542,0.43558183,0.42655703
38.22008,0.23970996,0.36317813,0.4357029,0.42706057
38.230076,0.23913273,0.36336645,0.4356117,0.426631
38.240074,0.2403651,0.364127,0.43514377,0.42728415
38.250076,0.24023156,0.36229962,0.4350931,0.426348
38.260075,0.23961972,0.36243626,0.43616822,0.42693263
38.270096,0.23912731,0.36363405,0.435279,0.4264945
38.280075,0.23945111,0.3624279,0.4347979,0.42613897
38.29008,0.23998378,0.36345693,0.4346861,0.42668915
38.300076,0.2395572,0.36311775,0.4355322,0.42574993
38.310074,0.23991998,0.36330688,0.4351043,0.42651623
38.320076,0.23965807,0.36284548,0.43467623,0.42704177
38.330074,0.2402185,0.36288533,0.4354228,0.42570248
38.340073,0.24019828,0.36342257,0.43526682,0.4257412
38.350086,0.23993678,0.36320123,0.4349236,0.4259953
38.36008,0.23964724,0.36252177,0.43442878,0.4265378
38.370075,0.23986806,0.36260137,0.43451965,0.4264241
38.380074,0.23959157,0.3626185,0.43529943,0.42698988
38.39008,0.2394107,0.36292142,0.43522385,0.4268174
38.40009,0.2394422,0.3631298,0.43498996,0.4266572
38.41008,0.2395579,0.36282188,0.43477505,0.42640758
38.420074,0.2390222,0.36276397,0.43516245,0.42592883
38.430073,0.23927432,0.36289313,0.435038,0.42693534
38.440075,0.23985271,0.36312902,0.43468666,0.42630854
38.450077,0.23944928,0.36324048,0.4350361,0.42609584
38.460075,0.23972252,0.36276108,0.43447113,0.42573988
38.470078,0.23920028,0.36228496,0.4346926,0.42642075
38.480076,0.23923518,0.36216494,0.43391982,0.42616868
38.490078,0.23943266,0.3627356,0.43459466,0.42664823
38.500076,0.23913264,0.36361027,0.43498135,0.42588153
38.51008,0.23930378,0.36277163,0.43490377,0.4259601
38.520077,0.23940468,0.36319226,0.4351482,0.42617005
38.530075,0.24026147,0.36259326,0.43408844,0.42550936
38.540077,0.23950185,0.36329475,0.43431097,0.4260573
38.55008,0.2381369,0.36172748,0.43421894,0.4253352
38.560074,0.23872316,0.36168995,0.4339112,0.42602095
38.570076,0.23816192,0.3618357,0.43405965,0.42582127
38.580074,0.23878773,0.36218205,0.43418685,0.42549336
38.590076,0.23881797,0.36159164,0.434395,0.42554167
38.60008,0.23869416,0.36182275,0.43385682,0.42657107
38.610077,0.23818856,0.3624795,0.4342662,0.42595434
38.620075,0.23896389,0.36206242,0.43456268,0.42521515
38.630077,0.23827294,0.36177793,0.4340292,0.42440033
38.640076,0.23989823,0.36283982,0.43427587,0.42597666
38.650078,0.23951219,0.36324212,0.43408868,0.42533067
38.660072,0.23946959,0.36271107,0.43358302,0.42556977
38.670074,0.23931912,0.36369017,0.43420428,0.42566374
38.68008,0.23933724,0.36314058,0.4341234,0.42548403
38.690075,0.2407729,0.3624487,0.4342155,0.42567337
38.700077,0.23960412,0.36379054,0.43390912,0.4251972
38.710075,0.24003573,0.36375213,0.43425557,0.42576432
38.720074,0.24042593,0.36356765,0.43380535,0.42547664
38.730076,0.23995101,0.36395496,0.43415478,0.42624027
38.740074,0.24071105,0.3631955,0.43362942,0.4258307
38.750076,0.2395948,0.36342394,0.43402863,0.4258761
38.760075,0.23996885,0.3630319,0.43343946,0.42543745
38.770077,0.2393343,0.3634168,0.4342931,0.4257824
38.78008,0.23968239,0.3632521,0.43377253,0.42521593
38.790077,0.24014603,0.36309364,0.43365198,0.42539603
38.800076,0.23960635,0.36312723,0.4334914,0.42525643
38.810074,0.23979267,0.36323708,0.4329988,0.42558798
38.820076,0.2404068,0.363485,0.43380895,0.42580608
38.830074,0.2399169,0.36278054,0.43413478,0.42530066
38.840073,0.24023898,0.36387178,0.43335608,0.4258434
38.850075,0.23933004,0.3634912,0.4338227,0.4260824
38.860073,0.23996086,0.3637121,0.43340626,0.42572555
38.870075,0.23979965,0.36325642,0.43351945,0.42536736
38.88008,0.23985043,0.36319384,0.43353754,0.425439
38.89008,0.23863369,0.36352485,0.43303546,0.42512223
38.900085,0.23913404,0.3633347,0.43318614,0.42536992
38.91008,0.23956168,0.36276457,0.43309724,0.4248724
38.920086,0.23988202,0.36284766,0.4330371,0.42589873
38.93008,0.23870768,0.36299297,0.43284705,0.42560518
38.940075,0.23912872,0.36318955,0.43325275,0.42494783
38.950077,0.23943906,0.36256856,0.4327462,0.4256047
38.960075,0.2395406,0.36313877,0.4327511,0.42512357
38.970074,0.23943502,0.36290374,0.43294162,0.42513567
38.98008,0.23827207,0.3630593,0.43282092,0.42532313
38.990097,0.23873009,0.36299855,0.43300515,0.42450586
39.000084,0.23936458,0.36260712,0.43294019,0.42544806
39.01008,0.23972617,0.3635206,0.4328467,0.42493597
39.020073,0.23948775,0.36309284,0.4330259,0.4244415
39.030075,0.23978993,0.36342025,0.43316984,0.42530537
39.040077,0.2399044,0.36334786,0.43296707,0.425342
39.050076,0.23922895,0.3635128,0.43310207,0.4255042
39.060074,0.23953488,0.36320472,0.43337506,0.42461807
39.070076,0.23965408,0.36285913,0.4325124,0.42474964
39.080074,0.23972294,0.36319518,0.43268898,0.42523447
39.090076,0.2396595,0.3630032,0.43268842,0.4251264
39.100075,0.23963267,0.36347124,0.43246058,0.42447114
39.110073,0.23989762,0.36339465,0.43297857,0.42460328
39.120075,0.24025981,0.3631813,0.43254465,0.42511424
39.130077,0.23984617,0.36376476,0.43277004,0.42507967
39.140076,0.24041702,0.36416766,0.4324302,0.424723
39.150074,0.23938306,0.3636947,0.43222415,0.42488235
39.160076,0.24006777,0.36352706,0.4324926,0.4253841
39.170074,0.23976657,0.36324024,0.43288994,0.4245615
39.180077,0.24005294,0.3637413,0.43202707,0.42471707
39.19008,0.24074864,0.3639524,0.43259093,0.42484003
39.200077,0.24019615,0.36384785,0.43250766,0.42549795
39.21008,0.2395868,0.3629,0.43255094,0.4243927
39.220074,0.23974992,0.36401394,0.43269348,0.4249029
39.230076,0.23945329,0.36265677,0.4316749,0.42505926
39.240074,0.23968202,0.36330315,0.43256623,0.4248957
39.250076,0.23986624,0.36350188,0.4324435,0.42446995
39.260075,0.23979726,0.3629546,0.43176404,0.42416292
39.270077,0.24038672,0.3639143,0.4320244,0.424794
39.280075,0.23969373,0.36370373,0.43196368,0.42444545
39.290073,0.23940782,0.3628084,0.43132856,0.42448413
39.300076,0.23947655,0.36369342,0.43167073,0.424794
39.310074,0.23910214,0.36406505,0.43162885,0.42382035
39.320072,0.23981142,0.3630099,0.43161708,0.42473173
39.330074,0.23990758,0.36371666,0.43234625,0.4251868
39.340073,0.23962732,0.36312082,0.43210733,0.42461118
39.350075,0.23981212,0.36407053,0.43185562,0.4248221
39.360073,0.24014613,0.36390257,0.43186855,0.4243854
39.370075,0.24045406,0.3639158,0.43210134,0.424933
39.380074,0.23951735,0.36254516,0.43140274,0.42461473
39.39007,0.23848085,0.36282945,0.43154255,0.42494887
39.40011,0.23927408,0.3627336,0.43122724,0.42427638
39.41008,0.23828095,0.36299777,0.43136284,0.4242436
39.420074,0.23950197,0.36365518,0.43170336,0.42348248
39.430073,0.23887736,0.36342624,0.43069398,0.42379957
39.44007,0.23932633,0.3628784,0.43103066,0.4240432
39.450077,0.23956329,0.36258703,0.43111628,0.42439044
39.460075,0.2392281,0.36345533,0.4308824,0.424789
39.470078,0.23940173,0.3630485,0.43182468,0.42410368
39.480076,0.24057351,0.36391756,0.43115896,0.424564
39.490074,0.23999746,0.36363998,0.43169585,0.42437157
39.500076,0.2395921,0.36339042,0.4307709,0.42412275
39.510075,0.23995432,0.36365074,0.4312277,0.42392868
39.520077,0.23953667,0.36340123,0.4309293,0.42419502
39.530075,0.23963661,0.36325592,0.43122593,0.4240762
39.540073,0.24092148,0.36334613,0.43109846,0.42411843
39.550076,0.23948066,0.36278063,0.4311318,0.4240282
39.560074,0.2406119,0.36429948,0.43164954,0.42442134
39.570076,0.23973046,0.3644827,0.43121877,0.42379117
39.580074,0.23978195,0.3642712,0.4313204,0.42330256
39.590073,0.23845057,0.36364907,0.43176636,0.4239851
39.600075,0.23985131,0.36374715,0.43115693,0.42445233
39.610077,0.23969091,0.3643549,0.43055457,0.42362884
39.620075,0.24065742,0.36317113,0.43058476,0.42416447
39.630074,0.23980603,0.36370218,0.43070364,0.42388654
39.640076,0.24012378,0.36405873,0.43011874,0.4240221
39.650074,0.2408122,0.36407697,0.43095943,0.424418
39.660076,0.23958978,0.3632055,0.43160042,0.4238208
39.670074,0.24038978,0.36375546,0.4306642,0.424861
39.680077,0.239862,0.3641245,0.4306417,0.42401055
39.690075,0.2403939,0.36393905,0.43121755,0.424308
39.700073,0.24012461,0.3635763,0.43051997,0.42388827
39.710075,0.239917,0.36427277,0.4311733,0.42388955
39.720074,0.23921116,0.36349633,0.4312353,0.42393276
39.730076,0.23953077,0.36376062,0.43063012,0.42402914
39.740074,0.23950312,0.36451137,0.4308066,0.4242693
39.750072,0.24004246,0.36391616,0.43064535,0.42389533
39.760075,0.23939922,0.36409757,0.43007326,0.42407408
39.770073,0.23945077,0.36388096,0.43036488,0.42340678
39.780075,0.24008447,0.36324117,0.43008813,0.42442167
39.790073,0.23967616,0.36426803,0.43048316,0.4238686
39.80007,0.24031681,0.36411783,0.4304115,0.4237492
39.810074,0.2395726,0.3633141,0.43009162,0.4234752
39.820072,0.23963948,0.36391786,0.43017516,0.42398608
39.830074,0.23970202,0.36346135,0.4302723,0.42369267
39.840073,0.24013926,0.36379495,0.43081227,0.42359784
39.850075,0.23968418,0.363744,0.42968678,0.4237924
39.860073,0.24020591,0.36422753,0.43060336,0.4237506
39.87007,0.23981906,0.36350268,0.42994425,0.42420587
39.880074,0.23968577,0.36390436,0.43010968,0.42404535
39.890076,0.23952956,0.36349642,0.42999747,0.42347258
39.90011,0.23725554,0.36351165,0.4292203,0.42369208
39.910076,0.23935795,0.36384666,0.43007708,0.4234474
39.92009,0.23953782,0.36365712,0.4296855,0.42409125
39.930077,0.23891807,0.36421782,0.4300711,0.4239938
39.940075,0.23981768,0.36355036,0.42944327,0.4240036
39.950077,0.2394323,0.36439067,0.429822,0.42324325
39.960075,0.240201,0.36341724,0.42943716,0.42351982
39.970074,0.23980089,0.3645112,0.42895722,0.42349693
39.980076,0.24037416,0.3639735,0.43016335,0.42343616
39.990074,0.23803689,0.36442465,0.42920694,0.4232387
40.00008,0.2395754,0.36442924,0.42924508,0.42383707
40.010082,0.23889107,0.3636038,0.4294699,0.42362347
40.020077,0.23981899,0.36329195,0.42859975,0.42409158
40.030075,0.2408563,0.36375716,0.42984742,0.42414173
40.040073,0.23946562,0.3640124,0.42891544,0.42409447
40.050076,0.23925847,0.3637389,0.4294578,0.42384627
40.060078,0.24011919,0.36436942,0.4295227,0.4238023
40.070072,0.24037357,0.36403733,0.42946994,0.42356786
40.080074,0.23949987,0.36448613,0.4290838,0.42353734
40.090076,0.24006525,0.36419705,0.42957583,0.42356777
40.100075,0.23973687,0.3645788,0.42924157,0.42297262
40.110073,0.24048142,0.3636519,0.42884877,0.42329723
40.12007,0.2405754,0.36462137,0.429083,0.42366475
40.130074,0.2399787,0.363837,0.4287079,0.42325518
40.140076,0.24003802,0.36431873,0.428928,0.42366543
40.150074,0.23995562,0.3643351,0.42858988,0.4234171
40.160076,0.24064536,0.36441568,0.42928794,0.42417902
40.170074,0.23993067,0.36346254,0.4290888,0.42254937
40.180073,0.24015799,0.36435047,0.42923695,0.4236521
40.190075,0.23993364,0.36325836,0.42917815,0.42328644
40.200073,0.23951589,0.36420572,0.42905566,0.42335373
40.21007,0.2393961,0.36412293,0.42886022,0.42227107
40.22008,0.24008858,0.36398473,0.42918643,0.423216
40.230076,0.238715,0.3636614,0.4284809,0.42296883
40.240074,0.23979957,0.36410385,0.4284671,0.42377105
40.250076,0.2398232,0.3640955,0.42866325,0.4233819
40.260075,0.24018314,0.36425465,0.4290276,0.42341435
40.270077,0.2397642,0.3648946,0.4286298,0.42315763
40.280075,0.23960237,0.36457568,0.42861724,0.42286018
40.290073,0.24035357,0.36498627,0.4282219,0.42308658
40.300076,0.23980926,0.36417896,0.42844993,0.4230303
40.310078,0.24021825,0.36407527,0.428139,0.4235219
40.320076,0.23955357,0.36458457,0.42791456,0.4228511
40.330074,0.23990358,0.36454767,0.428577,0.4230615
40.340073,0.23992755,0.36355653,0.42787033,0.42326313
40.350075,0.2393041,0.36378428,0.42854312,0.4235277
40.36008,0.2398551,0.36405605,0.4284915,0.4230104
40.370075,0.24097647,0.3642718,0.4278006,0.42362478
40.380077,0.23961583,0.36401448,0.4279209,0.42273098
40.39007,0.23985401,0.36385936,0.42806563,0.42296952
40.400085,0.23761584,0.36146787,0.4278514,0.422474
40.41008,0.23940566,0.3649426,0.42738834,0.42362595
40.420074,0.24061878,0.36467952,0.4276815,0.42331704
40.430077,0.23975012,0.36396256,0.42798474,0.42287114
40.440075,0.23980772,0.36405256,0.42802846,0.42260125
40.450073,0.24001168,0.36388817,0.42736563,0.42345455
40.460075,0.24116957,0.36456212,0.4284452,0.4232597
40.470074,0.2400676,0.36438146,0.42797467,0.42327213
40.480076,0.24094167,0.36452708,0.42757782,0.4233479
40.490074,0.2399867,0.36423182,0.4276955,0.42285588
40.500076,0.23991057,0.36445054,0.42787945,0.42346087
40.510075,0.24039325,0.36426482,0.4274241,0.4226425
40.520073,0.24020226,0.36496612,0.42703068,0.4232265
40.530075,0.24013227,0.3643742,0.42740795,0.42315546
40.540077,0.2403548,0.3643956,0.42808044,0.42286506
40.550076,0.23998776,0.36299777,0.42747435,0.4224666
40.560074,0.24042064,0.36432913,0.42687804,0.42332342
40.570072,0.24055016,0.3648457,0.4271508,0.42273292
40.580074,0.24026887,0.36426845,0.42707855,0.42309877
40.590076,0.23867774,0.36454105,0.42740557,0.42227
40.600075,0.24058855,0.3641526,0.4275596,0.42317626
40.610073,0.2400527,0.36387023,0.42701247,0.4229874
40.620075,0.2403918,0.3640209,0.42673972,0.42274332
40.630074,0.24017565,0.36471847,0.42710698,0.42231596
40.64007,0.24022238,0.36418438,0.42652106,0.4236073
40.650074,0.24026154,0.36427405,0.42746735,0.4231008
40.660072,0.2402304,0.3638121,0.4269944,0.42205176
40.670074,0.24088219,0.36516377,0.42769688,0.4226106
40.680077,0.23947388,0.36424896,0.42700613,0.4226954
40.690075,0.23990119,0.36395797,0.4271689,0.4227585
40.700077,0.2400991,0.36450696,0.42714936,0.4225461
40.71007,0.24025059,0.36438674,0.42644355,0.42335522
40.720074,0.24042347,0.36419773,0.4263238,0.42257392
40.730076,0.24042076,0.3642298,0.4270758,0.42337424
40.740074,0.24054497,0.3640622,0.42655063,0.42255732
40.750076,0.24046937,0.3640072,0.42637345,0.42266506
40.760075,0.24023655,0.3643525,0.42694333,0.42212322
40.770077,0.24095991,0.36448237,0.4259769,0.4217341
40.780075,0.24001822,0.36476442,0.4266435,0.42266846
40.790073,0.23975897,0.36415017,0.42620385,0.42234388
40.80007,0.24040315,0.36435223,0.42694113,0.42244077
40.810074,0.2401304,0.36425775,0.42681035,0.42201036
40.820076,0.24065408,0.3652545,0.42692846,0.42248818
40.830074,0.24057661,0.36416364,0.42599562,0.4228051
40.840076,0.24047963,0.36469436,0.42651016,0.4228397
40.850075,0.24009284,0.36511195,0.42634708,0.42301247
40.860073,0.23988174,0.36429775,0.42605716,0.42223448
40.870075,0.24146701,0.3645774,0.42578027,0.42237228
40.880074,0.23979785,0.364285,0.42697158,0.42277908
40.890076,0.24058178,0.3646137,0.42576993,0.42304373
40.900085,0.24039702,0.36275277,0.4256685,0.4223504
40.91008,0.23970462,0.3645703,0.42589518,0.4228733
40.920086,0.23840621,0.36113784,0.42576507,0.42190516
40.93008,0.24025202,0.36346424,0.425686,0.4218604
40.940075,0.23968953,0.36389557,0.42616668,0.4217191
40.950077,0.2404727,0.36429933,0.4259293,0.42286697
40.960075,0.23984969,0.36487278,0.42571104,0.42194286
40.970074,0.24105692,0.3647724,0.42604792,0.4226531
40.980076,0.2400031,0.364628,0.42525226,0.4222
40.990074,0.2394143,0.36525795,0.42588058,0.421703
41.00008,0.23933542,0.36476323,0.4260308,0.42150113
41.01008,0.2400936,0.36394855,0.42540723,0.4220477
41.020077,0.2404063,0.36480066,0.42568937,0.42166033
41.030075,0.2399492,0.3647056,0.42565298,0.422532
41.040077,0.24004109,0.36446995,0.4252454,0.42215627
41.05007,0.23931217,0.36435005,0.4244408,0.42274764
41.060074,0.23978463,0.36441496,0.42491013,0.42191932
41.070076,0.24055865,0.36438438,0.4252978,0.4221407
41.080074,0.24017565,0.36441553,0.42548975,0.42203566
41.090073,0.24008341,0.36411446,0.42508736,0.4219338
41.100075,0.24067362,0.36500323,0.4255633,0.42151797
41.110077,0.23994967,0.36500862,0.425043,0.4221425
41.120075,0.24044158,0.3650607,0.4254858,0.42201987
41.130074,0.23994897,0.36500195,0.42510578,0.4221246
41.140076,0.24128278,0.36554882,0.4250969,0.42280814
41.150074,0.23969199,0.3648191,0.4247262,0.42234144
41.160076,0.24057522,0.364914,0.42534313,0.4223797
41.170074,0.2406877,0.36479902,0.4245582,0.42232978
41.180077,0.24054617,0.36478758,0.4245459,0.42169526
41.190075,0.24001065,0.36497146,0.42445135,0.42199928
41.200073,0.24043714,0.36368087,0.4244131,0.4222744
41.21008,0.23948066,0.36417004,0.42501852,0.42140996
41.220078,0.24093163,0.36448115,0.42416552,0.42208847
41.230076,0.23977731,0.36447203,0.42452133,0.42217806
41.240074,0.24080747,0.36467957,0.42455322,0.42171532
41.250072,0.24040732,0.36511025,0.42527264,0.42157373
41.260075,0.24071065,0.36429083,0.4241582,0.42216247
41.270077,0.2416005,0.36526766,0.42416796,0.42184675
41.280075,0.24058287,0.3645706,0.42434773,0.4222814
41.290073,0.24053638,0.36523077,0.42503536,0.4218805
41.300076,0.24053997,0.36471692,0.42429587,0.4220228
41.310074,0.2405217,0.3647647,0.4250105,0.42230862
41.320076,0.23954988,0.36449555,0.42515913,0.422889
41.330074,0.24007316,0.36383826,0.42466792,0.42147523
41.340073,0.23925161,0.3626421,0.42637983,0.42152238
41.350075,0.23973532,0.364299,0.4222488,0.42004916
41.360073,0.23904537,0.36362457,0.42254704,0.42198658
41.370075,0.23977977,0.3641961,0.4250497,0.42058143
41.380074,0.23932551,0.36319247,0.42424706,0.42062652
41.39007,0.23935458,0.36406645,0.42346206,0.42162573
41.40009,0.24010043,0.36498833,0.4233769,0.42173278
41.41008,0.24010107,0.3640887,0.42415157,0.42213845
41.420074,0.24069007,0.36441967,0.42447713,0.42110205
41.430077,0.23987682,0.36442953,0.42360786,0.42189914
41.440075,0.24087447,0.36509785,0.4244466,0.42190847
41.450077,0.23995943,0.36476094,0.42409813,0.42189538
41.460075,0.2401828,0.36488003,0.42471492,0.421315
41.470074,0.24101277,0.36451408,0.42335564,0.42166397
41.480076,0.24022612,0.364999,0.42398134,0.42151487
41.490074,0.2394203,0.36488572,0.42344102,0.42128643
41.500076,0.2408937,0.36462754,0.4241831,0.42117077
41.510075,0.23996668,0.36477563,0.42393515,0.42156836
41.520077,0.24009165,0.36481467,0.42329732,0.42153472
41.530075,0.2407142,0.36478478,0.4242221,0.42144763
41.540073,0.24019699,0.36457387,0.42353046,0.42186084
41.550076,0.24019244,0.36453322,0.42289552,0.4216116
41.560074,0.24024296,0.3646174,0.42416012,0.42095846
41.570072,0.24118806,0.3649613,0.42327243,0.42100787
41.580074,0.24072543,0.36521798,0.42356098,0.42121318
41.590076,0.24062002,0.36537477,0.42372817,0.4215127
41.600075,0.24059638,0.3648509,0.42327747,0.42178974
41.610077,0.24106124,0.36490464,0.42359865,0.42082894
41.620075,0.24001421,0.3645929,0.42321542,0.4213096
41.630074,0.24090973,0.36513886,0.42300066,0.4214744
41.640076,0.23998673,0.3648343,0.42313308,0.4211425
41.650074,0.23971394,0.36463195,0.42291978,0.42160335
41.660076,0.24010326,0.36489683,0.42232636,0.42154846
41.670074,0.24084984,0.36500913,0.4233589,0.421051
41.680077,0.2408506,0.365232,0.42279503,0.42130926
41.690075,0.24099381,0.36482206,0.42304924,0.42145577
41.700073,0.24053876,0.36563784,0.42278278,0.4210992
41.710075,0.24077801,0.36518553,0.42262778,0.4210801
41.720074,0.24120376,0.3648887,0.42298084,0.42094368
41.730076,0.24046807,0.3649139,0.42283103,0.421167
41.740078,0.24071094,0.36594293,0.42300266,0.42031398
41.750072,0.24080491,0.3649184,0.42272243,0.42110956
41.760075,0.24116342,0.36530924,0.42269716,0.42139408
41.770077,0.24063751,0.36511573,0.4226122,0.42132127
41.780075,0.24115603,0.36600655,0.42270714,0.42103305
41.790073,0.23954897,0.36598334,0.4214903,0.41980186
41.800076,0.24108277,0.36584428,0.42464745,0.4200202
41.810074,0.24060084,0.36478633,0.422862,0.4193094
41.820072,0.24066056,0.3644831,0.42470646,0.42259985
41.830074,0.24059813,0.36459395,0.42298952,0.42142013
41.840073,0.24000564,0.3650754,0.42207614,0.42101538
41.850075,0.24092558,0.3654124,0.42245984,0.4207726
41.860073,0.24060854,0.36387846,0.4226054,0.42068794
41.87007,0.24006015,0.3648898,0.42195627,0.42081252
41.880077,0.2399938,0.36465612,0.42172143,0.42054874
41.890076,0.23979682,0.36513776,0.42180115,0.42035812
41.90009,0.24062106,0.36507922,0.42256868,0.41994673
41.910088,0.23942934,0.36504254,0.42206413,0.42040405
41.920082,0.24004352,0.36452508,0.42210245,0.42133638
41.930077,0.23925115,0.36577514,0.42273,0.42093384
41.940075,0.23997368,0.3645135,0.42141834,0.42088673
41.950077,0.24034286,0.3662032,0.42218053,0.42004398
41.960075,0.23987532,0.36515886,0.42204496,0.42012033
41.970074,0.24052435,0.36533332,0.42177787,0.42007804
41.980076,0.2402476,0.36382204,0.42211017,0.42006677
41.990074,0.24017909,0.36463082,0.42234242,0.42101708
42.00008,0.2400801,0.36473253,0.42207086,0.42011485
42.010075,0.23894984,0.36419988,0.42146766,0.42006966
42.020077,0.2401222,0.3650331,0.42196465,0.4203981
42.030075,0.24013257,0.36592582,0.42204854,0.42048687
42.040077,0.24039912,0.36521032,0.42181543,0.41986573
42.050076,0.24032654,0.3655997,0.42154616,0.42076093
42.060074,0.24063322,0.36512986,0.42175016,0.4203182
42.070072,0.23991667,0.365871,0.4207952,0.41993594
42.080074,0.24072249,0.36568996,0.42180523,0.42090324
42.090073,0.23988003,0.3657117,0.42179462,0.4206933
42.100075,0.24151546,0.36558452,0.42176828,0.4200977
42.110073,0.24087651,0.3650378,0.42190185,0.42056417
42.12007,0.24162397,0.36540273,0.42141184,0.4204976
42.130077,0.24057965,0.3650877,0.42138442,0.41978735
42.140076,0.24074973,0.36572027,0.42089716,0.42025518
42.150074,0.24074176,0.36519513,0.42123622,0.42002678
42.160076,0.24114704,0.36538795,0.42124572,0.42012015
42.170074,0.24046992,0.36494973,0.42116755,0.4201787
42.180073,0.2401426,0.36536312,0.4208095,0.4193245
42.190075,0.24050832,0.36552802,0.42140594,0.41933137
42.200073,0.24138586,0.36572355,0.42097485,0.41968486
42.210075,0.24129859,0.36551753,0.42079616,0.4204028
42.22008,0.24042189,0.36532122,0.42072716,0.4195561
42.230072,0.24129988,0.36552915,0.42101836,0.41966537
42.240078,0.2412059,0.36520892,0.42122728,0.41977146
42.250072,0.24003427,0.36484432,0.4212865,0.41997907
42.260075,0.24102592,0.36595607,0.42069367,0.4198909
42.270077,0.24102145,0.36548063,0.42087486,0.42007253
42.280075,0.24026692,0.36548457,0.42161644,0.4200675
42.290073,0.24018785,0.3655938,0.4212673,0.4196251
42.300076,0.24013707,0.36568555,0.42004845,0.4201195
42.310074,0.24009623,0.3656986,0.42112783,0.41982186
42.320076,0.24049696,0.36619622,0.4206196,0.41912252
42.330074,0.24023165,0.36498955,0.4210008,0.4192661
42.340073,0.24054502,0.3649279,0.42061743,0.41957268
42.350075,0.23925678,0.3643049,0.4204976,0.41923985
42.36008,0.24060953,0.365731,0.42056283,0.41893914
42.370075,0.24019594,0.36550313,0.42055368,0.4191838
42.380077,0.24011989,0.36531296,0.42050976,0.4192331
42.390076,0.24038306,0.3655413,0.42003122,0.41897744
42.400085,0.24148913,0.365845,0.42001408,0.41870153
42.410084,0.24024996,0.36552978,0.42016178,0.4188527
42.420074,0.23946689,0.3657028,0.4208656,0.4197298
42.430073,0.24022709,0.3654889,0.4204499,0.41930738
42.44008,0.2410949,0.36533943,0.42051172,0.41902074
42.450073,0.24005157,0.36490607,0.42018384,0.41927484
42.460075,0.2409346,0.36487764,0.42063642,0.42001456
42.470104,0.24010208,0.36462918,0.42050952,0.41927505
42.480076,0.2405011,0.36551896,0.41967338,0.41835287
42.490074,0.24060345,0.3651602,0.41976812,0.4186445
42.500076,0.24054971,0.3649087,0.42018238,0.41841352
42.510075,0.2389597,0.36518663,0.4204529,0.41810748
42.520077,0.24036537,0.3655262,0.41954282,0.41888008
42.530075,0.23988783,0.36538345,0.42009822,0.41804084
42.540077,0.2406781,0.36576027,0.41959506,0.41845796
42.550076,0.24055856,0.36559018,0.42027265,0.4188315
42.560074,0.24171183,0.36525095,0.41954327,0.41890118
42.570072,0.24097376,0.3652869,0.42018443,0.4193349
42.580074,0.24152155,0.36628872,0.41998857,0.41870803
42.590076,0.240436,0.3658851,0.42003396,0.419212
42.600075,0.24044892,0.36568743,0.41926676,0.41869462
42.610073,0.2407684,0.36640602,0.4197187,0.4196683
42.620075,0.24072555,0.36581957,0.4192697,0.41837376
42.630074,0.24050601,0.36601698,0.41984943,0.41884902
42.64007,0.2402034,0.3655413,0.4195568,0.4181939
42.650074,0.24052693,0.365686,0.4199678,0.41858232
42.660076,0.24029075,0.36542636,0.41912892,0.41903865
42.670074,0.24096651,0.36555782,0.41955423,0.41856542
42.680077,0.24072815,0.36546507,0.41929287,0.41869354
42.69007,0.23997927,0.36557788,0.41928923,0.4181258
42.700077,0.2411321,0.365547,0.4191531,0.4181427
42.710075,0.24121849,0.36520848,0.41995656,0.4183645
42.720074,0.24112289,0.365669,0.41937387,0.41823474
42.730076,0.24053429,0.3654982,0.41862756,0.4179204
42.740074,0.24116963,0.3666622,0.41920134,0.41803247
42.750076,0.24133994,0.36615345,0.41939557,0.41817772
42.760075,0.24097395,0.36585253,0.41955885,0.41829106
42.770077,0.240485,0.36585706,0.4187559,0.41840553
42.780075,0.24117474,0.3657142,0.41968918,0.41805878
42.790073,0.24004535,0.3656127,0.4196889,0.41745025
42.800076,0.24057108,0.3662996,0.41841736,0.41770297
42.810074,0.2404774,0.3659006,0.41905904,0.41802788
42.820076,0.24033776,0.36572874,0.4191968,0.4181863
42.830074,0.24096762,0.36559403,0.41937113,0.41775495
42.840076,0.24075077,0.36575443,0.41921774,0.41794807
42.850075,0.24053298,0.36559054,0.4190093,0.4178452
42.860073,0.24019262,0.36445895,0.41877338,0.41784126
42.87007,0.24059276,0.3652439,0.41904056,0.41711038
42.880074,0.24003077,0.36587915,0.41876885,0.417534
42.89007,0.23954333,0.3651287,0.4193588,0.41711876
42.900093,0.24070646,0.36597073,0.41944808,0.41783905
42.910084,0.2404325,0.36560664,0.41820458,0.41790217
42.920086,0.24069935,0.36548445,0.41827855,0.4175881
42.93008,0.23981196,0.36575106,0.41859174,0.41854727
42.940075,0.24021901,0.36575642,0.4187518,0.41814354
42.950073,0.24122909,0.36610264,0.4186813,0.41776413
42.960075,0.24073286,0.36541843,0.41833976,0.41697758
42.970074,0.24106584,0.36637384,0.41820136,0.41794506
42.98008,0.24081483,0.3658085,0.41782096,0.41812634
42.990074,0.24118482,0.36555466,0.41792142,0.41726342
43.00008,0.24036278,0.36644956,0.4184122,0.41721976
43.01008,0.24008882,0.36584356,0.41776738,0.41675267
43.020077,0.24059758,0.3656369,0.41825566,0.4166519
43.030075,0.2409069,0.36619124,0.41846365,0.41753998
43.040073,0.24038514,0.36589158,0.41795152,0.41700414
43.05007,0.24086282,0.36619428,0.41798675,0.41739702
43.060074,0.2407441,0.36650503,0.41870037,0.4172906
43.070072,0.24089481,0.36555663,0.41812852,0.41704044
43.080074,0.24082258,0.36705256,0.41839522,0.4167617
43.090073,0.24110228,0.36606,0.41831192,0.4166877
43.100075,0.24109311,0.36664158,0.41753998,0.41709587
43.110077,0.24182902,0.36502326,0.4181029,0.41682315
43.120075,0.24110727,0.36629894,0.41789514,0.4168579
43.130074,0.24043077,0.36650753,0.41767216,0.4168072
43.14007,0.24071792,0.36594728,0.41765168,0.41675293
43.150074,0.24088249,0.36684775,0.4173006,0.41708234
43.160076,0.2399631,0.36584625,0.4181571,0.4167483
43.170074,0.24055034,0.36568257,0.41733062,0.41660506
43.180077,0.24088958,0.3661623,0.41737726,0.41696015
43.19007,0.24014944,0.3653004,0.41744804,0.41691443
43.200073,0.24051897,0.3659764,0.4174541,0.41666898
43.21008,0.24082285,0.36585882,0.41713366,0.41644776
43.220078,0.24082409,0.36602187,0.41809267,0.41625184
43.230076,0.2407531,0.36562803,0.41765824,0.4170758
43.240074,0.24064942,0.36535355,0.41756976,0.41624898
43.250072,0.24089427,0.36652717,0.41774276,0.41612774
43.260075,0.24048917,0.36614546,0.41727382,0.41646105
43.270077,0.2408521,0.36639082,0.41731012,0.4165026
43.280075,0.24084128,0.3660468,0.41754505,0.41584176
43.290073,0.24130031,0.36642814,0.4173212,0.41661906
43.30007,0.24126342,0.36609763,0.41709113,0.4168334
43.310074,0.23960581,0.36559358,0.41753083,0.41644087
43.320076,0.24048065,0.3656906,0.41774875,0.41549847
43.330074,0.24057855,0.36602512,0.4172328,0.41650128
43.340073,0.2408514,0.3658182,0.4166478,0.41564363
43.350075,0.24083021,0.36637947,0.4176108,0.416039
43.360073,0.24114749,0.36572334,0.41665873,0.41595596
43.370075,0.24030572,0.3654979,0.41737586,0.41594005
43.380074,0.24115261,0.36667004,0.41765454,0.4162933
43.39007,0.24069956,0.36620983,0.41672954,0.4152979
43.400097,0.24002223,0.36620328,0.41684395,0.41551378
43.410084,0.24050084,0.36595312,0.4163079,0.4156355
43.42008,0.24165347,0.36634412,0.4172644,0.415692
43.430077,0.24017337,0.3655359,0.41692618,0.415935
43.440075,0.24104084,0.3666428,0.41675606,0.41590983
43.450073,0.24193197,0.36620188,0.41635737,0.41555756
43.460075,0.24103253,0.3665228,0.41719836,0.415845
43.470074,0.24064583,0.36634123,0.41724914,0.41551402
43.480072,0.24085557,0.36583376,0.4171994,0.41554004
43.490074,0.24048316,0.3670095,0.41646844,0.41545832
43.50008,0.24133402,0.36692184,0.4158779,0.41528723
43.510075,0.24075645,0.36566648,0.41668865,0.4154978
43.520077,0.24100108,0.36645663,0.41641185,0.4158285
43.530075,0.24048813,0.36592156,0.41631988,0.41518122
43.540073,0.24078645,0.3657456,0.4160517,0.41519445
43.550076,0.24188736,0.3668639,0.41622204,0.41529384
43.560074,0.24099143,0.36608195,0.416484,0.41486827
43.570072,0.24124537,0.36697543,0.416419,0.4148292
43.580074,0.2404352,0.3656712,0.41570356,0.41509357
43.590076,0.24105832,0.36727387,0.41665867,0.41478544
43.60007,0.24087481,0.36675635,0.41652244,0.41499293
43.610077,0.24090779,0.3667796,0.4170867,0.41508007
43.62007,0.24046616,0.36617413,0.416182,0.41562375
43.630074,0.24096474,0.36642328,0.41636583,0.41425344
43.640076,0.24117428,0.36589888,0.4158611,0.41509363
43.650074,0.2410459,0.36684638,0.41565597,0.41495907
43.660076,0.24108188,0.3661546,0.41549453,0.41487947
43.670074,0.24096166,0.36606473,0.41577455,0.41543156
43.680077,0.24106798,0.36622426,0.41637674,0.41412646
43.690075,0.23922473,0.36615694,0.41543862,0.41479394
43.700077,0.24191251,0.36660734,0.41587132,0.4149865
43.710075,0.24122265,0.36661267,0.41581,0.4143212
43.720074,0.2414633,0.36614293,0.41535592,0.414838
43.730076,0.24109834,0.36594462,0.41485626,0.41464716
43.740074,0.2415459,0.3662852,0.41567963,0.4142925
43.750076,0.24077713,0.36606136,0.41557673,0.4144597
43.760075,0.24074197,0.3670759,0.41523358,0.41440353
43.770073,0.24065748,0.36597556,0.41542774,0.41445157
43.78007,0.24119711,0.3669989,0.41530752,0.4148515
43.790073,0.24035938,0.3657169,0.41527042,0.4138056
43.800076,0.24188101,0.36614627,0.41531345,0.41451013
43.810074,0.241513,0.3658111,0.4152426,0.41340387
43.820076,0.24174383,0.36555824,0.41593897,0.41403311
43.830074,0.24097036,0.36624366,0.4150639,0.41416186
43.840073,0.24155614,0.36738282,0.4153382,0.4142799
43.850075,0.24119572,0.36667007,0.4145753,0.41402712
43.860073,0.24030249,0.3667678,0.41501907,0.41402033
43.870075,0.24128592,0.366414,0.41485462,0.41371283
43.880074,0.24120931,0.36643323,0.4155617,0.4139512
43.89007,0.24130058,0.36710992,0.41541612,0.4139847
43.90008,0.23977886,0.36615908,0.41487774,0.41364262
43.910084,0.24097195,0.36619884,0.41538882,0.41417626
43.920086,0.24140131,0.36588028,0.41452643,0.41397563
43.930077,0.24025059,0.36675623,0.41545966,0.4142362
43.940075,0.24101998,0.3661063,0.41482982,0.4138234
43.950073,0.24143864,0.36654758,0.41490206,0.41433442
43.96007,0.24093103,0.3663251,0.41467452,0.41345346
43.970074,0.24091335,0.3664149,0.41482323,0.41410783
43.980076,0.24106748,0.3663674,0.41454354,0.413459
43.990074,0.24080211,0.3665168,0.41441193,0.4132163
44.00008,0.24112159,0.36676204,0.4147643,0.4133741
44.01007,0.24080102,0.36660045,0.41414112,0.41334036
44.020073,0.24075863,0.36640432,0.41472974,0.41321814
44.030075,0.2407712,0.3662653,0.41466388,0.41297635
44.040077,0.24134782,0.3663445,0.41407397,0.41356313
44.050076,0.24077834,0.36644357,0.41468608,0.41261643
44.060074,0.24127768,0.36662975,0.41483712,0.41328666
44.070072,0.24094507,0.36653325,0.4148307,0.4128785
44.080074,0.24130459,0.367371,0.4138755,0.41294056
44.090073,0.24008009,0.36565718,0.41386613,0.41284302
44.100094,0.24075061,0.36527535,0.4136427,0.41348526
44.110073,0.2401511,0.36574796,0.4131651,0.41319725
44.120075,0.23985597,0.3648138,0.41371152,0.41244572
44.130074,0.23923452,0.3657011,0.41378984,0.413394
44.140076,0.23994233,0.36639917,0.41403636,0.41242853
44.150074,0.2404964,0.36460614,0.41354936,0.4120266
44.160076,0.23923308,0.36560032,0.41286707,0.4129268
44.170074,0.2409895,0.36633962,0.41432658,0.4127506
44.180073,0.24095389,0.36591843,0.41351947,0.41256347
44.190075,0.24122636,0.36682513,0.41345763,0.41266295
44.200073,0.24130316,0.36623248,0.41335183,0.41261294
44.210075,0.24099684,0.36669216,0.4135391,0.41277388
44.220078,0.24123448,0.36652267,0.41378358,0.41262946
44.230076,0.24165888,0.36706504,0.41377386,0.41186887
44.240074,0.24101222,0.36674523,0.41336143,0.41228977
44.250076,0.24099168,0.36682096,0.41392174,0.41255298
44.260075,0.24086007,0.36657688,0.41383937,0.41177985
44.270073,0.2417423,0.36725348,0.41338262,0.41264635
44.280075,0.24080926,0.36665168,0.41314483,0.41296902
44.290073,0.2408341,0.36732253,0.41338256,0.41302225
44.30007,0.24117827,0.36706516,0.41265488,0.41239712
44.310078,0.24101852,0.36742306,0.4137581,0.41216752
44.320076,0.2419193,0.36721343,0.41349915,0.4122382
44.330074,0.2415743,0.3667232,0.4139936,0.41142702
44.340076,0.24186432,0.36613548,0.4129859,0.4114978
44.350075,0.24053796,0.36681437,0.41340962,0.41199538
44.360077,0.242014,0.3662096,0.4132237,0.41154185
44.37008,0.24093394,0.36672023,0.41385815,0.411933
44.380074,0.24091372,0.36684027,0.41266373,0.4115044
44.390076,0.24037263,0.36721033,0.41317633,0.4109979
44.400078,0.239908,0.36611757,0.4126055,0.41186228
44.410084,0.24053957,0.36644045,0.4126695,0.412486
44.420074,0.24133153,0.36716205,0.41304237,0.41272464
44.430077,0.24147378,0.36731914,0.41263974,0.4118114
44.440075,0.24145645,0.36654952,0.4128118,0.4114145
44.450073,0.24094273,0.36690745,0.41258904,0.41204688
44.460075,0.24072021,0.36673194,0.41273963,0.41108996
44.470074,0.24124119,0.36634788,0.4125693,0.41099432
44.480076,0.24044195,0.36743554,0.412758,0.41175494
44.490074,0.23951045,0.36650163,0.4120666,0.41117564
44.500076,0.24095067,0.36612517,0.41243166,0.41123354
44.510075,0.24111432,0.36681795,0.41207442,0.4116858
44.520077,0.24155733,0.36645985,0.4130908,0.41162705
44.530075,0.24034148,0.3672427,0.4125449,0.41161814
44.540073,0.24098672,0.36674482,0.41153902,0.4106604
44.550076,0.24085371,0.3670244,0.4113876,0.41155276
44.560078,0.23878436,0.3665515,0.41235504,0.41049513
44.570076,0.24051829,0.36771968,0.4122291,0.4120538
44.580074,0.2408822,0.36732337,0.41148835,0.41112503
44.590073,0.2406869,0.36637124,0.4120679,0.41176245
44.600174,0.24019009,0.36693022,0.4123359,0.4114234
44.6101,0.24140461,0.36755338,0.41249534,0.41107458
44.620075,0.24085315,0.3668594,0.41219106,0.4111478
44.630077,0.24102713,0.3670104,0.41291952,0.4112519
44.64007,0.24107777,0.3672854,0.41193524,0.4106779
44.650074,0.2410962,0.36739832,0.4128246,0.41106868
44.660076,0.24037372,0.36633113,0.41204995,0.41039133
44.670074,0.24149524,0.36676678,0.41203368,0.41120315
44.680077,0.24159618,0.36672717,0.41250682,0.41119835
44.690075,0.24117853,0.36736062,0.41191298,0.41115412
44.700073,0.24144784,0.3670494,0.41202486,0.4103426
44.71009,0.2407703,0.36727375,0.41151378,0.41073823
44.720078,0.2409757,0.36745387,0.41228127,0.41096342
44.730076,0.24079888,0.36697775,0.41180706,0.41074157
44.74007,0.24163432,0.36742222,0.41193756,0.41154045
44.750076,0.24159147,0.36735934,0.4110941,0.40994626
44.760075,0.24173556,0.36745694,0.41180974,0.41025737
44.770073,0.24139236,0.3667941,0.4114337,0.41057634
44.780075,0.24167135,0.36789885,0.4125738,0.4100356
44.790073,0.24154554,0.36712375,0.41190618,0.40977055
44.800076,0.24127476,0.3673924,0.41198918,0.41052833
44.810074,0.24122547,0.36733142,0.41110766,0.41019103
44.820076,0.24127524,0.36788118,0.41150886,0.40964338
44.830074,0.24122357,0.36667782,0.41155866,0.40986517
44.840073,0.2411873,0.3672291,0.41172713,0.40931335
44.850075,0.24096456,0.36720648,0.41069725,0.4101393
44.860073,0.24106228,0.36675265,0.41172433,0.4102452
44.870075,0.24149117,0.36662868,0.41165105,0.40991312
44.880074,0.24139592,0.36779755,0.41109905,0.4094673
44.89007,0.24056566,0.36702603,0.41095257,0.4101147
44.900074,0.23971193,0.3659748,0.41113105,0.40973192
44.910084,0.24162665,0.36694852,0.41143978,0.40969035
44.920086,0.2406234,0.3670442,0.41035515,0.40996662
44.930077,0.24083225,0.36679387,0.41148928,0.41045815
44.940075,0.24062188,0.36695263,0.41134638,0.40977365
44.950073,0.24099056,0.36740944,0.41106245,0.41000828
44.960075,0.24098156,0.36686152,0.41071346,0.4095958
44.970074,0.24109945,0.3672547,0.41134712,0.40951812
44.980087,0.23962477,0.36679393,0.41081175,0.40988407
44.99009,0.24155901,0.3669028,0.41102415,0.40927118
45.00009,0.24095498,0.3671268,0.41012368,0.40957624
45.01008,0.24157974,0.36651328,0.4109947,0.40922794
45.020077,0.24104668,0.3671429,0.4107862,0.40940693
45.03008,0.24172705,0.36725685,0.41076514,0.4091696
45.040077,0.24130411,0.36795688,0.41075116,0.4089526
45.050076,0.24210685,0.36746684,0.4106916,0.40880394
45.060085,0.2420116,0.3680862,0.4111503,0.40847638
45.07008,0.24164999,0.36805114,0.4114057,0.4086237
45.08008,0.24180506,0.36795756,0.41108555,0.40927827
45.09008,0.2412026,0.36792696,0.41100454,0.4089431
45.10008,0.24286631,0.36717376,0.41127166,0.4087093
45.11008,0.24151799,0.36696684,0.4106717,0.40871873
45.12008,0.24208693,0.3679661,0.41129723,0.4088508
45.130077,0.24187183,0.36764118,0.4104561,0.4096379
45.140076,0.24133699,0.3682734,0.411004,0.4089874
45.150074,0.24170132,0.36777613,0.410121,0.40919244
45.160076,0.24075617,0.36723253,0.4104217,0.40888748
45.170074,0.24132831,0.36766398,0.410017,0.40942138
45.180077,0.24085417,0.36708236,0.4110548,0.40880987
45.19007,0.24176227,0.36740768,0.41032648,0.40870133
45.200073,0.24157548,0.36737278,0.41056293,0.40835634
45.210075,0.24115157,0.36708197,0.41034502,0.40742397
45.2201,0.2409103,0.36732063,0.4105019,0.40891305
45.230076,0.24191727,0.367887,0.4104838,0.4089607
45.240074,0.24063642,0.36707187,0.41032982,0.40804642
45.250076,0.24110636,0.36804074,0.41087815,0.40859225
45.260075,0.24114189,0.3674097,0.41017243,0.4087641
45.270084,0.24166241,0.3672902,0.40998653,0.40844193
45.280075,0.24154378,0.3668612,0.4108229,0.408936
45.290077,0.24148364,0.36739376,0.41013288,0.4084269
45.300076,0.24101515,0.36763328,0.41006428,0.40823826
45.310074,0.24006851,0.36763433,0.41066325,0.40836754
45.32009,0.24154125,0.3675818,0.41022158,0.40859312
45.33008,0.241366,0.3680476,0.41047335,0.40781134
45.340076,0.24180335,0.36739075,0.4094046,0.40788522
45.350075,0.2410222,0.36692193,0.41073498,0.40808585
45.360073,0.24085198,0.36850348,0.410185,0.40802234
45.370075,0.24194045,0.36680803,0.410149,0.40768763
45.380074,0.24147496,0.3680231,0.41063592,0.40808246
45.39008,0.23967057,0.36689678,0.4101847,0.40775138
45.400078,0.24194564,0.36733505,0.4096781,0.40789178
45.410088,0.24086192,0.36657742,0.4102064,0.40849754
45.4201,0.24195634,0.36750305,0.4101914,0.40809438
45.430077,0.2407419,0.36788166,0.4101599,0.40792793
45.440075,0.24164097,0.36749196,0.41055056,0.40757233
45.450073,0.24133547,0.36716783,0.41003785,0.40765813
45.460075,0.24190551,0.36760816,0.40973094,0.4075895
45.470078,0.24101727,0.367522,0.40950245,0.40782958
45.480072,0.24176116,0.36808282,0.41070858,0.40724337
45.490074,0.2411895,0.36773574,0.41017795,0.40787557
45.500076,0.24098127,0.36784187,0.4100041,0.40733492
45.510075,0.24092804,0.36742944,0.40974534,0.40736455
45.52009,0.24209614,0.36770466,0.40985826,0.4073378
45.53007,0.24207342,0.36784676,0.40952873,0.40731886
45.540077,0.24122274,0.36768273,0.40960816,0.40702352
45.550076,0.24164054,0.36936703,0.41002774,0.40760073
45.560078,0.24177414,0.36823347,0.4099081,0.40709716
45.570076,0.24116234,0.3679353,0.40959075,0.40719092
45.580074,0.24145098,0.36789918,0.409522,0.4072374
45.590076,0.24191256,0.36813757,0.40989342,0.40745226
45.600075,0.24155489,0.3666033,0.41003948,0.4066719
45.610077,0.24157158,0.3678036,0.40992886,0.40719938
45.62009,0.241204,0.36748916,0.40995923,0.40729895
45.630074,0.24098943,0.36861223,0.40952757,0.4068842
45.640076,0.24163622,0.36742526,0.40947992,0.40702006
45.650074,0.241958,0.36781693,0.40992135,0.4068545
45.660076,0.2421856,0.36795837,0.40995744,0.40681443
45.670074,0.24140401,0.36730993,0.40996262,0.4068666
45.680073,0.24108191,0.3682945,0.40948442,0.40673846
45.69008,0.24144594,0.36765465,0.40953153,0.40635186
45.700077,0.24160907,0.36764523,0.40992686,0.40711308
45.710075,0.24092549,0.36739323,0.40925753,0.4069226
45.720085,0.24146858,0.36821854,0.40916786,0.4074323
45.730076,0.24138424,0.36850852,0.40930393,0.40693125
45.740074,0.24136963,0.36810172,0.40990916,0.4067382
45.750076,0.24196135,0.36741453,0.40953434,0.40706593
45.760075,0.2418661,0.36855292,0.4097151,0.40627342
45.770073,0.24115694,0.36787093,0.4090888,0.40623602
45.780075,0.24168059,0.36833727,0.40954572,0.4067131
45.790073,0.24168871,0.367938,0.40953338,0.40660048
45.800076,0.24185407,0.3681579,0.40897512,0.40659845
45.810078,0.2415313,0.3674696,0.40882364,0.40571436
45.82008,0.241123,0.36754936,0.40923545,0.4058521
45.830074,0.24158873,0.36755535,0.40976813,0.40581742
45.840073,0.24142465,0.36789563,0.40916023,0.40605548
45.85008,0.24164432,0.36796618,0.40960097,0.40635693
45.860077,0.242009,0.36718845,0.4098135,0.40604672
45.870075,0.24196553,0.36782798,0.4093039,0.40587893
45.880077,0.24095516,0.3681207,0.4095337,0.4055548
45.89007,0.24142775,0.36810213,0.4093452,0.40610597
45.900078,0.24133408,0.3670291,0.4084339,0.4053864
45.91009,0.24029078,0.36764464,0.4099219,0.40703303
45.920113,0.2415343,0.36780646,0.4089284,0.4058455
45.930077,0.24155231,0.3688424,0.40905866,0.40587366
45.94008,0.24097127,0.36756614,0.40942743,0.40654835
45.950073,0.2425942,0.3683313,0.40902075,0.405778
45.960075,0.24153215,0.36760277,0.40884984,0.4066465
45.970078,0.24135187,0.36747426,0.40941757,0.40569383
45.980072,0.24175131,0.36822554,0.4094987,0.40548345
45.990074,0.24144433,0.3681861,0.4090539,0.40585032
46.000084,0.2416678,0.36751664,0.40937334,0.4059365
46.010075,0.24160808,0.36714143,0.40900698,0.40552333
46.020073,0.24169786,0.36749512,0.40894976,0.40497828
46.030075,0.24143274,0.3679675,0.40931806,0.4047657
46.040077,0.24188681,0.3688018,0.40887773,0.4056565
46.050076,0.24197868,0.36749494,0.4091065,0.40537715
46.060078,0.24187028,0.36853555,0.409888,0.40582076
46.070072,0.24161659,0.36798745,0.4088002,0.40476486
46.080074,0.24255371,0.36863357,0.40864882,0.4055792
46.090076,0.24134225,0.3684107,0.4087981,0.40540603
46.10008,0.24179454,0.36803317,0.4084055,0.40475538
46.110077,0.24202378,0.36764538,0.40869638,0.40504873
46.120075,0.24164683,0.3687971,0.4091219,0.40496
46.130074,0.24222638,0.3689895,0.4091558,0.40523577
46.140076,0.24196506,0.36793,0.40945292,0.40539923
46.150074,0.24196643,0.36731464,0.40846467,0.40513822
46.160076,0.2419226,0.36770198,0.40912357,0.40519193
46.17008,0.24122548,0.36763585,0.4093095,0.40496236
46.180073,0.2417154,0.36860457,0.4086337,0.40488356
46.190075,0.24157858,0.36841968,0.40910104,0.40494955
46.200073,0.24183422,0.36764237,0.4087823,0.40488112
46.210083,0.2417444,0.36849272,0.40935856,0.40509027
46.220078,0.2411003,0.36793265,0.408967,0.40447608
46.230076,0.24220575,0.3688843,0.40847266,0.40502077
46.240074,0.24145141,0.36827108,0.40897596,0.404452
46.250072,0.24254923,0.3689364,0.4099407,0.40437454
46.260075,0.24121156,0.36819184,0.40802675,0.40475994
46.27008,0.24063553,0.3688879,0.40881485,0.4049273
46.280075,0.24179293,0.3689402,0.40863258,0.40443486
46.290077,0.24140073,0.36870128,0.40865156,0.40496364
46.300076,0.24101587,0.36741972,0.40901268,0.4047963
46.310074,0.24163847,0.3684058,0.40897188,0.4050453
46.320072,0.24059609,0.368339,0.40827402,0.4049572
46.330074,0.2419915,0.36875522,0.40909252,0.404538
46.34007,0.24167773,0.36862606,0.40898135,0.40439212
46.350082,0.24150541,0.36822578,0.4095555,0.4043519
46.360085,0.24204177,0.36847597,0.40850997,0.40372646
46.37007,0.24085765,0.36766988,0.40815586,0.4039085
46.380077,0.243216,0.368987,0.4089943,0.40436918
46.39007,0.23956376,0.36808723,0.4079718,0.40444624
46.400078,0.24226205,0.36898908,0.4088212,0.40445217
46.410088,0.24215966,0.36749572,0.4079435,0.4036184
46.42008,0.24198164,0.36801168,0.40823516,0.40395212
46.430073,0.24133587,0.3679684,0.40910736,0.40402886
46.440075,0.24154039,0.3679609,0.40895405,0.40459546
46.450077,0.2420007,0.36783636,0.40871164,0.40374628
46.460075,0.24200335,0.36837682,0.40895566,0.4036877
46.470078,0.241397,0.3682924,0.40840244,0.4038212
46.480076,0.24146889,0.36841026,0.40875706,0.40442613
46.490074,0.2420011,0.36830515,0.40780297,0.40338877
46.500076,0.24178825,0.3686984,0.4083556,0.40407336
46.510075,0.23991047,0.36693487,0.40842375,0.40412748
46.520077,0.2421083,0.36807576,0.40891114,0.403725
46.530075,0.24190424,0.368036,0.4093614,0.4038623
46.540073,0.24184777,0.36764044,0.40822566,0.4036624
46.550076,0.24332584,0.3691723,0.40860114,0.40357667
46.560074,0.24226527,0.36811632,0.40875244,0.40381417
46.570072,0.24179094,0.3682942,0.40776625,0.404254
46.580074,0.24257214,0.368606,0.40808055,0.4034377
46.590073,0.2418138,0.36917928,0.40948156,0.4039041
46.600075,0.24217026,0.3686057,0.40880767,0.40359586
46.610073,0.2423357,0.3684397,0.40919924,0.40404814
46.620075,0.24156494,0.36856124,0.40873554,0.4035452
46.630077,0.24196194,0.36832207,0.40850282,0.40341362
46.640076,0.24148601,0.3681211,0.40867046,0.40318918
46.650074,0.24188903,0.36852932,0.40877765,0.40346554
46.660072,0.2415528,0.3682951,0.40924194,0.402679
46.67008,0.2413051,0.36775562,0.4084849,0.4037918
46.680073,0.24196245,0.36903644,0.40819642,0.4034828
46.690075,0.2418071,0.36848623,0.40828127,0.40327564
46.700077,0.24167478,0.36840045,0.40853593,0.4033642
46.710075,0.24152324,0.36871317,0.40877375,0.4032225
46.720074,0.24185057,0.36936286,0.4081228,0.4033352
46.730072,0.24166346,0.36875516,0.40819284,0.40252936
46.740074,0.24178706,0.3694453,0.40821275,0.40301308
46.750072,0.24178757,0.36803553,0.40887186,0.40335396
46.760075,0.24238029,0.368738,0.40885147,0.40280354
46.770073,0.24168332,0.36829492,0.4083054,0.40241593
46.780075,0.24210504,0.36896682,0.40817872,0.4027411
46.790073,0.2413782,0.367872,0.4082661,0.40312874
46.80007,0.24163361,0.3680859,0.40880483,0.4032707
46.810074,0.24182467,0.36851406,0.40840843,0.40292645
46.820076,0.24221191,0.3679303,0.40854156,0.40258494
46.830074,0.24240854,0.36869878,0.4079131,0.40264884
46.840076,0.24233618,0.36785915,0.40786242,0.4024125
46.85007,0.24182034,0.36926442,0.40815952,0.4028256
46.860077,0.24085245,0.36713052,0.4089159,0.40118155
46.870075,0.24068925,0.36810294,0.40586838,0.40280178
46.880074,0.24112558,0.36794367,0.40886533,0.4035423
46.89007,0.2409294,0.3680237,0.40835693,0.40256143
46.900074,0.2408515,0.36779797,0.40812343,0.40271646
46.910084,0.24051572,0.36724046,0.40824217,0.40198022
46.92009,0.2401968,0.36731637,0.40781695,0.4027396
46.930077,0.24022421,0.36765864,0.4075427,0.40238643
46.940075,0.24146402,0.3688784,0.40854767,0.4027003
46.950077,0.2423634,0.3690724,0.40770864,0.40253136
46.960075,0.24192359,0.36845797,0.40874496,0.40210629
46.970074,0.24212417,0.3685569,0.40860373,0.40198162
46.98008,0.2419514,0.36877224,0.40799752,0.402003
46.990074,0.24121046,0.36774063,0.40801495,0.40194723
47.00008,0.24170734,0.3683658,0.40862507,0.4013656
47.010075,0.24092633,0.36811212,0.4081006,0.40211752
47.020077,0.24142112,0.368446,0.40801597,0.40177646
47.030075,0.24194634,0.36825937,0.40833607,0.40115878
47.04007,0.24119201,0.36863407,0.40826523,0.40228835
47.050076,0.24106862,0.36789104,0.40844086,0.40187517
47.060074,0.2417944,0.36871395,0.40795845,0.40203997
47.070072,0.24100445,0.36836517,0.40811592,0.40204406
47.080074,0.24186182,0.36857742,0.4082263,0.40120023
47.090073,0.24120152,0.36837384,0.4077004,0.40156183
47.100075,0.24231301,0.3685678,0.40773275,0.40176263
47.110073,0.24103,0.368554,0.4080112,0.40150875
47.120075,0.24218416,0.36901423,0.40855047,0.40209952
47.130077,0.24173723,0.36887804,0.40745676,0.40158808
47.140076,0.24206375,0.36795142,0.40855923,0.4014991
47.150074,0.2419078,0.36894408,0.40853995,0.40116704
47.160072,0.24164733,0.36925548,0.40842223,0.40133396
47.170074,0.24181259,0.36864734,0.40808907,0.40146428
47.180077,0.24171482,0.3692639,0.40784252,0.4012219
47.190075,0.24124296,0.3685385,0.40840214,0.40130708
47.200077,0.24143636,0.36839315,0.40797508,0.40131178
47.21007,0.24240246,0.36695525,0.40756896,0.40141764
47.220085,0.24140134,0.36853862,0.40712023,0.40139174
47.230076,0.24133405,0.36890188,0.40888643,0.40158758
47.240074,0.24173662,0.3682021,0.40797728,0.40165392
47.250076,0.24250539,0.36968732,0.40901992,0.40143567
47.260075,0.24193957,0.3690154,0.4078135,0.40137994
47.270073,0.2421254,0.3692173,0.4084337,0.4013881
47.280075,0.24166283,0.36910048,0.40878916,0.40131596
47.290073,0.24075706,0.3690397,0.4080808,0.40159926
47.30007,0.24205403,0.36924174,0.40896252,0.4015509
47.310074,0.24207348,0.36932617,0.40803468,0.40038195
47.320076,0.24191974,0.36900187,0.40909722,0.4019489
47.330074,0.24209714,0.36886615,0.40910298,0.39962742
47.340076,0.24195558,0.36866927,0.40986076,0.40242326
47.350075,0.2421033,0.36968192,0.40964204,0.40306875
47.360073,0.2420466,0.3698024,0.40770653,0.4000407
47.370075,0.2415784,0.36989504,0.40692332,0.3994209
47.380074,0.24221346,0.36724833,0.40877026,0.40002698
47.39007,0.24152865,0.3690435,0.40755692,0.39991182
47.400074,0.24245271,0.3687718,0.40919977,0.4000041
47.410084,0.2415177,0.3682245,0.4085267,0.4005237
47.42008,0.2416897,0.36910525,0.40847784,0.4007724
47.430073,0.24105988,0.36815995,0.4078737,0.40076998
47.440075,0.24211736,0.3689423,0.40777454,0.4006516
47.450073,0.24284731,0.3683001,0.40792066,0.4005074
47.460075,0.24234648,0.36867917,0.4087285,0.40064105
47.470074,0.24153985,0.36836535,0.40776286,0.40150207
47.480076,0.2414134,0.36851382,0.40797204,0.4012328
47.490074,0.24197711,0.36878943,0.40772995,0.4000984
47.500076,0.24126738,0.36816823,0.40825891,0.39991957
47.510075,0.24255484,0.36827213,0.40805334,0.3999624
47.520073,0.24185005,0.36824107,0.40809643,0.39968243
47.53009,0.2419461,0.3692176,0.4081172,0.39989775
47.540077,0.24217762,0.36924636,0.4081728,0.40030453
47.550076,0.24184954,0.36930194,0.40723914,0.40083632
47.560074,0.24194883,0.36870885,0.40838048,0.4002363
47.570076,0.2414334,0.368464,0.40888706,0.40048483
47.580074,0.241724,0.36880496,0.40856948,0.40032697
47.590073,0.24173144,0.36894035,0.40841562,0.40037027
47.600075,0.24184823,0.3690686,0.40805,0.39979288
47.610077,0.24260914,0.36938095,0.4084085,0.4002883
47.620075,0.24163444,0.3691362,0.40794125,0.3997355
47.63009,0.24134642,0.3695317,0.40857252,0.39954603
47.64007,0.24193257,0.36902645,0.40962008,0.4003522
47.650074,0.24263602,0.36891282,0.4082484,0.39990413
47.660076,0.2425262,0.36844954,0.40800723,0.39970574
47.670074,0.24201496,0.36954316,0.40800586,0.40011224
47.680077,0.24225481,0.3699621,0.407657,0.3998526
47.690075,0.24225527,0.36945128,0.40814248,0.40039128
47.700073,0.24214245,0.3693337,0.40879038,0.39990583
47.710075,0.2414783,0.36852887,0.40835252,0.39961964
47.720078,0.24272084,0.36920786,0.40818062,0.39969483
47.73009,0.24206963,0.36849484,0.40739474,0.39963326
47.740074,0.24175699,0.37006047,0.40874603,0.3999785
47.750076,0.2413555,0.36901602,0.40806925,0.39987364
47.76007,0.24196482,0.36979762,0.40831518,0.39992753
47.770077,0.2422847,0.36852258,0.40758276,0.39970165
47.780075,0.24280033,0.36950123,0.4083434,0.39977178
47.790073,0.24221705,0.3689919,0.4081074,0.4002016
47.800076,0.24193126,0.36923668,0.40924823,0.3997132
47.81007,0.2415574,0.36920363,0.40832147,0.39992002
47.820076,0.2428216,0.36930653,0.40796694,0.39942232
47.830082,0.24215528,0.3689577,0.40793678,0.39878
47.84008,0.24212636,0.3691467,0.40796855,0.39939654
47.85008,0.24189572,0.3691548,0.40834388,0.39939544
47.860077,0.24127658,0.3690407,0.40825766,0.39950362
47.87008,0.24244736,0.36952195,0.40826267,0.39926848
47.880074,0.24219272,0.36862224,0.4086836,0.39873528
47.890076,0.2405503,0.36906108,0.40821776,0.3986274
47.900074,0.24167041,0.3687796,0.40790406,0.39933464
47.910095,0.24206084,0.3686998,0.4085691,0.3996301
47.920097,0.2413513,0.3686912,0.40856805,0.39923948
47.930103,0.24101698,0.36888513,0.40880692,0.39919475
47.940075,0.24105409,0.3685727,0.40769532,0.39970824
47.950077,0.24106711,0.36859727,0.4085173,0.39965934
47.960075,0.24134712,0.36942694,0.40872833,0.398717
47.970074,0.24143794,0.36883807,0.407831,0.39917895
47.980072,0.24258584,0.3682682,0.40798223,0.39924708
47.99007,0.24177183,0.3686252,0.40873712,0.3994362
48.000084,0.24121104,0.3677483,0.40823236,0.39902046
48.010075,0.24085629,0.36851674,0.4086515,0.3992082
48.020073,0.24131924,0.3684726,0.40804443,0.39885765
48.03007,0.2406579,0.36878878,0.40792367,0.39951998
48.040077,0.24223506,0.3689078,0.40818676,0.39910632
48.050076,0.24227701,0.3694234,0.4088053,0.3982012
48.060074,0.24242434,0.36907256,0.4086529,0.39877838
48.070072,0.24214399,0.36825296,0.40881896,0.39806852
48.08007,0.24286342,0.3694988,0.4088009,0.39857706
48.090073,0.24237819,0.369953,0.40837738,0.3985739
48.100075,0.2431524,0.36968914,0.40842763,0.39880857
48.110077,0.24257028,0.36908582,0.40853688,0.3985835
48.12007,0.24223666,0.36967188,0.4083382,0.39881986
48.130077,0.24198833,0.36882645,0.4087326,0.39826867
48.140076,0.24216981,0.36987364,0.4092591,0.39871728
48.150074,0.24232563,0.36978057,0.40835795,0.39831054
48.160076,0.2416577,0.36938363,0.40860584,0.39889833
48.170074,0.24200544,0.36943147,0.4089604,0.39850807
48.180077,0.24171986,0.3692384,0.40820536,0.39810038
48.19007,0.24194284,0.36909655,0.40876436,0.3988583
48.200073,0.24143697,0.36976817,0.40903717,0.3980598
48.210087,0.24249674,0.36931834,0.40876567,0.3972458
48.220078,0.24227712,0.3690508,0.409044,0.39803082
48.230076,0.24139667,0.36911035,0.4087217,0.39834005
48.240074,0.2418069,0.3690478,0.40883252,0.39885944
48.250072,0.24235818,0.37060115,0.40865234,0.39836365
48.260075,0.24177876,0.3690564,0.40888724,0.39798737
48.27008,0.24256699,0.36991003,0.40887502,0.3982772
48.28008,0.24222724,0.36924398,0.4087547,0.39858317
48.290085,0.24068466,0.3697523,0.4090445,0.39823622
48.30008,0.2421045,0.36924604,0.40895483,0.39798295
48.310078,0.24230005,0.36971965,0.40902114,0.39842463
48.320076,0.24154592,0.3690587,0.4085941,0.39857405
48.330074,0.24280152,0.36915722,0.40843067,0.39863878
48.340076,0.2418395,0.3690132,0.4084802,0.3978925
48.350075,0.24226886,0.36774144,0.40895453,0.39810556
48.360077,0.2419894,0.36994588,0.40873554,0.3977485
48.370186,0.24189931,0.36927515,0.40863544,0.39833346
48.380077,0.24237633,0.36962035,0.40900576,0.3975199
48.390076,0.24165757,0.3689874,0.4083338,0.39785722
48.400074,0.24283135,0.36966446,0.40896657,0.39785168
48.410152,0.24125342,0.36933506,0.4084804,0.39804342
48.42008,0.24225652,0.3695786,0.40828887,0.39787623
48.430077,0.24153653,0.36911193,0.40886974,0.39791292
48.44008,0.24212885,0.3698003,0.40853465,0.39813176
48.450077,0.24138829,0.37000024,0.4084392,0.39767763
48.460075,0.24236315,0.36994055,0.4087089,0.39808056
48.470078,0.24195041,0.3691098,0.40866464,0.39740148
48.480072,0.24177346,0.3696651,0.4089218,0.39793515
48.490074,0.2426366,0.369821,0.40877125,0.3978363
48.500076,0.24252708,0.3692923,0.40853566,0.39776653
48.510075,0.24302353,0.37001497,0.40807652,0.39768687
48.520077,0.2421122,0.37010297,0.4092126,0.3975395
48.530075,0.24318251,0.36967626,0.40869948,0.39774206
48.540073,0.24284185,0.3703444,0.40884656,0.39721984
48.550076,0.24299254,0.37035358,0.40830258,0.3975084
48.560074,0.24230762,0.37033573,0.408987,0.3975927
48.570076,0.24252921,0.3703072,0.40871796,0.3975413
48.580074,0.24227516,0.3693014,0.40922529,0.39704058
48.590073,0.24249464,0.37025708,0.40931258,0.39697275
48.600075,0.24205372,0.3697301,0.40833536,0.39736435
48.610077,0.24271727,0.37095174,0.40890402,0.39666855
48.620075,0.24287018,0.36952072,0.40870312,0.397647
48.630077,0.24334773,0.36986566,0.4089032,0.39719972
48.640076,0.24253719,0.369609,0.40855289,0.39724308
48.650074,0.24210416,0.36984643,0.40966362,0.39774516
48.660076,0.24276726,0.37009865,0.40893856,0.39755872
48.670074,0.24202639,0.36939707,0.4089966,0.39687163
48.680077,0.24253424,0.36947262,0.40926194,0.3976743
48.690075,0.24218315,0.3698937,0.4088003,0.3973538
48.700073,0.24197192,0.3700063,0.40893266,0.39758226
48.710075,0.24247974,0.37021962,0.40958136,0.3975293
48.720074,0.24259892,0.3702732,0.40882275,0.39769056
48.730076,0.24259849,0.36995557,0.4085146,0.39766607
48.74008,0.24237876,0.36924398,0.4085523,0.3966957
48.750076,0.24250428,0.369725,0.40836677,0.39713278
48.760075,0.24249306,0.36975205,0.40925443,0.39746988
48.770073,0.24245128,0.3694297,0.40916705,0.3967966
48.780075,0.24230643,0.37023243,0.40896562,0.39711028
48.790073,0.24268219,0.3696432,0.4080688,0.39674526
48.800076,0.24251138,0.36991876,0.4097093,0.39711732
48.810074,0.24238978,0.36966994,0.40890625,0.39643666
48.820076,0.24148658,0.36931136,0.40913084,0.3979169
48.830074,0.24211903,0.36954,0.40927267,0.39755744
48.840073,0.24222621,0.36978915,0.40856245,0.3968112
48.850075,0.2423216,0.3697819,0.4089002,0.39725238
48.860073,0.24297504,0.36983195,0.40897626,0.3974237
48.870075,0.24256487,0.369396,0.40943605,0.39697906
48.880074,0.24141456,0.3693523,0.40910742,0.39708504
48.89007,0.24211346,0.36963183,0.40916002,0.3964896
48.900074,0.24231638,0.36973864,0.4086338,0.3967118
48.910095,0.24165182,0.36990485,0.40889055,0.39605746
48.9201,0.241945,0.36970094,0.40870157,0.3966337
48.93009,0.24178419,0.37004632,0.40941396,0.39684784
48.940083,0.24153355,0.36998802,0.40967458,0.39718178
48.950077,0.24218614,0.3695225,0.4092643,0.396935
48.960075,0.24229117,0.36986285,0.40938595,0.39650926
48.970078,0.24200052,0.3696835,0.40964848,0.39596644
48.980076,0.2425461,0.3696621,0.4090235,0.39649662
48.990074,0.24227317,0.3701283,0.4087064,0.39682606
49.000084,0.2419995,0.36950853,0.40912753,0.39659864
49.010075,0.24269922,0.3700941,0.40891254,0.39655772
49.020077,0.24173789,0.3696831,0.4088295,0.3959537
49.03007,0.2423648,0.36940724,0.40870312,0.396251
49.040077,0.2423247,0.370261,0.40915138,0.39688286
49.050076,0.24121884,0.37100124,0.40923673,0.39646447
49.060078,0.24174458,0.3706068,0.40957472,0.396357
49.070076,0.24166974,0.3696719,0.40910205,0.39616427
49.080074,0.24279909,0.3699287,0.4092137,0.39677218
49.090073,0.24118459,0.36952516,0.40916094,0.3965788
49.100075,0.24241449,0.3701256,0.40879053,0.39638942
49.110073,0.24291378,0.36983657,0.4088034,0.39625067
49.120075,0.24280664,0.37044832,0.40910324,0.39646584
49.130074,0.2416111,0.3702744,0.4090021,0.39641476
49.14007,0.24240862,0.36977175,0.40900612,0.39647272
49.150074,0.24213257,0.37003228,0.40836722,0.39568746
49.160076,0.24312878,0.3696647,0.40907183,0.396098
49.170074,0.24188267,0.37028912,0.40908292,0.39654773
49.180073,0.24185991,0.36990014,0.4094732,0.39642438
49.190075,0.24263668,0.36999655,0.40971637,0.39625934
49.200073,0.24122256,0.37005985,0.40953186,0.3959431
49.210075,0.24278897,0.370051,0.40902174,0.39570388
49.220078,0.24188046,0.36966217,0.40919378,0.39641568
49.230076,0.24243243,0.37062654,0.40916654,0.39622194
49.240074,0.24186872,0.3696723,0.4093488,0.39626598
49.250072,0.24312402,0.3699632,0.4090148,0.39657214
49.26008,0.24208575,0.36902788,0.40840438,0.39614838
49.270073,0.24147011,0.36975384,0.40964422,0.39616248
49.280075,0.24180865,0.36983517,0.40912223,0.3965392
49.290073,0.2415201,0.3698352,0.40891862,0.3957785
49.300076,0.24210139,0.36938047,0.40870175,0.39576092
49.310074,0.2430879,0.3690259,0.40943605,0.39615038
49.320076,0.24198855,0.3695084,0.40851328,0.39615244
49.330074,0.24170347,0.36924776,0.4092163,0.39619008
49.340076,0.24216107,0.36986333,0.4090594,0.3961662
49.350075,0.24252592,0.36982867,0.4095062,0.39615023
49.360073,0.24264494,0.369932,0.40906245,0.39626497
49.37007,0.24266894,0.37079963,0.40879416,0.3965049
49.380074,0.24239963,0.37014046,0.40972307,0.3958659
49.39007,0.2421186,0.36971077,0.40917957,0.3960896
49.400074,0.24284713,0.37048364,0.40958178,0.39635405
49.4101,0.23992199,0.36965844,0.40860218,0.39561972
49.420086,0.24226518,0.37041873,0.40952015,0.39580542
49.430077,0.24255353,0.37003723,0.4093182,0.3955898
49.440075,0.24327222,0.37090588,0.4090559,0.39567816
49.450073,0.24188936,0.37018293,0.4090351,0.39637306
49.46007,0.24312465,0.37103575,0.40919954,0.39621034
49.470074,0.24211824,0.37058085,0.40948322,0.39588904
49.480076,0.24265061,0.37026864,0.40949392,0.3958116
49.490074,0.24277619,0.36963242,0.4097455,0.39567447
49.50008,0.24181128,0.37021,0.40912816,0.39560223
49.51007,0.24179837,0.36960712,0.40913948,0.39515793
49.520077,0.24307834,0.3703505,0.40950134,0.39560005
49.530075,0.24224511,0.37033764,0.40975899,0.39551046
49.540077,0.24254417,0.37043065,0.4091789,0.39569506
49.550076,0.24217774,0.37021932,0.40926808,0.39531133
49.560074,0.24202053,0.36872494,0.4090031,0.39558935
49.57008,0.24284136,0.37005585,0.40931275,0.3960358
49.580074,0.24248882,0.36983275,0.40925735,0.39550608
49.590073,0.24187098,0.37047818,0.4099451,0.39605606
49.600075,0.24248403,0.3692253,0.40949705,0.39568356
49.610073,0.24231465,0.3703853,0.40984386,0.39546254
49.620075,0.24227029,0.36879572,0.40888718,0.39498332
49.630074,0.24113877,0.369685,0.40911576,0.39533767
49.640076,0.24096055,0.36896998,0.40910742,0.3953567
49.650074,0.2407693,0.36921716,0.40951017,0.3949899
49.660076,0.24121472,0.36973837,0.40918788,0.3952153
49.670074,0.24173021,0.36904892,0.409173,0.3953831
49.680073,0.24157645,0.3681399,0.40907013,0.39577824
49.690075,0.24165547,0.37107143,0.41075516,0.3960311
49.700073,0.24112917,0.3689726,0.4094484,0.3957489
49.710075,0.24266106,0.37011233,0.40920347,0.39597607
49.720074,0.24305986,0.37018308,0.4099118,0.39552715
49.730072,0.24239078,0.37048745,0.40988994,0.3952815
49.740074,0.24239692,0.37084007,0.4096385,0.39510882
49.750076,0.24249287,0.37030023,0.40951252,0.3948839
49.760075,0.24309497,0.37035266,0.40990907,0.39465123
49.770077,0.24245496,0.37012368,0.40962666,0.39475387
49.780075,0.24290718,0.3715409,0.40989363,0.3951428
49.790073,0.2430363,0.37042904,0.40969476,0.3944497
49.80007,0.2426212,0.3704043,0.40960625,0.39534444
49.810074,0.24258262,0.37048,0.41006422,0.39520946
49.820076,0.24333653,0.37068266,0.41008675,0.39439997
49.830074,0.24299085,0.3705827,0.40933004,0.39463758
49.840073,0.24269275,0.3699143,0.40940434,0.3952364
49.85007,0.24202329,0.37161997,0.4102737,0.39448267
49.860077,0.24276471,0.37015435,0.4099844,0.39518464
49.870075,0.24208239,0.3701893,0.4102715,0.39487082
49.880077,0.24309336,0.37044653,0.40996343,0.39430684
49.890076,0.24256012,0.37030846,0.4096807,0.3946641
49.900074,0.24345584,0.37015742,0.40982738,0.3947894
49.910107,0.24292053,0.36850217,0.40975943,0.39524764
49.920105,0.24147901,0.3702427,0.40986666,0.3947718
49.93009,0.24236216,0.37058136,0.40866894,0.39539716
49.94008,0.24258877,0.3702547,0.40921918,0.39551288
49.950077,0.24162364,0.37094644,0.40998954,0.3950708
49.960075,0.24189416,0.36990732,0.41014662,0.39468688
49.970074,0.24220438,0.37043208,0.4097614,0.39477792
49.98008,0.2423566,0.3701925,0.40945187,0.39470214
49.990074,0.2410195,0.37054023,0.40970084,0.39465788
50.000084,0.24225168,0.36984915,0.4095548,0.39407316
50.01008,0.24235758,0.37018567,0.40961027,0.39381316
50.020073,0.2422815,0.37086606,0.40981424,0.39412832
50.03007,0.24174741,0.3706958,0.40995818,0.3951162
50.040077,0.24209246,0.37082663,0.40966007,0.39441976
50.050076,0.24259768,0.37048814,0.40993372,0.3944445
50.060074,0.24198115,0.3702697,0.40942708,0.39503464
50.070072,0.24191684,0.37023148,0.4100619,0.394548
50.080074,0.24219091,0.37115285,0.40969297,0.39420027
50.090073,0.2416221,0.37055174,0.41018966,0.39419946
50.100075,0.24268423,0.37129995,0.41029927,0.39550698
50.110073,0.24236326,0.3706066,0.40974182,0.39403778
50.120075,0.24237323,0.37009713,0.40972045,0.39458308
50.130077,0.24218707,0.3710029,0.40991852,0.39390475
50.14007,0.24271598,0.37051412,0.41028818,0.39428222
50.150093,0.24223776,0.37113234,0.4098919,0.39460483
50.160076,0.24274541,0.37045765,0.4095504,0.3943547
50.170074,0.24336873,0.36972186,0.41051733,0.39392257
50.180077,0.24234462,0.37073162,0.410637,0.39428428
50.190075,0.24342114,0.3712026,0.40985298,0.39455658
50.200073,0.24221557,0.37090424,0.40974736,0.39421326
50.210075,0.24240957,0.37123483,0.4103995,0.39462563
50.220078,0.24239175,0.37080628,0.40941074,0.3938767
50.230076,0.24276969,0.37107465,0.40995252,0.39441338
50.240074,0.24222878,0.37048152,0.40999728,0.39411914
50.250095,0.24213022,0.37119436,0.4100258,0.39476714
50.260075,0.24221136,0.37113234,0.40935183,0.39461502
50.270073,0.24297276,0.3715099,0.41052687,0.39417726
50.280075,0.24244697,0.37075418,0.41070628,0.39377278
50.290077,0.24271491,0.3708397,0.41052565,0.39410603
50.300076,0.24203965,0.3708451,0.4100907,0.39400262
50.310074,0.24281332,0.37077403,0.40994033,0.3940106
50.320072,0.24283576,0.370542,0.40939534,0.39376822
50.330074,0.24236743,0.37094197,0.41010088,0.39378542
50.340073,0.24333374,0.37137446,0.41042233,0.39473283
50.350075,0.242704,0.3703956,0.41020146,0.39377972
50.360077,0.24252783,0.3709926,0.4096965,0.39390483
50.37007,0.24265222,0.3701227,0.4105147,0.39342886
50.38007,0.24262156,0.36965662,0.41012883,0.3937853
50.390076,0.24118623,0.37116688,0.4101447,0.3934411
50.400074,0.24217394,0.37112156,0.41019672,0.39459664
50.410103,0.24147351,0.37032783,0.4091864,0.39412853
50.42009,0.2426769,0.37146422,0.4100097,0.3940507
50.430077,0.2429341,0.36988813,0.40933526,0.39410752
50.44008,0.2431859,0.37092206,0.41023377,0.3941239
50.450077,0.24165018,0.37054345,0.41012678,0.39394018
50.46008,0.24312854,0.37034193,0.41044742,0.39391962
50.470078,0.24234551,0.37053037,0.40996426,0.3940348
50.480076,0.24209224,0.3700142,0.4106189,0.39378756
50.490074,0.2421743,0.3707069,0.40984324,0.39381206
50.500072,0.24227321,0.3707889,0.40913782,0.3932274
50.510075,0.2417403,0.3706556,0.40917084,0.39417163
50.520077,0.24231935,0.3705947,0.40942216,0.39352608
50.530075,0.24333896,0.37190127,0.4095764,0.39328456
50.540077,0.24199916,0.36995965,0.40932924,0.39372694
50.55007,0.24289697,0.3710879,0.40984946,0.39353716
50.560078,0.24212815,0.37039578,0.41013792,0.39324516
50.570076,0.24180993,0.3710401,0.41035253,0.39384547
50.580074,0.24276456,0.37043816,0.40977725,0.39394185
50.590073,0.24280897,0.371326,0.4101443,0.39358884
50.600075,0.24324013,0.3708139,0.40940517,0.3929205
50.610077,0.24292932,0.37137967,0.410154,0.39345884
50.62007,0.2432542,0.37090784,0.41009733,0.39338848
50.630077,0.24300827,0.37132978,0.40978792,0.39359358
50.640076,0.24223211,0.37121516,0.41020116,0.39312047
50.650074,0.24282178,0.37101138,0.41003513,0.39324677
50.660072,0.242999,0.37019098,0.4091678,0.39347926
50.670074,0.24230918,0.37096623,0.4104101,0.39341232
50.680077,0.24350724,0.3713211,0.4097174,0.39312628
50.690075,0.24033993,0.3712171,0.40951535,0.39337918
50.700077,0.24319926,0.3707877,0.41013545,0.39348978
50.71007,0.2421349,0.3714134,0.41029435,0.3934298
50.720074,0.24318907,0.3710634,0.41026598,0.3939506
50.730076,0.242812,0.37085128,0.41003075,0.39330643
50.74007,0.24305624,0.37216476,0.41054183,0.39330265
50.750072,0.24297069,0.3702084,0.4103158,0.3929138
50.760075,0.24270916,0.37106374,0.41056627,0.39389703
50.770073,0.24345455,0.37114382,0.40980354,0.39389828
50.780075,0.24275184,0.37154612,0.4100485,0.39319146
50.790073,0.24274705,0.37083095,0.41011745,0.39256647
50.800076,0.24254961,0.37112692,0.40979853,0.3932596
50.810074,0.24168995,0.37062466,0.40965018,0.39291117
50.820076,0.24241021,0.37132588,0.40971023,0.39337343
50.830074,0.2423851,0.3711114,0.41020826,0.393543
50.840073,0.24240673,0.37115878,0.4103629,0.39326796
50.850075,0.24293919,0.37107378,0.41004273,0.39306006
50.860073,0.24204996,0.37084872,0.40968764,0.39338708
50.870075,0.242795,0.3712955,0.4106287,0.3935855
50.880074,0.24250858,0.37084958,0.41054612,0.39443764
50.89007,0.2432398,0.37056646,0.41068628,0.3926024
50.900074,0.2426821,0.37096706,0.40995824,0.39339572
50.9101,0.2431318,0.3710151,0.4098612,0.39261714
50.920105,0.24158236,0.37023807,0.40973058,0.3931176
50.93009,0.24127911,0.37068665,0.40960658,0.3936058
50.94008,0.24189472,0.37028486,0.41080585,0.39343488
50.950073,0.24120753,0.37150225,0.41009772,0.39262587
50.960075,0.24180731,0.37106556,0.40991542,0.39277473
50.970074,0.24206276,0.37128645,0.409939,0.3929331
50.980076,0.24116983,0.37024665,0.4095148,0.39284915
50.990097,0.24215235,0.37051415,0.4095248,0.39355618
51.000088,0.24223045,0.37069237,0.40984732,0.3930186
51.010075,0.24147478,0.37077025,0.4094981,0.3920355
51.020073,0.24196504,0.37058765,0.41021913,0.39280558
51.03007,0.24243568,0.37083724,0.40993202,0.39246893
51.040073,0.24384171,0.37162974,0.40949363,0.3931914
51.05007,0.2424962,0.3713281,0.4107438,0.39402664
51.060078,0.24342312,0.3720834,0.40987507,0.392601
51.070072,0.24236755,0.37116116,0.40915045,0.39339286
51.080074,0.24292605,0.37134233,0.40985802,0.3931686
51.090073,0.2427105,0.3722882,0.40984744,0.39245608
51.100075,0.24326596,0.370618,0.4100073,0.39223933
51.110073,0.24240537,0.37057394,0.40958947,0.39246854
51.120075,0.24278218,0.37135452,0.41009462,0.3929844
51.130074,0.24269545,0.37087294,0.4102838,0.39238894
51.14007,0.24199119,0.3722912,0.41021493,0.39251953
51.150074,0.24251989,0.37147176,0.40925652,0.3922705
51.16009,0.24264862,0.3708514,0.41063058,0.39280343
51.170074,0.24237415,0.37160176,0.4097897,0.3921974
51.180073,0.24264202,0.37112862,0.40964285,0.39287227
51.190075,0.24338613,0.37238795,0.40975478,0.39251953
51.200073,0.24236593,0.37058067,0.4102505,0.39190525
51.210075,0.24337107,0.3709228,0.40999997,0.392364
51.220074,0.2424624,0.37153676,0.4095777,0.39202714
51.23008,0.24288787,0.3718042,0.41026145,0.39279652
51.240078,0.2420986,0.37120846,0.4097072,0.39211768
51.250076,0.24256924,0.37112767,0.4096626,0.39275625
51.260075,0.24212739,0.37113357,0.40958533,0.39250737
51.270073,0.24207626,0.37118402,0.41061923,0.39253256
51.280075,0.24218379,0.37118247,0.4106901,0.39249295
51.290073,0.2424216,0.3715002,0.4104912,0.3922585
51.300076,0.24240671,0.37155598,0.410639,0.39228258
51.310074,0.24270706,0.37149033,0.41005734,0.39200613
51.320076,0.24223581,0.37104735,0.41013256,0.39268616
51.330074,0.24245809,0.3708501,0.40957764,0.3917946
51.340073,0.24312836,0.37196136,0.4099751,0.39238426
51.350075,0.24282053,0.37109002,0.41022,0.39243287
51.360073,0.24271482,0.37133044,0.40984407,0.39184707
51.370075,0.24201414,0.37091154,0.41030923,0.3925767
51.380074,0.24306388,0.37169334,0.41081187,0.39262438
51.39007,0.24299605,0.37189302,0.4101577,0.39238024
51.400074,0.24283788,0.3712737,0.41025415,0.39275968
51.410095,0.2421497,0.3711017,0.41080457,0.39214966
51.42009,0.24306272,0.37183174,0.41025868,0.3925942
51.43008,0.24251655,0.37163013,0.4106838,0.39217943
51.440075,0.24280758,0.37230074,0.41019425,0.392047
51.450077,0.24261782,0.3707693,0.41034496,0.3919945
51.46007,0.24291578,0.3704462,0.41042405,0.39191034
51.470074,0.24274,0.37044805,0.4106986,0.39231664
51.480076,0.24235728,0.37187538,0.40988374,0.39178336
51.490074,0.24305962,0.37202254,0.41016918,0.39170226
51.500076,0.24291037,0.37177193,0.4094709,0.3923655
51.51007,0.24276623,0.37205377,0.41118664,0.39178675
51.520077,0.24287976,0.37153712,0.41111106,0.39137343
51.530075,0.24314594,0.37193367,0.40968037,0.3913776
51.540077,0.24315344,0.3717529,0.41092712,0.3924632
51.550076,0.24345443,0.3711014,0.4105825,0.3930461
51.560074,0.24319464,0.37213394,0.41185752,0.39051327
51.570076,0.2431535,0.3730484,0.40960503,0.39371628
51.580074,0.24256921,0.36973575,0.41111946,0.3911747
51.590076,0.24327941,0.3713027,0.4116118,0.3905785
51.600075,0.24262363,0.37244666,0.40950552,0.39174253
51.610077,0.24322532,0.37023062,0.4101245,0.3920311
51.620075,0.24262884,0.37035206,0.41125846,0.39147413
51.630074,0.2434293,0.37060776,0.4105932,0.39145678
51.640076,0.24310164,0.37219462,0.41036674,0.39164296
51.650074,0.24287568,0.3718529,0.41050145,0.3920477
51.660076,0.24268967,0.37177533,0.41087887,0.39157194
51.670074,0.2426703,0.37177214,0.4103105,0.3913692
51.680073,0.242589,0.3710237,0.41047862,0.3914051
51.690075,0.24314408,0.37122458,0.41068116,0.39191985
51.700073,0.24320596,0.37214398,0.4110334,0.392326
51.710075,0.24277218,0.37143874,0.41057456,0.39167744
51.720074,0.24352266,0.3713047,0.4114215,0.39150688
51.730076,0.24255283,0.3712396,0.4105919,0.39129728
51.740074,0.24305727,0.37234133,0.4110278,0.3913041
51.750072,0.24210647,0.37163755,0.41109422,0.39130685
51.760075,0.24352632,0.37161496,0.41074923,0.39151108
51.770073,0.24301746,0.37179878,0.4102021,0.39151216
51.780075,0.24228819,0.37143457,0.41022807,0.39183223
51.790073,0.24230757,0.37139502,0.41085938,0.3913423
51.800076,0.24246448,0.3715942,0.41041818,0.3920541
51.810074,0.24246918,0.37156525,0.4111806,0.3905763
51.820072,0.24266489,0.3715257,0.4103933,0.39123845
51.830074,0.24216494,0.37199816,0.41109845,0.39147785
51.840076,0.24294618,0.37145275,0.41067362,0.39133567
51.850075,0.2424552,0.37150955,0.4107477,0.3912691
51.860073,0.24240337,0.37179315,0.4108459,0.39124435
51.87007,0.24324408,0.3718286,0.4107166,0.39122978
51.880074,0.24289957,0.37127066,0.41069964,0.39083868
51.89007,0.24303299,0.37147063,0.41099703,0.3913776
51.900074,0.24259835,0.37204754,0.41069502,0.39122728
51.9101,0.24318966,0.37266755,0.41153854,0.39090505
51.920105,0.2424574,0.37194726,0.41095322,0.39147002
51.930096,0.24315022,0.37199968,0.4109155,0.39113507
51.94008,0.24285589,0.37190175,0.4107836,0.39132905
51.950073,0.2425362,0.37129188,0.41141683,0.39153194
51.960075,0.24258423,0.3713603,0.41078857,0.3911167
51.970074,0.2425227,0.37119433,0.41116998,0.39097413
51.980076,0.2421904,0.37138692,0.41120946,0.391569
51.99007,0.242858,0.3704365,0.41107845,0.39079726
52.000084,0.24256688,0.37161803,0.41056532,0.39088258
52.010075,0.24183682,0.37080672,0.41110283,0.39098758
52.020073,0.24290942,0.37083557,0.4104272,0.39103374
52.03007,0.24237666,0.37182096,0.41105857,0.39085838
52.040073,0.24378887,0.37201288,0.4108551,0.39180025
52.05007,0.24279474,0.37116894,0.41067767,0.39091665
52.06007,0.2432691,0.37203994,0.41112807,0.39192957
52.070076,0.24329184,0.3713477,0.41096103,0.39099827
52.080074,0.24287353,0.3718029,0.4110532,0.3907888
52.090073,0.24353288,0.37165284,0.41128004,0.39140892
52.100075,0.24316013,0.37168056,0.41108704,0.39097425
52.110073,0.24294499,0.37155113,0.41070077,0.3910304
52.120075,0.24280815,0.37137675,0.4121512,0.39070174
52.130074,0.24252088,0.3713071,0.41081467,0.39047712
52.140076,0.24303927,0.37112767,0.41209695,0.3911437
52.150074,0.24316038,0.37112755,0.41113582,0.39098737
52.160076,0.24283467,0.3712666,0.4111334,0.39056143
52.170074,0.24380085,0.3715997,0.41182086,0.3912999
52.180073,0.2422844,0.37180305,0.41165406,0.39124715
52.190075,0.24311486,0.37185922,0.4120328,0.39050782
52.200096,0.24231735,0.3711897,0.41116402,0.39017937
52.210083,0.24312262,0.37235567,0.41103354,0.3909985
52.220078,0.24274594,0.37105528,0.41167602,0.39019442
52.230072,0.24275753,0.37153533,0.41096795,0.39111573
52.240074,0.24314803,0.3717479,0.41197675,0.39021024
52.250076,0.24315697,0.37208182,0.41222835,0.39061564
52.260075,0.24259491,0.37111577,0.41164005,0.39055595
52.270077,0.24154834,0.3720127,0.4118304,0.39049706
52.280075,0.24315098,0.37210047,0.4113106,0.3906732
52.290073,0.2430445,0.37184462,0.41157365,0.39044076
52.30007,0.242846,0.37113294,0.41148862,0.3903456
52.310074,0.24301662,0.37186053,0.41157493,0.39093512
52.320076,0.24356882,0.3721664,0.41166398,0.3900838
52.330074,0.24287261,0.37203127,0.4116587,0.39016065
52.340073,0.2429855,0.3722876,0.41217604,0.39112505
52.35008,0.24263346,0.3720223,0.41172922,0.39029363
52.360077,0.24318449,0.3720073,0.41151682,0.39059645
52.37007,0.242554,0.37131006,0.4118842,0.39052165
52.380074,0.24248025,0.37250996,0.41209602,0.39097223
52.390076,0.2414741,0.3717862,0.4114046,0.38968092
52.400074,0.24281266,0.37261656,0.41174898,0.390571
52.410427,0.24123725,0.37062076,0.41161445,0.38872454
52.42009,0.24176578,0.36977997,0.41295764,0.39031407
52.430077,0.24112308,0.36901018,0.4103817,0.38938737
52.440075,0.24212556,0.37152869,0.4101968,0.39184836
52.450077,0.24172626,0.37028617,0.4125266,0.39019805
52.460075,0.24175996,0.37161347,0.41345206,0.38984787
52.470078,0.241868,0.37087008,0.41252246,0.39041826
52.48008,0.24329068,0.3722884,0.41200802,0.39010763
52.49008,0.24183066,0.3723399,0.41156742,0.38958836
52.50008,0.24316633,0.3722168,0.41229326,0.38999465
52.51008,0.24344815,0.37263748,0.41220295,0.389354
52.520077,0.24274254,0.3719984,0.41272175,0.39008904
52.53008,0.24364677,0.37227145,0.41287038,0.39083192
52.540085,0.24343896,0.37207335,0.41100514,0.3894427
52.550087,0.24340236,0.37227604,0.41222435,0.3889932
52.56008,0.24370047,0.37175858,0.41217554,0.38977805
52.57008,0.24293068,0.3719833,0.41260064,0.38976485
52.58008,0.24232428,0.3718723,0.41203874,0.39004552
52.590084,0.2431975,0.3723173,0.41270405,0.38980234
52.60008,0.24314351,0.37139896,0.41218305,0.38971892
52.610073,0.24301094,0.37163293,0.41196832,0.38986096
52.620075,0.2430027,0.37165764,0.4113696,0.39038607
52.630077,0.2428305,0.372214,0.4118309,0.3896115
52.640076,0.24277076,0.3710254,0.41322973,0.3894003
52.650074,0.24298641,0.37255627,0.41201815,0.38947645
52.660072,0.24226616,0.37193057,0.4129901,0.38958827
52.670074,0.24292336,0.37215078,0.41294917,0.3895506
52.680077,0.2429847,0.37270203,0.41341868,0.3894343
52.690075,0.24140748,0.37186885,0.41251826,0.38967267
52.700077,0.24342443,0.37230468,0.41330406,0.38995835
52.71007,0.24362613,0.37192842,0.4129839,0.3897029
52.720074,0.24266079,0.37214822,0.41286382,0.389613
52.730076,0.24308974,0.3721498,0.41302076,0.38930476
52.740074,0.24470888,0.372415,0.41336656,0.3899094
52.750076,0.2434312,0.3725419,0.41266355,0.3890382
52.760075,0.24352203,0.37190086,0.41336483,0.38983214
52.770073,0.24374261,0.37240154,0.41293395,0.3894894
52.78007,0.24383461,0.37171477,0.41292185,0.38985017
52.790073,0.24319045,0.3723031,0.41285157,0.38907146
52.800076,0.24337222,0.37236226,0.41295102,0.38937962
52.810074,0.24432884,0.3720277,0.41336706,0.38915876
52.820072,0.24334618,0.37221956,0.41333634,0.38999444
52.83007,0.24290466,0.3721651,0.41347733,0.38930514
52.840076,0.2429392,0.37184975,0.4127594,0.38924915
52.850075,0.2431052,0.37244102,0.41356954,0.38986522
52.860073,0.24284269,0.37273437,0.41348633,0.38995028
52.870075,0.24302901,0.37275302,0.41443336,0.38941643
52.880074,0.24295536,0.37176603,0.41353056,0.3886068
52.89007,0.24319248,0.37210172,0.41387028,0.3889806
52.900074,0.24320666,0.3722645,0.41327226,0.38997853
52.910088,0.24122743,0.37181053,0.41359684,0.38916028
52.92009,0.24275339,0.3718947,0.41321126,0.38944134
52.930088,0.24206978,0.37193647,0.41378263,0.3891407
52.940075,0.24265105,0.37199667,0.4132804,0.38997284
52.950073,0.24274026,0.37186277,0.4142068,0.38919646
52.960075,0.24337508,0.37164778,0.414088,0.38928056
52.970078,0.24295604,0.37205327,0.41342303,0.38876194
52.980076,0.24315827,0.3719023,0.4136016,0.38850176
52.990074,0.2430372,0.37198034,0.41398442,0.38939252
53.000084,0.24254961,0.37177056,0.4138646,0.38870493
53.01008,0.24237798,0.37220138,0.41416883,0.38908592
53.020073,0.24336411,0.3715082,0.4134164,0.3890715
53.03007,0.24246255,0.37258586,0.4135564,0.38897038
53.04007,0.24294771,0.37219796,0.41402802,0.38949853
53.050076,0.24285722,0.37235832,0.4137054,0.38895437
53.060074,0.24310406,0.37267488,0.4144417,0.389225
53.070076,0.24325128,0.37228805,0.4134806,0.3884645
53.080074,0.24369007,0.37250823,0.41447344,0.3890166
53.090073,0.24269915,0.37232274,0.41413724,0.38892588
53.100075,0.24327774,0.37250474,0.41430166,0.38959923
53.110077,0.24319129,0.37120226,0.41364366,0.3898239
53.120075,0.24271128,0.37146658,0.41472313,0.388518
53.130074,0.24319081,0.37196782,0.41485047,0.38895375
53.14007,0.24273518,0.3718689,0.4145543,0.38897708
53.150074,0.24263367,0.37196985,0.41427258,0.38943285
53.160076,0.2430162,0.37152326,0.41393068,0.3885299
53.170074,0.24326806,0.3719153,0.4138667,0.3890732
53.180077,0.24293855,0.37204197,0.41486344,0.38793108
53.190075,0.24413154,0.37255278,0.41471756,0.38956687
53.200077,0.24401717,0.37197077,0.41477895,0.38897455
53.210075,0.24352024,0.37298018,0.41480777,0.38817152
53.22008,0.24310446,0.37249878,0.41355816,0.38828042
53.230076,0.24281767,0.37234128,0.4149595,0.38867715
53.240074,0.24228726,0.37204182,0.4141623,0.38854024
53.250072,0.24279891,0.37268487,0.4147669,0.38847277
53.260075,0.24346113,0.37149402,0.41393352,0.38832563
53.270077,0.24324016,0.37267035,0.41471535,0.38922012
53.280083,0.24374627,0.3725924,0.41473877,0.38814119
53.290073,0.24181546,0.37261286,0.41483024,0.38823846
53.300076,0.24363321,0.3727319,0.4146841,0.38875058
53.310074,0.24319725,0.37264583,0.41440034,0.3882795
53.320076,0.24274561,0.3719004,0.41507196,0.3888947
53.33008,0.24219221,0.37227535,0.41453046,0.38840255
53.340076,0.24369034,0.372588,0.41533637,0.38902727
53.35007,0.24269323,0.37214226,0.41560075,0.38888615
53.360077,0.24305947,0.3729802,0.41522115,0.38772643
53.370075,0.24305046,0.37287036,0.41491243,0.38939273
53.380074,0.24362059,0.37211603,0.4148238,0.38804907
53.39008,0.2433203,0.37173918,0.41533643,0.38841087
53.400078,0.24343799,0.37315226,0.41514304,0.38790533
53.410076,0.24199347,0.37106174,0.41438645,0.38764888
53.420086,0.24327947,0.37225422,0.41514185,0.38877353
53.430077,0.24222006,0.37127948,0.41519174,0.38833827
53.440075,0.24376103,0.37187058,0.41523466,0.3881313
53.450077,0.24357833,0.3718461,0.41473657,0.38802737
53.460075,0.2426541,0.37224692,0.4148088,0.3879646
53.470078,0.24291058,0.37239859,0.41492948,0.3881698
53.480076,0.2428872,0.37247178,0.4153777,0.38809478
53.49008,0.24341187,0.37196457,0.41546145,0.38842076
53.500076,0.24268262,0.37196073,0.41513494,0.38808393
53.51007,0.24306674,0.37240583,0.4156095,0.38802463
53.52007,0.24263936,0.37221324,0.41614816,0.38812527
53.530075,0.24370816,0.3730207,0.4152854,0.38797694
53.540077,0.24279907,0.3724317,0.41615096,0.38848457
53.55007,0.24348585,0.37281036,0.4158117,0.3880317
53.560074,0.24251252,0.3725569,0.41454652,0.38873935
53.570076,0.2433631,0.37255812,0.4159922,0.38833737
53.580074,0.24323605,0.3722267,0.41535226,0.38795066
53.590076,0.24374487,0.37308168,0.41582862,0.38819972
53.600075,0.24357952,0.3729489,0.4155692,0.38824683
53.610077,0.24329749,0.37296245,0.41610602,0.38786563
53.62007,0.24378356,0.3728762,0.41602364,0.3877661
53.630077,0.24295884,0.3729502,0.41627845,0.3872505
53.640076,0.24335133,0.3724269,0.41585255,0.38813993
53.650074,0.24252766,0.3725435,0.415792,0.38825625
53.660076,0.24312589,0.37326437,0.4154323,0.38742483
53.670074,0.24354607,0.37264004,0.4158448,0.38795742
53.680073,0.24402659,0.37317857,0.41664502,0.3884172
53.690075,0.2435571,0.37171718,0.41545516,0.38796175
53.700073,0.24306192,0.37323898,0.417012,0.3879422
53.710075,0.24317437,0.37215754,0.41625696,0.3879963
53.720074,0.2438438,0.372844,0.41622293,0.3878964
53.730076,0.24297234,0.3719343,0.41636366,0.38726842
53.740074,0.24375023,0.37312928,0.41631788,0.38832122
53.750076,0.24307716,0.37167698,0.41659927,0.38785133
53.760075,0.24315017,0.37268844,0.41658384,0.3879339
53.770073,0.24402486,0.37366796,0.41615146,0.38776442
53.780075,0.24277717,0.37219223,0.41598475,0.3877283
53.79008,0.24154074,0.37176654,0.41620162,0.38796905
53.80008,0.24309288,0.37263563,0.4165936,0.38759
53.810078,0.24296859,0.3728208,0.41592443,0.3873531
53.820076,0.24371225,0.37285763,0.4160562,0.3877617
53.830074,0.24231987,0.3729765,0.415961,0.387725
53.840076,0.24366388,0.3716718,0.4168432,0.38748437
53.850075,0.24279949,0.37317416,0.4164708,0.3876518
53.860073,0.24292839,0.3724508,0.41661885,0.38790146
53.870075,0.24426268,0.37346375,0.41724083,0.38779086
53.880074,0.24329701,0.37224618,0.4170806,0.3886935
53.890076,0.24336033,0.3729384,0.41711116,0.38791674
53.900078,0.24304494,0.37243724,0.41647294,0.38700724
53.910072,0.24265,0.37193567,0.41662046,0.38781795
53.92009,0.2428276,0.3715832,0.41619185,0.38744962
53.93008,0.2428374,0.37212142,0.4171425,0.3891793
53.940075,0.24277094,0.37213227,0.4165542,0.3873256
53.950077,0.24355125,0.37237632,0.41740125,0.38784555
53.960075,0.24317919,0.37291196,0.41637728,0.38785985
53.970074,0.2429101,0.37274852,0.41738078,0.38793996
53.980083,0.24333529,0.37187198,0.41699225,0.38754946
53.990078,0.24232052,0.3724551,0.41660628,0.38754663
54.000088,0.24296929,0.3722185,0.4166762,0.38790223
54.01008,0.24301231,0.37231404,0.41776857,0.38772422
54.020073,0.24341442,0.3727653,0.41783404,0.38716543
54.030075,0.24284534,0.37308174,0.41786084,0.38773993
54.040073,0.2437467,0.37349945,0.41806906,0.38675025
54.050076,0.24283388,0.37266955,0.416998,0.3888335
54.060074,0.24348642,0.3727736,0.41647342,0.3863959
54.070076,0.24287811,0.37307978,0.41701004,0.3885382
54.080074,0.24352472,0.37281924,0.41981795,0.38762948
54.090073,0.24312589,0.3724786,0.41775742,0.3876288
54.100075,0.24313079,0.37258467,0.4178529,0.38797003
54.110077,0.24318956,0.37253764,0.41798764,0.38806003
54.120075,0.24376561,0.37282264,0.41819972,0.38780504
54.130074,0.24293414,0.37272334,0.41784385,0.38770446
54.140076,0.24337459,0.37289926,0.41787815,0.3880765
54.150074,0.24389286,0.37272966,0.41751474,0.3881859
54.160076,0.24326181,0.37275353,0.417496,0.38762373
54.170074,0.24467772,0.3736214,0.41786584,0.38672158
54.180077,0.24284267,0.3723608,0.417738,0.38781685
54.190075,0.24345246,0.37331706,0.4177076,0.38711268
54.200073,0.24333976,0.3728835,0.4175638,0.38805422
54.210075,0.24352178,0.37289587,0.41792238,0.38730964
54.22008,0.24321204,0.37284034,0.4179336,0.38842118
54.23008,0.24314813,0.3724301,0.41838798,0.38779622
54.240074,0.24332467,0.3728763,0.41785818,0.38724586
54.25008,0.24278496,0.37349567,0.41834202,0.387959
54.26008,0.2425191,0.3724332,0.4174557,0.38750336
54.270073,0.2430176,0.37272757,0.41886497,0.38767692
54.28008,0.2432098,0.37227955,0.418855,0.38706696
54.290073,0.24271634,0.37258798,0.41886628,0.38698807
54.300076,0.24352027,0.37231916,0.4188469,0.38773352
54.310074,0.24294287,0.3725417,0.41786817,0.38733387
54.320076,0.2444754,0.37263146,0.41828698,0.38812065
54.330074,0.24349166,0.37282592,0.41902688,0.3875858
54.340073,0.24312487,0.3728117,0.41896352,0.38730222
54.350075,0.24229588,0.3718844,0.41832593,0.38783795
54.36008,0.24337234,0.37317327,0.41887373,0.38778204
54.370075,0.2437056,0.37318465,0.41821855,0.3877359
54.380077,0.2430633,0.37379238,0.41864657,0.38780814
54.390076,0.24321157,0.37294856,0.4187028,0.38794494
54.400074,0.24375819,0.37380263,0.4189063,0.38749024
54.410076,0.24285369,0.3718673,0.41889808,0.3874228
54.420086,0.24340005,0.37326047,0.41950127,0.3878018
54.430077,0.24277145,0.37276733,0.41845188,0.3872446
54.440075,0.24436083,0.37301797,0.41867948,0.38706934
54.450077,0.24287422,0.37238297,0.41878444,0.38759002
54.46007,0.2427289,0.37249053,0.41923425,0.387194
54.470074,0.24388562,0.37274712,0.41864076,0.38747662
54.480076,0.24252899,0.3726722,0.41924816,0.3878168
54.490074,0.243687,0.3735469,0.41875914,0.3874913
54.500076,0.24407433,0.37319297,0.41938463,0.38725215
54.51007,0.24374387,0.37282133,0.41951147,0.3876674
54.520073,0.24369027,0.37268984,0.4195635,0.3878199
54.530075,0.24394369,0.3737504,0.41970035,0.38732237
54.540077,0.24316551,0.37250528,0.4199142,0.38768473
54.550076,0.24382816,0.3736598,0.41952443,0.38749692
54.560074,0.24349798,0.37316805,0.41947213,0.38767126
54.570076,0.24399498,0.37376878,0.41983226,0.3878042
54.580074,0.24302831,0.37316373,0.4189304,0.38666877
54.590073,0.24273273,0.3725933,0.41934666,0.38793477
54.600075,0.2445919,0.37314555,0.4190761,0.38730276
54.610073,0.24311143,0.37383214,0.41916424,0.38730767
54.620075,0.24400745,0.37302655,0.41938543,0.38760972
54.630074,0.24287139,0.37338796,0.4196653,0.38699263
54.640076,0.24369693,0.37329736,0.41971695,0.3867222
54.650074,0.24272586,0.3726623,0.42019305,0.38678342
54.660072,0.24329181,0.3734853,0.41956535,0.38777086
54.670074,0.24331246,0.37270203,0.41991496,0.38702062
54.680073,0.24334365,0.37283072,0.41959685,0.3875543
54.690075,0.24292657,0.37236416,0.419731,0.38717884
54.700073,0.24396008,0.37307447,0.42084265,0.38700655
54.710075,0.24241911,0.372645,0.42005736,0.38652208
54.720074,0.24401343,0.37298998,0.42096508,0.38695377
54.730072,0.24342039,0.37295982,0.42000842,0.38665766
54.740074,0.24328145,0.3732225,0.42116284,0.38757765
54.750072,0.24262656,0.37259427,0.419764,0.38694525
54.760075,0.24345125,0.37211946,0.42052445,0.3871119
54.770077,0.24402882,0.37308607,0.42045298,0.3879719
54.780075,0.24338783,0.37293702,0.4201321,0.38736382
54.790073,0.24234231,0.3732187,0.4200101,0.38738084
54.800076,0.2430302,0.37367427,0.42009082,0.38626486
54.810074,0.24346194,0.372611,0.4201858,0.38685912
54.820072,0.24407609,0.37299657,0.42084873,0.3870317
54.830074,0.24306513,0.37369063,0.42068312,0.38724896
54.840073,0.2427437,0.3728634,0.42056954,0.38672462
54.850075,0.2434595,0.37300643,0.42113873,0.38714075
54.860077,0.24321735,0.37300754,0.420744,0.38697448
54.87007,0.24409413,0.3730408,0.42076418,0.38759932
54.880074,0.2433449,0.37340528,0.42017153,0.38691923
54.89007,0.24360746,0.37415186,0.4213811,0.38698962
54.900074,0.24309064,0.37339893,0.42042392,0.38724923
54.910072,0.24391805,0.37258196,0.42118657,0.3871188
54.920094,0.24214533,0.37315458,0.4209828,0.38730884
54.930077,0.24275693,0.37278783,0.42124867,0.38788506
54.940083,0.24377955,0.3732922,0.42093706,0.386869
54.950077,0.24228367,0.37306488,0.41996935,0.38731596
54.960075,0.24322535,0.3730947,0.42051202,0.3871061
54.970074,0.24302964,0.37278724,0.42094925,0.38689923
54.980072,0.2428042,0.37249112,0.42050606,0.386922
54.990074,0.24269623,0.37295634,0.42059034,0.38684326
55.00008,0.24325581,0.37319586,0.4210702,0.38685307
55.01008,0.24291074,0.3731193,0.42166793,0.38698646
55.020077,0.2434673,0.37325343,0.42151627,0.3876862
55.030075,0.24325779,0.37324947,0.4219994,0.3869373
55.040073,0.2434148,0.37356633,0.4203387,0.3870007
55.050076,0.24345794,0.37311155,0.42194816,0.38652086
55.060074,0.24340443,0.37319535,0.422938,0.3875624
55.070076,0.24261902,0.3733001,0.42072055,0.38679492
55.080074,0.24326965,0.3732255,0.4216183,0.38770288
55.090073,0.24346408,0.372421,0.42123514,0.38749063
55.100075,0.2426587,0.37357873,0.42143673,0.3870429
55.110073,0.24237224,0.3731848,0.42173764,0.38714072
55.120075,0.24284787,0.37335667,0.4212891,0.38701004
55.130074,0.24351965,0.3729636,0.4208263,0.38729277
55.140076,0.24341089,0.37324446,0.42164716,0.38669878
55.150078,0.24291064,0.3733768,0.42123696,0.38698843
55.160076,0.24192145,0.37122473,0.42243809,0.38786367
55.170074,0.24223202,0.3714987,0.42184594,0.38574216
55.180073,0.24203584,0.3721238,0.42312887,0.38596457
55.190075,0.24219626,0.37221977,0.4199881,0.38668367
55.20008,0.24197045,0.37193653,0.42068955,0.3862892
55.210075,0.24212936,0.37234408,0.4212079,0.38713792
55.220078,0.241985,0.37159553,0.42118904,0.38644862
55.230076,0.24202582,0.37221375,0.42165574,0.3869283
55.240074,0.241868,0.37173358,0.42163417,0.38752982
55.250076,0.24272138,0.37274745,0.4220437,0.38677922
55.260075,0.24288443,0.37361836,0.42203048,0.38651362
55.270077,0.24302067,0.37269682,0.42181537,0.38698226
55.280075,0.24370348,0.3730776,0.42237145,0.3870187
55.290073,0.2436453,0.3724373,0.42220643,0.38662732
55.300076,0.24407019,0.37354562,0.42126656,0.3870297
55.310078,0.24293333,0.37325227,0.42201626,0.38668993
55.320072,0.24327347,0.3735051,0.4214632,0.3869146
55.330074,0.2432699,0.37261167,0.4224064,0.38699543
55.340076,0.24373381,0.37414053,0.42235938,0.38696402
55.35007,0.24295802,0.3733681,0.4228357,0.3872798
55.360077,0.24400145,0.37364757,0.42234892,0.38674247
55.37007,0.24373248,0.37273297,0.42228496,0.38739848
55.380074,0.24332549,0.37357324,0.42283407,0.38697895
55.390076,0.24318205,0.37335634,0.4222991,0.38705853
55.400074,0.2434123,0.3736075,0.42295253,0.386961
55.410076,0.24350242,0.37330878,0.42208934,0.38666785
55.420082,0.24317981,0.3720077,0.42269167,0.38760346
55.430077,0.24275844,0.37286496,0.42233208,0.38731077
55.440075,0.24276884,0.37300712,0.42277402,0.3868469
55.450077,0.24402045,0.37369013,0.4227237,0.38731766
55.460075,0.24337944,0.3732672,0.42281407,0.38709524
55.470074,0.24354444,0.37305692,0.42327958,0.3870423
55.480076,0.24347202,0.3725389,0.42267343,0.38767767
55.490074,0.24230194,0.3732211,0.42279312,0.3872041
55.500076,0.24255909,0.3733288,0.42260718,0.38735175
55.510075,0.2437661,0.37336624,0.4230274,0.38766962
55.520073,0.24284282,0.37307793,0.42306003,0.38718766
55.530075,0.24366216,0.37341848,0.4235533,0.38765058
55.540073,0.24302779,0.3734522,0.42337406,0.38687113
55.550076,0.24340634,0.37351587,0.4234958,0.3875344
55.560074,0.24234964,0.37238902,0.4236012,0.38723156
55.570076,0.24276757,0.37261862,0.42300326,0.3873829
55.580074,0.24237283,0.3731227,0.42376736,0.38758615
55.590076,0.24317783,0.37334558,0.42398658,0.38760084
55.600075,0.24315211,0.37299776,0.42408428,0.3867509
55.610073,0.24320026,0.37307283,0.42346382,0.38748792
55.620075,0.24377501,0.37349495,0.42422882,0.3875681
55.630077,0.24283251,0.37344214,0.423489,0.38834438
55.640076,0.24325195,0.37412244,0.42486152,0.38708144
55.650074,0.24310456,0.37366372,0.42314455,0.3871671
55.660072,0.24395879,0.37330243,0.42359152,0.3881523
55.670094,0.24276406,0.37345627,0.42411256,0.38784087
55.680077,0.24319148,0.3738187,0.4246258,0.38718635
55.690075,0.24345504,0.37355798,0.4239559,0.387145
55.700077,0.24331747,0.37411007,0.4242723,0.38788006
55.71007,0.24315608,0.37276697,0.42434654,0.38706
55.720074,0.2429734,0.3741183,0.42386597,0.38758028
55.730076,0.24394685,0.37362742,0.4241945,0.38738474
55.740074,0.24357992,0.37361273,0.42401233,0.38794646
55.750076,0.2435482,0.37333253,0.42365876,0.3875275
55.760075,0.24314411,0.37363726,0.4240685,0.38737836
55.77008,0.2430795,0.37365836,0.42425877,0.3877292
55.78007,0.24341616,0.37366393,0.42516547,0.3874697
55.790073,0.24221452,0.37375146,0.42491215,0.38754535
55.800076,0.24320838,0.37359858,0.4242421,0.3879653
55.810074,0.24387738,0.37352327,0.42400613,0.38803765
55.820076,0.24287988,0.373553,0.42408744,0.38673186
55.83007,0.24410929,0.37397942,0.4242345,0.3881239
55.840076,0.24323477,0.37290862,0.4239205,0.38786468
55.850075,0.24376239,0.37383097,0.4240318,0.38721892
55.860073,0.24320458,0.37327075,0.42448133,0.38802847
55.87008,0.24336405,0.37322,0.42474645,0.38721517
55.880074,0.24302371,0.3737462,0.4240435,0.38729724
55.89007,0.24356027,0.37325445,0.4252124,0.3876162
55.900074,0.24373057,0.37360787,0.42461166,0.3876763
55.910076,0.24317503,0.37335375,0.4249614,0.38742808
55.9201,0.24245116,0.3727512,0.42380452,0.38750014
55.930077,0.2426011,0.37322292,0.42491445,0.3882254
55.940083,0.24294713,0.37228593,0.42510158,0.387579
55.950077,0.24245885,0.3733374,0.42464885,0.38796338
55.96008,0.24328618,0.3732622,0.42427698,0.38788474
55.970074,0.24216293,0.37321913,0.42533278,0.38794065
55.980076,0.2429785,0.37408277,0.42525196,0.38685453
55.990074,0.24330059,0.37335095,0.42500705,0.3875182
56.00008,0.24341683,0.37429255,0.42530578,0.38761348
56.010075,0.24266487,0.37205333,0.4244952,0.3872061
56.020073,0.24304478,0.3730164,0.42539212,0.38764763
56.030075,0.24272774,0.37302622,0.4256747,0.38784343
56.040073,0.24354349,0.3737025,0.42522654,0.38784093
56.050076,0.24273317,0.37408623,0.4247973,0.38811886
56.060074,0.243131,0.3740866,0.4246395,0.38730967
56.070072,0.24196602,0.372841,0.42483008,0.3874578
56.080074,0.24342586,0.37359497,0.42414695,0.38712713
56.090073,0.24205136,0.3731449,0.42484292,0.38725555
56.100075,0.24332899,0.37293196,0.42492867,0.38729396
56.110077,0.24400362,0.37395066,0.4245527,0.38849023
56.120075,0.24241266,0.37372103,0.42470303,0.38777205
56.130077,0.24450716,0.37464747,0.42582297,0.3879715
56.14007,0.24388668,0.37366453,0.4244677,0.3880412
56.150074,0.24419312,0.37440076,0.4255484,0.3881886
56.160076,0.24311453,0.37413442,0.42535293,0.38803488
56.170074,0.24387522,0.3743561,0.42561644,0.38843685
56.180077,0.24322222,0.37307477,0.425124,0.3880247
56.190075,0.2434656,0.37332857,0.4254885,0.38782138
56.200077,0.24360561,0.37333605,0.4264611,0.38822794
56.210075,0.24341106,0.3733999,0.4256499,0.38801408
56.220074,0.24297212,0.37388223,0.42584246,0.387969
56.230083,0.2432049,0.3734005,0.42489257,0.38755274
56.240074,0.24371658,0.37427273,0.42598835,0.38780645
56.25008,0.2437673,0.37309793,0.42542037,0.387836
56.260075,0.24315654,0.37317368,0.42556083,0.38719663
56.270077,0.24421065,0.3735048,0.42522994,0.38767466
56.28008,0.24360588,0.37423864,0.42617023,0.3883357
56.290073,0.24328785,0.37345797,0.42607898,0.38723484
56.300076,0.24389188,0.3737915,0.42629316,0.3883791
56.310074,0.24276029,0.37421787,0.42601028,0.38816974
56.320076,0.24292536,0.37395218,0.4261127,0.38759282
56.330074,0.24364865,0.3732411,0.4264922,0.38732776
56.340076,0.24292055,0.37430227,0.42587125,0.38819394
56.350075,0.2430743,0.37252066,0.42563078,0.38826525
56.360077,0.24384093,0.37407357,0.42573264,0.38824943
56.370075,0.24336444,0.37362552,0.42598763,0.38745424
56.380077,0.24240682,0.3728877,0.42594704,0.38786852
56.390076,0.24227184,0.37355137,0.42628014,0.38774937
56.400074,0.24270825,0.37408727,0.42595845,0.3881402
56.410072,0.24363016,0.3738833,0.42655656,0.38730595
56.420086,0.24358387,0.37424433,0.42585844,0.38789243
56.430077,0.24241483,0.37313893,0.42648798,0.38835368
56.440075,0.24337412,0.37330294,0.42597649,0.38760197
56.450073,0.24344513,0.3739406,0.42649406,0.38806105
56.460075,0.24269041,0.3734142,0.42680883,0.38766146
56.470074,0.2433783,0.37344962,0.42644492,0.38759005
56.480072,0.24281336,0.37380567,0.42555133,0.3876038
56.490078,0.24400936,0.3743491,0.42653468,0.3875303
56.500072,0.24352194,0.37410137,0.42652473,0.3876171
56.510075,0.24340755,0.37455392,0.4268828,0.38780573
56.520077,0.24370204,0.37326345,0.42598784,0.38752377
56.530075,0.2430992,0.37421367,0.42640635,0.3882805
56.540077,0.24298045,0.37406346,0.4265399,0.38778684
56.55007,0.24402626,0.3739458,0.42574498,0.3883062
56.560074,0.24413908,0.37303922,0.4264226,0.3876788
56.570076,0.24337623,0.373948,0.42668688,0.38756508
56.580074,0.24395274,0.3729605,0.42644095,0.38775352
56.590073,0.24347976,0.37363672,0.42617112,0.38783222
56.600075,0.24426149,0.3742733,0.42686865,0.38823426
56.610077,0.24350049,0.37414816,0.4268908,0.38805437
56.62007,0.24426481,0.37433064,0.42651683,0.38772744
56.630074,0.24379374,0.3737624,0.42641056,0.3880578
56.64007,0.2437776,0.37407294,0.42691156,0.38786355
56.650074,0.2437505,0.3742628,0.42701322,0.3875811
56.660076,0.24430801,0.3745903,0.42722064,0.38793665
56.670074,0.24349026,0.37435195,0.4270466,0.38761142
56.680088,0.24357763,0.37463543,0.42748913,0.38763815
56.690075,0.24281633,0.37386397,0.42688242,0.38798082
56.700073,0.2437881,0.37457561,0.42658913,0.3880858
56.710075,0.2434771,0.37373567,0.4267254,0.3879297
56.720074,0.24360143,0.37377298,0.42620957,0.38816628
56.730076,0.24365431,0.37404087,0.4270077,0.38766322
56.740074,0.24345948,0.37361646,0.42653224,0.3874493
56.750072,0.24350303,0.374053,0.42750323,0.3893219
56.760075,0.24232398,0.37310463,0.42836148,0.38784766
56.770073,0.2435777,0.37541747,0.42790657,0.38907847
56.78009,0.24307516,0.37223807,0.42569277,0.38885322
56.790073,0.24362658,0.37344825,0.4268101,0.3881848
56.800076,0.24350509,0.37449795,0.4267649,0.38775033
56.810074,0.24388026,0.37426087,0.4273478,0.3879384
56.820076,0.2438288,0.3744255,0.42666197,0.38742948
56.830074,0.24435256,0.37447834,0.4277307,0.38880384
56.840073,0.24268037,0.374266,0.42706567,0.38776475
56.850075,0.24325731,0.37483585,0.42716163,0.3876638
56.860073,0.24335925,0.37386292,0.42747664,0.387551
56.870075,0.24315484,0.37363055,0.42701605,0.38753998
56.88008,0.24347192,0.37326604,0.42725658,0.3874228
56.89007,0.24348214,0.37414086,0.4272818,0.38775
56.900074,0.24449283,0.37380704,0.4276531,0.38741234
56.910072,0.24347629,0.37399328,0.4267654,0.38831887
56.920086,0.24284069,0.3727434,0.42686737,0.38764405
56.93008,0.2425489,0.37362087,0.4277806,0.38859123
56.940083,0.2437054,0.37409008,0.42716637,0.3883537
56.950077,0.24400406,0.37370738,0.4275755,0.38807738
56.960075,0.24323566,0.37406316,0.4277765,0.38816127
56.970074,0.24392956,0.3738795,0.42712998,0.38906765
56.9801,0.24424319,0.3732353,0.4274148,0.3872461
56.990086,0.24371225,0.3738069,0.4274025,0.3882734
57.000084,0.24396388,0.3742306,0.42805803,0.3880966
57.010075,0.24334502,0.3742751,0.42752022,0.38758242
57.020077,0.24307042,0.373834,0.42819896,0.38834235
57.03007,0.24411808,0.37415215,0.4270593,0.38860902
57.040073,0.24389778,0.37334383,0.4279301,0.38804936
57.05008,0.2434713,0.37457258,0.42772794,0.3884291
57.060074,0.24361326,0.3742834,0.42766523,0.3884965
57.070076,0.2439228,0.37407947,0.42805675,0.388659
57.080097,0.24430661,0.37435293,0.42715228,0.38796633
57.090073,0.24410528,0.37517956,0.42737645,0.38841978
57.10008,0.24483545,0.37487918,0.42760763,0.38751486
57.110077,0.2429584,0.3735936,0.42857105,0.3884486
57.120075,0.2434338,0.37397417,0.4278316,0.38750476
57.130074,0.24405433,0.37470928,0.4274821,0.3883618
57.140076,0.24346487,0.3738056,0.42732573,0.38874188
57.150074,0.24407896,0.37492418,0.42823994,0.38780457
57.160076,0.2428773,0.3739888,0.42759922,0.3883519
57.170074,0.24284348,0.37406808,0.4284259,0.38860667
57.18009,0.24439438,0.37393457,0.42790714,0.38832146
57.190075,0.24287155,0.37345982,0.42815006,0.38802633
57.200073,0.2440477,0.37421548,0.42804733,0.38746813
57.21008,0.24315792,0.37383324,0.42747194,0.38848105
57.220074,0.24288334,0.37421525,0.4275742,0.38830638
57.230076,0.24380748,0.37393907,0.42782077,0.3889199
57.240074,0.24382474,0.37428355,0.42793003,0.3883737
57.25008,0.24355412,0.37491596,0.42767796,0.38835138
57.26008,0.24294354,0.37466732,0.42832175,0.3882155
57.270077,0.24357389,0.37434852,0.4275815,0.38826782
57.280083,0.2439645,0.37433392,0.42809778,0.3881243
57.290077,0.2441699,0.37469313,0.42750657,0.38820013
57.300076,0.24473606,0.3738878,0.42792156,0.38807458
57.310074,0.24317679,0.3745462,0.42850208,0.38860747
57.320072,0.2435733,0.37374967,0.4283079,0.3881389
57.330074,0.24348415,0.373624,0.42809343,0.38804078
57.340076,0.24280505,0.3737239,0.42814103,0.38868895
57.350075,0.24364644,0.37307847,0.42795244,0.38783705
57.360077,0.24331331,0.37402594,0.42771024,0.38784465
57.37007,0.24292691,0.374306,0.4283937,0.38813892
57.380074,0.24403736,0.37444773,0.427616,0.3879152
57.390076,0.24390395,0.37410277,0.4276366,0.38852295
57.400078,0.24410802,0.37343413,0.4283775,0.3882613
57.410076,0.24453916,0.37548012,0.42772347,0.38775846
57.420094,0.2437948,0.37442577,0.42829344,0.38819385
57.430077,0.24300946,0.37441772,0.4284147,0.38839963
57.440075,0.24326096,0.37398222,0.42798036,0.38836643
57.450077,0.24353917,0.37408674,0.42926598,0.38884962
57.460075,0.24310367,0.37412262,0.42823496,0.3883995
57.470074,0.24353008,0.37411797,0.4286749,0.38786504
57.480076,0.2438874,0.37419575,0.4279141,0.3880267
57.490074,0.24290976,0.37409225,0.42863545,0.38828462
57.50008,0.2441651,0.3741309,0.42793584,0.38867626
57.510075,0.24347742,0.37417832,0.4281207,0.3885776
57.520077,0.24387464,0.37403125,0.42857975,0.38893488
57.530075,0.24429446,0.37451118,0.4285342,0.38841745
57.540073,0.24330896,0.37404162,0.42815244,0.38793942
57.550076,0.24344908,0.3742296,0.42825633,0.38869444
57.560074,0.24443734,0.37478545,0.42863813,0.38952494
57.570076,0.24316806,0.37397712,0.42880136,0.38770866
57.580074,0.24389066,0.37443766,0.42910084,0.3884292
57.590073,0.24286397,0.37402454,0.42853093,0.38803843
57.600075,0.2439989,0.37424612,0.4286654,0.38858497
57.610073,0.24273512,0.3748143,0.4290011,0.38867152
57.620075,0.2429749,0.37455463,0.4284126,0.38836926
57.630077,0.2430622,0.37391248,0.42845684,0.38796195
57.64007,0.24429959,0.37447837,0.42811713,0.38864166
57.650074,0.24362205,0.37418574,0.42856622,0.38832638
57.660076,0.243299,0.37433994,0.4288834,0.38859418
57.670074,0.2434533,0.37418175,0.42834228,0.38885093
57.680073,0.24326083,0.37448314,0.42875525,0.38838285
57.690075,0.2427913,0.37368235,0.42826396,0.38805392
57.700073,0.2433148,0.37386417,0.4286375,0.38822943
57.710075,0.2437149,0.37400895,0.42881942,0.38797623
57.720074,0.2431298,0.3742318,0.42886513,0.38830027
57.730072,0.24359746,0.37455675,0.42877832,0.3881974
57.740074,0.24426469,0.37442112,0.4287012,0.38783985
57.750072,0.24398445,0.37446412,0.42876208,0.38885155
57.760075,0.24324983,0.374432,0.42890245,0.38872412
57.770077,0.24363387,0.3749883,0.4292596,0.38848823
57.780075,0.24412294,0.37384847,0.4292092,0.38786784
57.790073,0.2439341,0.37415183,0.42842385,0.3879396
57.80007,0.24416287,0.37441897,0.4288233,0.3883232
57.810074,0.2441126,0.37436286,0.4289133,0.3887647
57.820076,0.24375695,0.37371886,0.42828715,0.38891485
57.830074,0.24393825,0.37461847,0.4287575,0.38898414
57.840076,0.24340409,0.3744881,0.42872426,0.38850877
57.85007,0.24346614,0.37386343,0.428755,0.38812396
57.86008,0.2430189,0.3744644,0.42835635,0.38833487
57.87008,0.24349502,0.3743694,0.42862988,0.3886314
57.880074,0.24339241,0.3742364,0.42860627,0.3883675
57.890076,0.24250267,0.37398148,0.4290519,0.38791394
57.900074,0.243345,0.37407878,0.4286996,0.38839117
57.910076,0.24357286,0.37438762,0.42869842,0.3888868
57.920082,0.2419221,0.3720966,0.42949626,0.38819036
57.93008,0.2412134,0.3734974,0.42900646,0.388508
57.940075,0.24270383,0.37394488,0.4290901,0.38850313
57.950073,0.24215129,0.37347806,0.42895916,0.38844636
57.960075,0.24287625,0.3737515,0.42871538,0.38785073
57.970074,0.24153957,0.3732888,0.4289332,0.38842684
57.980083,0.24229348,0.3740529,0.4290069,0.387898
57.990074,0.23979448,0.3734944,0.4288222,0.38851687
58.000084,0.24174024,0.37392145,0.42845094,0.38811037
58.01008,0.24318224,0.3740433,0.428884,0.3889
58.020077,0.24283174,0.3744115,0.4290168,0.38832673
58.030075,0.24341816,0.37437108,0.4289969,0.38871816
58.040073,0.24382417,0.37375638,0.4294202,0.3884599
58.050076,0.24330793,0.37455368,0.42933014,0.38826704
58.060078,0.24319275,0.37429574,0.4292115,0.38839573
58.070076,0.243587,0.37494066,0.42985633,0.38826197
58.080074,0.24341401,0.37408894,0.42881247,0.38847515
58.090073,0.24289858,0.3742664,0.42931563,0.38853425
58.100075,0.24371876,0.37455893,0.4304356,0.3883858
58.110077,0.24319875,0.3739292,0.42949492,0.3885442
58.120075,0.24352199,0.37408847,0.42908967,0.3885792
58.130074,0.2437188,0.373901,0.42928427,0.38851708
58.140076,0.2441496,0.374248,0.42959848,0.38880572
58.150074,0.24355412,0.37425914,0.42934877,0.38878563
58.160072,0.2432195,0.37462962,0.42975006,0.38851714
58.170074,0.24292627,0.37459219,0.42915127,0.38868222
58.180077,0.24361975,0.37489632,0.4293065,0.3883521
58.190075,0.24369375,0.3741615,0.4294576,0.38838363
58.200073,0.24368325,0.3738318,0.4293844,0.38889378
58.21007,0.24330331,0.37483647,0.42912346,0.3891713
58.220085,0.2439253,0.37458843,0.430059,0.38904247
58.230076,0.24292156,0.3743693,0.4289738,0.38860792
58.240078,0.24376254,0.37471572,0.42927197,0.38904428
58.25012,0.24455841,0.37442273,0.42999893,0.3885369
58.260075,0.24465315,0.37519416,0.43000934,0.38890442
58.270077,0.2439517,0.37469587,0.42991334,0.3884237
58.28007,0.24380977,0.37509885,0.43039152,0.3888763
58.290077,0.24387726,0.37514523,0.4299309,0.38901234
58.300076,0.24387309,0.37491345,0.42977816,0.38944104
58.310074,0.24359427,0.37486866,0.43026564,0.38832754
58.320076,0.24353655,0.3743887,0.42974448,0.38906407
58.33007,0.2434777,0.3734493,0.4296962,0.3886667
58.340073,0.24369995,0.37422478,0.42991832,0.388944
58.35009,0.24298753,0.37412894,0.4298724,0.3891504
58.360085,0.24327776,0.3743908,0.42993632,0.38918802
58.37007,0.24408002,0.37506866,0.43020844,0.38874745
58.380077,0.24425843,0.3743543,0.43018976,0.3883936
58.39008,0.24332203,0.3754431,0.42996314,0.38878295
58.400074,0.24327208,0.37359834,0.4302426,0.38840398
58.410076,0.24386989,0.37493587,0.42972168,0.38979095
58.420094,0.23979177,0.37298056,0.42984208,0.38817468
58.43008,0.24346165,0.3745802,0.430001,0.38974917
58.440075,0.24312562,0.37465554,0.43027097,0.38857028
58.450073,0.24373321,0.37449935,0.4307944,0.3891292
58.460075,0.24297567,0.3745089,0.42972893,0.38895795
58.470074,0.24283485,0.37437576,0.42960364,0.38886538
58.480076,0.24356851,0.37418956,0.4293315,0.3886214
58.490078,0.2429588,0.3740478,0.42995793,0.38886818
58.500072,0.24312909,0.37410733,0.4298933,0.3894338
58.510075,0.24344546,0.37484878,0.43045425,0.38929006
58.52007,0.24353693,0.3739541,0.42959055,0.38865545
58.530075,0.24353556,0.37510964,0.4295322,0.38882157
58.540073,0.24304661,0.3740886,0.42989635,0.38948435
58.550076,0.24312459,0.37465197,0.4304182,0.38822046
58.560074,0.24373007,0.37454942,0.42948648,0.3890383
58.570072,0.24306956,0.3743942,0.43042842,0.38877162
58.58008,0.24462223,0.37465212,0.43030554,0.3896762
58.590076,0.24357551,0.3741175,0.4302038,0.38890767
58.600075,0.24371696,0.37512517,0.43038437,0.38935134
58.610073,0.24299021,0.37421808,0.4306688,0.38870168
58.620075,0.24358836,0.37447795,0.42976403,0.38960293
58.630074,0.2432109,0.37485406,0.4306596,0.38934365
58.64007,0.24406971,0.3743558,0.4296426,0.38957986
58.650078,0.24437703,0.37467456,0.43031326,0.38894337
58.660072,0.24396124,0.37477016,0.4308975,0.38862607
58.670074,0.24297905,0.3748399,0.43029758,0.38845298
58.680077,0.24302253,0.3743862,0.4303052,0.38901287
58.69008,0.24347739,0.37512445,0.42994228,0.3889924
58.700077,0.24273178,0.37425506,0.43026572,0.38893703
58.710075,0.24381223,0.37488618,0.43043414,0.38972887
58.720074,0.24342416,0.37468538,0.43044785,0.38924274
58.730076,0.24458675,0.3748495,0.43080294,0.38960212
58.740074,0.24367712,0.37448454,0.4303593,0.38885102
58.750076,0.24432229,0.37504047,0.4303394,0.3891045
58.76007,0.24345817,0.3752599,0.43067896,0.38950035
58.770073,0.24407923,0.3749658,0.4306972,0.3894861
58.780075,0.2441527,0.37459168,0.43018842,0.38948405
58.790077,0.24345563,0.37518913,0.4308812,0.38905093
58.800076,0.24334067,0.37447152,0.43121344,0.38927785
58.810074,0.24295765,0.37487593,0.43096688,0.3891367
58.820072,0.24344452,0.3741552,0.43083277,0.38885432
58.830074,0.24309604,0.375486,0.43079987,0.3893548
58.840073,0.24357802,0.37489477,0.43085468,0.38956875
58.850075,0.24341883,0.37452623,0.43106538,0.38918597
58.860073,0.24358165,0.3748966,0.4304406,0.38947466
58.870075,0.24336134,0.37434664,0.43068913,0.3894506
58.880074,0.24376197,0.3746949,0.430596,0.3895621
58.890076,0.24328245,0.37427545,0.43061993,0.3892228
58.900074,0.24392709,0.37515435,0.43075663,0.38964984
58.910076,0.24336585,0.3746383,0.4305848,0.3896363
58.920094,0.24311036,0.37435672,0.4309988,0.3893176
58.930084,0.24359895,0.37468195,0.43108177,0.38932955
58.94008,0.2430236,0.37486407,0.43059042,0.389305
58.950073,0.24327554,0.37456465,0.43122134,0.38910136
58.960075,0.2433908,0.3738581,0.43093786,0.3896465
58.970078,0.2434912,0.37511295,0.4303216,0.38927385
58.980072,0.2434714,0.37441775,0.430767,0.38933888
58.990078,0.24240868,0.37459454,0.43100816,0.38908127
59.000084,0.2436317,0.37385213,0.4312729,0.38902777
59.01008,0.24286558,0.37506273,0.43098715,0.38984826
59.020077,0.24311793,0.37396467,0.430788,0.3899554
59.030075,0.24380265,0.375512,0.43184477,0.38987744
59.040077,0.24404907,0.37524644,0.43047473,0.38950384
59.05007,0.24338228,0.37461692,0.43168893,0.38932294
59.060074,0.24372233,0.3742706,0.43090126,0.3894776
59.070076,0.24414572,0.37493852,0.43113935,0.38951445
59.080074,0.24379241,0.37552434,0.43074742,0.3894428
59.090076,0.24384628,0.3751193,0.431181,0.38983506
59.100075,0.24356279,0.37473527,0.43103212,0.39001903
59.110077,0.24364027,0.37500313,0.4316439,0.38937733
59.12007,0.24397635,0.37502196,0.4308723,0.3898467
59.130074,0.24349247,0.3755033,0.43133605,0.3896529
59.14007,0.24321148,0.37480575,0.43132403,0.38988802
59.150074,0.24333888,0.375451,0.4313516,0.39013633
59.160076,0.24368466,0.37440202,0.43063515,0.38984394
59.170074,0.24404529,0.37467363,0.43143713,0.38991266
59.180077,0.24489637,0.37492728,0.43128473,0.38978702
59.190075,0.24315487,0.3742655,0.4309801,0.38995478
59.200073,0.24500524,0.37493852,0.43153775,0.38952816
59.210075,0.24346507,0.37487608,0.4304253,0.39023054
59.220078,0.24403518,0.375141,0.43091634,0.3899695
59.230072,0.2432704,0.37521482,0.43083757,0.38991287
59.24007,0.24406019,0.37441412,0.43123174,0.39043856
59.250076,0.2435785,0.37454972,0.43142453,0.3895333
59.260082,0.2442776,0.37475485,0.4307857,0.3897875
59.270077,0.24317323,0.3747756,0.43146238,0.38929892
59.280075,0.24342152,0.3754519,0.43152657,0.3900637
59.290073,0.24318658,0.37446377,0.4312344,0.39004633
59.300076,0.24358292,0.37467736,0.43119687,0.39023787
59.310074,0.24341339,0.37479556,0.43118572,0.38990054
59.320076,0.24297756,0.37508792,0.43091726,0.3901257
59.330074,0.24353485,0.37544426,0.43115062,0.38990265
59.340076,0.24405316,0.37480083,0.4306254,0.3893841
59.350075,0.2443281,0.37463805,0.43158302,0.38982955
59.360073,0.24321973,0.37508962,0.43142217,0.38913485
59.370075,0.24336866,0.37500015,0.43168536,0.38988474
59.380074,0.24432682,0.37557656,0.43105906,0.3902836
59.39007,0.2431264,0.37492228,0.43131626,0.38994125
59.400074,0.24318123,0.37493026,0.43174905,0.39013556
59.410072,0.24320947,0.37455484,0.43145028,0.39015126
59.420094,0.2435595,0.3745429,0.43067867,0.38902992
59.43008,0.24203628,0.37449893,0.4308853,0.39024416
59.440075,0.24341771,0.37502563,0.43110138,0.3900899
59.450073,0.2430046,0.37475988,0.43142852,0.38991997
59.460075,0.24321714,0.37487623,0.43123454,0.38981834
59.470074,0.24298947,0.37522408,0.43135995,0.39045662
59.480072,0.24430247,0.37483498,0.4314815,0.38978857
59.490074,0.24334435,0.37479797,0.43071353,0.3904011
59.500076,0.24469495,0.37439752,0.4309636,0.3903761
59.510075,0.24368937,0.37452918,0.43165645,0.38986
59.520077,0.24357334,0.37553376,0.43131697,0.3904257
59.53007,0.2440491,0.3754337,0.4315007,0.38980708
59.540073,0.2437272,0.37520874,0.43147758,0.38978013
59.550076,0.24397793,0.37456357,0.4309201,0.3902168
59.560074,0.24410467,0.37506643,0.43157476,0.39046583
59.570076,0.24368307,0.3751913,0.43091053,0.3902059
59.580082,0.24476323,0.37544915,0.43183807,0.39057007
59.590076,0.24340823,0.37523982,0.43086773,0.390592
59.600075,0.24382693,0.37509128,0.43159607,0.3904484
59.610077,0.24282134,0.3745945,0.43096867,0.39087042
59.620075,0.24388565,0.37521684,0.43117052,0.39046562
59.630074,0.24427503,0.37512952,0.43151328,0.39029294
59.640076,0.24420486,0.3751424,0.43065864,0.3905726
59.65007,0.2434719,0.37516886,0.43081927,0.39060274
59.660076,0.24361497,0.374908,0.43109003,0.39048892
59.670074,0.24342982,0.3749586,0.43166924,0.39056343
59.680073,0.24342297,0.3750445,0.4310774,0.39023876
59.690075,0.24312413,0.3750116,0.43184364,0.3903199
59.700073,0.24311996,0.37466183,0.43132016,0.39054692
59.710075,0.24404454,0.37496474,0.4310575,0.39017323
59.720074,0.24330454,0.3751204,0.4311099,0.3902437
59.730076,0.24440965,0.37505,0.43201727,0.39065763
59.740074,0.24351077,0.37486532,0.431054,0.39079395
59.750076,0.24444465,0.37518132,0.43147972,0.39049846
59.760075,0.24364968,0.3745582,0.43127346,0.39024314
59.770073,0.24329501,0.37514582,0.431978,0.390418
59.780075,0.24409376,0.37516677,0.43095246,0.3907978
59.790073,0.24321091,0.37505263,0.43159053,0.3912547
59.800076,0.24314506,0.37498963,0.43132415,0.39063075
59.810074,0.24344279,0.374986,0.43193597,0.39040235
59.820076,0.24359284,0.37480772,0.43114984,0.3911569
59.830074,0.24390744,0.3749302,0.43088856,0.39094925
59.840073,0.24372157,0.3750972,0.430873,0.39045867
59.850075,0.24403343,0.3745634,0.4315248,0.3906011
59.860073,0.24408968,0.37516186,0.4318776,0.39110178
59.870075,0.2430467,0.37465942,0.43077236,0.39095837
59.880074,0.24439502,0.3749942,0.43155208,0.3910103
59.89007,0.24342887,0.37464407,0.43095964,0.3908358
59.900074,0.24410859,0.37529674,0.43047044,0.39034516
59.91008,0.24369647,0.37462813,0.43134886,0.3906847
59.920094,0.24383323,0.37413707,0.4296324,0.39180452
59.930088,0.23890947,0.37523204,0.43139493,0.39075685
59.940083,0.24324174,0.3750266,0.430332,0.3915894
59.950073,0.24337791,0.37463424,0.43167526,0.39224273
59.96007,0.24354543,0.37577316,0.43195957,0.39001927
59.970074,0.24365748,0.37511718,0.42943215,0.39088273
59.980072,0.24409406,0.3751032,0.43168715,0.39092287
59.9901,0.24309805,0.37455243,0.4311683,0.3910138
60.00009,0.24372397,0.37506235,0.4315294,0.39115232
60.010075,0.24352689,0.37565756,0.4307058,0.39103085
60.020077,0.24316943,0.3750254,0.4314328,0.3909696
60.03007,0.24438162,0.37578616,0.43123576,0.39106506
60.040077,0.2444883,0.37525994,0.43186852,0.39146125
60.050076,0.2437949,0.37521514,0.4305552,0.39113045
60.060074,0.24341086,0.3755494,0.43133336,0.39107564
60.070076,0.24366738,0.37556618,0.43172312,0.39170906
60.08008,0.24426301,0.37543732,0.43127158,0.39166728
60.09008,0.24364759,0.3755072,0.43069658,0.39190546
60.10007,0.24357794,0.37537664,0.43098596,0.3914064
60.110077,0.24351011,0.37472036,0.43111727,0.3918555
60.120075,0.24340892,0.37486544,0.43116978,0.3917568
60.130074,0.24423225,0.3749727,0.4316868,0.39171052
60.140076,0.24294887,0.3753337,0.43158823,0.3911704
60.150074,0.24360932,0.37492225,0.43112135,0.39139995
60.160076,0.24390362,0.3754799,0.43108726,0.39159992
60.17008,0.24364549,0.3749498,0.43122506,0.39168188
60.180073,0.24425547,0.37474087,0.43139648,0.39188382
60.19008,0.24391374,0.3753714,0.43067026,0.3916531
60.200073,0.24363992,0.37494415,0.43125916,0.39182433
60.21008,0.24358113,0.37507915,0.43095037,0.39195758
60.220078,0.24343647,0.37508166,0.43118376,0.39161775
60.230076,0.24431215,0.3747481,0.43069363,0.3912897
60.240074,0.24413937,0.37508133,0.43130615,0.39255628
60.250072,0.24362415,0.37455112,0.43031108,0.39201373
60.260082,0.24445152,0.37576434,0.4302868,0.39159212
60.270077,0.24331029,0.3746149,0.430741,0.39218548
60.280083,0.24391297,0.37586915,0.43072096,0.39202887
60.290077,0.24339874,0.3747339,0.4313901,0.39173406
60.300076,0.24281883,0.37448663,0.43205044,0.3922016
60.310074,0.24277435,0.37453735,0.4313871,0.39231795
60.320072,0.24417685,0.3748392,0.42955595,0.39224735
60.330074,0.24399145,0.37485123,0.43071976,0.3918233
60.340076,0.24368899,0.37606117,0.43022782,0.39277583
60.350075,0.24444667,0.3750918,0.43105552,0.39138767
60.360085,0.24349083,0.37575382,0.4304904,0.39172634
60.370075,0.24347927,0.37562096,0.43083802,0.39264408
60.380077,0.24361879,0.37505177,0.4307507,0.39317137
60.390076,0.2430235,0.3756497,0.43092543,0.3916037
60.400074,0.24333745,0.37600636,0.4304253,0.39184418
60.410076,0.24369691,0.37489742,0.4307075,0.39242518
60.420086,0.2433316,0.37498242,0.4304883,0.39268714
60.43009,0.2434387,0.37604856,0.43147224,0.39213836
60.44008,0.2438172,0.37525302,0.4309328,0.39257532
60.450077,0.24363558,0.3750415,0.43086877,0.39203367
60.460075,0.2438892,0.3751311,0.43055677,0.39193568
60.470074,0.24432142,0.37498602,0.4305004,0.39184523
60.480076,0.24343215,0.37507805,0.43107423,0.39266044
60.490074,0.24387532,0.37566137,0.43077835,0.39290187
60.500076,0.24376605,0.3758556,0.43086985,0.3924392
60.510075,0.24314861,0.37540844,0.42964083,0.3926325
60.520073,0.24439374,0.37520704,0.43003428,0.3916133
60.530083,0.24386825,0.375302,0.43071792,0.3926805
60.540073,0.24424882,0.37554356,0.43042573,0.39241454
60.550076,0.24386148,0.37514988,0.4304821,0.39216423
60.560074,0.24414463,0.37498605,0.43027657,0.39270338
60.570076,0.24384606,0.37555748,0.42971668,0.39250764
60.580074,0.24413583,0.37614202,0.43047053,0.3926281
60.590076,0.2434821,0.37425202,0.42984048,0.39247003
60.60008,0.24348111,0.37569818,0.43083194,0.39287424
60.61007,0.24365433,0.3754123,0.43052667,0.39236665
60.620075,0.24354579,0.3751665,0.4305415,0.39231297
60.630074,0.24332413,0.3753956,0.42999405,0.39277005
60.640076,0.24351537,0.37545747,0.4299836,0.3927612
60.650074,0.24379349,0.37517273,0.43032756,0.3927967
60.660076,0.24371417,0.37608823,0.42984,0.39260134
60.670074,0.24303919,0.37537512,0.43011633,0.39229044
60.680073,0.24357487,0.37550148,0.42949468,0.39310965
60.69008,0.24276239,0.37533975,0.43135634,0.3930676
60.700096,0.2423357,0.37437144,0.4298256,0.39241812
60.71008,0.2417425,0.37455952,0.4299753,0.3933718
60.720074,0.24171385,0.37418678,0.42993847,0.3930549
60.730072,0.24321172,0.37371403,0.43002617,0.3944525
60.740074,0.24287696,0.3726244,0.42993662,0.39351946
60.750076,0.24305381,0.37452012,0.42878237,0.39073864
60.760075,0.24251546,0.37364015,0.42979494,0.39140093
60.770073,0.24274798,0.37421244,0.42969316,0.3917855
60.780075,0.2431041,0.37566888,0.42998183,0.3926769
60.790077,0.24323465,0.37543708,0.43013644,0.39302212
60.800076,0.24342792,0.37609667,0.4299794,0.3930744
60.810074,0.24359524,0.37604618,0.43067142,0.39343485
60.820076,0.24372952,0.3759251,0.42968938,0.39321843
60.830074,0.24402604,0.3758982,0.42904302,0.39279497
60.840076,0.24469258,0.37586132,0.430218,0.3927232
60.85007,0.244155,0.37545568,0.42965242,0.39339754
60.860073,0.24402511,0.3762535,0.42969558,0.39313412
60.870075,0.24384917,0.37519172,0.43017563,0.39301497
60.880074,0.2445301,0.37519583,0.43022627,0.3937954
60.890076,0.24251038,0.37565774,0.42992377,0.39308324
60.900074,0.24493486,0.37590978,0.43015078,0.393007
60.910072,0.24397802,0.37576723,0.4308902,0.39404678
60.920082,0.2445844,0.37382442,0.4293007,0.39372092
60.930088,0.24291177,0.37493357,0.4297952,0.3934387
60.94008,0.24324076,0.3747262,0.4300479,0.39352414
60.950073,0.2429587,0.37506512,0.42969418,0.39334437
60.960075,0.24317715,0.37590167,0.42990184,0.39339286
60.970074,0.2436053,0.37595937,0.42953923,0.39385393
60.980076,0.24363492,0.37562305,0.4299724,0.39368585
60.990074,0.24304064,0.37593305,0.42956486,0.39368862
61.00008,0.24361418,0.3753914,0.42931762,0.39346036
61.01008,0.2435077,0.37485313,0.42893612,0.39389428
61.020077,0.24331172,0.37506095,0.42937276,0.3927324
61.03007,0.24348715,0.3756889,0.42980036,0.39400342
61.040073,0.2434308,0.3751089,0.42938104,0.39417842
61.050076,0.24398513,0.3758698,0.42891663,0.39346653
61.060074,0.2438189,0.37588435,0.4299872,0.39347398
61.070076,0.24357551,0.37567496,0.43109223,0.39428556
61.080074,0.24326853,0.3761511,0.43074754,0.39362162
61.090073,0.24346732,0.37497744,0.43019673,0.39409897
61.100075,0.24370885,0.37653884,0.42811945,0.3920693
61.110073,0.24360658,0.37620535,0.42952228,0.39264837
61.120075,0.24328943,0.37321973,0.43005362,0.3922651
61.130077,0.24372908,0.37371013,0.42834476,0.39282784
61.140076,0.24357069,0.37555525,0.42990032,0.39262885
61.150074,0.24352208,0.37649757,0.4290942,0.39353484
61.160072,0.24399927,0.37632257,0.42977017,0.39359373
61.170074,0.2440617,0.3755643,0.42908716,0.39394048
61.180077,0.24450986,0.37570477,0.42996192,0.39411008
61.190075,0.24392055,0.37643948,0.42931765,0.39386746
61.200077,0.24430054,0.3757533,0.42945918,0.39477023
61.21007,0.24333763,0.37554595,0.4290197,0.39446634
61.220074,0.24165311,0.375991,0.42963138,0.39350513
61.23008,0.24418034,0.37558258,0.4296683,0.39357942
61.240074,0.24361852,0.3761081,0.4289409,0.3937967
61.250076,0.24322994,0.37603977,0.42909884,0.39361814
61.260082,0.24368529,0.37627697,0.42850927,0.3940706
61.270077,0.24401535,0.37624753,0.42961648,0.39401606
61.280075,0.24371685,0.37592095,0.42927274,0.39342037
61.290073,0.2443692,0.37637442,0.4289252,0.39369065
61.300076,0.24422374,0.37551415,0.4287796,0.39387012
61.310074,0.24390118,0.37553585,0.42929223,0.3941956
61.320072,0.24399735,0.37558585,0.42888188,0.39457172
61.330074,0.24407682,0.37545502,0.42938557,0.39340788
61.340076,0.24376646,0.37598628,0.4286129,0.3941951
61.350075,0.24452758,0.37574616,0.42944205,0.39405182
