elapsed_time_sec,ss1,ss2,ss3,ss4
4.9259997e-06,0.27059135,0.39717934,0.6302385,0.4259984
0.010075214,0.27102736,0.40150067,0.62965506,0.4481278
0.020065783,0.2700522,0.40235126,0.63075,0.45439076
0.030063387,0.27097842,0.40250894,0.63080347,0.45690385
0.040063582,0.27027768,0.4026253,0.63053274,0.4568627
0.050063003,0.27110586,0.40207598,0.63068247,0.45769906
0.06007229,0.27102566,0.40249604,0.630639,0.45833963
0.07006569,0.27018732,0.40300843,0.6302142,0.4571944
0.080063224,0.2712805,0.4021604,0.6307119,0.4580012
0.09006199,0.27120817,0.40353367,0.6305684,0.45819205
0.1000629,0.2708856,0.4037166,0.63027126,0.458204
0.110063076,0.27066088,0.40335178,0.6313501,0.45868632
0.12006479,0.27106574,0.40291113,0.6300275,0.45772597
0.13006236,0.271709,0.40342188,0.63005817,0.45737058
0.14006335,0.27099085,0.40281823,0.63065577,0.45766062
0.15006298,0.27027625,0.40223324,0.63059247,0.45768097
0.16006227,0.27047732,0.40317994,0.630148,0.45854944
0.17006287,0.2702558,0.40311265,0.6309973,0.4579618
0.18006262,0.2709241,0.40293393,0.63092023,0.45827436
0.19006243,0.27068025,0.40247908,0.6302934,0.45799512
0.20006217,0.270711,0.40271467,0.6300916,0.45798543
0.21006224,0.27039647,0.4024709,0.62919444,0.45814157
0.22006375,0.27124313,0.40338403,0.6310821,0.45832533
0.23006277,0.2710337,0.40305385,0.6299489,0.4580502
0.24006294,0.2710557,0.40355825,0.62817025,0.45753503
0.25006118,0.27080122,0.4038677,0.6301209,0.457462
0.2600628,0.27077955,0.40254927,0.63023,0.45825398
0.27006155,0.27101877,0.40235302,0.6295999,0.4574257
0.2800622,0.27087533,0.4026299,0.6296485,0.45766497
0.29006216,0.27087218,0.40303904,0.63074255,0.45848894
0.30006257,0.2706697,0.40257952,0.630127,0.4585534
0.3100629,0.27086824,0.40272078,0.63003963,0.45996475
0.32006174,0.27040064,0.40248424,0.629601,0.45895678
0.3300619,0.27000424,0.4029707,0.63005984,0.45740923
0.3400677,0.26840222,0.40110204,0.629321,0.45759532
0.35007265,0.27082327,0.40416455,0.62977046,0.45683774
0.36006486,0.27033576,0.40365696,0.6293547,0.45719406
0.37006247,0.27079663,0.40195745,0.63034546,0.45863467
0.3800665,0.2673025,0.4021721,0.62961704,0.4581362
0.39006394,0.27057698,0.40234512,0.6306737,0.457558
0.40006328,0.267901,0.39961365,0.62867635,0.4574911
0.41006646,0.2705781,0.4033359,0.6296434,0.45825085
0.42006305,0.27090114,0.40267384,0.6298398,0.4578329
0.4300634,0.2713432,0.4030036,0.62983876,0.45774406
0.44006187,0.2712758,0.4021207,0.6301676,0.45801526
0.4500617,0.27060705,0.40230647,0.62939614,0.45766726
0.4600626,0.2705112,0.40236172,0.62919664,0.45813963
0.47006258,0.27099544,0.4030462,0.6288696,0.4576814
0.48006275,0.2711802,0.40224296,0.6300357,0.45802343
0.49006122,0.27125078,0.4030982,0.62932605,0.4579558
0.5000625,0.27029884,0.403147,0.6293568,0.4574569
0.5100626,0.27050054,0.4031924,0.6298022,0.45775622
0.52006304,0.270692,0.4027794,0.628898,0.45819762
0.5300617,0.2719497,0.40264174,0.6294249,0.4582949
0.5400626,0.27140298,0.4035298,0.6297754,0.45844972
0.5500615,0.27029634,0.40236124,0.629256,0.45736057
0.56006986,0.2707198,0.40224785,0.6299451,0.45801616
0.57006603,0.27094245,0.4032192,0.6286626,0.45793155
0.58006316,0.27094743,0.4033833,0.6292992,0.45781985
0.5900619,0.27076235,0.4025568,0.62918645,0.45799267
0.60006243,0.27068192,0.40293366,0.62847877,0.4574892
0.61006105,0.27065358,0.4026112,0.63012326,0.45785245
0.6200639,0.2705714,0.40312496,0.62958944,0.45762172
0.63006264,0.27104625,0.4028678,0.6291626,0.45764592
0.6400628,0.270145,0.40248373,0.62913585,0.45739138
0.6500621,0.27072397,0.40277648,0.6290525,0.45786956
0.66006315,0.27042362,0.40260836,0.6285505,0.45739937
0.6700619,0.27095777,0.40333325,0.6294009,0.4577563
0.6800646,0.26622063,0.4022454,0.62833005,0.457435
0.69006747,0.27019718,0.40272442,0.62952495,0.45777124
0.7000627,0.2699829,0.40257612,0.62913954,0.4579571
0.7100606,0.2707497,0.40221402,0.62913465,0.45736203
0.72006357,0.2707707,0.40246445,0.6289369,0.45760038
0.7300616,0.27092817,0.4023426,0.62884504,0.4576218
0.74006253,0.2704398,0.40291634,0.6289862,0.45739496
0.75006235,0.27093703,0.4024792,0.62915987,0.45758587
0.76006275,0.2703087,0.4027547,0.62847614,0.45812434
0.77006197,0.2703828,0.4027154,0.62868154,0.45689428
0.78006184,0.27089667,0.40219596,0.62830997,0.45737264
0.7900623,0.27044767,0.40264732,0.6281703,0.4576682
0.8000619,0.2708407,0.40251037,0.6288233,0.4572542
0.81006235,0.270197,0.40205964,0.62830263,0.4574206
0.8200623,0.27137318,0.40185365,0.62777764,0.4579998
0.8300631,0.27049366,0.40258056,0.6262021,0.45770353
0.84006274,0.2709495,0.4031621,0.6266205,0.45723933
0.8500613,0.2707591,0.4022206,0.6304023,0.4574398
0.8600624,0.27084085,0.4027431,0.62999064,0.45730612
0.8700625,0.27135834,0.40218312,0.6283065,0.45749924
0.8800621,0.2710935,0.40209717,0.6282448,0.45744336
0.89006233,0.27095354,0.4032304,0.6277627,0.45669907
0.9000617,0.27059162,0.4028357,0.6281383,0.45748085
0.9100629,0.27063492,0.4026558,0.62795997,0.45659262
0.92006177,0.2708166,0.4029052,0.62813216,0.45731813
0.9300621,0.27117845,0.40204942,0.629041,0.4571278
0.9400629,0.27053246,0.40205315,0.62743473,0.45728692
0.95006216,0.2711244,0.4021175,0.62642974,0.45805976
0.96006256,0.2707143,0.4023757,0.62932897,0.45746294
0.97006136,0.27161264,0.4029304,0.62803406,0.45723844
0.9800618,0.27069083,0.40243375,0.6264064,0.45674863
0.99006224,0.27124336,0.4028902,0.62866396,0.45731148
1.000067,0.27071065,0.40228698,0.62658006,0.45677084
1.0100646,0.2711927,0.40321988,0.62864786,0.45730436
1.0200629,0.27074143,0.40268877,0.6271598,0.4568994
1.0300617,0.27092215,0.40309015,0.6278016,0.45711702
1.040062,0.27066943,0.40288836,0.6271071,0.4579964
1.0500624,0.2705066,0.40161264,0.6276866,0.4563838
1.0600715,0.27072105,0.4023149,0.62683636,0.45762113
1.0700656,0.2706925,0.40111783,0.62739116,0.45819187
1.0800619,0.27133355,0.4033118,0.6273764,0.45937973
1.0900613,0.2712367,0.40230542,0.6279021,0.45715016
1.1000628,0.2716053,0.40106732,0.6273906,0.45829996
1.1100627,0.27032346,0.40182254,0.6269579,0.45672452
1.1200627,0.27162898,0.40343937,0.6271864,0.45754316
1.1300629,0.27035657,0.40262914,0.6271969,0.45694286
1.1400627,0.27110356,0.4026397,0.62758094,0.45722508
1.1500628,0.27026498,0.40140182,0.62704164,0.45693716
1.1600618,0.27136222,0.40234718,0.6276499,0.45735008
1.1700627,0.27110186,0.4026457,0.62805027,0.45654142
1.1800628,0.27139133,0.40227023,0.6288137,0.45686078
1.1900623,0.2707041,0.4024851,0.62893826,0.4566298
1.2000633,0.2710988,0.40216693,0.6282599,0.45709878
1.2100656,0.27103764,0.40256098,0.62509537,0.45686015
1.2200638,0.27030754,0.40256453,0.6255225,0.4564102
1.230063,0.27074707,0.40211496,0.6269673,0.4563105
1.2400619,0.27065784,0.40226632,0.6265147,0.45672888
1.2500626,0.2707847,0.40253818,0.6275133,0.4566453
1.2600625,0.27150422,0.4023398,0.6267355,0.45608166
1.2700622,0.27170303,0.40283334,0.62681633,0.45705244
1.2800617,0.27098998,0.4022113,0.6264222,0.4567816
1.2900623,0.27186695,0.40314737,0.62692004,0.45828947
1.3000624,0.27056152,0.4018049,0.6263533,0.45698062
1.3100622,0.2709167,0.403866,0.62656856,0.45521653
1.3200637,0.2716294,0.40326977,0.6262153,0.45624658
1.3300617,0.27098298,0.40090835,0.62688696,0.45553964
1.3400652,0.26838064,0.40115786,0.6260596,0.4559265
1.3500737,0.27032584,0.40314582,0.6259705,0.45701152
1.3600647,0.2712803,0.40214807,0.6260902,0.45605588
1.3700613,0.2706752,0.40269962,0.6264599,0.45597157
1.3800627,0.27108583,0.40260082,0.6273473,0.45657787
1.390063,0.27115685,0.4027884,0.6256592,0.45619723
1.4001201,0.27132788,0.4018232,0.62581086,0.45549935
1.4100634,0.27084205,0.40201214,0.6265852,0.4555639
1.4200627,0.27203327,0.40339917,0.62484694,0.45590696
1.4300627,0.2714312,0.40255886,0.62445015,0.45583898
1.4400629,0.27160898,0.40301147,0.62509334,0.45620868
1.450062,0.2706448,0.40269575,0.62526536,0.45570365
1.4600629,0.2713665,0.40250593,0.62544996,0.45618784
1.4700617,0.27143526,0.40165162,0.6257918,0.455962
1.4800632,0.27121863,0.40293154,0.6268308,0.45551196
1.4900622,0.27028763,0.402233,0.62634575,0.4553124
1.5000625,0.27010635,0.40204558,0.62601453,0.45626274
1.5100625,0.27103326,0.4013583,0.62533903,0.45602313
1.5200614,0.27131763,0.40345442,0.6258753,0.45772633
1.5300626,0.2705932,0.4010688,0.62515354,0.45677862
1.5400627,0.2706895,0.40118137,0.62551326,0.45717317
1.550063,0.27120006,0.4021824,0.6251594,0.4540828
1.5600717,0.27039024,0.40280303,0.62601084,0.456265
1.5700648,0.2704607,0.40208325,0.62620944,0.45616755
1.5800631,0.27026212,0.40367985,0.6258123,0.45530525
1.5900624,0.27111387,0.4023458,0.6256709,0.4555566
1.6000623,0.2713483,0.40202588,0.6250982,0.45588037
1.6100626,0.27154443,0.4026446,0.625533,0.4555453
1.6200622,0.27106452,0.4019014,0.6254412,0.45564422
1.6300621,0.27135724,0.40268692,0.6255957,0.45627916
1.6400625,0.27109843,0.40211555,0.6253455,0.45557532
1.6500627,0.27138168,0.4015603,0.62535274,0.455684
1.6600616,0.2714274,0.4012288,0.62518674,0.45484924
1.6700618,0.27136862,0.40232196,0.6253052,0.45506057
1.6800628,0.270508,0.4022079,0.6248252,0.45502412
1.6900622,0.27087393,0.4025,0.6253806,0.45552534
1.7000624,0.27133784,0.4027553,0.62469524,0.45536113
1.7100624,0.27068776,0.40219277,0.6254381,0.4556802
1.7200623,0.2714243,0.4030507,0.6251864,0.45532423
1.7300624,0.27086687,0.4023061,0.62552214,0.45444512
1.7400627,0.27150282,0.4026913,0.6238864,0.4559315
1.7500625,0.27111647,0.4017497,0.6251297,0.45497864
1.7600626,0.27111894,0.4022299,0.62608856,0.45516777
1.7700617,0.27146018,0.40246207,0.62361425,0.45517236
1.7800627,0.27135506,0.40241808,0.6263692,0.45508844
1.7900627,0.27080378,0.4020186,0.62432534,0.45481873
1.8000627,0.27027053,0.40194157,0.6236477,0.4555474
1.810062,0.27075303,0.4026011,0.6237498,0.45517612
1.8200617,0.27179253,0.40183073,0.6247392,0.4546474
1.8300625,0.27044848,0.40270564,0.6247321,0.45434827
1.8400623,0.2710197,0.40218022,0.6243554,0.45538762
1.8500623,0.2716907,0.40200484,0.6238899,0.45410585
1.8600624,0.27127445,0.40209052,0.6242807,0.4547994
1.870061,0.27182484,0.40245333,0.6239844,0.4551655
1.8800622,0.270818,0.40206975,0.62410843,0.45483562
1.8900622,0.2708614,0.4016026,0.6249236,0.4545266
1.9000617,0.27136078,0.40236586,0.6242237,0.45467255
1.9100627,0.27122658,0.40275818,0.6244367,0.45518246
1.9200612,0.2716988,0.4024183,0.62448883,0.45516002
1.9300622,0.27103448,0.40277967,0.6248525,0.45489088
1.9400624,0.27082697,0.40188465,0.6242299,0.45403805
1.9500619,0.2706361,0.4019653,0.62416303,0.45463857
1.9600623,0.27106935,0.40245476,0.6242312,0.45409355
1.970061,0.2708649,0.40170446,0.6237201,0.45426023
1.9800624,0.27105135,0.401911,0.6238375,0.45437995
1.9900621,0.27063215,0.4022475,0.6238427,0.4550663
2.0000675,0.2704932,0.40169737,0.62369454,0.4551594
2.0100634,0.2705331,0.40126437,0.6239864,0.4533663
2.020064,0.2711562,0.4023047,0.6246136,0.45489386
2.0300617,0.2708334,0.40222684,0.62398547,0.45396328
2.0400617,0.27138424,0.40276295,0.62415844,0.45484617
2.0500631,0.27115047,0.40155768,0.6242835,0.4546386
2.0600731,0.27121815,0.40221855,0.6237393,0.45422256
2.0700655,0.27091488,0.40166062,0.62356865,0.4540109
2.080062,0.2714822,0.4019428,0.6234423,0.45402628
2.0900614,0.27101544,0.40244552,0.62359786,0.45379934
2.1000626,0.2709991,0.40167663,0.62364304,0.45435163
2.1100626,0.27144754,0.4020617,0.6231213,0.4536897
2.1200626,0.2716868,0.4022129,0.6217724,0.45422217
2.1300635,0.27084544,0.40150386,0.6227489,0.4541724
2.1400626,0.27207115,0.4020597,0.6216946,0.4541671
2.1500623,0.2714564,0.4018117,0.62287897,0.45347044
2.1600602,0.27044958,0.40125254,0.62277377,0.45433563
2.1700625,0.2718825,0.40260315,0.6244831,0.45381907
2.1800609,0.27072924,0.4020662,0.6241315,0.45365676
2.1900628,0.2712871,0.40192747,0.62339735,0.453904
2.2000628,0.2715423,0.40201318,0.62302697,0.4542126
2.210063,0.27157217,0.4025137,0.6231493,0.45371485
2.2200665,0.27086148,0.40196824,0.62368065,0.45429644
2.2300622,0.27104488,0.4001288,0.6236937,0.45211115
2.240063,0.27086177,0.40108427,0.6233249,0.45480773
2.2500625,0.27119943,0.4017841,0.623131,0.45363367
2.2600627,0.2708041,0.4029535,0.62265676,0.4545028
2.2700624,0.2707046,0.40013784,0.6233218,0.45267668
2.2800622,0.27080137,0.4000978,0.62341744,0.45462674
2.2900617,0.27082258,0.40009463,0.62300545,0.4541432
2.300063,0.2706666,0.40201563,0.62262535,0.4535592
2.3100624,0.2706458,0.40105924,0.6233041,0.45315084
2.3200638,0.27103788,0.40188932,0.62297463,0.4539728
2.3300617,0.27170128,0.40161645,0.6226948,0.45350575
2.3400652,0.268599,0.40029413,0.6227643,0.45368394
2.3500736,0.27093455,0.4011971,0.6229372,0.45341116
2.3600645,0.2717909,0.4019628,0.62282526,0.4531809
2.3700619,0.27087557,0.40152913,0.6228583,0.453694
2.3800642,0.27136952,0.4022549,0.62321275,0.45394713
2.390064,0.27130723,0.40217215,0.62318176,0.45292526
2.400063,0.2711678,0.4022546,0.6230129,0.45328394
2.4100616,0.2705111,0.40153924,0.623041,0.4528622
2.4200628,0.27140698,0.4021185,0.62291247,0.45378172
2.4300618,0.27117237,0.40114462,0.6230817,0.45279884
2.4400618,0.27050415,0.40188807,0.622537,0.4534647
2.4500601,0.27103645,0.4013361,0.62237185,0.45329177
2.4600623,0.27092248,0.4022565,0.6227186,0.45299834
2.4700627,0.27144504,0.40312508,0.62245536,0.4530932
2.480062,0.27073455,0.40154845,0.62259656,0.45268708
2.4900622,0.27146283,0.40232044,0.6224928,0.4527434
2.5000613,0.27099168,0.401837,0.6222845,0.45336515
2.5100625,0.2718035,0.40259045,0.62373227,0.4533448
2.520063,0.27169302,0.4023618,0.6216572,0.45284384
2.5300622,0.2713827,0.4017768,0.6226509,0.45316926
2.5400624,0.27127644,0.40187976,0.6209776,0.45272392
2.550061,0.27122572,0.40185997,0.6233958,0.45272925
2.5600712,0.27124897,0.40132466,0.6203906,0.45311987
2.570065,0.27109453,0.40124306,0.62247866,0.45282337
2.5800624,0.27141747,0.4018402,0.6222166,0.45341885
2.5900626,0.27126145,0.40222046,0.621873,0.45288017
2.6000628,0.2709634,0.4012597,0.6215245,0.4525781
2.6100621,0.2707727,0.40162897,0.6218971,0.45272142
2.620062,0.27140576,0.40196103,0.6229212,0.4525302
2.6300628,0.2710746,0.4014441,0.6221379,0.45239314
2.6400628,0.27150756,0.40181735,0.6211146,0.45271742
2.6500623,0.271422,0.40200728,0.6220621,0.45221916
2.6600618,0.27179214,0.40219688,0.6225196,0.45280293
2.6700618,0.27085304,0.40183178,0.6222929,0.4521228
2.6800625,0.27122355,0.40233192,0.62131345,0.45318782
2.6900623,0.26988232,0.40121105,0.62155,0.45409286
2.7000625,0.27026522,0.40137264,0.622809,0.45104146
2.7100627,0.26954836,0.40040463,0.62182486,0.45239398
2.7200623,0.27005717,0.40117115,0.6216115,0.45095038
2.7300627,0.2703182,0.40079907,0.62222666,0.45183486
2.7400625,0.2696605,0.40067312,0.62131894,0.45138398
2.7500622,0.2698174,0.4011216,0.6211137,0.45185414
2.7600622,0.27018666,0.40119675,0.6227202,0.45199755
2.7700615,0.27164954,0.4020471,0.622465,0.45216244
2.7800612,0.27089676,0.40174004,0.6216994,0.4517644
2.7900624,0.27139506,0.40210465,0.6219181,0.4521352
2.8000627,0.27145627,0.4013227,0.62159854,0.45144862
2.8100626,0.27113968,0.40175912,0.62142134,0.45248353
2.820062,0.27153668,0.4017644,0.6211264,0.4520012
2.8300624,0.27100697,0.40197948,0.62222815,0.45221373
2.8400617,0.2717503,0.40155223,0.62164015,0.45185503
2.8500621,0.27099383,0.40157047,0.62212807,0.45293716
2.8600624,0.27144918,0.4025926,0.6220926,0.45169532
2.8700628,0.2712079,0.40171945,0.6219836,0.45206517
2.8800623,0.27116597,0.40137193,0.62158126,0.4520183
2.8900611,0.2712927,0.4020707,0.6207309,0.45208475
2.9000623,0.27130327,0.40228188,0.62135476,0.45176455
2.9100628,0.27103615,0.40168223,0.62047976,0.45175767
2.9200625,0.27198413,0.40213686,0.6211024,0.45187896
2.9300613,0.27182552,0.40180957,0.6209775,0.452212
2.9400623,0.271995,0.4023017,0.6227322,0.45197693
2.9500613,0.27138284,0.4019325,0.6195695,0.45166665
2.9600613,0.27109754,0.40218744,0.6228882,0.45242578
2.9700625,0.27125144,0.401677,0.62241465,0.45181096
2.980062,0.27157086,0.40227926,0.621487,0.45154253
2.9900618,0.27166468,0.40177286,0.6205752,0.45111793
3.0000665,0.27108732,0.40101856,0.6217466,0.45102498
3.010062,0.27108124,0.40185305,0.6212622,0.4507667
3.0200646,0.27095145,0.4010936,0.62108487,0.45243555
3.0300615,0.27105284,0.40153036,0.62182826,0.44965118
3.0400624,0.27087274,0.40304804,0.62139726,0.44912624
3.0500627,0.27170905,0.40332565,0.6211619,0.45061544
3.0600731,0.27169207,0.4032401,0.6213412,0.4502429
3.070066,0.27187154,0.4016094,0.62128264,0.45166686
3.0800622,0.27015495,0.4021967,0.62186587,0.4509789
3.090062,0.27226448,0.4021502,0.62251365,0.45135346
3.1000624,0.27132538,0.4020524,0.62174076,0.45075133
3.1100628,0.27106547,0.4015278,0.62199765,0.45173296
3.1200638,0.27054825,0.40218472,0.6217925,0.45081213
3.1300616,0.2716874,0.40221396,0.6218413,0.45196804
3.1400623,0.27129084,0.4011398,0.62124664,0.45098168
3.1500618,0.27102154,0.40164694,0.6215129,0.4511225
3.1600626,0.2711218,0.40191925,0.621437,0.45148897
3.1700625,0.27063334,0.40210596,0.62145716,0.45092583
3.1800625,0.27135295,0.40113193,0.6220236,0.45048064
3.1900623,0.27039146,0.4013499,0.62179923,0.4508929
3.2000597,0.27097568,0.4012783,0.621152,0.4509085
3.2100623,0.27168763,0.40137243,0.6205809,0.45133507
3.2200682,0.27059716,0.40154967,0.6213795,0.45110646
3.230063,0.27116615,0.40226752,0.62123924,0.45076403
3.2400627,0.27105606,0.401891,0.6209134,0.45079368
3.250062,0.27128398,0.40229997,0.62181187,0.45088714
3.2600625,0.2722279,0.4022059,0.6222004,0.45157284
3.2700615,0.27149037,0.40180677,0.62177277,0.45084447
3.2800624,0.27213818,0.40167373,0.6213331,0.45173448
3.2900624,0.27112567,0.40242657,0.62155,0.45105207
3.3000624,0.2709931,0.40205133,0.6213064,0.45169425
3.310062,0.2715198,0.40185422,0.6218488,0.451173
3.3200624,0.2714563,0.40191308,0.6232578,0.45113108
3.3300626,0.27103037,0.4016019,0.6193333,0.45152998
3.3400676,0.2687833,0.39939585,0.6208654,0.4510588
3.3500776,0.2713869,0.40169123,0.62199086,0.4508157
3.360066,0.27152398,0.401581,0.6208841,0.45062655
3.370062,0.27172825,0.40198025,0.6208799,0.45033157
3.3800633,0.27106813,0.40146327,0.6225506,0.45062482
3.3900626,0.27128458,0.40170097,0.62129116,0.4507942
3.4000626,0.2716274,0.40205267,0.6220689,0.45030156
3.4100626,0.2714846,0.40272373,0.6218936,0.45074362
3.4200647,0.2709314,0.40162596,0.622298,0.4509796
3.430064,0.27139023,0.40155953,0.6213963,0.45163575
3.4400616,0.27108198,0.40248093,0.62136215,0.44987434
3.4500618,0.27108344,0.40207306,0.6213102,0.45199868
3.4600627,0.2709563,0.4027622,0.6210866,0.449197
3.4700625,0.27155143,0.40050733,0.6219493,0.45111635
3.4800625,0.27132228,0.40010196,0.62127507,0.45135826
3.4900615,0.27118817,0.4022544,0.6223365,0.45071784
3.5000625,0.27051556,0.40222117,0.62135226,0.45080242
3.510062,0.27116472,0.40100682,0.6220918,0.45054296
3.5200639,0.27199587,0.40170377,0.62218153,0.45059928
3.5300632,0.2714474,0.401163,0.62148565,0.4508418
3.5400624,0.2725457,0.40166262,0.62239265,0.4507249
3.5500622,0.27078956,0.401503,0.6215912,0.45095035
3.5600812,0.26996085,0.40146706,0.62119806,0.45080754
3.5700653,0.27106854,0.40166384,0.62207997,0.45076287
3.5800622,0.27132282,0.40229318,0.62202704,0.45072478
3.5900629,0.27134296,0.4010458,0.6219314,0.45107305
3.6000614,0.27104956,0.40158677,0.6218642,0.45107388
3.6100616,0.27031016,0.40231398,0.62133336,0.4510959
3.6200645,0.2709979,0.40125415,0.62190646,0.45011833
3.6300642,0.271811,0.40134564,0.6214968,0.45078316
3.640063,0.27211374,0.4018709,0.62186944,0.4510738
3.6500626,0.2715302,0.40247965,0.62151253,0.45047316
3.6600623,0.27116862,0.40213948,0.62268704,0.45031625
3.670062,0.27140364,0.4023517,0.6224575,0.45096913
3.6800613,0.2714006,0.40117058,0.6217448,0.45080808
3.6900623,0.2716904,0.40169093,0.62115246,0.45084518
3.7000625,0.27126518,0.4021523,0.62363094,0.45095494
3.7100618,0.27108,0.40239084,0.62168,0.45089626
3.7200637,0.27159384,0.4016303,0.62360245,0.45047215
3.7300625,0.2711917,0.4015115,0.62221587,0.45119122
3.7400627,0.27070725,0.4009959,0.62228715,0.45065826
3.7500622,0.27108267,0.4024863,0.6218921,0.45152035
3.7600627,0.2716302,0.40144497,0.6220104,0.4517619
3.770063,0.27103162,0.40136752,0.62223184,0.45058104
3.7800632,0.27097788,0.40176177,0.6219832,0.4500919
3.7900624,0.27163157,0.40198746,0.6223579,0.4504752
3.800062,0.27139294,0.40165988,0.62234026,0.45205525
3.8100624,0.2715961,0.40091354,0.6228182,0.4509216
3.8200638,0.2721342,0.40158206,0.622521,0.45092955
3.8300636,0.2711853,0.40117964,0.6232081,0.45070806
3.8400629,0.27162364,0.4018437,0.6217931,0.4510068
3.8500612,0.27176762,0.40205562,0.62188464,0.45124874
3.8600624,0.27132738,0.40127444,0.6235578,0.4513707
3.8700626,0.27146566,0.40145594,0.622176,0.45141652
3.8800623,0.27117214,0.4015511,0.6214314,0.45139036
3.890062,0.27130747,0.40178427,0.624728,0.45125347
3.900062,0.27216107,0.40226477,0.6216037,0.45182633
3.9100628,0.2706478,0.40114915,0.62195665,0.45059812
3.9200633,0.2717258,0.4019578,0.6215679,0.4510203
3.930064,0.27125436,0.40132198,0.62177217,0.45113006
3.9400625,0.27132374,0.4011795,0.62284786,0.45118836
3.950062,0.2715635,0.40187284,0.623249,0.45157826
3.9600625,0.2714106,0.40167883,0.62246597,0.4518914
3.9700599,0.27218372,0.4019977,0.6228211,0.45064825
3.9800622,0.27131027,0.40211356,0.62323284,0.45163873
3.9900618,0.2715367,0.40224645,0.622794,0.44945905
4.0000668,0.2715328,0.40047744,0.62302,0.4495286
4.0100646,0.27089396,0.40135497,0.6236832,0.44987363
4.020063,0.2718011,0.4028433,0.6227966,0.44951034
4.0300612,0.2728011,0.40338483,0.6229376,0.45133665
4.0400615,0.27185804,0.39999792,0.6231927,0.4509674
4.0500627,0.27206215,0.40185788,0.6227297,0.4513096
4.0600777,0.26686138,0.3984712,0.6225876,0.4513699
4.07007,0.27176535,0.4018871,0.622273,0.45092046
4.0800624,0.27148858,0.40163046,0.6230236,0.4509673
4.090061,0.27111903,0.40160674,0.62298846,0.4507573
4.1000624,0.2729318,0.4020393,0.6229054,0.4515837
4.1100626,0.27121082,0.4010234,0.62358654,0.45122027
4.120064,0.27125835,0.40224567,0.62337834,0.45128644
4.130062,0.2713514,0.40142322,0.62350625,0.4521803
4.140063,0.27244627,0.40135667,0.62331116,0.45161363
4.1500616,0.2712928,0.4019419,0.62392914,0.4512979
4.16006,0.27153727,0.40137252,0.623985,0.45214343
4.170063,0.27168643,0.40158918,0.62411493,0.4511859
4.1800623,0.27220145,0.40219516,0.62418395,0.4517198
4.190062,0.2715384,0.40134826,0.62226015,0.45213792
4.2000628,0.27253008,0.4022585,0.6254651,0.4518267
4.210073,0.27364656,0.4038407,0.62359947,0.45168874
4.220104,0.2755445,0.40405717,0.6246958,0.45138884
4.2300787,0.2747989,0.40474474,0.62538755,0.4509595
4.2400746,0.27519876,0.40448093,0.6231575,0.45080096
4.250073,0.27598962,0.40479758,0.62171465,0.45077816
4.260075,0.27491754,0.4048683,0.6223275,0.45063248
4.2700753,0.275737,0.4046972,0.6257622,0.45121488
4.280075,0.27512604,0.4048092,0.6236179,0.451044
4.290073,0.2754361,0.40397343,0.6239641,0.45183113
4.3000755,0.2756263,0.4040255,0.62446874,0.4512465
4.3100944,0.27487507,0.40408078,0.6238389,0.4516907
4.3200774,0.2756468,0.40520558,0.6234981,0.45125297
4.330074,0.27528366,0.40496254,0.62456924,0.45222092
4.340077,0.27443182,0.4037078,0.6242936,0.4516367
4.350086,0.275734,0.40396202,0.62491006,0.45185775
4.3600774,0.2746588,0.4046294,0.62443334,0.4521085
4.370073,0.2742819,0.40476495,0.62408817,0.4512106
4.38008,0.2752509,0.40403667,0.6244271,0.451841
4.3900824,0.2748328,0.4038508,0.6245289,0.45161512
4.4000745,0.27560446,0.40437442,0.6242008,0.45131138
4.410097,0.27481624,0.4038977,0.6239099,0.45117262
4.4200773,0.27559033,0.40476254,0.6257017,0.4517068
4.4300737,0.27578446,0.4037958,0.6243729,0.45193332
4.440074,0.27549985,0.40500218,0.624666,0.4518612
4.450074,0.27556992,0.40501776,0.6226836,0.45191297
4.4600763,0.27574593,0.4045387,0.62465364,0.45186025
4.470075,0.2751111,0.4048103,0.62472,0.45202497
4.4800754,0.27544755,0.40565157,0.6258044,0.4520223
4.490076,0.27574116,0.40481538,0.6247976,0.45186672
4.5000744,0.27613813,0.40502182,0.6269045,0.45224705
4.5100923,0.27546805,0.40481144,0.62308645,0.4513864
4.520074,0.27511874,0.40440267,0.6258556,0.45192665
4.530072,0.2749369,0.405061,0.6257425,0.4512881
4.540075,0.27491903,0.40448633,0.6240692,0.45192075
4.550074,0.2757821,0.40484476,0.62529624,0.45230433
4.5600834,0.274174,0.40528825,0.62501836,0.45205843
4.570087,0.27540237,0.40448534,0.6249735,0.452813
4.580076,0.2747211,0.40430278,0.6246404,0.4525171
4.5900736,0.27511635,0.40439928,0.6246973,0.45214942
4.600073,0.27613452,0.4054485,0.6245081,0.4522107
4.6100984,0.27562928,0.4039817,0.62427384,0.45198923
4.620076,0.27528718,0.40445775,0.6247563,0.45188195
4.6300755,0.27510655,0.404716,0.625248,0.45316878
4.640074,0.2750161,0.4042708,0.6246287,0.45248604
4.6500754,0.2759313,0.40427122,0.6249633,0.45248172
4.6600747,0.2749442,0.40470105,0.62435985,0.4527982
4.670074,0.27536577,0.40479666,0.6251945,0.45269486
4.6800756,0.27496415,0.40439275,0.6244195,0.45237076
4.690072,0.27526444,0.40461326,0.6247602,0.45248753
4.700075,0.2761329,0.40506765,0.6265509,0.45297435
4.7100906,0.274697,0.4043959,0.6230661,0.45270637
4.720077,0.27556363,0.4050682,0.6249826,0.4529666
4.7300754,0.27534446,0.40430224,0.62547773,0.45251873
4.7400737,0.27547628,0.40423617,0.6243955,0.4530003
4.7500753,0.27509677,0.4051501,0.6253543,0.4521725
4.7600727,0.27550113,0.4046372,0.6248377,0.4521788
4.7700744,0.2753107,0.40430558,0.6255796,0.45305339
4.780073,0.27527288,0.4050903,0.6258084,0.45232078
4.7900715,0.2749952,0.4048968,0.62525433,0.45314983
4.8000755,0.27590728,0.40483773,0.6244065,0.452297
4.8100886,0.27599102,0.40521774,0.62425274,0.45205703
4.8200765,0.27612957,0.40387723,0.62479347,0.451987
4.830075,0.27511135,0.4047249,0.62454486,0.45289877
4.840074,0.27522293,0.4053958,0.6250311,0.4526705
4.8500733,0.27580655,0.4048317,0.6259589,0.4526354
4.860075,0.27562928,0.4043622,0.6255022,0.45261195
4.870075,0.2754193,0.4054588,0.6255566,0.4526156
4.8800726,0.27530372,0.4048873,0.62506425,0.45280176
4.8900747,0.27475533,0.40477154,0.62556535,0.45324495
4.900075,0.2761987,0.40485194,0.62516326,0.45246366
4.910079,0.27579796,0.4050626,0.6252833,0.4530839
4.920076,0.27567148,0.4050296,0.6248037,0.4530689
4.9300723,0.27561283,0.404377,0.62525034,0.45263416
4.940075,0.2758336,0.40504977,0.62551814,0.4534183
4.9500737,0.27562648,0.4041732,0.6248562,0.45356172
4.9600744,0.27526897,0.40464914,0.62595546,0.45262066
4.9700747,0.27543712,0.40568697,0.6251294,0.45233804
4.980074,0.27623063,0.40511352,0.62578446,0.45258278
4.9900746,0.27533472,0.40463442,0.6256443,0.45313004
5.000079,0.275745,0.4045758,0.6253385,0.45303485
5.0100956,0.27534607,0.40412584,0.6254033,0.45288756
5.0200777,0.27537897,0.40540212,0.62516737,0.4533974
5.0300746,0.27556658,0.40468672,0.62540025,0.45262733
5.040076,0.2751059,0.40526122,0.624985,0.4533067
5.0500736,0.27542853,0.40451795,0.62564766,0.45421967
5.0600843,0.27569705,0.40448382,0.62513334,0.4534535
5.070082,0.27482924,0.4044001,0.62556666,0.4535428
5.0800753,0.27469403,0.40432322,0.6252442,0.45345005
5.0900717,0.27564797,0.4037149,0.62511754,0.45275152
5.1000767,0.27473137,0.40472794,0.62506336,0.45381883
5.1100955,0.27537408,0.4040247,0.6245231,0.45275337
5.1200743,0.2748422,0.40439063,0.625242,0.45332497
5.1300726,0.27512026,0.40439725,0.62548596,0.45322466
5.1400747,0.27534294,0.40388894,0.6254842,0.45364332
5.1500754,0.2754876,0.4044658,0.625082,0.45364988
5.160075,0.27583995,0.4047818,0.6250757,0.4540474
5.1700726,0.2757062,0.40463635,0.6248352,0.454356
5.1800756,0.27546597,0.4048802,0.6258239,0.4527712
5.1900735,0.2750848,0.40478864,0.6255316,0.4539089
5.2000756,0.27654174,0.40524682,0.624851,0.45367983
5.210074,0.2760672,0.4042294,0.6261704,0.45409533
5.2200813,0.2754361,0.40453056,0.6248853,0.45380914
5.2300735,0.27661097,0.40548733,0.6253929,0.45404407
5.240073,0.27442598,0.4044946,0.62494355,0.45428544
5.2500734,0.27483493,0.40483317,0.6246713,0.45413673
5.2600765,0.2755773,0.40422526,0.62528014,0.45345363
5.2700734,0.2754014,0.4050205,0.62480193,0.45357853
5.280073,0.27623737,0.4040337,0.6242809,0.4537385
5.2900724,0.27558193,0.40407574,0.6247834,0.45402452
5.3000755,0.27577826,0.4051241,0.62473863,0.45414644
5.3100734,0.2758361,0.40430856,0.62476575,0.45369393
5.3200755,0.27545622,0.40551755,0.6247885,0.45412675
5.3300753,0.2759159,0.40510422,0.6246691,0.45398286
5.340078,0.27545238,0.4038828,0.62552667,0.45370987
5.350084,0.2749217,0.40351263,0.62477493,0.45397896
5.3600755,0.27573413,0.40508077,0.6251447,0.45465818
5.3700747,0.2752864,0.40453702,0.6248635,0.45424774
5.3800755,0.27577406,0.40472528,0.62461305,0.45435154
5.3900747,0.27496386,0.40454692,0.6244297,0.4534324
5.4001675,0.27492905,0.40498343,0.6249241,0.4539603
5.4100733,0.27557567,0.4044731,0.6244235,0.45351657
5.420074,0.27509734,0.40490273,0.6243769,0.4543327
5.430076,0.2759466,0.40357715,0.62512594,0.45429268
5.440076,0.27522248,0.40478805,0.62370414,0.45404407
5.450073,0.2745354,0.40350628,0.62420344,0.45469138
5.4600744,0.27413213,0.403883,0.62463516,0.45459777
5.4700737,0.27515408,0.4037538,0.6250965,0.45303363
5.4800735,0.27392772,0.40391102,0.6249982,0.45382255
5.4900756,0.27507415,0.4038105,0.62572634,0.45361057
5.5000753,0.27402622,0.40420642,0.6231325,0.45371014
5.510075,0.2741651,0.4041096,0.62278175,0.45415053
5.520072,0.2745175,0.40368974,0.62394106,0.45399088
5.5300727,0.27473098,0.4043667,0.6241698,0.45373595
5.540075,0.27505714,0.4047832,0.62445295,0.45438093
5.550075,0.27583292,0.40479064,0.62390184,0.45443586
5.560091,0.27614132,0.40438217,0.6239939,0.45421875
5.5700817,0.27529418,0.4038165,0.62410426,0.45410675
5.5800743,0.2746213,0.40398398,0.6250162,0.4546057
5.5900774,0.27584928,0.40531307,0.6236699,0.45532793
5.600073,0.27605647,0.4047573,0.6242791,0.454257
5.610075,0.27497694,0.40450695,0.62352693,0.45459178
5.620077,0.27559817,0.40519503,0.62409943,0.4537571
5.630076,0.27546054,0.40518397,0.6243837,0.45496395
5.6400747,0.27577704,0.40456125,0.62394315,0.45448372
5.6500735,0.27549905,0.40537933,0.6231125,0.45428693
5.660075,0.27615166,0.40484282,0.623479,0.454619
5.670073,0.27556553,0.4040211,0.62271106,0.45439243
5.680075,0.27585763,0.40532818,0.6224785,0.45465013
5.690074,0.2753854,0.40483716,0.62552,0.45498043
5.7000747,0.27590218,0.40505922,0.62458503,0.45415422
5.710075,0.27563807,0.40416527,0.6242084,0.45455378
5.720074,0.27565894,0.40457186,0.62232006,0.45478633
5.7300754,0.27494943,0.40472338,0.6235827,0.45471513
5.7400737,0.27583468,0.4047675,0.62325674,0.45464575
5.7500753,0.27588087,0.40447906,0.6233455,0.45540488
5.7600756,0.2754747,0.4050009,0.62324667,0.4548564
5.7700734,0.27603865,0.40496883,0.62406653,0.45443964
5.780074,0.2754336,0.40437368,0.6228819,0.45477164
5.790071,0.2755986,0.4043806,0.62342095,0.45413408
5.800075,0.27513462,0.4046284,0.6233276,0.4546983
5.8100743,0.27538952,0.4046869,0.6232718,0.4549
5.8200736,0.2757449,0.40405422,0.62309766,0.45495683
5.830073,0.27575758,0.40458232,0.62317073,0.45430645
5.840075,0.27537936,0.4041823,0.6234624,0.45453477
5.850074,0.27552623,0.40510255,0.6238089,0.4544582
5.860075,0.275768,0.40471864,0.62289786,0.4544036
5.8700724,0.2753292,0.40508962,0.6231832,0.45516253
5.880075,0.27594638,0.4042539,0.6227607,0.45442006
5.8900743,0.27496457,0.4045841,0.62276876,0.4541903
5.9000745,0.27545893,0.40414017,0.62262654,0.45440605
5.910075,0.27469364,0.40411025,0.62365925,0.45474303
5.9200735,0.27606297,0.40509242,0.62276477,0.4550178
5.930075,0.27567044,0.40514123,0.6228782,0.4537984
5.940075,0.27537656,0.40454698,0.62304866,0.45467496
5.950074,0.27589107,0.40536603,0.62322664,0.45481724
5.9600744,0.276134,0.40493292,0.622617,0.45566982
5.970072,0.2753197,0.40399054,0.62240386,0.4547933
5.9800725,0.2765591,0.40500316,0.6227087,0.4550946
5.9900746,0.2755328,0.4039971,0.6251974,0.45485532
6.0000796,0.27563825,0.40463188,0.6216622,0.45508945
6.0100746,0.2759973,0.40377986,0.6224633,0.45447677
6.020075,0.2756409,0.40436217,0.62295437,0.4549737
6.030073,0.2760573,0.40507373,0.622146,0.45500493
6.0400734,0.27536824,0.40481564,0.62243676,0.4555481
6.0500746,0.27620095,0.40430626,0.62303346,0.45528802
6.0600896,0.273505,0.40405726,0.6230918,0.45482287
6.0700836,0.27482545,0.40454528,0.623513,0.45578393
6.080075,0.27586433,0.40470317,0.6223477,0.45562902
6.090076,0.27561304,0.4049151,0.62299263,0.45499137
6.100076,0.2757031,0.40400553,0.6223963,0.45534435
6.110075,0.2762261,0.40474367,0.6228,0.45566905
6.120077,0.27574703,0.40487632,0.6227777,0.4553746
6.130074,0.27601513,0.4047178,0.6226102,0.4559276
6.140075,0.27546063,0.40478623,0.6227786,0.4548335
6.1500754,0.2749244,0.40520102,0.62241495,0.4557064
6.160073,0.27511525,0.4046893,0.62292624,0.4551277
6.170073,0.27536508,0.40426219,0.6223139,0.45508346
6.1800756,0.27573705,0.404301,0.6225688,0.4554248
6.1900754,0.2761833,0.40432522,0.62294286,0.45521623
6.200075,0.2755801,0.40442318,0.62205064,0.45516956
6.2100763,0.27512655,0.40426156,0.62269104,0.45571038
6.220075,0.27594757,0.40498462,0.6228611,0.45495132
6.2300744,0.27469915,0.40414655,0.6222427,0.45565918
6.240076,0.2758425,0.40422183,0.6224121,0.45554388
6.250075,0.27517706,0.40455285,0.6221186,0.45534897
6.2600727,0.27533153,0.4047626,0.62220377,0.4553875
6.2700734,0.27564192,0.404284,0.6220026,0.4549848
6.280073,0.27608564,0.40546218,0.62273735,0.4554044
6.2900753,0.27471948,0.40427485,0.6219635,0.45523584
6.3000755,0.27535045,0.40478265,0.62256557,0.4552521
6.3100734,0.27573705,0.40425816,0.62245435,0.45529762
6.320093,0.27485424,0.4036874,0.62216294,0.45473793
6.3300743,0.27519175,0.40513545,0.62198704,0.45548943
6.340078,0.27400842,0.40320295,0.62201494,0.45473045
6.3500843,0.27645227,0.4040814,0.62232435,0.45550066
6.3600755,0.27419862,0.40406847,0.6217667,0.4555805
6.3700767,0.2761727,0.40538368,0.6223366,0.45568165
6.380077,0.27629247,0.40447628,0.6217734,0.4555996
6.390079,0.27530757,0.4051913,0.622396,0.4555654
6.4000735,0.27616382,0.4032128,0.62164193,0.45565435
6.4100943,0.27566615,0.4047965,0.62212276,0.45595106
6.420107,0.27553508,0.4043097,0.6225922,0.455169
6.4300737,0.27610058,0.40478802,0.62146103,0.45577723
6.440076,0.2756884,0.4044088,0.6226079,0.45546013
6.450073,0.27605906,0.4040387,0.62231445,0.45537314
6.4600763,0.27577007,0.4053753,0.62030816,0.4556346
6.4700747,0.27568537,0.40450695,0.6203314,0.45572132
6.4800744,0.27516982,0.40516788,0.62347525,0.4559496
6.4900746,0.27591258,0.40416902,0.6209888,0.4555823
6.500073,0.27605066,0.40517035,0.6213017,0.45638034
6.510075,0.275995,0.40429455,0.6216035,0.4554913
6.5200934,0.27618983,0.4054338,0.6218508,0.45568392
6.530075,0.2756802,0.40479493,0.6221249,0.45636314
6.540076,0.27668166,0.40487456,0.62229306,0.455732
6.550072,0.2753431,0.40440872,0.62223667,0.45513877
6.560089,0.27428097,0.40476337,0.6227106,0.45552215
6.5700817,0.27528647,0.40381205,0.6219817,0.45576856
6.5800753,0.27488333,0.4044736,0.62197983,0.45631686
6.5900774,0.27560705,0.40386546,0.6213709,0.45616758
6.600075,0.27528408,0.40498465,0.621882,0.45554206
6.610074,0.27604902,0.404707,0.6214574,0.45620286
6.6200757,0.2754365,0.40428498,0.6211974,0.45615548
6.6300726,0.27533656,0.40461928,0.6208132,0.45559832
6.6400757,0.27537563,0.40418184,0.62197554,0.4558922
6.650075,0.27610257,0.40476215,0.62168,0.45540264
6.6600738,0.27501407,0.4040521,0.62101305,0.45556054
6.6700735,0.27585137,0.40498444,0.6215759,0.4556121
6.6800756,0.2761189,0.40455985,0.6215985,0.45537752
6.6900744,0.2763247,0.40486294,0.6214843,0.4563829
6.7000756,0.27602398,0.40402022,0.62156606,0.4558563
6.710076,0.2760436,0.4045963,0.62265086,0.45599332
6.720077,0.27558976,0.40400368,0.6213852,0.45527306
6.73008,0.27661854,0.40501738,0.6221202,0.45517907
6.740073,0.27509037,0.40438205,0.62137693,0.45558912
6.7500753,0.27550805,0.4040173,0.62172586,0.4564198
6.760075,0.27615425,0.4042832,0.62142915,0.4561084
6.770075,0.276016,0.40437075,0.62129307,0.45597732
6.780073,0.27632317,0.40530464,0.62143135,0.4554423
6.7900724,0.27590093,0.4043207,0.62130255,0.45571843
6.800075,0.27613002,0.4050281,0.62132657,0.45577702
6.8100753,0.27646098,0.4053682,0.62146026,0.45590523
6.820075,0.27531835,0.40486237,0.6213923,0.45611718
6.8300915,0.27693665,0.40502873,0.6208693,0.45565888
6.8400755,0.2758494,0.40470734,0.62166077,0.45566007
6.8500757,0.27638066,0.40486264,0.62087667,0.45626718
6.860073,0.2760804,0.40469107,0.62115055,0.45644808
6.870075,0.2759092,0.40465686,0.6210268,0.45617998
6.8800755,0.27667868,0.40505624,0.6209056,0.45626795
6.89008,0.27598512,0.40358898,0.61973065,0.4562426
6.900076,0.27621752,0.40518743,0.621711,0.455604
6.9100723,0.2762572,0.40426132,0.6227772,0.45544562
6.920076,0.2758932,0.4041569,0.6201483,0.45617625
6.9300885,0.2762947,0.40415868,0.62112916,0.4561063
6.9400773,0.27528483,0.40418217,0.6224179,0.45602742
6.9500747,0.2760665,0.40434986,0.6214733,0.45594352
6.960074,0.27578935,0.40496174,0.62078905,0.45583224
6.9700747,0.27589494,0.40446234,0.6210746,0.4560273
6.980073,0.27600813,0.4046772,0.6205041,0.4557277
6.9900746,0.2753167,0.40413257,0.6212273,0.4552296
7.0000787,0.2754945,0.40497318,0.6210485,0.45544982
7.0100765,0.27534527,0.40417206,0.6214652,0.4559917
7.020078,0.27460805,0.40451705,0.62065345,0.4553533
7.030093,0.27637643,0.4051292,0.6208206,0.4568894
7.0400767,0.2756246,0.4047934,0.62095594,0.45600358
7.050075,0.2756439,0.40419346,0.6202079,0.45586616
7.060082,0.27384147,0.402575,0.620598,0.45543578
7.070085,0.27523005,0.40298826,0.62097424,0.45631686
7.0800757,0.27639663,0.40389434,0.62048256,0.45529622
7.090075,0.27536884,0.4041828,0.6211164,0.4563204
7.100074,0.27582532,0.40389547,0.62078905,0.45614046
7.110075,0.2756964,0.4040924,0.6198705,0.4559709
7.1200767,0.27572355,0.40499887,0.621279,0.45562905
7.130091,0.2758336,0.404901,0.62004685,0.45592132
7.1400747,0.2763104,0.40486538,0.621328,0.45622045
7.150072,0.2752905,0.40384558,0.6204491,0.45586923
7.160075,0.27627304,0.40386778,0.6206639,0.45554793
7.170071,0.27613473,0.40438354,0.62084943,0.45574325
7.1800747,0.27702585,0.404895,0.62151474,0.45601344
7.190075,0.27525106,0.40463138,0.6207528,0.4549039
7.200074,0.2762688,0.4034331,0.6209918,0.45558736
7.2100754,0.2758553,0.40411764,0.62040246,0.45528653
7.2200756,0.27589414,0.40423626,0.62122697,0.45622987
7.2300916,0.27640963,0.40476224,0.6219666,0.45608905
7.240076,0.27518538,0.40442425,0.61999196,0.45615804
7.250082,0.2751519,0.40423626,0.61997986,0.45587412
7.260075,0.27507886,0.40425813,0.6204306,0.4558738
7.270073,0.27562538,0.4048939,0.6202956,0.4559113
7.2800736,0.27662188,0.4043414,0.62100244,0.45577243
7.290072,0.2763859,0.40474465,0.61977124,0.4554252
7.3000736,0.27600893,0.4044317,0.61982477,0.45577666
7.310075,0.27613306,0.40479627,0.62025535,0.45592663
7.320074,0.27576268,0.40505314,0.6213854,0.4558871
7.330095,0.27698702,0.40473092,0.6216151,0.45630777
7.340079,0.27543452,0.40345925,0.62202305,0.45555374
7.3500857,0.2759339,0.40374622,0.6197907,0.45580372
7.360074,0.27526557,0.4040342,0.6192212,0.45551378
7.3700743,0.27560055,0.40405247,0.6210206,0.4553529
7.380074,0.27596855,0.40445206,0.6207682,0.45549002
7.3900747,0.27530292,0.40378287,0.6198333,0.4553765
7.400076,0.27630782,0.40459707,0.6200219,0.4552009
7.4100738,0.27616453,0.40428,0.62036735,0.4552198
7.420074,0.27516574,0.40435666,0.62100846,0.45601732
7.4300947,0.27545553,0.40282407,0.6202995,0.45529178
7.4400764,0.2757886,0.4044427,0.62013155,0.4553319
7.450075,0.2760652,0.4051637,0.6204511,0.45375726
7.4600744,0.27595702,0.40554467,0.6205097,0.45582497
7.470073,0.27530345,0.40582737,0.6199574,0.45549873
7.4800754,0.2766706,0.4041349,0.6204724,0.45556608
7.4900746,0.2752486,0.4038211,0.6204065,0.45585302
7.500074,0.27607167,0.40466362,0.62027127,0.45589805
7.510075,0.27550915,0.4042029,0.6198417,0.45636398
7.5200725,0.27601707,0.4047558,0.6191941,0.45546857
7.53008,0.27527517,0.40462863,0.62002426,0.45548365
7.5400753,0.2759878,0.40458113,0.6203817,0.45548946
7.550074,0.27601856,0.4039631,0.61987996,0.45526534
7.560078,0.27455232,0.40405652,0.6199652,0.45537466
7.570084,0.27603093,0.40378395,0.6202391,0.4555585
7.5800753,0.27546924,0.40387896,0.61884665,0.45564446
7.590076,0.27660412,0.40465647,0.62033325,0.45544463
7.6000776,0.27574244,0.40498468,0.6196118,0.45560423
7.6100726,0.27638745,0.40442893,0.6197824,0.4559115
7.620076,0.2761515,0.40410757,0.6193979,0.45509276
7.630071,0.27630317,0.40474734,0.62044775,0.4555091
7.6400733,0.2765714,0.40470845,0.6199841,0.45548362
7.6500745,0.27551782,0.40390003,0.620408,0.45558882
7.6600747,0.27653396,0.4033711,0.6195612,0.4548433
7.6700735,0.27699888,0.40393206,0.6197419,0.45534575
7.6800756,0.2758363,0.4043084,0.6200012,0.45566723
7.6900725,0.27546126,0.40435368,0.6196258,0.45491266
7.700075,0.27638474,0.40379336,0.62028223,0.45582315
7.7100744,0.2758335,0.4049846,0.6194015,0.45518798
7.7200756,0.27640802,0.404911,0.61980194,0.45512727
7.7300754,0.27579755,0.40371156,0.6199995,0.4547053
7.740075,0.2760152,0.40505004,0.61951935,0.45515397
7.7500744,0.2760638,0.4039516,0.6191839,0.4553491
7.760072,0.27548215,0.40449998,0.61926013,0.45481062
7.770073,0.2759443,0.40340418,0.61908865,0.4547756
7.780074,0.27654174,0.40490735,0.6196218,0.45552558
7.790073,0.2757084,0.4031675,0.6186001,0.4553992
7.800075,0.27612892,0.40377504,0.61841077,0.45526496
7.81007,0.276273,0.40409982,0.6175211,0.45520824
7.8200765,0.27546746,0.40490085,0.6197301,0.45535165
7.830075,0.2761657,0.40356287,0.6181521,0.4548282
7.8400764,0.2752765,0.40423408,0.61963356,0.45534512
7.8500733,0.27606824,0.40367532,0.619756,0.45578647
7.860074,0.27611896,0.40474954,0.61836976,0.4548518
7.8700743,0.2754347,0.4043215,0.6188709,0.4554036
7.880073,0.27561077,0.404506,0.6195425,0.45475307
7.8900747,0.27592635,0.40444568,0.6190771,0.45611873
7.9000745,0.27650714,0.40395415,0.6185305,0.4564402
7.9100738,0.27584705,0.40444693,0.61977404,0.45479
7.9200754,0.27571234,0.40333283,0.6197666,0.45314652
7.9300733,0.27634186,0.4044162,0.62002325,0.45694658
7.9400764,0.27575925,0.4028846,0.6191918,0.45499027
7.950074,0.2759786,0.4037669,0.6195009,0.4569647
7.960074,0.2762889,0.4055094,0.61883163,0.45599058
7.970075,0.27611646,0.4045918,0.6187978,0.45421934
7.980075,0.27615556,0.4036356,0.6188777,0.45490718
7.9900727,0.27616996,0.4039435,0.619422,0.45456943
8.00008,0.2761492,0.4041722,0.61915624,0.4551614
8.010076,0.27595392,0.40407556,0.618825,0.45496696
8.020077,0.27622923,0.40427375,0.61930436,0.45482454
8.030075,0.27555385,0.4041048,0.6190014,0.45486987
8.040094,0.27596638,0.40409344,0.6187221,0.45522124
8.050074,0.27648747,0.40427843,0.6190834,0.45474193
8.060073,0.27482158,0.40332648,0.61879677,0.4548984
8.0700865,0.2761414,0.4041136,0.61904335,0.45495617
8.080076,0.27562702,0.40464145,0.6191792,0.45482397
8.0900755,0.27597532,0.4044837,0.61837053,0.4549097
8.100074,0.27674243,0.4039968,0.61886203,0.45505822
8.110076,0.27620208,0.40422517,0.6196375,0.4551864
8.120075,0.2756067,0.40351027,0.6180306,0.45436758
8.130072,0.27563587,0.40383902,0.61920434,0.4552633
8.140096,0.2752531,0.4039121,0.619023,0.4554297
8.150075,0.27630016,0.403725,0.6189875,0.45501822
8.160075,0.27557924,0.40434247,0.6185926,0.4550112
8.170072,0.2758935,0.40422508,0.61852825,0.4546071
8.180074,0.275444,0.4045518,0.6184831,0.4553446
8.190075,0.27589867,0.40488282,0.61907923,0.45466852
8.200074,0.27601168,0.40405083,0.6193368,0.45475152
8.210074,0.2767331,0.4047162,0.6174504,0.45488417
8.220077,0.27439308,0.40306246,0.61801183,0.45476595
8.230075,0.27563578,0.4031954,0.6204466,0.45480615
8.240087,0.27462155,0.40411475,0.6182595,0.45483604
8.250073,0.27482197,0.40410763,0.6202931,0.45509577
8.260076,0.27472845,0.4030862,0.61868435,0.45440552
8.270072,0.27390912,0.4031512,0.61763966,0.4547541
8.280079,0.27475533,0.40266505,0.6182878,0.45442808
8.290074,0.27445287,0.40212068,0.6182142,0.454788
8.3000765,0.27459303,0.40364796,0.61883825,0.4549306
8.310074,0.27590293,0.4043769,0.61814797,0.4549236
8.320077,0.2760259,0.4045736,0.61832196,0.45474035
8.330075,0.27586365,0.40393737,0.6183612,0.45438394
8.340097,0.27491465,0.40313038,0.6199389,0.45422998
8.350085,0.27567828,0.40383774,0.61750156,0.45501104
8.360075,0.27570593,0.40447423,0.61718374,0.45498878
8.370077,0.275819,0.40403733,0.61711353,0.45503804
8.380076,0.2760669,0.40428445,0.6169367,0.4542751
8.390077,0.2762576,0.40426442,0.6175433,0.45505694
8.400075,0.27609715,0.40393114,0.618447,0.45500225
8.410072,0.2756509,0.40370888,0.61756396,0.4539701
8.420075,0.2758877,0.40449533,0.61731464,0.45463067
8.430075,0.2759036,0.4043607,0.61731833,0.45586088
8.440094,0.27605376,0.4041981,0.6177161,0.45586738
8.450074,0.27602407,0.40392023,0.6184344,0.45506024
8.460074,0.27618057,0.40462744,0.61701345,0.4547066
8.470075,0.27606124,0.4038289,0.6182083,0.45462433
8.480073,0.27632204,0.40416366,0.6170824,0.45500824
8.490075,0.27560845,0.40378132,0.61776704,0.45454133
8.500075,0.2761491,0.40448424,0.61779547,0.4550191
8.510075,0.27620038,0.40534022,0.61856014,0.4548727
8.520076,0.2764621,0.40430135,0.6176072,0.45456335
8.530073,0.27621412,0.40493062,0.6181729,0.45504364
8.54009,0.2757262,0.40423563,0.61736095,0.45467502
8.550075,0.27556932,0.40423372,0.6178819,0.45393947
8.560075,0.27568412,0.4031667,0.6178345,0.45478138
8.570085,0.27580762,0.403374,0.61795783,0.45506716
8.580077,0.27657756,0.40423465,0.61771345,0.4541657
8.590076,0.27615735,0.40474603,0.6177347,0.45490897
8.600074,0.27616292,0.4041337,0.6174648,0.45430702
8.610075,0.27657112,0.4041644,0.61792135,0.45465654
8.620076,0.27573955,0.40395772,0.61819494,0.45454836
8.630074,0.27608606,0.4042804,0.6166063,0.45443794
8.640098,0.27624702,0.40418154,0.6175992,0.45495972
8.650073,0.27634382,0.40369242,0.6174601,0.45480382
8.660075,0.27603996,0.40458238,0.61649126,0.45504564
8.670073,0.27569753,0.403659,0.6190262,0.45459417
8.680075,0.2761886,0.40456426,0.6192237,0.45490825
8.690074,0.27546805,0.40360364,0.6181281,0.45466787
8.700075,0.27530307,0.4041297,0.61606896,0.45470145
8.710075,0.27585495,0.40390307,0.61663187,0.4549571
8.720073,0.27608755,0.40478474,0.61671954,0.45454478
8.730075,0.2757747,0.40404394,0.617231,0.45454362
8.740091,0.2759891,0.40262118,0.6170633,0.4546486
8.75008,0.27607924,0.4043055,0.6166084,0.45437738
8.760075,0.27640444,0.40440208,0.6166708,0.45451036
8.770073,0.2768971,0.40462467,0.6174058,0.4547433
8.780074,0.27612934,0.40416825,0.6168696,0.45494828
8.790072,0.27703527,0.4044491,0.6171471,0.45437607
8.8000765,0.27653107,0.4040595,0.61710113,0.45470265
8.810076,0.2764866,0.40400615,0.61716706,0.45528907
8.820073,0.27570683,0.40415883,0.6158581,0.45469275
8.830073,0.27702415,0.40490216,0.61665046,0.45416102
8.8400955,0.2761592,0.40480864,0.6172481,0.45449024
8.850076,0.27577388,0.40435544,0.6166714,0.45471805
8.860075,0.27594528,0.40451083,0.61656445,0.45428413
8.870073,0.27606556,0.40377572,0.61645806,0.45358095
8.880075,0.27596095,0.40445703,0.61671543,0.4552655
8.890073,0.27600423,0.40378383,0.6162321,0.45457944
8.900074,0.27615935,0.40366802,0.6164187,0.4545653
8.910076,0.27671722,0.4044046,0.61586565,0.454536
8.920074,0.27663386,0.40432385,0.61700636,0.45507386
8.930076,0.2763463,0.40441036,0.6162588,0.45341185
8.940073,0.2764941,0.40389863,0.6155125,0.45243096
8.950074,0.27540547,0.40435615,0.6155747,0.45032337
8.960074,0.27696556,0.40477264,0.6139554,0.44938734
8.970075,0.27584222,0.40383437,0.6123747,0.44876245
8.980075,0.27598497,0.40537933,0.6107809,0.44874576
8.990072,0.2756982,0.40380704,0.6067727,0.44818538
9.000079,0.27597126,0.4036343,0.6038649,0.44852203
9.010075,0.27627966,0.40389594,0.6000887,0.44683266
9.020079,0.27661222,0.40409827,0.5966838,0.44762677
9.030073,0.27590007,0.40431723,0.592916,0.4475505
9.040075,0.27541688,0.4037269,0.590055,0.4468305
9.050073,0.2756058,0.4040155,0.5857975,0.44771296
9.060074,0.27611113,0.40482062,0.5819249,0.44661757
9.070087,0.27565658,0.40425673,0.5780833,0.44777492
9.080076,0.27629164,0.40404597,0.57439786,0.44734448
9.090073,0.27636302,0.40406835,0.5719955,0.44753134
9.100075,0.27572078,0.40412128,0.5677957,0.4470763
9.110073,0.27690694,0.40474036,0.5651174,0.44695044
9.120077,0.27550268,0.4039459,0.5624868,0.44675407
9.130075,0.2764834,0.40462133,0.5600439,0.44684276
9.140076,0.2759204,0.40409523,0.5568057,0.44672608
9.150074,0.275268,0.40386763,0.5540686,0.4474532
9.160074,0.2767479,0.40441838,0.5513484,0.4464321
9.170074,0.27675876,0.40380463,0.5478643,0.4468066
9.180074,0.27571383,0.40437874,0.54412365,0.4468051
9.190076,0.27613714,0.40471312,0.542019,0.44666702
9.200075,0.27680764,0.4044125,0.538611,0.44679815
9.210078,0.27649364,0.40403706,0.5366641,0.44659695
9.2200775,0.27696237,0.4044296,0.53284776,0.44717345
9.230074,0.27630922,0.40450123,0.53035456,0.44643793
9.240074,0.27670148,0.40462694,0.5281107,0.44724768
9.250093,0.27604938,0.4047085,0.52547544,0.44645333
9.260076,0.27657253,0.40496442,0.5241007,0.44759336
9.270075,0.27641168,0.40438524,0.5212926,0.44678214
9.280074,0.27686116,0.4047051,0.51932544,0.4462772
9.290072,0.27602667,0.40381476,0.5171594,0.4468796
9.300074,0.2768263,0.40412772,0.5153212,0.44712877
9.310075,0.27600652,0.4049982,0.5141539,0.44700295
9.320076,0.2762234,0.40416402,0.5125259,0.44681808
9.330075,0.27631,0.40377882,0.5111982,0.446657
9.340078,0.2756973,0.4021583,0.51005924,0.44616684
9.350104,0.27621186,0.40418208,0.5091061,0.4468589
9.360075,0.27461132,0.4039883,0.50754416,0.4469263
9.370074,0.2764043,0.40338817,0.5072831,0.4465835
9.380075,0.2752501,0.4045163,0.50615823,0.446797
9.390075,0.27630478,0.40447024,0.5052841,0.44691414
9.400164,0.2755938,0.40378606,0.5045179,0.44634178
9.410074,0.27653906,0.40411747,0.5044542,0.4463376
9.420074,0.27534443,0.40412,0.5031083,0.4466505
9.430073,0.27626884,0.404324,0.5023242,0.446038
9.440076,0.2750632,0.4036599,0.50164473,0.44627908
9.450073,0.27559128,0.4038611,0.5009757,0.44607797
9.460076,0.27684736,0.40381125,0.49973372,0.4463378
9.470074,0.2757707,0.40338722,0.49915883,0.44600645
9.480076,0.27621168,0.40366608,0.4981333,0.44596148
9.490074,0.27593035,0.4037041,0.4971822,0.44647616
9.500075,0.27614975,0.40423468,0.496819,0.4461601
9.510079,0.27286696,0.40377805,0.4956156,0.4464945
9.520073,0.27595544,0.40401694,0.49508467,0.4457187
9.530071,0.27535886,0.40434203,0.49349257,0.44684628
9.540076,0.27619326,0.4042448,0.49395892,0.4461453
9.550075,0.27567282,0.4042256,0.49246356,0.44625685
9.560076,0.27659926,0.40474033,0.49137205,0.44621006
9.570087,0.2757074,0.40377533,0.49166244,0.44608346
9.580076,0.27642807,0.40380886,0.49119344,0.44567758
9.590073,0.27606964,0.40380025,0.49003708,0.44594526
9.600077,0.2760571,0.403453,0.4899548,0.44646356
9.610074,0.27717084,0.40520984,0.48904544,0.44548917
9.620077,0.27617776,0.40384927,0.48872998,0.44546825
9.630074,0.27619308,0.40458074,0.48876575,0.44583288
9.640074,0.27604684,0.40347233,0.48625275,0.44640288
9.650075,0.2760179,0.4038408,0.48548838,0.445817
9.660075,0.27669948,0.40428632,0.48799372,0.4457773
9.670075,0.27655804,0.4032238,0.48511884,0.44684887
9.680075,0.27578077,0.40390202,0.48432398,0.44485334
9.690073,0.27698228,0.40402508,0.4847247,0.44621477
9.700075,0.27599457,0.40381315,0.48387703,0.44583133
9.710075,0.27704367,0.40468743,0.48351103,0.44602334
9.720076,0.27632418,0.4039942,0.4827441,0.4462274
9.730076,0.2766237,0.40523976,0.4827889,0.44526717
9.740075,0.27641422,0.4035729,0.48151198,0.44625798
9.750074,0.2766207,0.40430906,0.48090973,0.44540733
9.760073,0.27639854,0.4036851,0.48027623,0.44531277
9.770074,0.27586344,0.40395683,0.48064932,0.44560066
9.780073,0.27566594,0.40422028,0.47980556,0.44577572
9.790072,0.2759681,0.40439764,0.4791543,0.44609636
9.8000765,0.27578437,0.40433928,0.47904167,0.44553733
9.810073,0.2763716,0.40432918,0.4783878,0.444949
9.820076,0.27666402,0.40466845,0.47791213,0.44539577
9.830074,0.27651072,0.4037889,0.4772668,0.44524994
9.840075,0.2767968,0.4041356,0.47697136,0.4455794
9.850075,0.27627367,0.4042544,0.47629955,0.44511825
9.860073,0.2775315,0.4039016,0.47595394,0.44457054
9.870075,0.27592027,0.40393677,0.47543365,0.44553223
9.880074,0.27676162,0.40428907,0.47482768,0.4448404
9.890075,0.2761239,0.40388355,0.47405168,0.44520366
9.900075,0.27590963,0.4039438,0.47394264,0.4447778
9.910074,0.27663398,0.40441,0.4735886,0.44513
9.9200735,0.27602533,0.4034184,0.47317818,0.4453438
9.930073,0.27636772,0.40416336,0.47243023,0.44493386
9.940075,0.27658218,0.4038664,0.4719235,0.44437253
9.950073,0.27565083,0.4031769,0.47176626,0.44578817
9.960075,0.27687028,0.40357932,0.47172728,0.44589463
9.970075,0.27637985,0.4046239,0.47125563,0.44392967
9.980074,0.27610964,0.40392256,0.47047582,0.44509608
9.990075,0.27658114,0.40513954,0.4702509,0.44496876
10.000077,0.2762467,0.40428796,0.46924454,0.44444656
10.010078,0.2768242,0.40371346,0.47020862,0.44443536
10.020079,0.27622727,0.40442622,0.46823478,0.44465485
10.030074,0.2766502,0.4036928,0.46846423,0.44476065
10.040075,0.27659237,0.40382752,0.4680725,0.44452038
10.050074,0.27644816,0.40348902,0.46839625,0.44455403
10.060072,0.27672625,0.40415725,0.46687567,0.4435599
10.070086,0.27621228,0.40312564,0.4665137,0.44429773
10.080077,0.27645665,0.40403393,0.46605992,0.44445544
10.090073,0.2763091,0.4041247,0.4656453,0.44384092
10.100077,0.27675006,0.40405193,0.46593118,0.4441632
10.110073,0.2765483,0.40420902,0.46559814,0.4444661
10.120075,0.27647102,0.4042761,0.4651654,0.44419393
10.130076,0.27587703,0.40355986,0.46512064,0.44403893
10.140076,0.27664056,0.4046473,0.46406394,0.44400382
10.150075,0.27659616,0.40418118,0.4644291,0.44375443
10.160073,0.2766918,0.4038758,0.46374512,0.44422287
10.17007,0.275908,0.40431297,0.4635453,0.4432666
10.180076,0.27708688,0.404546,0.4640111,0.4443867
10.190075,0.27596334,0.4034894,0.4627708,0.44380307
10.200074,0.27647567,0.40395728,0.46300527,0.4442045
10.210074,0.2768685,0.40350407,0.46242413,0.44329658
10.220083,0.2756117,0.40397176,0.46260393,0.4431155
10.23008,0.27604455,0.40269122,0.461924,0.44347605
10.240073,0.27593112,0.40357587,0.4613247,0.4433976
10.250073,0.275977,0.40363395,0.461893,0.4433708
10.260094,0.2767991,0.40390953,0.46137676,0.44306427
10.270075,0.2759055,0.40364888,0.4607036,0.4439265
10.280073,0.27597374,0.40342554,0.46080992,0.44321626
10.290073,0.275948,0.40390366,0.46050104,0.4426474
10.300076,0.27618396,0.40374184,0.45956048,0.4429051
10.310075,0.2761352,0.4036187,0.46080592,0.44270226
10.320076,0.2756228,0.40340507,0.45987728,0.4431898
10.330073,0.27621242,0.4045061,0.45948076,0.44248542
10.340078,0.27498537,0.4024709,0.4593222,0.44258842
10.350084,0.27597344,0.4033431,0.4597129,0.4434566
10.360096,0.27526933,0.40257528,0.4590895,0.4437122
10.370078,0.27623376,0.40341732,0.4586074,0.44314966
10.380078,0.2753584,0.40387943,0.45805287,0.44219175
10.3900795,0.27572617,0.40364113,0.45839286,0.4426692
10.400074,0.27632436,0.40384534,0.45857653,0.442208
10.410073,0.2762227,0.40356547,0.45808464,0.4418082
10.420073,0.27681336,0.40344337,0.45793483,0.44241723
10.430072,0.27610523,0.40325755,0.4576949,0.44234422
10.440075,0.2770679,0.4043068,0.45795262,0.44199368
10.450073,0.27582708,0.4039336,0.45676428,0.44260404
10.460092,0.27670085,0.4041747,0.45757347,0.44162992
10.470076,0.27559716,0.40379357,0.4567646,0.4414613
10.480073,0.27643427,0.40399998,0.4564507,0.44171238
10.490075,0.27651155,0.4042477,0.4570658,0.4421268
10.500074,0.27634513,0.4045513,0.45670253,0.44157487
10.510075,0.27583855,0.40393102,0.45640054,0.4422904
10.520076,0.275076,0.40358546,0.45632046,0.4422655
10.530073,0.2765562,0.40381786,0.4562268,0.44172022
10.540074,0.27666545,0.4035481,0.45623994,0.44182464
10.550075,0.27660528,0.40391585,0.4559637,0.44203332
10.560088,0.2764321,0.4038996,0.45587102,0.44177175
10.570087,0.27666265,0.4035044,0.45556346,0.44095695
10.580077,0.2758777,0.40324268,0.45487264,0.4410489
10.590073,0.27604464,0.40356472,0.4554761,0.4423646
10.600076,0.27498022,0.40395272,0.45498753,0.44180137
10.610074,0.2765353,0.40427694,0.45466405,0.44116914
10.620076,0.27564242,0.40390167,0.45424142,0.44108483
10.630074,0.27614644,0.40446588,0.45456606,0.44104517
10.640074,0.2759486,0.40367478,0.4543529,0.44096872
10.650074,0.27615768,0.4039536,0.45409864,0.44159824
10.660094,0.27560976,0.40377277,0.45388177,0.44148904
10.670075,0.27606913,0.40388277,0.4538673,0.44109598
10.680076,0.2764369,0.4038975,0.4542062,0.44108757
10.690075,0.27641726,0.40382808,0.45373943,0.44125584
10.700072,0.2768442,0.4035355,0.4529475,0.44041198
10.710074,0.27648482,0.40341315,0.45327714,0.44054157
10.720076,0.2765207,0.4041222,0.45327115,0.44084147
10.730075,0.2761604,0.40377867,0.453346,0.44053352
10.740075,0.2766807,0.40407157,0.45286372,0.4403466
10.7500725,0.2764537,0.40349635,0.45239428,0.44065863
10.760091,0.2765985,0.40372258,0.45300236,0.4405019
10.770075,0.27645603,0.4030667,0.45162225,0.43918884
10.780073,0.27718446,0.4037747,0.4533185,0.43929982
10.790072,0.27628565,0.40369827,0.45110658,0.44034094
10.800075,0.2764929,0.4047353,0.45306936,0.44026735
10.810074,0.2761054,0.4041831,0.4531451,0.43827385
10.820073,0.27646816,0.40289754,0.45030484,0.44005495
10.830075,0.27564257,0.40277424,0.45309263,0.44020683
10.840075,0.27686095,0.40387806,0.45279202,0.4404555
10.850074,0.27661818,0.4052852,0.45116898,0.4394254
10.860089,0.27589566,0.4024535,0.45141083,0.44013935
10.870072,0.2764854,0.40301666,0.45115018,0.4388562
10.8800745,0.27619475,0.40317532,0.45124546,0.4392806
10.890075,0.27680945,0.40394264,0.45093912,0.4394273
10.900075,0.27503812,0.4036791,0.4501622,0.4389335
10.910076,0.2761601,0.40397334,0.45114976,0.43841755
10.9200735,0.27616823,0.4041327,0.45036402,0.43911996
10.930075,0.27674103,0.40386793,0.45084524,0.4393466
10.940072,0.27637392,0.40384355,0.45044488,0.43922865
10.950072,0.27636468,0.40333554,0.4509016,0.43977156
10.96009,0.2765239,0.40411335,0.45022398,0.43854648
10.970074,0.27553236,0.4035544,0.44983238,0.43989784
10.980074,0.27631915,0.40438062,0.450151,0.438642
10.990073,0.27447236,0.40256485,0.44954973,0.43838406
11.00008,0.27522373,0.40203092,0.44908667,0.438584
11.010076,0.27543956,0.4026392,0.44917965,0.4385929
11.020076,0.27541497,0.40338168,0.44920114,0.4389584
11.030074,0.27521265,0.40323496,0.44848737,0.4388806
11.040075,0.27543035,0.4028635,0.44912952,0.43846154
11.050076,0.2751592,0.40212354,0.44863254,0.43822527
11.060073,0.27549773,0.4029491,0.4494254,0.439071
11.070086,0.27544546,0.40330532,0.45006764,0.43763044
11.080078,0.2762451,0.40384442,0.447784,0.43827403
11.090073,0.27639642,0.40462732,0.4489454,0.43754783
11.100073,0.2757381,0.40413073,0.4498496,0.4391201
11.110073,0.27630717,0.40414196,0.4488644,0.43614227
11.120076,0.27618676,0.40510848,0.44722226,0.439367
11.130074,0.276239,0.40320146,0.44866168,0.438385
11.140074,0.2765899,0.404687,0.4492622,0.43837783
11.150075,0.27698353,0.40396324,0.44726077,0.43760383
11.160075,0.2758541,0.40369108,0.4478421,0.43796957
11.1700735,0.2769567,0.40380865,0.44862807,0.43792132
11.180074,0.2760388,0.4036605,0.44817612,0.43769082
11.190075,0.27712852,0.40345562,0.4479445,0.43782273
11.200075,0.2761163,0.40426767,0.44783524,0.4370308
11.210079,0.27665237,0.40470102,0.44768947,0.437503
11.220076,0.27617377,0.40348446,0.44730297,0.4371174
11.230073,0.276718,0.40382567,0.44729498,0.4371158
11.240075,0.27654535,0.40363243,0.44722217,0.43772832
11.250075,0.2771218,0.40452737,0.44774103,0.43776473
11.260075,0.27654013,0.40351826,0.4471738,0.43677297
11.270074,0.27650803,0.40361124,0.44656295,0.43680832
11.280074,0.27675003,0.40408406,0.44692555,0.43684772
11.290072,0.27673352,0.40379784,0.4473328,0.43676132
11.300073,0.27650595,0.40359035,0.44733644,0.4361868
11.310075,0.27653027,0.40419602,0.44699982,0.43676984
11.320076,0.27639306,0.4036365,0.4464411,0.43624163
11.330072,0.27638417,0.40351316,0.4461015,0.43649158
11.340077,0.27555045,0.4027507,0.4471719,0.4359924
11.350084,0.2763221,0.40351212,0.44668245,0.43650833
11.360076,0.27651107,0.40401602,0.44640315,0.43632764
11.370075,0.27602062,0.4037895,0.44672665,0.4367504
11.380075,0.27607924,0.40451154,0.44579756,0.4363269
11.390074,0.2757595,0.40299392,0.44444364,0.43429118
11.400076,0.2759939,0.40353182,0.4462835,0.4367519
11.410072,0.27643052,0.40277186,0.4457963,0.43515378
11.420079,0.27635577,0.40289313,0.44572097,0.435984
11.430074,0.27604705,0.40392217,0.44637218,0.43572545
11.440075,0.27538002,0.40336657,0.4458114,0.43456373
11.450072,0.27646822,0.40357086,0.44588903,0.4361853
11.4600725,0.27569088,0.40345407,0.4451204,0.4355609
11.470093,0.2758942,0.403677,0.445925,0.43590513
11.480077,0.27581686,0.40415782,0.44513384,0.43543458
11.490074,0.27658698,0.40379027,0.4455076,0.43539545
11.500074,0.27639756,0.40343753,0.44546196,0.43486384
11.510073,0.27665317,0.40445226,0.44518125,0.43477675
11.520074,0.27610278,0.40339315,0.44517577,0.43534654
11.530074,0.2761458,0.40330166,0.44497618,0.43472385
11.540075,0.27664903,0.40347904,0.44493175,0.43482733
11.550076,0.27617088,0.40342703,0.44569576,0.4353437
11.560073,0.27661553,0.4043534,0.4450447,0.4348264
11.570082,0.2763295,0.40279356,0.44514853,0.43519863
11.580077,0.2763967,0.40327838,0.44470298,0.434619
11.590073,0.276425,0.40325338,0.4450246,0.43483353
11.600076,0.27704126,0.40355453,0.44476375,0.4344889
11.610075,0.27682608,0.40387028,0.44448483,0.4349968
11.620076,0.27634674,0.40379658,0.44453934,0.43478635
11.6300745,0.27647826,0.40308157,0.4445064,0.43491882
11.640073,0.2765303,0.40369245,0.44501987,0.4348742
11.650075,0.27631655,0.4029811,0.44497567,0.43485153
11.660075,0.27691707,0.40376708,0.44414693,0.4346908
11.670074,0.27642098,0.40285188,0.44369158,0.43502453
11.680075,0.27689764,0.4037065,0.44523662,0.43425447
11.690098,0.276711,0.4040482,0.4443415,0.4342298
11.700079,0.276118,0.40315282,0.44465265,0.43360654
11.7100725,0.2762577,0.4028957,0.4443868,0.43379343
11.720076,0.27550274,0.40347174,0.44367364,0.43351245
11.730075,0.27627692,0.40343484,0.44457668,0.43378252
11.740076,0.27631027,0.40390775,0.4437426,0.43439347
11.750075,0.27581933,0.40414438,0.44375163,0.43390238
11.760073,0.27626932,0.40369868,0.4443377,0.43379435
11.770075,0.27641237,0.40399784,0.44429305,0.43351102
11.780073,0.27632177,0.40333802,0.44346318,0.43317905
11.790072,0.2762727,0.4038648,0.44358835,0.43379557
11.800076,0.2761151,0.4033544,0.44350106,0.43366593
11.81007,0.27707443,0.4034313,0.44321653,0.4328212
11.820076,0.2761996,0.40363833,0.4435108,0.43327492
11.830076,0.27583906,0.40402913,0.44402575,0.43337002
11.840075,0.27612603,0.40358895,0.44357514,0.43325636
11.850075,0.2766111,0.40320903,0.44346127,0.43383363
11.860074,0.27606243,0.40389857,0.44297785,0.4329082
11.870075,0.2760959,0.40335023,0.44270262,0.43306696
11.880073,0.27582508,0.40351197,0.4426513,0.43448377
11.890074,0.27630052,0.40373847,0.4431694,0.43375212
11.900075,0.2769187,0.40365064,0.44247553,0.43351823
11.910071,0.2766487,0.40359065,0.4432591,0.43313062
11.920075,0.2769222,0.404013,0.44311014,0.4328093
11.930074,0.27688187,0.4030176,0.44282404,0.43274984
11.940075,0.2763266,0.40401086,0.44248685,0.43305892
11.950073,0.27627635,0.40247586,0.442597,0.43218064
11.960074,0.27614954,0.4045927,0.44257167,0.43276387
11.970075,0.27627307,0.40316278,0.44247526,0.43276587
11.980075,0.2775849,0.40391332,0.44251254,0.43273816
11.990074,0.2762719,0.40362227,0.44265607,0.4325944
12.000078,0.27623153,0.4033511,0.44280896,0.43245083
12.010077,0.27618113,0.4030482,0.44237992,0.4325566
12.020077,0.27682295,0.4033469,0.44251654,0.43198285
12.030074,0.2765689,0.40366068,0.44192195,0.43200147
12.040075,0.2766533,0.40374315,0.4417631,0.4319751
12.050073,0.2762304,0.4036269,0.44235802,0.43196243
12.060073,0.27642757,0.4035786,0.44162428,0.43189004
12.070086,0.27587363,0.4030221,0.44197136,0.43190938
12.080078,0.27619487,0.4036469,0.4416637,0.4319518
12.090073,0.27701858,0.40408733,0.4418345,0.4321616
12.100076,0.2766077,0.40364468,0.44106725,0.43268576
12.110074,0.27698228,0.40383196,0.44150445,0.43201223
12.120073,0.27580512,0.403451,0.44144884,0.43192342
12.1300745,0.2766942,0.40245023,0.4409513,0.4324998
12.140074,0.2765948,0.4040298,0.441087,0.43223378
12.150072,0.27569646,0.40376493,0.44143775,0.4313785
12.160074,0.2762877,0.40286252,0.44116795,0.43209592
12.170074,0.27595046,0.40338522,0.44178528,0.43158838
12.180076,0.2764224,0.40344474,0.44121954,0.43118572
12.190074,0.2769355,0.40362436,0.44123638,0.4309098
12.200074,0.27661923,0.40303585,0.44110808,0.43146607
12.210074,0.2764932,0.40304044,0.44159538,0.4315435
12.220077,0.2760272,0.4031496,0.44167802,0.43160197
12.230075,0.2760119,0.40337577,0.44066828,0.43119624
12.240082,0.27741015,0.40416563,0.4411452,0.43127927
12.250081,0.27612004,0.4029512,0.44105503,0.43110004
12.2600765,0.27631137,0.40414563,0.44158232,0.43053615
12.270074,0.2759161,0.4027833,0.44210222,0.43123582
12.280076,0.27700624,0.40383482,0.4418598,0.4317451
12.290074,0.27697566,0.40264165,0.44092277,0.42951873
12.300077,0.2760088,0.40113297,0.44231415,0.43043888
12.310076,0.276198,0.40338653,0.44026402,0.43109754
12.32008,0.2760837,0.4046192,0.4417473,0.42876482
12.330078,0.2765703,0.40244803,0.44225416,0.43160406
12.340077,0.2758283,0.40405926,0.44047365,0.43029478
12.350085,0.2755007,0.4042059,0.44064006,0.430038
12.360075,0.2759715,0.40414482,0.4398144,0.42948222
12.370076,0.27559423,0.40301982,0.44044718,0.4303425
12.380086,0.27651605,0.4028884,0.4399507,0.42993486
12.390077,0.2769512,0.40225428,0.44038275,0.43057325
12.40008,0.27496535,0.4022041,0.44005117,0.4297475
12.4100895,0.2767906,0.40433162,0.44008377,0.43085116
12.420081,0.27632704,0.40267798,0.44032252,0.43020856
12.430077,0.2755673,0.40403852,0.439874,0.43043563
12.440077,0.27637297,0.40419748,0.4402425,0.42976794
12.450074,0.2763914,0.40437388,0.44011718,0.4297127
12.460074,0.27653107,0.40292373,0.44017076,0.43027842
12.470075,0.27614844,0.40382528,0.43991944,0.42989734
12.48007,0.27614427,0.4034774,0.43981767,0.42958167
12.490074,0.27609733,0.40354252,0.43973547,0.4297297
12.500075,0.27622437,0.40367493,0.4393149,0.42916346
12.510075,0.27609617,0.40391827,0.43987975,0.42951402
12.520079,0.27656814,0.4032479,0.43959635,0.42918333
12.530073,0.27669802,0.40380275,0.44002774,0.42916074
12.540075,0.27715662,0.4030207,0.44036648,0.4296785
12.550075,0.27652133,0.40422758,0.43985525,0.42959544
12.560074,0.27686185,0.40414262,0.439748,0.42884687
12.570086,0.27602223,0.4024183,0.4393922,0.42928928
12.580077,0.27589396,0.40400705,0.43989107,0.42944947
12.590073,0.27659976,0.40316412,0.43946442,0.4298023
12.600073,0.27621832,0.40309098,0.43945628,0.429526
12.610076,0.27650803,0.40278414,0.43912983,0.42871392
12.620078,0.27657035,0.40335143,0.43920466,0.42880753
12.630075,0.27538785,0.4037926,0.4392485,0.4287938
12.640076,0.27738163,0.40331787,0.4399092,0.42852953
12.650073,0.27576905,0.40270367,0.4393959,0.42880738
12.660075,0.27675048,0.40346444,0.43894753,0.42819285
12.670074,0.27635357,0.4037235,0.43927637,0.42844582
12.68009,0.27710563,0.40436625,0.43925765,0.42867082
12.690076,0.2773331,0.40284282,0.43923712,0.42814493
12.700074,0.27626625,0.40321746,0.43875328,0.42773572
12.710074,0.2765053,0.403679,0.43881783,0.42821378
12.720077,0.2765166,0.4033463,0.43933868,0.4286634
12.730077,0.27675238,0.40367723,0.4391238,0.42848757
12.740075,0.2761675,0.40324536,0.43823972,0.42874393
12.750075,0.27579018,0.40366405,0.43910855,0.42861837
12.760075,0.275976,0.4035581,0.43875894,0.4277887
12.770072,0.2759944,0.40343633,0.43903163,0.42749718
12.780094,0.27709228,0.4030152,0.4387641,0.42809436
12.790072,0.27743432,0.40287912,0.43901175,0.42740327
12.800076,0.27636015,0.40394223,0.438834,0.42776182
12.810073,0.27718383,0.4035106,0.43898517,0.4274932
12.820077,0.2767181,0.40366557,0.43901178,0.4277421
12.830077,0.27681825,0.4030833,0.43891636,0.42727104
12.8400755,0.2772502,0.40378153,0.4388275,0.42820555
12.850076,0.2765748,0.40357792,0.43859726,0.42761308
12.860074,0.2772064,0.4038839,0.4387129,0.42784798
12.870074,0.27681306,0.40335107,0.4382848,0.42764091
12.880081,0.27668038,0.40385914,0.4390484,0.42776492
12.890073,0.27662545,0.40313953,0.43827906,0.42752442
12.900073,0.27597213,0.40401322,0.4387086,0.42780745
12.910075,0.27680647,0.40338334,0.43821776,0.42712337
12.920077,0.2764452,0.40339136,0.4385953,0.42775172
12.930078,0.27612704,0.40326944,0.43898106,0.4275502
12.940075,0.27627358,0.40316465,0.43901232,0.42751375
12.950074,0.27663332,0.4034354,0.4383014,0.4271908
12.9600725,0.27621135,0.40349743,0.4386788,0.42683786
12.970074,0.27674973,0.40349182,0.43849835,0.4264832
12.980081,0.27664238,0.4033761,0.43833482,0.42755598
12.990074,0.27685,0.4036215,0.43853995,0.42694822
13.00008,0.2754078,0.40332916,0.43806323,0.42734602
13.010076,0.27654234,0.40310398,0.43788224,0.42688993
13.020077,0.2758046,0.40274596,0.43796346,0.4271628
13.030073,0.2767054,0.40395448,0.4386475,0.42705604
13.040076,0.27672344,0.4030544,0.4385253,0.4267922
13.050075,0.27584958,0.40343016,0.43834257,0.42604563
13.060076,0.27599,0.4031397,0.4380223,0.4272607
13.07011,0.2760528,0.40330115,0.43784323,0.42612728
13.080098,0.27623457,0.40264183,0.43802503,0.42666948
13.090074,0.27551624,0.40338555,0.43722516,0.4267233
13.100078,0.27610025,0.40310708,0.43729794,0.427106
13.110073,0.27614987,0.40358406,0.43789467,0.42569
13.120078,0.27657253,0.40342623,0.4376639,0.42670277
13.130075,0.27618575,0.40282512,0.4378027,0.42570332
13.140076,0.27642497,0.40323237,0.4379479,0.42627564
13.150075,0.27609646,0.40218332,0.43686643,0.4260917
13.160075,0.2766768,0.40359512,0.43795127,0.42616865
13.170075,0.27654287,0.40345177,0.43704486,0.4264561
13.180073,0.27717724,0.40384585,0.4379515,0.42556223
13.190074,0.27679563,0.40337417,0.43698245,0.4260432
13.200075,0.276577,0.4040522,0.43764308,0.42620638
13.210074,0.27658156,0.40366805,0.43732217,0.42569923
13.220079,0.2766404,0.403295,0.43737647,0.4259724
13.230075,0.27647838,0.40348426,0.43738768,0.4253646
13.240075,0.2764893,0.4031992,0.43763086,0.42510965
13.2500725,0.27638397,0.4026753,0.43678746,0.42542824
13.260076,0.27643505,0.40376243,0.43674195,0.4258879
13.270075,0.27670997,0.40328905,0.43753812,0.42535293
13.280074,0.27678752,0.4032935,0.4377645,0.42536023
13.290074,0.2770223,0.40398023,0.43713838,0.42510793
13.300074,0.27654076,0.40310618,0.4372012,0.42535743
13.310074,0.27645007,0.4038455,0.4371231,0.42582092
13.320074,0.2765582,0.40360248,0.43653837,0.42522395
13.330076,0.2763073,0.4040301,0.43665236,0.42552054
13.340076,0.27581632,0.40255788,0.43660566,0.42453986
13.350084,0.27670842,0.40369755,0.4370393,0.42524824
13.360076,0.27630877,0.4036279,0.436238,0.42560983
13.370072,0.27573934,0.40338033,0.4356986,0.42469022
13.380076,0.2759814,0.403329,0.43621644,0.4248883
13.390075,0.27662325,0.40327772,0.43620798,0.42450324
13.400164,0.27665743,0.40377054,0.43642268,0.42518762
13.410072,0.27654845,0.40329465,0.4359156,0.42376116
13.420074,0.2760834,0.40373677,0.43616098,0.4242553
13.430074,0.2763554,0.40326998,0.43560952,0.4241119
13.440075,0.27701548,0.40401262,0.43638095,0.42489475
13.450072,0.27654848,0.4028453,0.4355523,0.4243761
13.460075,0.2765467,0.4035824,0.43587917,0.4240139
13.470072,0.27663276,0.40319964,0.43540552,0.424036
13.480073,0.2771336,0.4034518,0.4356318,0.42430314
13.490093,0.27660447,0.40286732,0.4358378,0.42422697
13.500076,0.27629885,0.40309113,0.4356362,0.42424056
13.510073,0.27638578,0.40336794,0.43502167,0.42389673
13.520075,0.276497,0.4032316,0.43469253,0.42453232
13.530075,0.27652547,0.4027599,0.4341259,0.42435914
13.540073,0.27670708,0.4033776,0.43611535,0.42291614
13.550075,0.2761471,0.40393046,0.4353706,0.42331997
13.560075,0.27612478,0.40382424,0.43686754,0.42209315
13.570113,0.2741185,0.4042994,0.43689722,0.42559427
13.580079,0.27656937,0.40441898,0.43441814,0.42410794
13.590093,0.27692544,0.40288186,0.4353712,0.42409995
13.600077,0.27654862,0.40501904,0.43524328,0.42347714
13.610075,0.27661464,0.403988,0.43453842,0.42343456
13.620076,0.27674305,0.4035472,0.43422052,0.42334878
13.6300745,0.27691233,0.4038886,0.43465367,0.4240566
13.640073,0.27626014,0.40391624,0.43433458,0.42382953
13.650075,0.27658054,0.40439442,0.43471316,0.42315125
13.660075,0.27637482,0.4036797,0.43418232,0.42314845
13.670074,0.27655092,0.40341246,0.43459103,0.42372093
13.680075,0.27662364,0.40374923,0.4340553,0.42287093
13.690086,0.27669483,0.40336168,0.4349652,0.42288056
13.700075,0.27658433,0.40353838,0.43466502,0.42292243
13.710074,0.27602628,0.40331858,0.43378356,0.4221103
13.720076,0.27712572,0.4038426,0.4337673,0.42321873
13.730075,0.27625972,0.40368962,0.43437555,0.42279232
13.740075,0.27697018,0.4041645,0.43406448,0.42269388
13.750074,0.2759769,0.4029285,0.43435502,0.42253974
13.760072,0.27607328,0.4025651,0.43435305,0.422629
13.770075,0.2753722,0.40265363,0.43379536,0.42306036
13.780073,0.27546138,0.40274495,0.43449694,0.42314222
13.790088,0.27561507,0.40235722,0.43386382,0.42277026
13.8000765,0.275468,0.40232113,0.43347585,0.42231727
13.810073,0.27461037,0.4025569,0.43281573,0.42235908
13.820076,0.27523124,0.4029264,0.43291414,0.42225704
13.830074,0.27604192,0.40301776,0.43257654,0.4223683
13.8400755,0.27666622,0.4044469,0.4335075,0.42159462
13.850076,0.2760837,0.40348884,0.43342692,0.42217028
13.860074,0.275809,0.40369782,0.43336877,0.42287397
13.870075,0.27620906,0.40295756,0.43291616,0.42245898
13.880074,0.277057,0.4035691,0.4327014,0.42158782
13.8900795,0.27644435,0.40405068,0.43323454,0.42284992
13.900076,0.27673128,0.40300757,0.4327278,0.421917
13.910074,0.2766434,0.40321264,0.43338773,0.4220073
13.920076,0.27581978,0.40387455,0.43285415,0.42182836
13.930073,0.27705568,0.40341595,0.43317556,0.4220551
13.940075,0.2769447,0.40386176,0.43268263,0.42114103
13.950073,0.27641138,0.4036852,0.43311143,0.42176417
13.960075,0.27682418,0.4037852,0.43298045,0.4213532
13.970076,0.27675158,0.40329963,0.43284246,0.42186892
13.980074,0.27587166,0.4035729,0.43319342,0.42185926
13.990089,0.2771281,0.40265295,0.43256828,0.42153704
14.000085,0.27680165,0.4030196,0.43234736,0.4212191
14.010082,0.2767365,0.40237454,0.43227872,0.42142826
14.02008,0.2776107,0.403717,0.4322207,0.42141736
14.030074,0.27714294,0.40356585,0.4319562,0.4216004
14.040076,0.27756917,0.40401816,0.4324605,0.4204419
14.050076,0.27629432,0.40299413,0.43209723,0.42128828
14.060083,0.27605602,0.40244836,0.43221137,0.42084935
14.070089,0.27510232,0.40163603,0.43141305,0.4202373
14.080082,0.27679518,0.4035311,0.43195182,0.4214235
14.0900955,0.27629983,0.40213928,0.43168348,0.42100596
14.100077,0.27700785,0.40369827,0.43222088,0.42112374
14.110075,0.27665874,0.40401834,0.43157285,0.42052844
14.120079,0.27634308,0.403865,0.43142322,0.4209489
14.130077,0.27724612,0.4032483,0.43172976,0.42010528
14.140077,0.27716732,0.40317285,0.431673,0.42086878
14.150074,0.27672946,0.40319458,0.43154272,0.42026865
14.160076,0.27681923,0.40325713,0.4313699,0.41976377
14.1700735,0.27679256,0.4037205,0.43178108,0.41979015
14.180077,0.27689934,0.4038198,0.431303,0.42017126
14.190091,0.27624592,0.40323853,0.4312716,0.42012134
14.200077,0.27568728,0.40325734,0.43188182,0.4200367
14.210075,0.2761901,0.40384763,0.43137076,0.42018482
14.220087,0.27660316,0.40341204,0.43060905,0.4196604
14.230079,0.2766788,0.4032737,0.43122828,0.41977337
14.240074,0.27603945,0.40326208,0.4310112,0.4193235
14.250076,0.27699116,0.40386838,0.43140426,0.4196961
14.260076,0.2760728,0.4033567,0.4308285,0.4192739
14.270076,0.27657235,0.40299988,0.4311184,0.41919294
14.280075,0.27695778,0.40341887,0.43089417,0.41867545
14.290092,0.27691296,0.4023403,0.43118954,0.41904366
14.3000765,0.2766276,0.40363652,0.43079963,0.41928142
14.310075,0.27643308,0.4031275,0.42994496,0.4193977
14.320076,0.27717814,0.4040039,0.43041426,0.4187441
14.330075,0.27632132,0.40318567,0.43027183,0.41923788
14.340077,0.27584702,0.4030389,0.43110043,0.41767418
14.350086,0.27578372,0.4024985,0.42956564,0.41890648
14.360076,0.27674207,0.40361303,0.4305466,0.41868857
14.370073,0.2767931,0.40367422,0.43075696,0.41852272
14.380076,0.27676812,0.40364227,0.43007755,0.41847536
14.390097,0.27623746,0.4029022,0.42968547,0.41845024
14.400075,0.27767384,0.40353867,0.43000764,0.41861364
14.410073,0.27625695,0.40333584,0.4300999,0.41836634
14.420076,0.2764676,0.40414333,0.43014124,0.41864398
14.430075,0.27628818,0.40332523,0.42977703,0.41778442
14.440076,0.27658337,0.40358034,0.43007523,0.4185083
14.450073,0.2767861,0.40356553,0.42930824,0.4178157
14.460074,0.27663416,0.4036275,0.4299214,0.4179479
14.470074,0.2768466,0.40404838,0.4293666,0.41782513
14.480073,0.27736643,0.40274876,0.4291838,0.41770807
14.490091,0.2772185,0.40329587,0.4297501,0.41800576
14.500076,0.27674854,0.40411252,0.42965427,0.41700146
14.510075,0.27741405,0.40389755,0.42910838,0.4174114
14.520077,0.2766438,0.4036656,0.42909202,0.41740435
14.53007,0.2770356,0.4031179,0.4293607,0.41765222
14.540075,0.27654088,0.40326935,0.42836508,0.4173967
14.550075,0.2769478,0.40380788,0.42857158,0.41739386
14.560074,0.27628788,0.40344432,0.4290536,0.4173302
14.570087,0.27664578,0.40003,0.42652583,0.4173497
14.58008,0.27624953,0.40347537,0.42815098,0.41765496
14.590094,0.2759443,0.4034664,0.42848003,0.41682786
14.600073,0.27667513,0.4030827,0.42860132,0.41679126
14.610075,0.2765428,0.40330625,0.42760044,0.41670403
14.620074,0.27720582,0.40371478,0.42768666,0.41667902
14.630075,0.27660334,0.40357682,0.4283025,0.41587013
14.640075,0.2764943,0.40433684,0.42861804,0.41657874
14.650073,0.27657348,0.40351722,0.4277249,0.4164667
14.660075,0.27721727,0.40388146,0.42900494,0.41621134
14.670075,0.2765588,0.40389493,0.42750588,0.41579622
14.680074,0.2770157,0.4036687,0.4282767,0.41684127
14.690092,0.27648088,0.4033881,0.42754245,0.41579807
14.700076,0.27683175,0.40343496,0.42782596,0.41618568
14.710075,0.27693784,0.40315652,0.42740637,0.4159125
14.720075,0.27683523,0.4042789,0.42818254,0.4163728
14.730076,0.27667472,0.40315813,0.42799395,0.41534263
14.740075,0.27603474,0.40259042,0.42690492,0.4155495
14.750074,0.27623403,0.40287754,0.4273713,0.41504166
14.760075,0.276049,0.40368712,0.42760918,0.41466755
14.770073,0.27700323,0.40354583,0.4273425,0.4155896
14.780073,0.27686197,0.4031685,0.4269247,0.41461775
14.790073,0.2770205,0.40361044,0.42699412,0.41487107
14.800074,0.2773551,0.40296102,0.42733297,0.41507837
14.810075,0.27711156,0.40384588,0.42696983,0.415741
14.820075,0.27721837,0.40426463,0.42683595,0.41487765
14.830075,0.2774907,0.40412697,0.42713806,0.41528127
14.840073,0.2768972,0.40429905,0.42651358,0.41474485
14.850075,0.27669504,0.40421233,0.4264902,0.41472876
14.860075,0.2771858,0.4028393,0.426028,0.41438222
14.870074,0.27716747,0.40410438,0.42683476,0.41367257
14.8800745,0.27593985,0.40356132,0.4263414,0.41398808
14.890072,0.27688387,0.40329653,0.42654368,0.41404077
14.900074,0.27618402,0.40315628,0.42605498,0.41367388
14.910074,0.27642784,0.40381998,0.42583415,0.4139131
14.920074,0.27720478,0.40366948,0.42680565,0.4135751
14.930073,0.27715373,0.40308255,0.42604858,0.41386652
14.940075,0.27659163,0.403931,0.42657092,0.4129873
14.950075,0.27661136,0.4026185,0.42535484,0.41304907
14.9600725,0.27691266,0.40390265,0.4262002,0.4131207
14.970075,0.2776419,0.40414944,0.42606154,0.41364652
14.980073,0.2768168,0.4047995,0.42621946,0.41297418
14.990074,0.27708378,0.40312207,0.4258051,0.4134174
15.000088,0.27693006,0.40440333,0.4256482,0.4129754
15.010074,0.27644214,0.40332055,0.4249424,0.41213346
15.020081,0.27715564,0.40331385,0.4253358,0.41260216
15.030074,0.2765766,0.40284044,0.42481476,0.41204345
15.040076,0.2768534,0.4039703,0.4251822,0.41206673
15.050076,0.27686355,0.40369698,0.42483065,0.41213596
15.0600815,0.27676654,0.40319297,0.42448652,0.4114943
15.070107,0.27703035,0.4033292,0.4237552,0.41130778
15.080082,0.27622733,0.40281904,0.42443255,0.41261628
15.090074,0.276277,0.4033946,0.42460617,0.41315544
15.100073,0.2759662,0.40254802,0.42429173,0.41247064
15.110076,0.27686027,0.40361196,0.42400783,0.41171402
15.120074,0.27737504,0.4037014,0.4247487,0.41155303
15.1300745,0.27695778,0.40358734,0.42488778,0.41214845
15.140076,0.2761677,0.40317056,0.42372823,0.41230503
15.150075,0.2767931,0.40442282,0.42407605,0.4120315
15.160075,0.27647424,0.40312928,0.42392012,0.41177192
15.170074,0.27643687,0.40309855,0.4236801,0.41148657
15.180076,0.27589267,0.40349674,0.4234411,0.4115941
15.190075,0.2766251,0.40335074,0.42311266,0.41164705
15.200073,0.2764862,0.40324572,0.4234289,0.41107744
15.210075,0.27724957,0.4035963,0.42307562,0.41136646
15.220078,0.27755255,0.40420705,0.42286754,0.41143078
15.230076,0.27633828,0.40343466,0.42335162,0.41107917
15.240075,0.27708918,0.40362778,0.42287353,0.4108082
15.250073,0.2765973,0.4037134,0.42322537,0.41060588
15.260076,0.27663222,0.4040799,0.42306593,0.41134182
15.270075,0.27695692,0.4039475,0.42281407,0.410528
15.280074,0.27675277,0.40430316,0.42279828,0.4111547
15.290074,0.27702457,0.4031469,0.4226195,0.41026297
15.300088,0.27775064,0.40373355,0.42270258,0.409856
15.310076,0.27712134,0.40333745,0.42201802,0.41063583
15.320073,0.27707022,0.4036118,0.42207342,0.4102431
15.330075,0.2763338,0.40354583,0.42159316,0.41059074
15.340076,0.27514216,0.40234467,0.42163643,0.4101386
15.350086,0.27690858,0.40298516,0.421431,0.41061202
15.360077,0.27701926,0.40361473,0.4217721,0.41014364
15.370073,0.27758604,0.40363497,0.42188412,0.41005218
15.380075,0.27684247,0.40335637,0.42164168,0.40970138
15.390075,0.27636385,0.40358946,0.4214509,0.40975082
15.400095,0.27653176,0.40379012,0.42139924,0.40969053
15.410076,0.27724406,0.40376,0.4214327,0.4097872
15.420075,0.27735797,0.40281683,0.421137,0.41032606
15.430075,0.2766085,0.40354326,0.42109922,0.409321
15.440072,0.2760821,0.4034575,0.4214798,0.40942535
15.450074,0.27672976,0.4042073,0.42098525,0.40938535
15.460075,0.2769037,0.4030522,0.42085555,0.40985307
15.470074,0.277344,0.40327546,0.42072958,0.40937307
15.480075,0.2769089,0.4028453,0.42015964,0.41005298
15.49007,0.2763324,0.402717,0.4204882,0.4092508
15.500092,0.27604392,0.40388635,0.4199559,0.40938526
15.510076,0.27636147,0.40349236,0.420586,0.40894544
15.520076,0.27668563,0.40375835,0.4199035,0.40901852
15.530075,0.27639797,0.40347037,0.41998032,0.4094513
15.540075,0.27655843,0.40319106,0.41982883,0.40873945
15.550074,0.2768404,0.40310687,0.41884366,0.4092207
15.560073,0.27723342,0.40413737,0.4196373,0.4081519
15.570086,0.27607283,0.4035785,0.4190908,0.40887427
15.580082,0.27623746,0.40301868,0.41929597,0.409276
15.590073,0.27601358,0.40243703,0.41936076,0.40813136
15.600098,0.2775072,0.40301734,0.41864198,0.4085699
15.610073,0.27687487,0.403183,0.41938466,0.4080265
15.620078,0.27794236,0.40330154,0.41899994,0.40915012
15.6300745,0.27686453,0.40351552,0.41871202,0.40831658
15.640075,0.27708963,0.4031887,0.4183153,0.40866584
15.650075,0.27675334,0.4031084,0.4186157,0.4085819
15.660074,0.27689496,0.40363416,0.418524,0.40838313
15.670074,0.2767437,0.40385765,0.41959834,0.40802827
15.680072,0.27681792,0.40331727,0.418688,0.40821514
15.690075,0.27673924,0.40405264,0.41887575,0.40844128
15.70009,0.27683997,0.4039958,0.41862792,0.40884405
15.710074,0.27786154,0.403778,0.41869977,0.40869215
15.720076,0.27669084,0.40357566,0.41811815,0.4079201
15.730073,0.2770922,0.4040644,0.41842544,0.40778124
15.740075,0.27709875,0.4040847,0.41778558,0.40848047
15.750074,0.27757183,0.4041706,0.41847515,0.40787655
15.760073,0.2770957,0.4035722,0.41801205,0.40715435
15.770075,0.27687454,0.40327945,0.41795975,0.4081522
15.780079,0.27660257,0.4037578,0.4174856,0.40798572
15.790074,0.2762831,0.40314406,0.4177308,0.4076833
15.800094,0.2767541,0.4034602,0.41775274,0.40719908
15.810075,0.27661055,0.4036232,0.41734,0.40785652
15.820076,0.2765447,0.40373915,0.41761494,0.40782428
15.830075,0.27689266,0.403575,0.4169722,0.40751877
15.8400755,0.27735496,0.40371016,0.41742423,0.407381
15.850072,0.2763408,0.40351337,0.41686705,0.4074727
15.860073,0.2767277,0.40379024,0.416982,0.40710258
15.870073,0.2766111,0.4032132,0.41585937,0.4069723
15.880075,0.2765336,0.4037901,0.41644463,0.4070292
15.890076,0.27666757,0.40286982,0.4162766,0.40691808
15.900078,0.27674702,0.40367326,0.41649613,0.40759063
15.910077,0.2765856,0.40329656,0.41664734,0.4070565
15.920073,0.27717918,0.4037205,0.4163328,0.40758982
15.930075,0.27688652,0.4034413,0.41582692,0.406951
15.940075,0.2765285,0.4038949,0.41580325,0.40717593
15.950073,0.2765059,0.4038249,0.4164107,0.40739772
15.960074,0.27648205,0.40371343,0.41602913,0.40711543
15.970072,0.27721223,0.40324995,0.41601595,0.40671656
15.980075,0.2768211,0.40396214,0.41598007,0.40668356
15.990074,0.27735525,0.40352318,0.41609725,0.40672195
16.000107,0.27693674,0.40320668,0.41570252,0.40604687
16.010077,0.27763668,0.40325177,0.4156441,0.4059558
16.020077,0.27635857,0.40422535,0.41600186,0.4066457
16.030073,0.2767073,0.40335017,0.415691,0.406842
16.040073,0.2769725,0.40314984,0.41559675,0.40712032
16.050076,0.27707335,0.4040696,0.41604888,0.4067614
16.060076,0.2768538,0.40368238,0.41527215,0.40624765
16.07009,0.27645382,0.4040273,0.41612574,0.40642706
16.080086,0.27623224,0.4034473,0.4152868,0.4069928
16.090075,0.27613294,0.40308526,0.41531584,0.4063723
16.100075,0.27669683,0.40328392,0.41514647,0.40648085
16.110075,0.27640146,0.4039571,0.41495463,0.4066943
16.120077,0.27697912,0.40319732,0.41510448,0.4061584
16.130075,0.27666083,0.4036127,0.4146408,0.40641868
16.140074,0.27711436,0.40382245,0.41516587,0.4063736
16.150076,0.27696547,0.4034927,0.4141264,0.4063846
16.16007,0.27724025,0.4040617,0.41522947,0.4061049
16.170074,0.2772673,0.40345833,0.414585,0.4058599
16.180075,0.27739888,0.40411532,0.41455582,0.4059291
16.190075,0.2755721,0.4035811,0.4146483,0.40676543
16.200075,0.276879,0.40391707,0.41428837,0.4059711
16.210073,0.2766505,0.40318257,0.4136163,0.4059108
16.220085,0.27637944,0.40330815,0.41477686,0.40653887
16.230078,0.27662474,0.4018813,0.4134565,0.4056214
16.240076,0.27695304,0.40320906,0.41437662,0.40575093
16.250072,0.27662307,0.40290096,0.41404483,0.40604174
16.260075,0.2769228,0.40359527,0.4134043,0.40658075
16.270075,0.2769655,0.40383834,0.41435087,0.40534806
16.280073,0.27557555,0.40354812,0.41446358,0.40557736
16.290073,0.27633065,0.4034373,0.41363764,0.4055438
16.300074,0.276408,0.40287483,0.41389737,0.40556294
16.310074,0.2763056,0.40378168,0.41402334,0.4051993
16.320076,0.27700925,0.40324327,0.4143442,0.40554652
16.330072,0.27675468,0.4038011,0.4137587,0.40590164
16.340076,0.27501208,0.4020313,0.4129737,0.40551105
16.350084,0.27737352,0.40330538,0.4135449,0.40652043
16.360077,0.27692175,0.403178,0.4132467,0.40595686
16.370073,0.27645922,0.40318814,0.4135411,0.4055238
16.380083,0.2763817,0.4030002,0.4132295,0.4060355
16.39008,0.2765651,0.40352842,0.41295353,0.40524495
16.400074,0.27748647,0.4032336,0.41275403,0.40528727
16.410107,0.27650464,0.4030581,0.41345954,0.405054
16.420082,0.27690762,0.4036541,0.41262186,0.40480214
16.430077,0.27659693,0.40377045,0.41170388,0.4052472
16.440075,0.2767049,0.40374178,0.41346955,0.40528125
16.450073,0.2763508,0.40387258,0.41247424,0.40496168
16.460075,0.2775423,0.4042345,0.4126994,0.40547243
16.470074,0.27716434,0.4037872,0.41198775,0.4045311
16.480074,0.27742633,0.40376285,0.41206363,0.40502125
16.490076,0.27682975,0.40355268,0.4118156,0.405297
16.500074,0.2770996,0.40399903,0.4121373,0.40499595
16.510073,0.27687255,0.40326834,0.41190377,0.4051836
16.520077,0.27647236,0.40378967,0.41144532,0.40486863
16.530077,0.27579162,0.40214944,0.4113206,0.4046079
16.540075,0.2754402,0.40329328,0.41078645,0.40512383
16.550076,0.27585736,0.4027554,0.41244408,0.40418965
16.560076,0.2759589,0.40267777,0.41084495,0.40469086
16.57009,0.27641398,0.402794,0.4111439,0.40433568
16.580088,0.27532265,0.40248904,0.41112927,0.40472972
16.590076,0.2752408,0.4031243,0.41134956,0.404563
16.600073,0.27561846,0.40248832,0.4112854,0.4045036
16.610075,0.27685475,0.40347296,0.41108277,0.40491515
16.620079,0.27714524,0.40311047,0.41095632,0.40452376
16.630077,0.27662846,0.4033714,0.4113803,0.40451604
16.640074,0.2765642,0.40392807,0.4101701,0.40485346
16.650076,0.27644283,0.40378764,0.4109484,0.4041918
16.660076,0.27659094,0.40372142,0.410656,0.4048445
16.670074,0.2766661,0.40351024,0.4107365,0.40526193
16.680075,0.27617145,0.40325382,0.4102607,0.40418044
16.690073,0.2760815,0.40340284,0.410733,0.40492454
16.700075,0.2766678,0.40356556,0.41036266,0.4045254
16.710075,0.2768983,0.40332568,0.41008705,0.4043598
16.720081,0.27720198,0.40436992,0.41078773,0.40471846
16.730082,0.2759689,0.40317765,0.4100616,0.4041847
16.740078,0.2766782,0.4015849,0.4107759,0.40413564
16.750074,0.27659324,0.40352234,0.40998936,0.4048742
16.760086,0.27673554,0.40404856,0.40997335,0.4049075
16.770077,0.2770136,0.40389988,0.40966845,0.404154
16.780073,0.27637482,0.40370733,0.4097484,0.40470222
16.790073,0.2762902,0.40334198,0.40985814,0.40492705
16.800074,0.27718568,0.40394542,0.41018507,0.4053057
16.810072,0.2775854,0.40335315,0.4087244,0.40443823
16.820078,0.27676785,0.4041354,0.40910062,0.40426654
16.830074,0.2770136,0.4036523,0.40970093,0.40399167
16.840075,0.27687514,0.40373963,0.40914142,0.40400577
16.850075,0.27722177,0.4035902,0.40921664,0.4040415
16.860075,0.27698368,0.40401363,0.4087976,0.40399453
16.870075,0.27771127,0.40406877,0.4086156,0.40371764
16.880072,0.2772931,0.4034031,0.4089452,0.40423492
16.890074,0.2777766,0.40363765,0.4090739,0.4046249
16.900076,0.27679858,0.40361854,0.40902007,0.40357333
16.910074,0.2773724,0.4036653,0.40824738,0.40402126
16.920076,0.27717152,0.40341246,0.4083284,0.40399373
16.93007,0.27738377,0.40317887,0.40836957,0.4043401
16.940075,0.27674127,0.40406874,0.40811506,0.40446225
16.950073,0.27741212,0.40425345,0.40889987,0.40435833
16.960073,0.27715153,0.40388143,0.40813085,0.40412763
16.970076,0.2768814,0.40375516,0.4075052,0.4046228
16.980074,0.27668893,0.4033726,0.40756744,0.40373537
16.990074,0.27688318,0.4039835,0.40765142,0.4037022
17.000084,0.2763137,0.40402618,0.40782225,0.40380785
17.010078,0.27663642,0.4031841,0.40766534,0.4036591
17.02008,0.27738786,0.40173465,0.4080272,0.4036075
17.030075,0.2763851,0.40328565,0.4076322,0.40459442
17.040075,0.27724677,0.40381274,0.40733126,0.40407243
17.050072,0.27691868,0.40370932,0.40748662,0.40409848
17.060074,0.27659705,0.40349254,0.4075303,0.40427527
17.070087,0.2765792,0.4032699,0.40698293,0.4033884
17.080082,0.2772048,0.4036961,0.4071551,0.40418187
17.090076,0.27728662,0.4029056,0.40689078,0.40412092
17.100075,0.27685452,0.40450084,0.40721598,0.40430024
17.110075,0.27603343,0.40370584,0.4070072,0.40390357
17.120079,0.27591053,0.40281478,0.40665495,0.40368536
17.130077,0.27691945,0.40316087,0.40679213,0.40307465
17.140076,0.27678943,0.4033042,0.40714493,0.4034041
17.150074,0.2772363,0.40353623,0.40688232,0.40329096
17.160076,0.2762186,0.40312475,0.4064588,0.40314862
17.170073,0.27727884,0.4037536,0.40656334,0.4035421
17.180075,0.27678064,0.40356186,0.40624738,0.40311462
17.190075,0.27736056,0.40355316,0.4060429,0.40416417
17.200075,0.2769616,0.4036688,0.40646145,0.40405545
17.210073,0.27776435,0.40402663,0.4067935,0.40361556
17.22008,0.27745563,0.40365577,0.40599042,0.40345994
17.230078,0.27754238,0.40408525,0.40610355,0.4030929
17.240074,0.27761805,0.40398133,0.4063468,0.40358368
17.250092,0.27745953,0.40457758,0.40618846,0.4034955
17.260077,0.27719182,0.40355393,0.40566826,0.40299097
17.270075,0.27683094,0.4037664,0.40601134,0.40328804
17.280075,0.2769988,0.4031422,0.40587476,0.4036132
17.290073,0.276656,0.40339193,0.40605056,0.40306985
17.300076,0.27644825,0.40339532,0.40583992,0.40345964
17.310076,0.27753884,0.40330303,0.40597418,0.40388176
17.320076,0.2772305,0.40339884,0.40574336,0.40286994
17.330074,0.27713728,0.40360773,0.40582994,0.40359706
17.340076,0.27597666,0.40339002,0.40490994,0.40318558
17.350086,0.2764659,0.40284833,0.4054295,0.4033939
17.360077,0.27775484,0.40378737,0.40590262,0.40315166
17.370073,0.2771568,0.40366462,0.40560374,0.4026797
17.380075,0.27665666,0.40436924,0.40566003,0.4028845
17.390072,0.2762688,0.40365756,0.40541404,0.4024289
17.400208,0.27822536,0.40498373,0.4056446,0.4027455
17.410072,0.27644715,0.4026715,0.40525058,0.40329263
17.420095,0.27680692,0.4041805,0.40550274,0.4038507
17.430077,0.27701557,0.40317562,0.40515828,0.40257803
17.440075,0.2770251,0.40306416,0.4045664,0.4032858
17.450073,0.27709112,0.4041581,0.40537447,0.40258148
17.460073,0.27688503,0.40371037,0.40552142,0.40315595
17.470074,0.27708,0.4039959,0.40526712,0.40282264
17.480076,0.27661526,0.4036552,0.40486804,0.40311128
17.490074,0.2774623,0.40407082,0.40484658,0.40271506
17.500074,0.27770293,0.40313786,0.4048336,0.40248
17.510073,0.2766744,0.4035349,0.40508738,0.40289888
17.52009,0.27686587,0.403888,0.40481666,0.40363154
17.530075,0.27697203,0.4039491,0.40487993,0.40283096
17.540073,0.27672982,0.40330228,0.40444618,0.4035358
17.550074,0.2768854,0.40440142,0.40461555,0.40305942
17.560074,0.27681467,0.40262875,0.40450478,0.4029068
17.570086,0.27714553,0.40279725,0.40464956,0.4030039
17.580082,0.2763742,0.4038021,0.4043597,0.40322188
17.590076,0.27718586,0.40395346,0.40474084,0.40280837
17.600073,0.27764654,0.40409145,0.40450177,0.4031572
17.610075,0.27664632,0.4030574,0.40486693,0.40270126
17.620096,0.2772561,0.40418723,0.40384,0.4031462
17.630074,0.27720168,0.4042384,0.4043319,0.4024499
17.640076,0.27785525,0.4045063,0.40472007,0.40273848
17.650076,0.27766085,0.40425187,0.40448555,0.40251613
17.660074,0.27789262,0.40476802,0.40509945,0.402533
17.670074,0.27691388,0.4038932,0.40394348,0.4024452
17.680075,0.27716875,0.40374616,0.40471083,0.4026818
17.690075,0.27713436,0.40431228,0.40477112,0.40228054
17.700071,0.27775222,0.40450364,0.40483242,0.4031411
17.710073,0.27710968,0.40356392,0.4043718,0.40222108
17.72009,0.27691507,0.40410239,0.40372992,0.4026397
17.730074,0.27756163,0.4039004,0.40386227,0.40234914
17.740074,0.27757016,0.40411907,0.40375468,0.40212724
17.750072,0.27791423,0.40357864,0.40330988,0.40248173
17.760075,0.27672523,0.40411624,0.4034132,0.40221184
17.770073,0.27749974,0.40399063,0.40449432,0.402376
17.780073,0.2770595,0.40303466,0.40415582,0.4022917
17.790073,0.27771357,0.4038716,0.40389135,0.40193388
17.800072,0.27745044,0.40420365,0.40391403,0.40233058
17.810074,0.27735493,0.4045576,0.4037264,0.40243796
17.820072,0.27752227,0.4037827,0.40398526,0.40249804
17.830072,0.27676803,0.40472013,0.40394676,0.4025778
17.840075,0.27696782,0.40382162,0.40311673,0.40218621
17.850075,0.27723792,0.4039006,0.40440738,0.402592
17.860075,0.27681902,0.40447563,0.40367147,0.4020244
17.870071,0.276863,0.4037738,0.40342763,0.40206382
17.880074,0.27638504,0.4032206,0.40383124,0.40207317
17.890074,0.27755186,0.40358928,0.40305468,0.40212408
17.900074,0.27726123,0.40361878,0.40355167,0.40284848
17.910076,0.2771487,0.40381017,0.40336433,0.4023055
17.920074,0.27745682,0.4037825,0.40327737,0.4022583
17.930073,0.27605549,0.403233,0.4026256,0.4023095
17.940071,0.27678433,0.4038623,0.4033646,0.40204164
17.950073,0.27716154,0.40341327,0.40315187,0.4025053
17.960075,0.27743244,0.40354443,0.40379915,0.40238544
17.970074,0.27720138,0.40365916,0.40329483,0.40158433
17.980074,0.27729747,0.4039547,0.4028595,0.4019983
17.990072,0.27657026,0.4035755,0.40323693,0.40234458
18.000084,0.2777599,0.40396482,0.40331167,0.4016816
18.010078,0.27757898,0.40347576,0.40266815,0.40259176
18.020079,0.27685595,0.40359867,0.40290302,0.4021093
18.030073,0.2777309,0.40384576,0.40288624,0.40181586
18.040075,0.27744305,0.4041745,0.40239334,0.40195107
18.050076,0.2778262,0.40321302,0.40304607,0.40117413
18.060074,0.2770635,0.40345654,0.40299752,0.40222713
18.07009,0.27626845,0.4039607,0.40258288,0.40174764
18.080084,0.27715254,0.40387625,0.40318444,0.40200642
18.090076,0.2771072,0.4040248,0.4029516,0.4021316
18.100073,0.2775572,0.4033811,0.40278956,0.4019707
18.110075,0.27734396,0.40354377,0.4025282,0.4019535
18.120075,0.27703014,0.40335792,0.4023408,0.4016347
18.130075,0.27763453,0.40392035,0.40280503,0.402651
18.140076,0.27668747,0.4037188,0.40285125,0.4011905
18.150074,0.27738225,0.4037375,0.40243286,0.40143904
18.160072,0.27775818,0.40403858,0.40179133,0.40149546
18.170074,0.27733648,0.40358266,0.40239954,0.40071258
18.18007,0.276701,0.40365577,0.4024076,0.40097582
18.190075,0.27674237,0.40352064,0.4020202,0.4007122
18.200073,0.27743572,0.4034474,0.40308774,0.4010978
18.210072,0.27750975,0.40366715,0.40218163,0.4009382
18.220083,0.2775456,0.4033191,0.4019111,0.40109897
18.230103,0.27716172,0.40311602,0.40173528,0.40050548
18.240078,0.27752608,0.4032804,0.4015194,0.40054956
18.250072,0.2769892,0.4036525,0.40226126,0.40094188
18.260075,0.27720997,0.40435648,0.4021365,0.4008648
18.270075,0.27712685,0.4033776,0.4018011,0.40237287
18.280073,0.2772128,0.4035637,0.40276963,0.40064412
18.290073,0.27716625,0.4036532,0.4019571,0.40072998
18.300074,0.2777019,0.40456703,0.40231484,0.4009237
18.310074,0.27737728,0.4034142,0.40197718,0.40078482
18.320076,0.27695802,0.40292537,0.4016079,0.40074795
18.330072,0.27690563,0.4038829,0.40168235,0.40005842
18.340075,0.27613568,0.4023691,0.40136287,0.40015393
18.350084,0.27638444,0.40374723,0.40179637,0.40056422
18.360077,0.2763248,0.4033282,0.40115568,0.40000823
18.370075,0.2775274,0.40401778,0.40157533,0.40054426
18.380075,0.27553087,0.40298107,0.40122065,0.40037072
18.390078,0.27666417,0.4031664,0.40190583,0.4005999
18.400307,0.27527598,0.40380964,0.4004588,0.4002583
18.410109,0.27723652,0.40396938,0.40168998,0.40061033
18.42008,0.27752736,0.40271875,0.40119198,0.39941454
18.430075,0.27729583,0.4044043,0.40153822,0.39995912
18.440077,0.27709022,0.4037761,0.40099648,0.39978853
18.450073,0.27751374,0.40437552,0.4014847,0.3999679
18.460075,0.27765217,0.40369678,0.40095368,0.39992315
18.470074,0.27755833,0.403429,0.40120584,0.40033722
18.480076,0.27713645,0.4036828,0.40053308,0.39987668
18.490072,0.2767671,0.40392053,0.4006194,0.3993693
18.500074,0.27751642,0.40413162,0.40125367,0.39962214
18.510075,0.27692956,0.4039179,0.4005889,0.39962363
18.520075,0.27746454,0.4045119,0.4003529,0.39916328
18.530073,0.27755687,0.40320197,0.40031224,0.39903235
18.54009,0.27793497,0.40468797,0.4014076,0.39956394
18.550076,0.27716535,0.40359104,0.40063068,0.39939493
18.560074,0.27704078,0.40422234,0.40062407,0.40009713
18.570087,0.2763185,0.40400505,0.4005148,0.39940718
18.580084,0.2776203,0.40400955,0.40082324,0.39957523
18.590076,0.2765961,0.40342388,0.40085992,0.39942017
18.600077,0.27735806,0.4041809,0.4001493,0.4002482
18.610077,0.27707657,0.4031515,0.40044564,0.3997657
18.620075,0.2768559,0.4043136,0.39977995,0.3993298
18.630072,0.2778693,0.4035714,0.3998,0.39935046
18.640072,0.27719292,0.40350282,0.39958465,0.3987365
18.650074,0.27678573,0.40328002,0.39968503,0.39910087
18.660074,0.27703926,0.4039662,0.40027398,0.39852506
18.670074,0.2767313,0.40359414,0.4000594,0.39884397
18.680075,0.27688733,0.40346715,0.40004876,0.39858988
18.690073,0.27778706,0.40387332,0.40001184,0.39913198
18.700075,0.27730563,0.40397826,0.40006924,0.39843515
18.710073,0.27765375,0.40361702,0.40031406,0.3985206
18.720074,0.27706328,0.4029176,0.39858317,0.3982149
18.730076,0.27731004,0.40472174,0.40042484,0.3984031
18.740074,0.27691358,0.40244788,0.39912072,0.40043047
18.750074,0.2783302,0.40421262,0.39938265,0.3995685
18.760073,0.27803603,0.40307736,0.39925447,0.39889628
18.770075,0.2767442,0.40355298,0.39939296,0.3985358
18.780075,0.27674642,0.4036532,0.39976305,0.39793622
18.790073,0.27743894,0.40343127,0.39875668,0.3979971
18.800074,0.27749467,0.40390134,0.3993814,0.3984235
18.810074,0.277886,0.40355402,0.39932823,0.39871845
18.820076,0.27727947,0.4031681,0.39901474,0.39809683
18.830074,0.27696323,0.40380287,0.39912766,0.39785826
18.840075,0.27697626,0.40437466,0.39953724,0.39882746
18.850073,0.27657026,0.40346786,0.39976203,0.39815024
18.860075,0.27767843,0.40414283,0.39957887,0.39894244
18.870075,0.27702984,0.40402225,0.39800575,0.39787754
18.880072,0.2775944,0.40455115,0.39903572,0.39909187
18.890074,0.27768722,0.4041751,0.39861625,0.3981424
18.900076,0.27723894,0.4044702,0.39920282,0.39894915
18.910074,0.27763012,0.40362597,0.39918202,0.3979002
18.920074,0.27757245,0.40394,0.39916712,0.39790878
18.930073,0.27712065,0.40418652,0.39828157,0.3982933
18.940075,0.2772665,0.40399167,0.3988216,0.39822987
18.950075,0.27757466,0.4037855,0.39877412,0.39718974
18.960075,0.27733186,0.40395546,0.3982397,0.39784265
18.970074,0.27776656,0.40343228,0.39905706,0.39754754
18.980074,0.27753937,0.40370712,0.39860487,0.39757997
18.990074,0.27765164,0.4039306,0.39885268,0.3975821
19.00008,0.27681744,0.40425262,0.39803705,0.39734098
19.010075,0.2772541,0.40407634,0.3985824,0.39754593
19.020077,0.27673888,0.4041665,0.3987663,0.3972371
19.030073,0.2776347,0.4038366,0.3987042,0.3979763
19.040075,0.2773871,0.40397117,0.39856738,0.39718658
19.050074,0.2768956,0.40370062,0.3983729,0.3972791
19.060074,0.2771887,0.40352333,0.39847177,0.3970197
19.070082,0.2754822,0.40175825,0.3989692,0.396368
19.080084,0.27720657,0.40305614,0.3983252,0.39729065
19.090076,0.27726832,0.40318874,0.39804742,0.39764255
19.100073,0.2771189,0.40406498,0.39876178,0.39751214
19.110075,0.27683017,0.40460297,0.39744192,0.39724153
19.120073,0.2777256,0.4035032,0.39892593,0.39715245
19.130075,0.27714592,0.40277958,0.39731264,0.3972706
19.14007,0.27726758,0.40255868,0.39690647,0.39624846
19.150093,0.27704138,0.40377444,0.39814892,0.39725998
19.160076,0.2776292,0.4024778,0.39695966,0.39513478
19.170073,0.27718952,0.4026545,0.3964914,0.39744908
19.180073,0.27689698,0.40485886,0.39634806,0.3953134
19.190075,0.27699915,0.40347254,0.39708927,0.3955541
19.200075,0.27761132,0.4038771,0.39765698,0.3968777
19.210075,0.2775755,0.40317705,0.39834437,0.3961382
19.22008,0.2767178,0.40335175,0.39761043,0.39649022
19.230076,0.27850807,0.40396127,0.39785782,0.39651403
19.240072,0.27736777,0.40415016,0.39802486,0.3963129
19.250072,0.2773959,0.40378198,0.3981084,0.39611828
19.260075,0.2771733,0.40355444,0.3976637,0.39638552
19.270075,0.27754152,0.40425217,0.3975715,0.39605644
19.280075,0.2770109,0.40410244,0.39826307,0.39667612
19.290073,0.27780837,0.40392864,0.39735976,0.39641717
19.300076,0.27715823,0.40291137,0.3973474,0.3963284
19.310074,0.27593288,0.40281296,0.3977361,0.3959091
19.320076,0.27597994,0.40314007,0.39775127,0.39523974
19.330074,0.27687675,0.40259045,0.39752793,0.39558828
19.340076,0.27516723,0.4019672,0.3970405,0.3950392
19.350086,0.27608106,0.4024466,0.3979183,0.3959992
19.360077,0.27568108,0.4028302,0.3968352,0.3956872
19.370077,0.27654916,0.4026637,0.39687014,0.3959289
19.380075,0.27708262,0.40329438,0.39793536,0.39532268
19.390081,0.27675617,0.4041487,0.3975218,0.39570767
19.400078,0.2768619,0.40226382,0.39628467,0.39544362
19.410074,0.2770782,0.40553868,0.3985634,0.39522263
19.420076,0.27768487,0.40242666,0.39943996,0.39340088
19.430075,0.27700913,0.4034706,0.39909172,0.3953012
19.440075,0.27730227,0.40280807,0.39572135,0.39347124
19.450073,0.2770656,0.40360814,0.3983002,0.39408824
19.460075,0.27634504,0.40527228,0.39650145,0.39409158
19.470074,0.27608392,0.40369993,0.3973602,0.39437735
19.480072,0.27864927,0.40403715,0.39729756,0.39501455
19.490074,0.27764896,0.40367103,0.39738578,0.39494485
19.500074,0.27760586,0.40367067,0.39739996,0.39397323
19.510075,0.27683038,0.40371147,0.3971499,0.39381018
19.520077,0.2774934,0.40338194,0.39765698,0.39413714
19.530073,0.27701584,0.4042759,0.39589107,0.39371297
19.540075,0.277064,0.4036212,0.39658558,0.39401066
19.550074,0.27728415,0.40376213,0.39714426,0.3939227
19.560074,0.27717218,0.40329146,0.39677683,0.3937288
19.570076,0.27637538,0.40223733,0.39587647,0.39348972
19.580084,0.27677432,0.40383723,0.3964967,0.39364913
19.590076,0.2773468,0.404491,0.39700177,0.39382678
19.600075,0.27739224,0.40423858,0.39605302,0.39378855
19.610073,0.276632,0.40358496,0.39644963,0.3942783
19.620077,0.27776057,0.4040809,0.39657062,0.39312026
19.630075,0.27754155,0.40384418,0.39693832,0.39354387
19.640074,0.27785596,0.4047919,0.39566308,0.3936594
19.65007,0.27780712,0.4044953,0.39648908,0.3936181
19.660074,0.27734903,0.40337098,0.3961665,0.39282814
19.670074,0.277076,0.4041761,0.3969797,0.3934931
19.680073,0.27735922,0.40406913,0.39620727,0.39368567
19.690075,0.27805445,0.40415055,0.3965724,0.3928368
19.700073,0.27738288,0.40361243,0.39638183,0.39307386
19.710075,0.2769021,0.40386286,0.39592683,0.3931253
19.720072,0.27691743,0.40396762,0.39629638,0.39248687
19.730074,0.27726284,0.4047027,0.39626098,0.39248464
19.740074,0.27736914,0.40412286,0.39586633,0.39301178
19.750072,0.27760622,0.40354723,0.39601514,0.39279443
19.76009,0.27752686,0.40365234,0.39610606,0.39276162
19.770073,0.27791196,0.4032125,0.39605668,0.3927388
19.780075,0.27795154,0.40493277,0.3961649,0.39279252
19.790073,0.27660537,0.40450168,0.39570117,0.39236438
19.800074,0.2773477,0.404215,0.39579362,0.39271614
19.810074,0.27720848,0.403712,0.39609185,0.39266106
19.820074,0.2775101,0.40354526,0.3963798,0.39214537
19.830074,0.27738833,0.40466294,0.39532164,0.39192513
19.840073,0.2770365,0.40391073,0.39606857,0.39191157
19.850075,0.2768562,0.40390778,0.39587936,0.39245683
19.860092,0.27728215,0.40398258,0.39590093,0.39195248
19.870073,0.2780998,0.40325576,0.39545012,0.39225844
19.880075,0.277303,0.4044996,0.39521575,0.39181218
19.890072,0.27700308,0.40382025,0.39550164,0.39206657
19.900074,0.2769412,0.40416113,0.3956317,0.392183
19.910074,0.27754605,0.40392008,0.39456984,0.39257693
19.920074,0.27682164,0.40350324,0.3953992,0.39144468
19.930075,0.27826756,0.4045073,0.39514142,0.39181483
19.940075,0.2771529,0.4036832,0.3946233,0.39146024
19.950073,0.2774655,0.40414092,0.39586863,0.39243138
19.960072,0.27692035,0.4037837,0.39431915,0.39185208
19.970074,0.2769416,0.40416023,0.39427274,0.3918252
19.980074,0.2767616,0.40449536,0.39519992,0.39189857
19.990074,0.27734882,0.40294862,0.39500776,0.39147392
20.000084,0.276959,0.40366712,0.3946853,0.39137787
20.010075,0.27724123,0.40376562,0.39432257,0.3909996
20.020079,0.27798197,0.40351585,0.39381137,0.39056998
20.030073,0.27761889,0.4044915,0.3946761,0.3908802
20.040075,0.27766213,0.4040342,0.39456278,0.3911721
20.050076,0.27769247,0.4039972,0.39448985,0.39133158
20.060074,0.2774883,0.4039188,0.39435762,0.39040142
20.070074,0.27622598,0.4028269,0.39439747,0.39079332
20.080084,0.275949,0.4042926,0.39468732,0.391408
20.090076,0.27731493,0.40369484,0.39411524,0.39059803
20.100075,0.27790442,0.40368468,0.39451241,0.3910648
20.110075,0.276923,0.4032945,0.39423198,0.3905664
20.120077,0.27756456,0.4036539,0.39449573,0.39101365
20.130074,0.2774167,0.4043553,0.39393336,0.39082205
20.140076,0.27692202,0.40423933,0.39395028,0.39058232
20.150074,0.27721897,0.4031958,0.39346468,0.39044157
20.160074,0.27743515,0.40414935,0.39352182,0.3905668
20.170074,0.27747712,0.4032121,0.39391845,0.38947114
20.180073,0.27756473,0.4025651,0.3932808,0.39027664
20.190075,0.2777508,0.4054209,0.39362916,0.39128545
20.200073,0.27775693,0.40504983,0.39546457,0.39155146
20.210073,0.27734172,0.40229142,0.3911398,0.39058602
20.220078,0.2766751,0.4038837,0.39372557,0.3902574
20.230076,0.2780419,0.4046935,0.39373913,0.38980085
20.240076,0.27766976,0.40374058,0.39365438,0.39016575
20.250072,0.27782664,0.40396023,0.39363283,0.39048585
20.260075,0.27746555,0.40329713,0.39372054,0.39010578
20.270075,0.27704084,0.40371987,0.39309502,0.39044318
20.280073,0.27808604,0.40393162,0.39354852,0.38931918
20.290073,0.27648956,0.4034648,0.39303598,0.38943064
20.300074,0.27792335,0.40364608,0.39328855,0.3891873
20.310072,0.2774364,0.40379703,0.3926974,0.38962534
20.320072,0.277647,0.40488198,0.39293024,0.3895378
20.330074,0.2776887,0.40357113,0.39213616,0.38992453
20.340078,0.27584073,0.40273175,0.39269912,0.38976642
20.350084,0.27683684,0.40293333,0.39298278,0.3896365
20.360075,0.2773295,0.4038783,0.3932746,0.38992962
20.370075,0.27744445,0.40429527,0.39289346,0.38946798
20.380074,0.27688774,0.40293556,0.39279038,0.3898185
20.390078,0.276285,0.40333018,0.39208403,0.38953802
20.400076,0.27675956,0.40325382,0.39269397,0.3895636
20.410074,0.2772728,0.40301344,0.39202094,0.38948688
20.420073,0.2773013,0.40356386,0.39187816,0.3896474
20.430077,0.27816898,0.40418842,0.39233825,0.38933185
20.440073,0.27786076,0.40333992,0.39202186,0.38897625
20.450073,0.27727932,0.40427506,0.39244637,0.3890927
20.460075,0.27757707,0.40438396,0.39232358,0.38879773
20.470095,0.27775165,0.40360188,0.39228293,0.38878345
20.480076,0.27824432,0.40471256,0.3918824,0.38860616
20.490072,0.27784932,0.40410933,0.39261565,0.38915235
20.500074,0.27744427,0.40347758,0.3925496,0.38892365
20.510075,0.27790326,0.40439996,0.3920131,0.38946587
20.520075,0.2773951,0.40309957,0.39210284,0.38929096
20.530075,0.2785222,0.40418825,0.39186975,0.38867727
20.540075,0.27785373,0.40356427,0.39191994,0.38865688
20.550076,0.2780714,0.40476024,0.39181575,0.38843918
20.560072,0.277333,0.40386468,0.3915673,0.38872346
20.570091,0.2772526,0.40207425,0.39163572,0.38880816
20.580086,0.27751088,0.40378323,0.3917536,0.38934228
20.590076,0.27713427,0.4042249,0.39155737,0.38840467
20.600077,0.27717337,0.4037734,0.3921716,0.38882917
20.61007,0.27742335,0.40401068,0.3912676,0.38802478
20.620077,0.2778989,0.40421543,0.39162403,0.38813597
20.630072,0.2773071,0.40366083,0.39174807,0.38860554
20.640076,0.27779597,0.40406895,0.3915771,0.38854662
20.650076,0.27722606,0.40339732,0.39140922,0.38811186
20.660074,0.2774027,0.4036409,0.3920204,0.38848367
20.670094,0.27721295,0.40335914,0.39220983,0.3879732
20.680073,0.27828225,0.40460953,0.39210644,0.3888559
20.690075,0.27774286,0.4037581,0.39165753,0.38867557
20.700075,0.27794743,0.4046958,0.39209875,0.38877663
20.710075,0.27755874,0.40380386,0.39161983,0.38819435
20.720076,0.27766678,0.40402168,0.39109123,0.3882626
20.730072,0.27757308,0.40413386,0.39138305,0.38782373
20.740074,0.2776717,0.40390903,0.39140952,0.38790983
20.750074,0.278303,0.40415108,0.39135358,0.38813236
20.760075,0.27751788,0.40315714,0.39136156,0.38782656
20.77009,0.2773697,0.40346685,0.39150384,0.3878377
20.780075,0.27789822,0.40338907,0.39149147,0.38827035
20.790073,0.2778294,0.40289167,0.39156312,0.3877854
20.800074,0.27717584,0.40389785,0.39180583,0.38710898
20.810076,0.2779265,0.40479225,0.39116007,0.38774243
20.820074,0.27734518,0.4030268,0.3917769,0.38794693
20.830074,0.27888635,0.40422896,0.39226708,0.3885051
20.840075,0.27728596,0.40256202,0.39126107,0.38781163
20.850073,0.27812,0.40538964,0.3897306,0.38681656
20.860075,0.27802637,0.40537435,0.39242905,0.38600078
20.870089,0.27744582,0.40309134,0.39064404,0.3891623
20.880075,0.2782484,0.40563163,0.39238107,0.38966927
20.890074,0.277503,0.40315306,0.39020494,0.38793415
20.900074,0.27794352,0.40334725,0.3906421,0.38804007
20.910076,0.27804235,0.40399647,0.3917559,0.3880539
20.920073,0.2768749,0.40354294,0.39033762,0.3883963
20.930075,0.2771077,0.4043901,0.3905075,0.38772568
20.940075,0.2782417,0.40370956,0.39084145,0.38757867
20.950075,0.27571702,0.40344065,0.39097378,0.3880765
20.960075,0.27793038,0.4040934,0.3912163,0.38754025
20.970078,0.2774903,0.404199,0.390907,0.3873893
20.98008,0.27795237,0.40432867,0.39108098,0.38736808
20.990076,0.27704787,0.40337846,0.39045483,0.38731408
21.000082,0.2785101,0.40375397,0.39106944,0.38772148
21.010077,0.27753022,0.4028079,0.3901858,0.38683817
21.020077,0.27838063,0.40361512,0.39128807,0.38733476
21.030079,0.27735636,0.4028146,0.39023045,0.38665655
21.040071,0.27698192,0.4035023,0.39116028,0.38693985
21.050074,0.27697363,0.40404463,0.39080587,0.38691568
21.060076,0.27737415,0.4034268,0.39047483,0.38687092
21.070095,0.27801326,0.4029475,0.39029872,0.38715264
21.080088,0.27718723,0.40365258,0.39138138,0.38695848
21.090075,0.27773923,0.40370482,0.39024022,0.38754323
21.100075,0.2774153,0.40401152,0.39022073,0.38695022
21.110075,0.27786207,0.4042244,0.39044625,0.38694903
21.120077,0.27737993,0.4034908,0.38998547,0.38697523
21.130074,0.278023,0.40426978,0.39025322,0.38717178
21.140076,0.2771953,0.40403214,0.39046726,0.38661265
21.150076,0.27761218,0.40416694,0.3901585,0.38762075
21.160074,0.27761853,0.40395206,0.39076746,0.38646877
21.170095,0.27778307,0.40355948,0.39022955,0.38655704
21.180075,0.27732268,0.4029761,0.39015657,0.3867334
21.190073,0.27726442,0.40358105,0.38985908,0.38642386
21.200075,0.2767779,0.40337023,0.38967824,0.38660258
21.210073,0.27749082,0.40292546,0.38985556,0.38616723
21.220083,0.27769306,0.40355912,0.3896014,0.3866192
21.230076,0.2781902,0.40244725,0.39002907,0.38654646
21.240076,0.27780578,0.40414077,0.38968107,0.3861809
21.250074,0.2777006,0.40403622,0.3894847,0.38637102
21.260075,0.27862027,0.40387928,0.3892776,0.38688502
21.270094,0.27700615,0.40381485,0.38944283,0.3861886
21.28007,0.27821183,0.40495527,0.38984492,0.38679266
21.290077,0.2767553,0.40282357,0.38844833,0.38751855
21.300076,0.2783905,0.40423074,0.38952953,0.38602754
21.310074,0.2771743,0.40411898,0.38931698,0.38648164
21.320076,0.27729642,0.4047397,0.38948599,0.38618484
21.330072,0.27750143,0.4042194,0.38907555,0.38618827
21.340076,0.27608788,0.4020854,0.38862583,0.3863154
21.350084,0.2777098,0.40289924,0.38907003,0.38678902
21.360077,0.27735984,0.40366903,0.38948375,0.38643077
21.370102,0.27779767,0.40312016,0.3896045,0.38667867
21.380075,0.27761015,0.40385178,0.38931337,0.38643724
21.390076,0.27766863,0.4043353,0.38953555,0.38601983
21.400074,0.27772695,0.40395033,0.38879567,0.38616237
21.410076,0.27780458,0.40401238,0.389243,0.38659814
21.420074,0.27769727,0.4039645,0.38852063,0.3864968
21.430073,0.27753857,0.4038226,0.389374,0.38640377
21.440075,0.2770428,0.40344012,0.38912603,0.38627255
21.450073,0.27771407,0.404493,0.38876674,0.3859048
21.460075,0.27749574,0.40356812,0.38924325,0.38623902
21.47009,0.2770832,0.4031543,0.3895775,0.38597852
21.480078,0.2771382,0.40386802,0.38933706,0.38592792
21.490074,0.27794588,0.40370625,0.38933533,0.3859974
21.500074,0.27738136,0.40418547,0.39006114,0.38613597
21.510073,0.27707434,0.40394136,0.38940918,0.38568583
21.520073,0.27726993,0.4031951,0.38865447,0.38559428
21.530075,0.2778151,0.40363577,0.38919854,0.3853448
21.540075,0.27756768,0.40376228,0.3897282,0.3853119
21.550074,0.2768026,0.40399238,0.38867548,0.38595903
21.560074,0.27756566,0.40413228,0.38923523,0.38631317
21.570086,0.27773458,0.4036896,0.38875335,0.38536948
21.580088,0.27765977,0.40400264,0.388882,0.38615832
21.590076,0.27713278,0.4030682,0.3890974,0.3863826
21.600077,0.27733514,0.4036413,0.3892394,0.38597944
21.610075,0.27758625,0.40336317,0.3889478,0.38531935
21.620075,0.27735,0.40412262,0.3886566,0.38587752
21.630074,0.27765977,0.40418252,0.3886667,0.38556853
21.640076,0.2782761,0.40329316,0.38842776,0.38528943
21.650076,0.27780187,0.40345934,0.38846287,0.3849841
21.660076,0.27832025,0.40398642,0.3884035,0.38454303
21.670092,0.27801642,0.40386257,0.3888098,0.38583538
21.680075,0.2780453,0.40424132,0.38898608,0.3863012
21.690075,0.2778341,0.40413323,0.3887581,0.38577867
21.700073,0.27778012,0.40387392,0.38882846,0.3858346
21.710075,0.27821496,0.40417972,0.38927656,0.38601795
21.720074,0.2784216,0.40426022,0.38864794,0.38526347
21.730074,0.2776617,0.4035743,0.38853076,0.38589597
21.740074,0.27786225,0.40366903,0.3891678,0.3846551
21.750074,0.2782489,0.40460968,0.38890842,0.38559696
21.760075,0.27737856,0.40349466,0.3891523,0.38560233
21.770088,0.27712232,0.4038135,0.3888488,0.38515517
21.780073,0.27814427,0.40374818,0.38857472,0.38546628
21.790073,0.27779868,0.40348157,0.3885739,0.38501254
21.800074,0.27822205,0.40362406,0.3886322,0.38536468
21.810074,0.2775595,0.40324423,0.38857338,0.38545394
21.820076,0.27711004,0.40408295,0.38825923,0.38526574
21.830074,0.27742517,0.4035426,0.38838643,0.38492543
21.840075,0.2771227,0.40382254,0.38896286,0.38544297
21.850075,0.27755475,0.40351447,0.3881017,0.38538316
21.860075,0.2777127,0.40424225,0.38865054,0.38489068
21.87008,0.27732626,0.40367183,0.38908657,0.38497755
21.880075,0.27797037,0.40434435,0.38878644,0.38497517
21.890072,0.277283,0.404556,0.3888962,0.38502443
21.900074,0.27732235,0.4031065,0.388456,0.38516253
21.910074,0.27756056,0.40351,0.3882825,0.38533235
21.920074,0.27751368,0.40369627,0.3887382,0.38537154
21.930075,0.27800748,0.40311223,0.3886273,0.38444978
21.940075,0.27726248,0.40350524,0.38842076,0.38446182
21.950075,0.2773759,0.40402263,0.3885773,0.38494682
21.960073,0.2771459,0.40444672,0.38960654,0.38488838
21.97008,0.27767393,0.403596,0.387789,0.3849449
21.98008,0.27706537,0.40358207,0.38891038,0.3849322
21.990076,0.2777946,0.40396887,0.38867977,0.3844962
22.000086,0.27721012,0.40377992,0.38837168,0.3842869
22.010075,0.27736518,0.40404582,0.38862702,0.38461694
22.02008,0.2770662,0.4033341,0.38868976,0.38434446
22.030075,0.27803534,0.4038323,0.3879493,0.38512254
22.040077,0.2780219,0.40336177,0.38804048,0.3846846
22.050072,0.27876994,0.4039848,0.38886845,0.38445306
22.060087,0.2768269,0.4018989,0.3896949,0.38355452
22.0701,0.27629113,0.4018598,0.3872365,0.38408285
22.080088,0.27628255,0.40278828,0.3864628,0.38341102
22.090075,0.2758991,0.40330622,0.3871686,0.3849161
22.100077,0.27617157,0.402989,0.38763142,0.38433006
22.110079,0.2769801,0.4026967,0.38799986,0.38440052
22.12008,0.2759448,0.4034372,0.3885588,0.38463312
22.130075,0.27667496,0.40304694,0.38824362,0.38391757
22.140074,0.27709514,0.40317655,0.38788936,0.38473365
22.150078,0.2778738,0.40384158,0.38861597,0.38413832
22.160078,0.2775925,0.40398598,0.38828003,0.38436854
22.170074,0.27795777,0.40322295,0.38822973,0.38404015
22.180075,0.27803934,0.4036202,0.38839746,0.3842017
22.190073,0.27748182,0.403856,0.38777378,0.38485742
22.200073,0.27799112,0.4043842,0.38747346,0.38488594
22.210075,0.2775173,0.40392607,0.3883611,0.384632
22.220547,0.2776246,0.404156,0.3882038,0.38432944
22.230083,0.278223,0.40379217,0.38775745,0.38410386
22.240074,0.27772334,0.40437746,0.38746715,0.3836689
22.25007,0.27780744,0.40344214,0.3876473,0.3842734
22.260077,0.27748397,0.4035831,0.38773757,0.38410908
22.270075,0.2778953,0.40317598,0.38852417,0.38393602
22.280075,0.27746755,0.40392768,0.38725626,0.38381112
22.290075,0.27779773,0.40370008,0.38794875,0.38405958
22.300074,0.27773187,0.40386263,0.38766375,0.38385132
22.310074,0.27828392,0.4036703,0.38779733,0.38400567
22.320074,0.27722016,0.40356052,0.38768992,0.38459486
22.330076,0.2781814,0.40423575,0.38747838,0.38406876
22.340078,0.2760454,0.4032316,0.38757697,0.3835859
22.350084,0.2777202,0.40337604,0.38766503,0.38446411
22.360077,0.27764606,0.40225306,0.38848713,0.38485774
22.370075,0.27721176,0.40358508,0.38759142,0.38451928
22.380077,0.27787876,0.40266812,0.38754663,0.38443005
22.39008,0.27792105,0.40185767,0.3875814,0.38494575
22.400078,0.27788395,0.40232092,0.38760084,0.38307673
22.410076,0.2774845,0.40571794,0.38583836,0.38382366
22.420074,0.27776664,0.4047599,0.38575387,0.38289395
22.430077,0.27788848,0.40418783,0.38823926,0.38376284
22.440075,0.27779782,0.40400735,0.38739952,0.38360244
22.450073,0.27922422,0.40411705,0.386355,0.38377842
22.460075,0.2782466,0.40428624,0.38715714,0.38455322
22.470076,0.27676532,0.40408322,0.38770953,0.3835174
22.480095,0.27832958,0.4041973,0.38743824,0.38381156
22.490072,0.2782534,0.40420407,0.38833636,0.38347748
22.500076,0.27838823,0.40427446,0.3883651,0.38391313
22.510075,0.27792555,0.40360078,0.38718885,0.3835703
22.520075,0.27761534,0.4045398,0.3874978,0.38435075
22.530075,0.2781136,0.40375888,0.38758013,0.38419142
22.540075,0.277767,0.40394616,0.3870703,0.38398612
22.550076,0.27794707,0.4035675,0.38751557,0.38383636
22.560074,0.27824467,0.40446228,0.38777944,0.3838583
22.570074,0.2777586,0.4035724,0.38716638,0.3837347
22.580107,0.27735457,0.4030968,0.38704386,0.38396424
22.590076,0.2781601,0.40447,0.3873761,0.3844031
22.600077,0.27845928,0.40407023,0.38684824,0.38421667
22.610073,0.2782908,0.4045109,0.38721457,0.38364142
22.620077,0.27753556,0.40387088,0.3867026,0.38410723
22.630074,0.27804944,0.40425038,0.3878606,0.38354045
22.640076,0.27758235,0.40445215,0.387301,0.38456985
22.650074,0.2776143,0.4045708,0.38777888,0.38430196
22.660074,0.2782193,0.40409592,0.38728335,0.38403705
22.670074,0.2780718,0.40400365,0.3875019,0.3842619
22.680092,0.2776376,0.4036595,0.38692576,0.3839795
22.690075,0.27746162,0.4042045,0.38663545,0.3837654
22.700077,0.27771398,0.4043526,0.3870219,0.38300076
22.710075,0.27768764,0.40377194,0.38700202,0.38342685
22.720076,0.2781978,0.40387112,0.3867616,0.38380882
22.730074,0.27734762,0.40387508,0.38701034,0.38324568
22.740076,0.27733064,0.4039288,0.3872548,0.38340724
22.750074,0.2771723,0.4034139,0.38673815,0.38332415
22.760075,0.2785395,0.40392748,0.3864862,0.38407505
22.770075,0.2770274,0.40360576,0.38651067,0.3829157
22.780088,0.27753153,0.40369454,0.38770813,0.38324308
22.790073,0.27791587,0.40361035,0.38652104,0.38303035
22.800074,0.27850154,0.4039616,0.38666487,0.3831452
22.810074,0.27826494,0.40461224,0.38712597,0.3829246
22.820076,0.27762872,0.40491006,0.38660985,0.3835347
22.830076,0.27773488,0.40385202,0.3864793,0.3831276
22.840075,0.27790636,0.40216932,0.3860309,0.3825099
22.850073,0.27856138,0.40392342,0.38846108,0.38218132
22.860073,0.27858838,0.402895,0.3870901,0.383063
22.870075,0.2782378,0.40333438,0.38497496,0.3829839
22.88009,0.27817452,0.4026359,0.38712403,0.38173118
22.890076,0.2781765,0.405439,0.38573357,0.38166255
22.900076,0.27842987,0.40455866,0.38797632,0.3815191
22.910076,0.2782653,0.40482968,0.38643017,0.3836747
22.920074,0.27717802,0.4038671,0.38664585,0.38414258
22.930073,0.27886906,0.40455675,0.38696143,0.3834412
22.940075,0.27812138,0.4033568,0.3872908,0.38307163
22.950075,0.27806056,0.4039187,0.3868168,0.38379923
22.960075,0.2786134,0.40449768,0.38695583,0.38358074
22.970074,0.27834088,0.40400776,0.38697395,0.38347968
22.980087,0.27758533,0.4037296,0.3874365,0.38417038
22.990074,0.27799103,0.40338016,0.3870632,0.38298386
23.000086,0.27727002,0.40425768,0.38661295,0.3839532
23.010075,0.27817705,0.40428132,0.38610893,0.3835492
23.020077,0.2776401,0.40389553,0.38674542,0.38271812
23.030077,0.27781767,0.40412673,0.3865513,0.38305035
23.040073,0.27753615,0.4046893,0.38626003,0.38251337
23.050076,0.27806023,0.40355846,0.3866093,0.38301685
23.060076,0.27833262,0.40445822,0.38669968,0.3835156
23.070076,0.27717534,0.40396097,0.38592094,0.383305
23.080086,0.27743486,0.4037298,0.38576612,0.3836356
23.090076,0.27773336,0.4033756,0.38614666,0.38355112
23.100077,0.27771467,0.40468627,0.38663757,0.38364056
23.110071,0.27822205,0.40395355,0.3858385,0.3828352
23.120077,0.2777895,0.40375414,0.38646042,0.38325405
23.130074,0.27786547,0.40349117,0.38654134,0.38256603
23.140076,0.27744773,0.40356162,0.38610357,0.38322663
23.150082,0.27767625,0.4040575,0.38591683,0.3816368
23.160086,0.27754912,0.4035732,0.38641936,0.38288137
23.170076,0.27734196,0.40277773,0.38541046,0.3828845
23.180075,0.27747384,0.40389982,0.38602564,0.38299924
23.190073,0.2775662,0.40410832,0.38609254,0.3829852
23.200077,0.27756312,0.4036864,0.3857317,0.38270172
23.210073,0.27825624,0.40443134,0.38645595,0.3827481
23.220083,0.27747244,0.40373877,0.3857455,0.3834694
23.230078,0.27797353,0.40391946,0.38571492,0.38371673
23.240076,0.27766794,0.40411976,0.38564464,0.38287064
23.250074,0.2783971,0.40342492,0.38591775,0.38328964
23.260075,0.27858415,0.40335044,0.38444263,0.3828968
23.270077,0.27814868,0.4046457,0.3856779,0.38371482
23.280073,0.2780621,0.40441138,0.38692975,0.3837059
23.290073,0.2777483,0.40428585,0.38668215,0.3840373
23.300074,0.2777701,0.40227023,0.38632387,0.38447267
23.310076,0.27847257,0.40302473,0.3841479,0.3835325
23.320078,0.2781978,0.40396205,0.38687363,0.38242465
23.330074,0.27813753,0.40347302,0.3872719,0.38470942
23.340076,0.27654943,0.4036029,0.38565058,0.38258305
23.350082,0.27840912,0.40344188,0.38499022,0.38246685
23.360086,0.27872494,0.40446988,0.38471675,0.38406792
23.370075,0.2786674,0.40343297,0.38495874,0.3831623
23.380077,0.27682212,0.4036254,0.38525835,0.38348377
23.390076,0.27630842,0.40369338,0.38542038,0.38269946
23.400074,0.27691278,0.4044432,0.38470206,0.3831562
23.410072,0.27840227,0.40381008,0.3852116,0.38281184
23.420078,0.27858624,0.40393642,0.38507488,0.38281986
23.430075,0.2781439,0.40383857,0.38466713,0.382565
23.440075,0.27800167,0.40337667,0.38516054,0.38283452
23.450071,0.27713647,0.40392599,0.38513976,0.38279167
23.460072,0.2780482,0.40380025,0.38484415,0.38281366
23.470072,0.27754673,0.40373316,0.3843261,0.3822809
23.480072,0.277943,0.40349263,0.38512075,0.3827215
23.490076,0.2778674,0.4034153,0.3845022,0.38225496
23.500074,0.27815375,0.40411717,0.38451475,0.38276553
23.510075,0.27880746,0.40402794,0.3844424,0.38236648
23.520073,0.2773264,0.40413406,0.38418433,0.3826781
23.530077,0.2778653,0.40431777,0.38448197,0.38287064
23.540075,0.2773938,0.4038097,0.38443282,0.3823574
23.550076,0.27811986,0.4042567,0.3838147,0.3831235
23.560076,0.27836025,0.40417963,0.3844485,0.38289115
23.570072,0.27779692,0.40407786,0.38486686,0.38279387
23.580086,0.2776375,0.40306562,0.38404053,0.38331974
23.590078,0.27682942,0.40318683,0.38460684,0.38291556
23.600075,0.27756998,0.40374538,0.38403913,0.38250452
23.610075,0.27795976,0.4040233,0.38429964,0.38271973
23.620077,0.27759776,0.4042122,0.38423747,0.38267067
23.630075,0.27795428,0.40367463,0.3845612,0.382575
23.640074,0.2779685,0.4033132,0.38393542,0.38169307
23.650076,0.277799,0.40386835,0.3840036,0.38235596
23.660076,0.27902788,0.40413713,0.3837986,0.38272417
23.670074,0.27775925,0.40401557,0.38384488,0.38208595
23.680073,0.2780475,0.40445524,0.38419965,0.3833635
23.690073,0.27816564,0.40445036,0.38397095,0.38260168
23.700075,0.27862558,0.40363765,0.38381666,0.38246205
23.710075,0.27866736,0.40369081,0.3838185,0.38223904
23.720076,0.27832127,0.40402833,0.38360977,0.38285244
23.730076,0.27869782,0.40410173,0.38277394,0.38196114
23.740076,0.2783325,0.4040938,0.3831042,0.38297385
23.750072,0.27789822,0.40439057,0.38295275,0.38214698
23.760073,0.27810603,0.40347847,0.38343197,0.38278055
23.770075,0.27833924,0.40430316,0.38315016,0.38219962
23.780073,0.27802986,0.40426317,0.38293874,0.38264996
23.790073,0.27788398,0.40376055,0.38260803,0.38270763
23.800074,0.27776033,0.40316,0.38301697,0.3820494
23.810072,0.278707,0.40414214,0.38292763,0.3821162
23.820078,0.27787107,0.40339014,0.38308764,0.38170615
23.830074,0.27839947,0.4041036,0.38222483,0.38254493
23.840075,0.27804768,0.40396303,0.38308883,0.38209742
23.850075,0.27879867,0.40425706,0.3823578,0.3823723
23.860075,0.27828714,0.4044404,0.38190407,0.38225615
23.870075,0.27802753,0.40444362,0.38261718,0.38211703
23.880072,0.27804166,0.40387663,0.3825037,0.38260862
23.890089,0.27791604,0.4034209,0.38245255,0.38329792
23.900076,0.27807808,0.4034204,0.38210565,0.38172203
23.910074,0.27776602,0.4030616,0.38228208,0.3812955
23.920076,0.2779165,0.40430248,0.38141975,0.38188884
23.930073,0.27790022,0.403916,0.38126945,0.38200185
23.940075,0.27816924,0.40402633,0.38210452,0.38176572
23.950073,0.2779691,0.40327197,0.3817163,0.38253936
23.960075,0.2779872,0.40390104,0.38238183,0.38175744
23.970076,0.2776206,0.40388912,0.3816547,0.3823953
23.980074,0.2783811,0.40414542,0.38216722,0.38246515
23.99008,0.27689213,0.40403286,0.38136482,0.3821325
24.000078,0.27796108,0.40337136,0.3813954,0.3822908
24.010077,0.2779154,0.4037794,0.3822659,0.38226545
24.020077,0.27731293,0.40399134,0.3814892,0.38209653
24.030075,0.27788717,0.40369406,0.3817206,0.38213715
24.040075,0.27770412,0.4033832,0.38076675,0.381476
24.050074,0.27818832,0.403779,0.38083112,0.38165388
24.060076,0.2785337,0.40335646,0.38124874,0.38220447
24.070076,0.2781327,0.40398175,0.3809812,0.38210768
24.080088,0.2776798,0.4036184,0.38059506,0.3822394
24.0901,0.27881458,0.40345305,0.38144004,0.38213596
24.100077,0.27776575,0.40382454,0.38040084,0.38211054
24.110073,0.278641,0.4040884,0.38083428,0.38175243
24.120073,0.27771503,0.40377912,0.38095117,0.38274086
24.130074,0.2779237,0.40429944,0.38080326,0.38223118
24.140076,0.27810967,0.4036386,0.38034296,0.38235435
24.15008,0.27782613,0.40371564,0.3808628,0.381966
24.160076,0.27817336,0.4041804,0.38147232,0.38159725
24.170074,0.27818772,0.40360925,0.38019133,0.38174194
24.180075,0.27749684,0.40339273,0.38012606,0.38210946
24.190075,0.27775556,0.40296695,0.38009578,0.38206863
24.200075,0.27848834,0.4029467,0.3800205,0.38202795
24.210072,0.27807972,0.4041419,0.3805391,0.3818553
24.220081,0.27764207,0.40350527,0.37999186,0.38237673
24.230078,0.2777574,0.40422654,0.38009074,0.38207203
24.24007,0.2777802,0.40424988,0.3798629,0.3816784
24.250074,0.2776369,0.403714,0.37923482,0.38168487
24.26007,0.2776168,0.40367144,0.379726,0.38198924
24.270075,0.27782965,0.40475214,0.37732565,0.3816695
24.280075,0.2785871,0.40550524,0.3786825,0.38097733
24.290073,0.27751297,0.40438476,0.38092667,0.38110074
24.300077,0.2785832,0.4020045,0.37892586,0.38196483
24.310074,0.277781,0.40235,0.38007993,0.38061804
24.320076,0.27884728,0.40400732,0.3776018,0.38316816
24.330076,0.27811372,0.403415,0.38076794,0.38230672
24.340076,0.27683112,0.4025299,0.37893674,0.3813294
24.350088,0.27875566,0.403184,0.3791441,0.38258663
24.360077,0.27688727,0.40410548,0.37868562,0.3817089
24.370075,0.28010938,0.40319416,0.3785271,0.38169983
24.380075,0.27653065,0.4037723,0.37973106,0.38226292
24.39008,0.277747,0.4025503,0.37844715,0.38115296
24.400082,0.27598923,0.40359572,0.37774652,0.38118404
24.410091,0.27776986,0.40349326,0.37810758,0.3821268
24.42008,0.27807996,0.40303043,0.37869737,0.3817287
24.430075,0.27768582,0.4035885,0.3789672,0.3816045
24.440075,0.27787474,0.40340334,0.37799376,0.38166577
24.450071,0.27919844,0.40491992,0.37862676,0.38222152
24.460073,0.27891207,0.40384153,0.3783075,0.3819466
24.470076,0.27785534,0.40473247,0.378002,0.38205904
24.480074,0.2775132,0.40379128,0.37747335,0.38140714
24.490076,0.27799386,0.4036639,0.3777761,0.38242367
24.500074,0.27815008,0.40394476,0.37800723,0.3819629
24.510075,0.27887964,0.40382147,0.3779875,0.38171422
24.520077,0.27813736,0.40382227,0.37755385,0.38224375
24.530073,0.27777606,0.40408692,0.37816566,0.38167354
24.540075,0.2784489,0.4043105,0.37774786,0.38217252
24.550076,0.2783807,0.4035463,0.37717998,0.38157317
24.560074,0.27849317,0.40385428,0.37737983,0.382318
24.570076,0.27760822,0.40388855,0.37771687,0.3815267
24.580088,0.2783109,0.4032862,0.37722751,0.381577
24.590076,0.27753407,0.40329507,0.37744626,0.38182864
24.600075,0.27824453,0.40416947,0.3769865,0.3819412
24.610073,0.27810302,0.40342304,0.37665254,0.38145578
24.620077,0.278367,0.4041835,0.37668023,0.3821697
24.63008,0.27740785,0.40348443,0.3767412,0.38152176
24.64008,0.27818084,0.4035601,0.37733132,0.3809875
24.650074,0.27753007,0.40363017,0.37636384,0.38050872
24.660076,0.27862152,0.40270898,0.37578833,0.38128155
24.670076,0.27747956,0.40365252,0.3762229,0.3816809
24.680077,0.27809128,0.404081,0.3760898,0.3811886
24.690073,0.27858168,0.40418375,0.37646344,0.3813635
24.700075,0.2776414,0.40317833,0.37667733,0.38171074
24.710073,0.27903697,0.40411508,0.37630454,0.3811084
24.720074,0.27802363,0.40386748,0.37584594,0.38180315
24.730076,0.2784258,0.4040373,0.37598506,0.38157907
24.740074,0.27894676,0.4039956,0.3757758,0.38107592
24.750076,0.2779549,0.4034719,0.3756755,0.38090298
24.760075,0.27813125,0.40368626,0.3754509,0.38167897
24.77007,0.27778476,0.40390307,0.37551728,0.38157395
24.780075,0.27793798,0.40368414,0.37583172,0.38095617
24.790073,0.27671617,0.40370807,0.37589803,0.38139778
24.800074,0.278479,0.40361068,0.37525785,0.3815258
24.810074,0.27794588,0.40382892,0.37545055,0.38182297
24.820072,0.2778596,0.4040513,0.37509516,0.38132522
24.830074,0.27767947,0.40260872,0.37474582,0.3816105
24.840075,0.27693033,0.40341845,0.37436983,0.3808934
24.850075,0.27729157,0.4024914,0.37463573,0.38045633
24.860073,0.27782974,0.40313628,0.37466058,0.3811099
24.870073,0.2771336,0.40244895,0.3740075,0.3810209
24.880075,0.2784876,0.40344945,0.3745872,0.38161212
24.890076,0.27724212,0.4024899,0.37408888,0.38142663
24.900082,0.2773658,0.40349752,0.37477392,0.38082185
24.910074,0.27809688,0.40291822,0.374155,0.3815678
24.920073,0.2781783,0.40437937,0.37501615,0.3810567
24.930073,0.27858624,0.40362266,0.37428817,0.3814973
24.940075,0.27834913,0.40421075,0.3742264,0.38182664
24.950075,0.27884072,0.40366438,0.3736501,0.38168666
24.960075,0.2782497,0.4034444,0.37415394,0.38124415
24.970072,0.27810046,0.40348008,0.3742681,0.38176644
24.980072,0.27761275,0.40370265,0.37369207,0.38128737
24.990076,0.27791393,0.40366286,0.37343228,0.38145486
25.0001,0.2786251,0.40358198,0.37426454,0.38100803
25.010078,0.27830902,0.4031912,0.37310967,0.38143405
25.020077,0.27769563,0.40361324,0.37390682,0.3813325
25.030073,0.27798367,0.40384215,0.37343037,0.38168085
25.040073,0.27884257,0.40414014,0.37385952,0.3816243
25.050076,0.2788101,0.4039962,0.37380132,0.3813223
25.060076,0.2775057,0.40347943,0.3732126,0.3811965
25.070076,0.27794287,0.4036045,0.37303656,0.38092136
25.08011,0.27753204,0.4034183,0.3730493,0.38128784
25.090078,0.27852318,0.40226874,0.37286443,0.3816836
25.100075,0.2776872,0.40375844,0.3727322,0.38164428
25.110075,0.2781417,0.40359288,0.37257907,0.3814291
25.120077,0.27760556,0.40325218,0.37316892,0.3813942
25.130075,0.27774104,0.40338862,0.37271407,0.380648
25.140074,0.27838728,0.40483585,0.37199435,0.38163748
25.15008,0.27786356,0.4035723,0.37219137,0.38146707
25.160076,0.27707547,0.40411586,0.37239477,0.38164973
25.170074,0.27797335,0.4029031,0.37232885,0.38085765
25.180077,0.2785175,0.40370896,0.37214595,0.38184646
25.190075,0.27794352,0.40401736,0.37269863,0.38187534
25.200077,0.27817863,0.4043182,0.37209645,0.38103023
25.210073,0.27749518,0.4036095,0.37153628,0.38162744
25.220076,0.27820313,0.404326,0.3719266,0.38152534
25.230078,0.2778567,0.4028673,0.37178946,0.38149825
25.240076,0.27810714,0.40353194,0.3714793,0.38165754
25.250074,0.27804443,0.4041599,0.37147555,0.38180235
25.260075,0.27852198,0.40352622,0.3719187,0.38198587
25.270077,0.2787497,0.4033328,0.37109077,0.38030472
25.280075,0.27869228,0.40409744,0.3721486,0.38102168
25.290075,0.27743396,0.40437597,0.3712588,0.3811237
25.300081,0.27764648,0.40367058,0.371376,0.38119125
25.310076,0.2790342,0.40409738,0.37140313,0.38152716
25.320078,0.27794126,0.40387794,0.37116852,0.3817125
25.330074,0.27818382,0.40369126,0.371353,0.38168636
25.34008,0.27674806,0.40237597,0.3707209,0.3807835
25.350086,0.27806044,0.4032481,0.37082085,0.38136414
25.360077,0.27886063,0.4032852,0.3707912,0.38095793
25.370073,0.27819926,0.403678,0.37111127,0.38060164
25.380074,0.27788284,0.40402967,0.370671,0.3808017
25.390074,0.27841818,0.40421918,0.37093383,0.38139606
25.400076,0.27847674,0.4036533,0.3699786,0.380307
25.410072,0.27855223,0.40358284,0.37003314,0.37979215
25.420074,0.27817512,0.4036544,0.3705074,0.38140374
25.430077,0.27814654,0.40353572,0.3703641,0.38037193
25.440075,0.2786087,0.40466323,0.37055343,0.38044435
25.450073,0.2775456,0.40338233,0.37077135,0.38130045
25.460075,0.27887937,0.404711,0.37034184,0.3806305
25.470076,0.27823165,0.403774,0.3702653,0.38086072
25.480072,0.2785796,0.40395367,0.37038645,0.38088095
25.490076,0.27752393,0.4033601,0.37018028,0.38044658
25.500076,0.27893537,0.40373218,0.37009007,0.38113967
25.510075,0.27856606,0.4033292,0.37044653,0.38038963
25.520077,0.27841413,0.40365648,0.37007472,0.38038644
25.530073,0.27824065,0.40342852,0.36991322,0.38055667
25.540075,0.27846268,0.40357113,0.37019908,0.38005912
25.550074,0.27827144,0.40330058,0.37001896,0.38022137
25.560074,0.27827668,0.40348318,0.3695595,0.38086978
25.570076,0.2786326,0.40376186,0.37004402,0.38010874
25.580112,0.27549306,0.4034093,0.3693208,0.3800685
25.590078,0.2780923,0.40368524,0.36963415,0.3808185
25.600077,0.27698022,0.4035921,0.36975718,0.38046432
25.610077,0.27850604,0.40333945,0.3695925,0.38029674
25.620077,0.2785542,0.40345877,0.36916798,0.38036197
25.630075,0.27809018,0.4040988,0.36946568,0.38088015
25.640074,0.27897257,0.40334922,0.3691411,0.37996057
25.650072,0.27873436,0.40373823,0.37007526,0.38068795
25.660072,0.27803773,0.40379265,0.36921367,0.3801527
25.670074,0.27910975,0.40377727,0.36840984,0.38010448
25.680075,0.2791964,0.40386805,0.36908314,0.37951207
25.690075,0.2791879,0.40395844,0.36997133,0.38040534
25.700075,0.27750826,0.40316063,0.36887264,0.3801525
25.71009,0.27858868,0.4040595,0.3697442,0.38027343
25.720074,0.27877906,0.4039953,0.36926094,0.3804007
25.730076,0.27806425,0.4031213,0.36845356,0.38087225
25.740076,0.27881032,0.4040567,0.36894903,0.3797871
25.750074,0.278594,0.4041087,0.36894533,0.37983704
25.760075,0.27937147,0.40425974,0.37013468,0.38050717
25.770073,0.27879634,0.40354693,0.36921236,0.3800037
25.780075,0.2793472,0.40419644,0.3700479,0.38050014
25.790075,0.2784757,0.40424824,0.36834964,0.38009778
25.800072,0.279134,0.40352744,0.36948666,0.38054898
25.81009,0.2791566,0.40347987,0.3686928,0.38009855
25.820074,0.27865154,0.40385553,0.3691768,0.38018364
25.830074,0.2788878,0.40421638,0.3692608,0.37959903
25.840073,0.27843076,0.40400237,0.36901924,0.37994537
25.850075,0.27815646,0.4032464,0.3685959,0.379616
25.860075,0.27874264,0.4039306,0.36833325,0.3803433
25.870073,0.27799332,0.40308136,0.36879978,0.37968063
25.880074,0.2779442,0.40380076,0.36759928,0.38009107
25.890074,0.27920124,0.40376312,0.36851183,0.37956214
25.900076,0.27779618,0.40324017,0.36900094,0.37998977
25.910082,0.27805614,0.40410426,0.3695875,0.3800379
25.920076,0.27868453,0.40396056,0.36875692,0.37975767
25.930075,0.27799022,0.4037417,0.36867395,0.37935057
25.940075,0.27945346,0.4031681,0.36907804,0.37987453
25.950075,0.2782365,0.40363345,0.3690753,0.38043234
25.960073,0.27837348,0.40357584,0.36866707,0.3806021
25.970076,0.27886108,0.40407032,0.36827046,0.38023388
25.980076,0.27820626,0.403526,0.36888158,0.38044938
25.990074,0.2783735,0.40374407,0.3681152,0.38034874
26.000082,0.2785513,0.40324453,0.3681896,0.3795661
26.010075,0.27880922,0.40224716,0.36848304,0.3793267
26.020077,0.27783573,0.40304476,0.3680422,0.37945804
26.030073,0.27869475,0.40321386,0.36824408,0.37965718
26.040075,0.27885824,0.4034916,0.36900362,0.37938622
26.050074,0.27835843,0.40351602,0.36822015,0.3795073
26.060076,0.27894387,0.40333688,0.3685777,0.3797984
26.070074,0.27878714,0.40331107,0.36780605,0.37966478
26.080107,0.27621737,0.40149653,0.36834732,0.37986213
26.09008,0.27888557,0.40332016,0.3682074,0.37985596
26.100075,0.27862036,0.40430132,0.36867356,0.37965417
26.110077,0.27764,0.4030549,0.36878484,0.37907386
26.120075,0.279019,0.40395507,0.36852223,0.37930766
26.130074,0.27863622,0.40393332,0.36872736,0.37923896
26.140074,0.2789391,0.40323216,0.36864048,0.3796924
26.150122,0.2783067,0.40314773,0.36841193,0.3791878
26.160076,0.27792382,0.40324563,0.36869445,0.3796687
26.170076,0.278395,0.40375865,0.3684903,0.37957364
26.180075,0.27802116,0.40329757,0.3681321,0.37944987
26.190075,0.27915668,0.40372404,0.3690223,0.37946087
26.200073,0.27902898,0.40378568,0.36808798,0.37978142
26.210072,0.27908388,0.40316287,0.36793113,0.37939852
26.220081,0.27836892,0.40389487,0.36800957,0.3797521
26.230095,0.2789845,0.40411398,0.36871913,0.38044265
26.240078,0.27880815,0.40354633,0.36820397,0.3792374
26.250076,0.27848166,0.4034712,0.3682335,0.37986296
26.260078,0.27801055,0.40275043,0.36809957,0.37931013
26.270073,0.27875307,0.4030349,0.36876583,0.37931356
26.280077,0.27852878,0.4038226,0.36868003,0.37949687
26.290075,0.2779663,0.40336618,0.36830416,0.38029614
26.300076,0.27819884,0.40315875,0.3683145,0.3799022
26.310074,0.27848756,0.40333548,0.36855835,0.37953094
26.320074,0.27853662,0.40270928,0.36856404,0.37925482
26.330074,0.2784162,0.40240815,0.36865225,0.37926286
26.340078,0.27712038,0.40222108,0.36825648,0.37943235
26.350088,0.2779299,0.403388,0.368082,0.37977567
26.360079,0.278115,0.40308526,0.36814564,0.3799877
26.370073,0.27804214,0.40317467,0.36876535,0.37855422
26.380077,0.27792165,0.4030991,0.36932656,0.37931845
26.390074,0.27831963,0.40278867,0.36777222,0.3796152
26.40008,0.27851442,0.4030312,0.3686668,0.37997872
26.410074,0.27810928,0.40275255,0.36847398,0.37934005
26.420074,0.27841702,0.40286508,0.36870354,0.37931064
26.430073,0.27759176,0.4032458,0.36850342,0.3793059
26.440075,0.2784252,0.40339386,0.36887553,0.37938198
26.450073,0.27797875,0.40377924,0.36872303,0.37912503
26.460075,0.27889863,0.4032607,0.36858717,0.37930137
26.470076,0.2792415,0.40333226,0.36905238,0.37904146
26.480076,0.278571,0.40342748,0.36881974,0.37915128
26.49007,0.27915314,0.4041574,0.36879045,0.3789559
26.500076,0.27897698,0.4033837,0.36765236,0.37951073
26.510075,0.27973258,0.40374142,0.36914793,0.38011724
26.520077,0.27881187,0.40351954,0.36843902,0.3791561
26.530075,0.2788207,0.40409818,0.36921898,0.3789646
26.540075,0.27905187,0.4035676,0.3687295,0.37905642
26.550076,0.27859414,0.40320665,0.36833945,0.37917548
26.560072,0.27873895,0.40276343,0.36877498,0.37956706
26.570074,0.27874938,0.404151,0.36914426,0.37986654
26.580093,0.27640584,0.40274292,0.37080395,0.3779103
26.590082,0.27842662,0.40272403,0.3689287,0.37898648
26.600075,0.27868983,0.40303013,0.3684533,0.37926435
26.610073,0.27870828,0.4038413,0.3681663,0.37933385
26.6201,0.27936575,0.40381315,0.36860433,0.37992263
26.630075,0.27826455,0.4027164,0.3691762,0.37904394
26.640076,0.2790255,0.40398413,0.36850294,0.37965637
26.650074,0.27857664,0.4026116,0.36866727,0.3789727
26.660074,0.27844602,0.40349835,0.36849594,0.37946612
26.670074,0.27840638,0.40305153,0.36830655,0.37925717
26.68007,0.27806216,0.40311182,0.36870316,0.3792748
26.690075,0.2791216,0.40289354,0.3683387,0.37939867
26.700073,0.2784706,0.40343994,0.3687533,0.37880325
26.710075,0.2781424,0.40321466,0.36865687,0.37913033
26.72009,0.27905384,0.40305704,0.36827624,0.3795241
26.730074,0.27823916,0.40278974,0.36826706,0.37893158
26.740074,0.27818358,0.40304184,0.36859554,0.37909257
26.750074,0.27838752,0.40337548,0.3685054,0.37929577
26.760077,0.27864555,0.40273964,0.36761484,0.37873968
26.770075,0.2783729,0.40345487,0.36784357,0.3788277
26.780075,0.27889943,0.402594,0.36812693,0.37874612
26.790075,0.279115,0.40303925,0.36869004,0.37834865
26.800074,0.27827632,0.40294337,0.368418,0.37882638
26.810074,0.27870306,0.40356424,0.3683177,0.37885693
26.820087,0.27838677,0.40285107,0.36886203,0.37863532
26.830076,0.27891412,0.4031761,0.3684285,0.378541
26.840075,0.27864403,0.4031858,0.36842406,0.37867168
26.850073,0.27870947,0.40333018,0.36852503,0.37875205
26.860073,0.27887836,0.40242302,0.36745617,0.37841564
26.870073,0.27846807,0.40296566,0.36865136,0.37905797
26.880075,0.2791866,0.40299672,0.36862034,0.37828645
26.890076,0.27853516,0.4036304,0.36762363,0.37835848
26.900074,0.27939352,0.4035696,0.36827633,0.3785268
26.910076,0.27823153,0.40305415,0.36830166,0.37845474
26.920088,0.27858186,0.40313634,0.36840007,0.378388
26.930075,0.27868867,0.40296382,0.36798123,0.37901968
26.940075,0.2793793,0.40396562,0.36846754,0.37788844
26.950075,0.27818954,0.40306005,0.3693915,0.3781757
26.960075,0.27899504,0.4032791,0.36807257,0.3787054
26.970072,0.27859798,0.4026285,0.36841866,0.3777172
26.980076,0.2786586,0.4031512,0.36912584,0.3781443
26.990074,0.27910477,0.40333697,0.36881006,0.37767598
27.000084,0.2788881,0.40268984,0.36816567,0.37794384
27.01008,0.27889678,0.40295717,0.3687514,0.37873086
27.020094,0.27858645,0.4035642,0.36811212,0.3780279
27.030073,0.27897757,0.40296754,0.36861673,0.37741768
27.040073,0.27896836,0.4035512,0.3684076,0.37770802
27.050076,0.27827805,0.40327823,0.3679101,0.3775416
27.060076,0.2777031,0.40323046,0.36849943,0.37730312
27.070074,0.27812734,0.40354574,0.3684664,0.37746888
27.080086,0.27863845,0.4011233,0.36798984,0.37753415
27.09008,0.27857086,0.40296003,0.36813956,0.3774816
27.100079,0.27816275,0.4034423,0.36811787,0.3769427
27.110075,0.27841687,0.40213287,0.3681752,0.37698615
27.120102,0.2784343,0.40289438,0.3689951,0.3769863
27.130089,0.27823278,0.40311894,0.36803344,0.37723368
27.140074,0.2791042,0.4031704,0.3687641,0.37706023
27.150076,0.2784498,0.40347803,0.36740744,0.3771336
27.160084,0.2777195,0.40232915,0.36827508,0.3768045
27.170074,0.27850807,0.40341136,0.36754864,0.37632376
27.180077,0.27775484,0.40233412,0.36813286,0.37673306
27.190075,0.2782189,0.40337452,0.36838916,0.3764894
27.200075,0.2786806,0.40332472,0.3682677,0.37626627
27.210085,0.2786205,0.4022822,0.36796182,0.3757209
27.22008,0.27784088,0.4032409,0.3678429,0.37641034
27.230074,0.2778212,0.40283915,0.3686627,0.37608212
27.240076,0.2788564,0.40338185,0.36805964,0.37517184
27.250076,0.27874425,0.4021049,0.36756146,0.3753669
27.260075,0.27869385,0.40302044,0.36810046,0.375737
27.270073,0.27896544,0.40271524,0.36800694,0.37625933
27.280075,0.27895173,0.40341136,0.3681791,0.3759357
27.290075,0.27903417,0.40348944,0.36842993,0.37556037
27.300076,0.27931854,0.40345174,0.36782575,0.37553045
27.310074,0.2790814,0.40329605,0.3681017,0.3763044
27.320078,0.27896476,0.40334642,0.36821383,0.37520033
27.330076,0.27940288,0.40356028,0.36837754,0.37570304
27.340076,0.2775015,0.40229747,0.36715063,0.37490588
27.350086,0.27894655,0.4023863,0.36756065,0.37523973
27.360088,0.27824625,0.4028098,0.36811316,0.37537667
27.370083,0.27956718,0.40197647,0.36830416,0.37501115
27.380074,0.2779865,0.40223762,0.36838982,0.37458527
27.390074,0.2791823,0.40275407,0.36809966,0.37429923
27.400074,0.27823135,0.4022291,0.36814684,0.37471944
27.410076,0.27978408,0.4035848,0.36763853,0.37477744
27.420078,0.27842167,0.4026619,0.36876813,0.37538987
27.430073,0.27890322,0.4029837,0.36760974,0.37467343
27.440077,0.27913553,0.40302387,0.3677737,0.3748284
27.45007,0.27880988,0.4034075,0.36834192,0.37475073
27.460073,0.27857196,0.40289128,0.36795315,0.3742617
27.470076,0.27911687,0.40373397,0.36813098,0.37425262
27.480074,0.27926356,0.40288943,0.36783627,0.37384367
27.490076,0.27839556,0.40242627,0.3681433,0.3740549
27.500069,0.27836174,0.4031328,0.36808497,0.37437925
27.510075,0.2785248,0.40275395,0.36782166,0.3731646
27.520077,0.27868232,0.40297702,0.36773816,0.3734526
27.53009,0.2790242,0.40317333,0.3681279,0.3733916
27.540077,0.27885857,0.40313476,0.36758083,0.373549
27.550074,0.27829036,0.4032041,0.36794397,0.37422243
27.560076,0.27906284,0.40339926,0.36806843,0.37357602
27.570074,0.2782603,0.4028629,0.367633,0.37353414
27.5801,0.27868333,0.40290925,0.3677615,0.3732964
27.590088,0.27831572,0.4032234,0.36779693,0.3727866
27.600079,0.2781438,0.4026813,0.36702436,0.37350264
27.610073,0.27777764,0.4023436,0.3674208,0.37261665
27.620079,0.2779628,0.40269604,0.36763442,0.37317872
27.630095,0.27726948,0.40206617,0.3678213,0.37213317
27.640076,0.27751428,0.40209344,0.36797327,0.3719206
27.650072,0.27716762,0.40167272,0.36760914,0.37210876
27.660074,0.2773839,0.40209222,0.36743778,0.3723177
27.670074,0.277965,0.401614,0.36718285,0.3720359
27.680075,0.27843952,0.4031662,0.36754987,0.372015
27.690073,0.27888688,0.4033854,0.36804122,0.37165844
27.700073,0.2790225,0.40287626,0.36754438,0.3719951
27.710075,0.27893475,0.40335944,0.36832973,0.37223116
27.720076,0.27830777,0.40331805,0.3675912,0.37225464
27.730093,0.27929488,0.40363958,0.36835894,0.37246013
27.740078,0.27840546,0.40366226,0.36755672,0.37165236
27.750074,0.27926973,0.4032358,0.36781693,0.37202346
27.760075,0.27886075,0.40296143,0.3674536,0.37204853
27.770073,0.2789415,0.40402964,0.36788452,0.37151125
27.780073,0.2790735,0.40313503,0.3679174,0.3720779
27.790073,0.27916598,0.4030086,0.3677573,0.37078995
27.800076,0.27853212,0.4025046,0.36749044,0.3711686
27.810076,0.27914873,0.4027478,0.36789694,0.37042332
27.820076,0.27879176,0.40397272,0.36778018,0.3714309
27.830093,0.278535,0.40187728,0.36778834,0.3714357
27.840075,0.2791679,0.40336388,0.36804894,0.37085715
27.850075,0.2784415,0.4030111,0.36803624,0.37115258
27.860075,0.27909377,0.4032706,0.3680131,0.37073004
27.870075,0.2784158,0.4028669,0.36747092,0.37071633
27.880075,0.2796172,0.40291664,0.36838004,0.3709414
27.890072,0.27828893,0.40257183,0.36862147,0.3705883
27.900074,0.2796165,0.40370902,0.36777335,0.37121242
27.910076,0.27868456,0.40266177,0.3674749,0.37078696
27.920078,0.27861485,0.40325963,0.3681114,0.37098396
27.930082,0.27822512,0.40206367,0.36760736,0.36982474
27.940075,0.27866742,0.40272495,0.36775395,0.37013564
27.950075,0.27832687,0.4032244,0.36854985,0.370084
27.960072,0.27850118,0.40262288,0.36722067,0.3706069
27.970076,0.27882493,0.40301397,0.36759517,0.3707658
27.980074,0.27879742,0.4034151,0.36776152,0.36932272
27.990074,0.2791863,0.40287286,0.36794922,0.36932185
28.00009,0.2782192,0.40304548,0.36775157,0.36955255
28.010075,0.27882183,0.40234515,0.36754903,0.36967602
28.02008,0.2783531,0.40300396,0.36794367,0.3700226
28.030075,0.2791897,0.4020852,0.3674813,0.3699278
28.040077,0.27885345,0.40300626,0.36793,0.36943254
28.050076,0.27958408,0.4029697,0.36793733,0.36971417
28.060074,0.27887982,0.40387708,0.36739928,0.36998805
28.070076,0.27945465,0.40325665,0.3674814,0.36958522
28.080084,0.2786882,0.40199456,0.36830884,0.3691765
28.09009,0.27930033,0.40313414,0.3673431,0.36978748
28.100077,0.27869195,0.40302956,0.36726636,0.3697201
28.110073,0.27936807,0.40260583,0.36776263,0.3693092
28.120075,0.2791245,0.4027193,0.36821425,0.36886054
28.130074,0.27877825,0.40316007,0.36713973,0.36857033
28.140076,0.27922374,0.40398422,0.36755872,0.36819717
28.150076,0.27890947,0.402789,0.36745557,0.36864287
28.160084,0.27934983,0.4033621,0.3678311,0.36923456
28.170076,0.27953362,0.4037275,0.36823833,0.3683604
28.180075,0.27947354,0.40272364,0.36773637,0.36918172
28.190073,0.27831876,0.40332335,0.36784583,0.36951324
28.200073,0.27782905,0.4028582,0.3682108,0.36810812
28.210077,0.27797338,0.40254185,0.36788142,0.3685312
28.22008,0.27873272,0.40357587,0.3683978,0.36897454
28.230078,0.2793232,0.40230948,0.36861867,0.36816555
28.240076,0.27875915,0.40311676,0.36763045,0.3688351
28.250074,0.27849925,0.40309298,0.36805636,0.3683316
28.260073,0.27881616,0.40340135,0.3679827,0.36860883
28.270075,0.27974015,0.40309575,0.3680603,0.36809742
28.280075,0.27872545,0.4023127,0.3682899,0.36867213
28.290075,0.2791117,0.40256727,0.368099,0.36837116
28.300074,0.27887857,0.40203297,0.3682201,0.3679002
28.310074,0.27857468,0.40376937,0.3691743,0.3680958
28.320074,0.27933002,0.40294942,0.36785945,0.36810288
28.330074,0.27905855,0.40214708,0.36914313,0.36830887
28.34008,0.27789128,0.40141186,0.36829197,0.3676177
28.350086,0.27856603,0.40251288,0.3682258,0.36805025
28.360077,0.27864245,0.40226257,0.3680464,0.36780864
28.370089,0.27949235,0.4028394,0.368499,0.36821634
28.380074,0.27897823,0.4029039,0.36849,0.3682937
28.390076,0.27700493,0.401942,0.36824155,0.36839142
28.400084,0.27839473,0.4029521,0.36897853,0.36777177
28.410074,0.27830446,0.40292752,0.36872342,0.36827207
28.420074,0.27901295,0.40331936,0.36866376,0.36740056
28.430075,0.2781512,0.4025757,0.36867177,0.36777738
28.440077,0.27855554,0.40327492,0.36857793,0.36852798
28.450073,0.2793016,0.40226132,0.36950266,0.36753002
28.460075,0.27901113,0.40311137,0.36851874,0.36800164
28.470074,0.28001422,0.40365288,0.36948633,0.36735404
28.480074,0.2793732,0.4030243,0.3692398,0.36751366
28.490074,0.27956775,0.4032492,0.36899725,0.3677106
28.500076,0.27999872,0.40336144,0.3699461,0.36751798
28.510075,0.27938673,0.4027926,0.36930642,0.36754563
28.520075,0.27944288,0.4039384,0.3700588,0.36709645
28.530075,0.27897206,0.40282986,0.3698327,0.3671128
28.540075,0.27887678,0.40247452,0.36899722,0.36734185
28.550074,0.27925053,0.40302145,0.36934283,0.36713266
28.560076,0.27902102,0.40267387,0.36935353,0.3667178
28.570072,0.27947086,0.40290532,0.3701848,0.36712572
28.580086,0.2787538,0.40299302,0.36967897,0.36720273
28.59009,0.2795125,0.40282398,0.36965948,0.3668795
28.600077,0.2792073,0.40262517,0.36980376,0.36737514
28.610075,0.27879268,0.40296388,0.3695304,0.36769262
28.620075,0.27909198,0.40226758,0.36971423,0.36694124
28.630075,0.27932796,0.4031738,0.36978784,0.36672643
28.640076,0.2793081,0.40301123,0.36942258,0.366705
28.650076,0.2791345,0.40257984,0.36986047,0.36722144
28.660076,0.27856028,0.40226442,0.37016207,0.36686894
28.670073,0.27904224,0.40243518,0.37036622,0.36693254
28.680075,0.27865955,0.40293434,0.36996642,0.36638278
28.690075,0.27926952,0.4023914,0.37021595,0.3667766
28.700075,0.27821973,0.40250245,0.36997187,0.36668432
28.710073,0.27911493,0.40188313,0.3705226,0.3669376
28.720074,0.2791928,0.40249136,0.3706617,0.36629912
28.730076,0.27926588,0.4026021,0.37081367,0.36721653
28.740076,0.27975875,0.40282083,0.3705502,0.36609071
28.750076,0.278544,0.40212473,0.3703505,0.3669472
28.760075,0.2797291,0.40255046,0.37066463,0.3664956
28.770073,0.27956596,0.4027967,0.37047175,0.3663487
28.780073,0.27888146,0.40261397,0.37077832,0.36602214
28.790075,0.27960172,0.40197283,0.37049374,0.36581376
28.800076,0.27871478,0.40234828,0.37148505,0.3659603
28.810074,0.2784815,0.4022273,0.37031427,0.36582705
28.820074,0.27945766,0.4029833,0.37047812,0.36559114
28.830076,0.2785807,0.40245712,0.37093326,0.36500797
28.840075,0.27926815,0.4030861,0.37088162,0.3659654
28.850075,0.2788083,0.40300676,0.3713679,0.3659168
28.860075,0.27893075,0.40263578,0.3711272,0.36617762
28.870071,0.27987418,0.4026774,0.37059644,0.36571768
28.880075,0.27871084,0.40224892,0.37164256,0.3657666
28.890072,0.2797237,0.40268242,0.37091064,0.36611864
28.900076,0.2792128,0.40341198,0.37199464,0.36500153
28.910076,0.27930066,0.40290752,0.3718891,0.36588356
28.920074,0.27962443,0.4023599,0.3712896,0.36512282
28.930075,0.2797322,0.4031523,0.37217316,0.36557284
28.940075,0.278932,0.40224674,0.371357,0.36547434
28.950075,0.27976194,0.40310863,0.3716333,0.36507967
28.960072,0.27940777,0.40255263,0.37220252,0.3648933
28.970074,0.27976272,0.4023762,0.3719965,0.3661045
28.980076,0.27921718,0.4028846,0.37189218,0.36548007
28.990074,0.27899808,0.40343338,0.37162313,0.3660854
29.000084,0.2786423,0.40282243,0.37227762,0.36525145
29.010075,0.27878013,0.4023721,0.37246677,0.365394
29.020077,0.27940065,0.4029576,0.37154838,0.3653051
29.030073,0.2786515,0.40262687,0.37195292,0.36479527
29.040073,0.27928427,0.40331113,0.372273,0.3649752
29.050076,0.27904058,0.40227747,0.37174302,0.36486652
29.060074,0.27919805,0.4031494,0.37174854,0.3650484
29.070074,0.27943498,0.4023316,0.37184748,0.36469552
29.080086,0.278987,0.40281242,0.37115037,0.36603937
29.090084,0.27881017,0.4025515,0.37230235,0.3653925
29.100077,0.27936795,0.40265444,0.37208265,0.36619422
29.110075,0.2786148,0.4022333,0.37211588,0.3642844
29.120075,0.27931312,0.40244284,0.37199736,0.3655664
29.130074,0.27868333,0.40229318,0.37164837,0.36500585
29.140076,0.27865827,0.40216777,0.37151927,0.3656479
29.150076,0.27856624,0.40146494,0.37191346,0.36478525
29.160082,0.2787789,0.40274763,0.371961,0.36425287
29.170076,0.27821955,0.40247637,0.37110087,0.3643768
29.180075,0.27876872,0.40215182,0.37223157,0.364601
29.190073,0.2792264,0.40264046,0.3728383,0.3645107
29.200073,0.2787551,0.4021137,0.37176788,0.36427897
29.210075,0.27935368,0.40267757,0.37214008,0.36507693
29.220076,0.27828577,0.40231502,0.3720483,0.3644422
29.230074,0.27962202,0.4032681,0.3723146,0.36534584
29.240095,0.27973273,0.40216798,0.37232387,0.36421433
29.250072,0.27894676,0.40189832,0.37230644,0.3645556
29.260077,0.27884242,0.40252241,0.37232468,0.3642094
29.270075,0.27902448,0.40203342,0.37229034,0.36452785
29.280075,0.2794078,0.40267193,0.3726793,0.3645601
29.290075,0.2794068,0.40297398,0.37238672,0.36485276
29.300074,0.27909428,0.40295368,0.37183154,0.36368963
29.310081,0.27924648,0.40213847,0.37190026,0.3642848
29.320076,0.2783424,0.40293306,0.37288985,0.36428568
29.330076,0.27893755,0.4019788,0.37267026,0.36543217
29.340078,0.27790812,0.40176544,0.3722307,0.36412373
29.350084,0.2787265,0.4021972,0.37191388,0.3646099
29.360077,0.279975,0.40217176,0.3730828,0.36519396
29.370075,0.27902853,0.40243793,0.37279087,0.3644922
29.380074,0.28023264,0.40245137,0.37326938,0.36513558
29.390076,0.2794426,0.40278694,0.372395,0.3651843
29.400074,0.2796746,0.40197822,0.37321386,0.36346915
29.410076,0.27910239,0.40222678,0.373467,0.364221
29.420074,0.27962843,0.4024989,0.3728695,0.3637979
29.430077,0.2780626,0.40318236,0.37288877,0.3642484
29.440075,0.27895907,0.40181726,0.37318254,0.36420542
29.450075,0.27902803,0.4028727,0.3725566,0.36391765
29.460075,0.27903664,0.40280318,0.37314653,0.36424607
29.470076,0.27833351,0.40244186,0.37311617,0.36396888
29.480076,0.2792964,0.4028605,0.37249616,0.36424127
29.490074,0.279247,0.40252462,0.37334517,0.36409846
29.500076,0.27962464,0.4023848,0.3731106,0.36404967
29.510075,0.27938673,0.4027534,0.37295085,0.3632583
29.520077,0.27902505,0.40174308,0.37334067,0.36455357
29.530073,0.2789592,0.4031346,0.37330768,0.36374077
29.540073,0.27923024,0.40229946,0.3730307,0.36369315
29.550074,0.2788098,0.4026264,0.37337366,0.36369562
29.560072,0.27813634,0.40187958,0.37314782,0.363253
29.570076,0.27940828,0.40314096,0.37344688,0.36475608
29.580091,0.2780638,0.4019528,0.37337458,0.36409003
29.590084,0.27835166,0.4021901,0.37327576,0.36456487
29.600077,0.2786302,0.40187728,0.37387896,0.36354864
29.610073,0.27850023,0.40256664,0.37404042,0.36368802
29.620077,0.2791836,0.40229538,0.37361655,0.36335787
29.630075,0.2787071,0.40178043,0.3728281,0.3638758
29.640076,0.2796956,0.40254048,0.3736901,0.3641983
29.650076,0.27820662,0.4018821,0.37320527,0.3636908
29.660074,0.27819356,0.40236264,0.37341768,0.36301357
29.670074,0.2790023,0.4023986,0.37307698,0.36370882
29.680073,0.2791142,0.4021901,0.37358746,0.36364946
29.690084,0.27986273,0.40243503,0.37351507,0.36381024
29.700075,0.27925172,0.40258908,0.37358612,0.36429423
29.710075,0.2794821,0.40278584,0.3734082,0.36365464
29.720076,0.27942097,0.40327796,0.373649,0.3635278
29.730074,0.27907073,0.40217525,0.3738731,0.36356592
29.740076,0.27889094,0.40257615,0.37403542,0.36365914
29.750095,0.27980125,0.4020773,0.3739534,0.36396292
29.760077,0.27914968,0.40263617,0.37440455,0.3634803
29.770075,0.27944297,0.4019254,0.37389013,0.36315948
29.780073,0.2788849,0.4022066,0.3741638,0.36353368
29.790075,0.28011274,0.40230283,0.37437245,0.36412752
29.800074,0.27836657,0.4024713,0.37496847,0.3632215
29.810072,0.28009656,0.40248075,0.37428445,0.363588
29.820076,0.27830395,0.40327418,0.37451938,0.36315906
29.830074,0.2792813,0.4020891,0.37566647,0.36331016
29.840075,0.27953273,0.4029205,0.3740057,0.36304614
29.850088,0.2795248,0.40246242,0.37472123,0.3640424
29.860077,0.2793123,0.40181947,0.3737251,0.3635646
29.870075,0.27911156,0.4024909,0.37488592,0.36372852
29.880074,0.27872682,0.4022519,0.37441093,0.36369452
29.890074,0.27885935,0.40203756,0.3745095,0.3635543
29.900074,0.27921435,0.40215412,0.37398237,0.363353
29.910076,0.2792879,0.40249777,0.37447345,0.3631478
29.920074,0.279045,0.40222266,0.37482235,0.36359102
29.930075,0.2790383,0.40227747,0.37426978,0.36318102
29.940075,0.27988398,0.40297312,0.3753514,0.3636129
29.95008,0.2794085,0.40240386,0.37481138,0.3637577
29.960075,0.2801929,0.40310457,0.37508875,0.36391878
29.970072,0.2794518,0.40243676,0.37539923,0.36329597
29.980076,0.2796497,0.40227678,0.37520412,0.36315247
29.990074,0.27923086,0.40211165,0.37573016,0.36348134
30.00008,0.279096,0.4022377,0.37603614,0.36348325
30.010078,0.27883247,0.40221837,0.37535238,0.3631812
30.020077,0.2785664,0.40192583,0.37594768,0.36288697
30.030073,0.2788213,0.40238908,0.37548238,0.36294818
30.04008,0.27948698,0.40199795,0.3753287,0.36371487
30.050098,0.27882975,0.40180603,0.37568304,0.36334503
30.06008,0.2788041,0.40175983,0.37551245,0.36307827
30.070074,0.27936208,0.4021659,0.37568432,0.36305672
30.080101,0.27797508,0.40183333,0.3762916,0.3626925
30.09009,0.2792094,0.4018913,0.3761869,0.36332908
30.100079,0.27897978,0.40188798,0.37601623,0.36430034
30.110077,0.27916008,0.40290877,0.3759738,0.3634675
30.120079,0.27906382,0.4023313,0.37621775,0.36328867
30.130075,0.27942833,0.40215313,0.3763368,0.36323988
30.140076,0.27902347,0.40191472,0.37649217,0.36277524
30.150076,0.27789292,0.4018807,0.37599114,0.3633676
30.160074,0.27920863,0.40220797,0.3762094,0.3627512
30.170073,0.27926475,0.4027692,0.37705538,0.363124
30.180073,0.2789679,0.4021303,0.3766175,0.36312973
30.190073,0.27944708,0.40290332,0.376845,0.362897
30.200075,0.27945468,0.40249455,0.37708652,0.3634496
30.210072,0.27894473,0.40072408,0.3761506,0.3631923
30.220076,0.27917308,0.4025742,0.37675747,0.3630265
30.230072,0.2796328,0.40316376,0.3766251,0.3623218
30.240076,0.27885643,0.4032491,0.37693697,0.3630162
30.250074,0.27949834,0.40062368,0.3771957,0.36273035
30.260077,0.28003827,0.40316582,0.37691402,0.36346355
30.270075,0.27959168,0.40236717,0.37675288,0.36310974
30.280073,0.27958107,0.40248248,0.37688383,0.36298048
30.290075,0.2789606,0.4024461,0.3770328,0.36279464
30.300074,0.2799229,0.40268862,0.37721023,0.36314347
30.310072,0.2793666,0.40141752,0.37740317,0.36206236
30.320076,0.27965775,0.4023257,0.3780273,0.3632105
30.330072,0.2787746,0.40126666,0.37772393,0.3625525
30.341389,0.27774578,0.40213424,0.37804312,0.36305833
30.350094,0.27949762,0.4011781,0.37796205,0.36213955
30.360079,0.2789948,0.40221608,0.37791157,0.36240938
30.370077,0.27777722,0.40113193,0.37751943,0.36252984
30.380077,0.27787325,0.4012308,0.37725902,0.36177793
30.390076,0.27821952,0.40117374,0.37781173,0.36290902
30.400282,0.27666026,0.4016356,0.3780314,0.36235893
30.410105,0.27823454,0.40063822,0.37747583,0.36250773
30.420082,0.27862042,0.4008417,0.37759715,0.36215135
30.430077,0.2785793,0.40099305,0.37818998,0.3623611
30.440075,0.27802378,0.4013284,0.37805727,0.36189088
30.450073,0.27907073,0.40231267,0.3786556,0.36270562
30.460075,0.27893537,0.4019268,0.37842473,0.36270753
30.470076,0.279444,0.40213785,0.37873092,0.36264464
30.480074,0.27949104,0.40175545,0.37869743,0.3622732
30.490074,0.27919647,0.400038,0.378257,0.3630418
30.500074,0.2799974,0.4021806,0.3793417,0.36230126
30.510075,0.2790865,0.40214422,0.37918815,0.36235985
30.520073,0.27958098,0.4021041,0.37875503,0.36172864
30.530075,0.27978724,0.4026926,0.37841082,0.3622295
30.540075,0.2794259,0.40281227,0.37918705,0.36207062
30.550072,0.28009692,0.40295884,0.37970313,0.36186326
30.560074,0.27958807,0.40254727,0.37886518,0.36240688
30.570072,0.27976838,0.40183288,0.37890887,0.36254942
30.580133,0.27880648,0.40270913,0.37941092,0.36188683
30.590094,0.27896002,0.4017411,0.3789746,0.36232603
30.600077,0.27988914,0.40173373,0.37972757,0.3620801
30.610073,0.2795377,0.40169656,0.37967944,0.3628446
30.620075,0.28037518,0.40204835,0.37986335,0.3633234
30.630075,0.27875987,0.4023295,0.3796524,0.3623527
30.640074,0.27927482,0.40229315,0.38012213,0.36248103
30.650072,0.2792838,0.4021248,0.379827,0.36251187
30.660072,0.27933803,0.40218613,0.37967712,0.36229655
30.670074,0.2795056,0.40204597,0.38038555,0.36195493
30.680075,0.27964002,0.40220279,0.3801542,0.3621454
30.690073,0.2792306,0.40288228,0.3801103,0.36215693
30.700075,0.27929932,0.4028224,0.38005087,0.3629521
30.710073,0.27901214,0.402585,0.3801283,0.36254567
30.720076,0.28055987,0.40137044,0.3803067,0.3621954
30.730074,0.27890083,0.40250337,0.38041273,0.36234504
30.740074,0.27946666,0.40162504,0.38077074,0.36258534
30.750074,0.27970952,0.40281904,0.38041514,0.36250663
30.760073,0.27916467,0.4022827,0.38009077,0.3613337
30.770075,0.27902544,0.4018498,0.3805026,0.36192277
30.780075,0.2795521,0.40133402,0.3802409,0.36167985
30.790073,0.27926022,0.40222237,0.38081387,0.36199725
30.800074,0.27904156,0.40289468,0.3815996,0.36176085
30.810074,0.2793613,0.40184474,0.38118243,0.36175385
30.820076,0.27961147,0.40171584,0.380892,0.3617834
30.830074,0.27932137,0.40184665,0.38109627,0.36238462
30.840075,0.27966684,0.40209877,0.38130295,0.36236772
30.850075,0.2796843,0.4017323,0.38103962,0.3621169
30.860088,0.2797755,0.40219653,0.38135013,0.36197194
30.870073,0.27889737,0.40170637,0.38052467,0.3616975
30.880074,0.27990893,0.40221786,0.3812743,0.36245626
30.890076,0.27924988,0.40192902,0.3814007,0.36177185
30.900074,0.27957872,0.40280342,0.38125888,0.36241865
30.910074,0.27943188,0.4018971,0.38151875,0.36242285
30.920074,0.27945128,0.4018825,0.38165122,0.36205345
30.930073,0.27912048,0.40193745,0.38163763,0.36195418
30.940075,0.280234,0.40190703,0.3812691,0.3615717
30.950073,0.2800557,0.4028324,0.3820278,0.3618992
30.96008,0.2794092,0.40208843,0.38211977,0.361914
30.970076,0.2794686,0.4015906,0.38173813,0.36176002
30.980074,0.27923203,0.40273532,0.38035887,0.36224923
30.990074,0.27949733,0.40361568,0.38345006,0.36307982
31.000078,0.28036574,0.4024463,0.38175094,0.3616604
31.010077,0.2792078,0.4017087,0.38144234,0.36199462
31.020077,0.27921107,0.40205008,0.3820945,0.36142674
31.030073,0.27988794,0.40232265,0.38260075,0.3620862
31.040075,0.27944154,0.40191463,0.38224047,0.36192065
31.050074,0.27994433,0.40317184,0.38225275,0.36241946
31.060093,0.27990973,0.4017564,0.38253933,0.3619015
31.070076,0.27988562,0.40205958,0.38313493,0.36214495
31.08074,0.2784347,0.40189585,0.38259625,0.36195832
31.090094,0.2784781,0.4013555,0.3824738,0.36264828
31.100077,0.27950802,0.4019658,0.38314852,0.36188132
31.110077,0.27863917,0.4022414,0.38224548,0.36160988
31.120073,0.27910906,0.40194356,0.38311714,0.3618504
31.130075,0.27880138,0.40163466,0.3829546,0.3614339
31.140076,0.27954867,0.40163627,0.38364148,0.36112857
31.150074,0.27936706,0.40178737,0.383464,0.361805
31.160095,0.2792111,0.40334576,0.38266063,0.36185127
31.170073,0.27888763,0.4015173,0.3839274,0.36187106
31.180075,0.28009972,0.4021908,0.38247895,0.36168146
31.190073,0.2786251,0.4017429,0.3826004,0.36188355
31.200075,0.28035927,0.40241438,0.38539305,0.36152077
31.210075,0.27946118,0.4000174,0.3823548,0.3611789
31.220085,0.27963847,0.40308845,0.38502413,0.36333364
31.23008,0.27888256,0.40103382,0.38527986,0.36127767
31.240074,0.27971688,0.4016781,0.38357002,0.36095953
31.250076,0.2794306,0.4012506,0.38341376,0.3614812
31.260094,0.27912253,0.40153944,0.38421097,0.36100078
31.270073,0.27611756,0.4014125,0.38395122,0.36148325
31.280073,0.2786567,0.4016604,0.3839544,0.36148
31.290073,0.27901062,0.40168065,0.38347688,0.36102027
31.300074,0.27960658,0.4013904,0.38437513,0.36195993
31.310072,0.28020883,0.4015433,0.3847627,0.36132243
31.320074,0.27946573,0.40148467,0.38436514,0.3611988
31.330076,0.27964562,0.40200457,0.38426846,0.3619237
31.341383,0.2776824,0.40172136,0.3834856,0.3611525
31.350096,0.28025723,0.40237746,0.3846761,0.36169672
31.360104,0.27938017,0.40163347,0.3847236,0.36085212
31.370077,0.27967143,0.402077,0.38433734,0.361506
31.380075,0.2791187,0.40176344,0.38485286,0.36091265
31.390076,0.27928358,0.40207833,0.38511148,0.36220208
31.400074,0.27963728,0.40246978,0.3851575,0.36193606
31.410072,0.27902448,0.40170756,0.38461253,0.36184624
31.420076,0.27946156,0.40180367,0.38490757,0.36177525
31.43007,0.27953604,0.4016329,0.3851782,0.36145592
31.440075,0.27984896,0.40218815,0.38534784,0.36168146
31.450073,0.27977076,0.4021326,0.38491234,0.3616158
31.460075,0.2793628,0.40265143,0.38487464,0.36196074
31.470072,0.2800251,0.40241963,0.385258,0.36130384
31.480072,0.27978706,0.40265232,0.38529086,0.36259294
31.490074,0.27970812,0.40127444,0.38453826,0.362352
31.500076,0.28053796,0.40225616,0.38531354,0.36151418
31.510075,0.27894115,0.40193757,0.3851623,0.36151463
31.520075,0.27956378,0.40231812,0.38552725,0.36201268
31.530073,0.2801383,0.40162277,0.38625324,0.36174598
31.540075,0.28001118,0.40155745,0.3863015,0.36110896
31.550074,0.27937165,0.4022303,0.38576525,0.36231002
31.560074,0.27988496,0.40188214,0.38536376,0.36175084
31.570074,0.27932602,0.40141356,0.38552147,0.36127678
31.581015,0.2777272,0.4019599,0.38578942,0.36201087
31.590094,0.27922437,0.40175387,0.38626093,0.36166283
31.600079,0.2794419,0.4005731,0.38676912,0.36192337
31.610073,0.27960855,0.40173185,0.38693756,0.36143962
31.620073,0.27949172,0.4014718,0.38619018,0.36130503
31.630077,0.2795654,0.40186805,0.38699797,0.3617267
31.640076,0.27963755,0.40113953,0.38683826,0.36190116
31.650072,0.27929884,0.4020791,0.38761252,0.3623095
31.660074,0.27991652,0.40205505,0.3870116,0.36226028
31.670074,0.27903196,0.4018245,0.38717,0.36114866
31.680075,0.2790307,0.40124074,0.3871307,0.36145365
31.690073,0.27932844,0.4025511,0.3866509,0.36208817
31.700075,0.27942836,0.40180463,0.38761115,0.36135188
31.710075,0.27921268,0.40188625,0.3875998,0.36170077
31.720074,0.27983454,0.40125343,0.38718212,0.36113888
31.730076,0.27967504,0.40158966,0.38836417,0.36132485
31.740076,0.2803371,0.40180042,0.38806188,0.3616856
31.750074,0.27964008,0.4020182,0.387978,0.36139938
31.760075,0.2804039,0.40207842,0.3874715,0.3617224
31.770073,0.27967873,0.400927,0.38788858,0.3617029
31.780075,0.28000566,0.4018236,0.38842624,0.36193416
31.790073,0.27923217,0.40148407,0.38832325,0.3617365
31.800074,0.2803171,0.40257564,0.38813832,0.36201423
31.810074,0.27918893,0.40179527,0.38796577,0.36194962
31.820072,0.2795376,0.40262657,0.38874146,0.36185023
31.830074,0.27996936,0.40190125,0.3890005,0.36189032
31.840073,0.2800802,0.40165183,0.38898712,0.3620178
31.850075,0.2799665,0.40139768,0.38944218,0.3614778
31.860075,0.2788076,0.4023481,0.38902786,0.36178753
31.870079,0.27961966,0.40200478,0.38965103,0.36185545
31.880075,0.27945557,0.4029719,0.38982064,0.36142045
31.890072,0.28005633,0.40164596,0.3905719,0.36157668
31.900076,0.27975506,0.40351832,0.390769,0.3612354
31.910076,0.27925822,0.4036027,0.39153793,0.36295065
31.920073,0.28011858,0.40021974,0.39195678,0.36226714
31.930075,0.2799685,0.4012321,0.389601,0.36331832
31.940073,0.2790083,0.40238282,0.3915916,0.36273488
31.950073,0.2805868,0.40241,0.39023954,0.3601045
31.960073,0.27869776,0.401554,0.39048862,0.36224028
31.97008,0.2784472,0.40220788,0.39076695,0.36096877
31.980076,0.2797779,0.4018739,0.3910003,0.36202583
31.990074,0.2795072,0.40176016,0.3907921,0.36267036
32.00008,0.27942067,0.40222475,0.39111674,0.36188385
32.01007,0.27929065,0.40062773,0.39116785,0.36134508
32.020077,0.27913368,0.4014026,0.39074433,0.36157557
32.030075,0.27878866,0.40147477,0.3918791,0.36204466
32.040073,0.2797174,0.4025241,0.3916318,0.36180785
32.050076,0.2793574,0.40202197,0.3917318,0.3616341
32.060074,0.27997273,0.4011975,0.39232758,0.3619619
32.07009,0.2790631,0.40196484,0.39250818,0.3621606
32.08131,0.27851844,0.4030426,0.3918111,0.36303166
32.090096,0.27893212,0.40256956,0.39305806,0.36075914
32.10008,0.27947497,0.4005066,0.394231,0.36285648
32.110073,0.2795825,0.40216002,0.39048395,0.3639592
32.12008,0.28030956,0.4007779,0.39265132,0.3633864
32.130074,0.27935284,0.4015477,0.39422277,0.36289024
32.140076,0.27959466,0.40315628,0.39246562,0.3629677
32.150074,0.27954334,0.4024101,0.39325804,0.36164096
32.160072,0.2806017,0.40174404,0.39285508,0.3615852
32.170094,0.27872074,0.40139234,0.39363265,0.36246172
32.180073,0.27825746,0.4012752,0.39358193,0.36151814
32.190075,0.27957922,0.40186745,0.39401352,0.36172265
32.200073,0.27797905,0.40221626,0.39341813,0.36190128
32.210075,0.28065503,0.40161347,0.39422032,0.361779
32.220078,0.27977154,0.40163687,0.39449996,0.36191043
32.230072,0.28044266,0.40197268,0.39465684,0.36131728
32.240074,0.2794943,0.40159267,0.39458838,0.36204082
32.250072,0.27972865,0.4024038,0.3954017,0.3626704
32.260075,0.2799738,0.40150186,0.39502794,0.36147675
32.270092,0.2792651,0.4019264,0.3955299,0.36235172
32.280075,0.28009206,0.40221334,0.3961919,0.36205792
32.290073,0.2799667,0.40164775,0.3951396,0.3618328
32.300076,0.27911818,0.40202454,0.39559537,0.3622517
32.310078,0.27916554,0.4011674,0.39563546,0.36214086
32.320072,0.2795773,0.4016518,0.3957803,0.36200893
32.330074,0.2793865,0.40119797,0.3970572,0.36207572
32.34136,0.27781814,0.40146753,0.3964366,0.36230788
32.35009,0.27935138,0.40118745,0.39665863,0.3620256
32.36008,0.27948716,0.40157783,0.39725077,0.36242607
32.37007,0.27876166,0.400787,0.39689428,0.36260238
32.380077,0.2801272,0.40139675,0.39761215,0.36274844
32.390076,0.2796269,0.40095523,0.39721778,0.36245188
32.400078,0.28011158,0.4018955,0.3974454,0.36208984
32.410076,0.2795063,0.4007537,0.39765418,0.36244455
32.420074,0.2795428,0.40158942,0.39796594,0.36258748
32.430073,0.27941108,0.40076682,0.39809752,0.3622394
32.440075,0.27930772,0.40129107,0.39844725,0.36219493
32.450073,0.2797552,0.4014088,0.39813143,0.36270517
32.460075,0.2792572,0.4014009,0.3988747,0.36248386
32.470074,0.28010368,0.4019035,0.39883623,0.36167505
32.480076,0.27863246,0.40129325,0.39928403,0.3619606
32.490074,0.27970502,0.4022358,0.39992508,0.36256462
32.500072,0.27947587,0.40095928,0.39900252,0.3625804
32.510075,0.27917102,0.40139857,0.39920783,0.36236954
32.520077,0.27936292,0.40118665,0.39970684,0.3623984
32.53007,0.2796219,0.40186098,0.40030295,0.36293665
32.540073,0.2808426,0.40232068,0.3995188,0.36280861
32.550076,0.27986115,0.4016906,0.40078777,0.36268067
32.560074,0.2792891,0.4019577,0.40078193,0.36220708
32.570072,0.27926025,0.40212148,0.40140358,0.36222148
32.58009,0.28024733,0.4022351,0.4008739,0.3627223
32.5901,0.279297,0.40153605,0.40091217,0.362668
32.60008,0.27905393,0.40167204,0.40132418,0.36229572
32.610077,0.28040552,0.4013162,0.40137264,0.36285305
32.620075,0.27960327,0.4012788,0.4011653,0.36199412
32.630077,0.2787366,0.40163705,0.40162802,0.3628056
32.640076,0.28049022,0.4022872,0.40233746,0.36250412
32.650074,0.27916288,0.4011706,0.40242478,0.3633818
32.660072,0.28061646,0.40220433,0.4028718,0.3624403
32.670074,0.27956825,0.40126872,0.40292674,0.36268222
32.680096,0.28029773,0.4019162,0.40316436,0.36279088
32.690075,0.27945772,0.40139475,0.40289468,0.3619639
32.700085,0.27994344,0.40195325,0.40386826,0.36292014
32.710075,0.2794595,0.40126973,0.403425,0.36251557
32.720074,0.27897897,0.40139198,0.40394253,0.36315346
32.730076,0.27923873,0.4017307,0.40425804,0.3619572
32.740074,0.27903616,0.401519,0.4041275,0.36262333
32.750076,0.27966082,0.40203956,0.4047606,0.36295652
32.760075,0.27946928,0.4014994,0.40432674,0.36270934
32.770073,0.27974048,0.4008045,0.40494588,0.36255795
32.78009,0.27960607,0.4019447,0.4055083,0.3625211
32.790077,0.27983057,0.4014283,0.4050388,0.36223897
32.800076,0.2793478,0.40089503,0.40592542,0.3632392
32.810074,0.2798575,0.40121418,0.40606615,0.3625845
32.820076,0.27965385,0.4015656,0.405628,0.36340538
32.830074,0.279618,0.40175608,0.40655953,0.36343727
32.840076,0.27937824,0.40099838,0.40613925,0.36246613
32.850075,0.2803609,0.40244824,0.40679708,0.36301807
32.860073,0.27915964,0.40181944,0.40656242,0.36276284
32.870075,0.27956358,0.40187708,0.40633118,0.3632489
32.88009,0.2792515,0.40134004,0.4066434,0.36326948
32.890076,0.27905262,0.40120256,0.40715885,0.36379796
32.900074,0.27936217,0.4016242,0.4071575,0.36325702
32.910076,0.28005084,0.4015944,0.40723172,0.3628662
32.92008,0.28022748,0.40118963,0.4078666,0.36373758
32.930077,0.2801939,0.4016491,0.4075525,0.36252975
32.940075,0.28003627,0.4024178,0.40838435,0.36351871
32.95007,0.2799179,0.40067038,0.4082622,0.36265638
32.960075,0.28019413,0.40143538,0.40960088,0.36362746
32.970074,0.27985248,0.40203226,0.40884256,0.36267775
32.98009,0.2804966,0.4020134,0.40928343,0.36396626
32.990074,0.27941442,0.40114036,0.40975222,0.3635134
33.000076,0.27987784,0.40224946,0.41053694,0.36332917
33.010075,0.2793728,0.40034503,0.40931416,0.362955
33.020073,0.27964422,0.40220773,0.4102885,0.3631464
33.030075,0.28008714,0.4018653,0.40962085,0.36341798
33.040073,0.27948514,0.40242028,0.41069278,0.36379197
33.050076,0.2799419,0.40227064,0.40930057,0.3633674
33.060074,0.279829,0.39963737,0.41137728,0.36282405
33.070072,0.2798163,0.4001594,0.40920702,0.36356115
33.080093,0.2803763,0.40329844,0.41170883,0.36494493
33.0901,0.27963805,0.4002162,0.41272604,0.36544728
33.10008,0.27915487,0.4012142,0.41166544,0.36341503
33.110077,0.27862722,0.40229288,0.41268963,0.36266974
33.120075,0.2792206,0.4004824,0.4129226,0.3640742
33.130074,0.27869156,0.4010561,0.41261628,0.36338046
33.14007,0.27824512,0.4001756,0.41197067,0.3626067
33.150074,0.27855396,0.40094185,0.4127922,0.3632212
33.160076,0.2781159,0.4006477,0.41281405,0.36287946
33.170074,0.27811873,0.4005206,0.41315478,0.3636913
33.180096,0.27872804,0.40148258,0.41365185,0.36347172
33.19007,0.27886412,0.40043238,0.41307002,0.3633315
33.200073,0.2786743,0.40034932,0.41389138,0.3635586
33.21007,0.27724096,0.3952129,0.41464236,0.36341178
33.22008,0.28003642,0.40130043,0.41449592,0.363477
33.230072,0.27984187,0.400739,0.41503668,0.36385274
33.240074,0.2798456,0.4018013,0.41501775,0.3638389
33.250076,0.27933416,0.40092948,0.41521722,0.36413762
33.260075,0.27997947,0.40154114,0.41554257,0.3636774
33.270077,0.2788414,0.4015697,0.41555706,0.36409467
33.280094,0.2805031,0.40250662,0.41615048,0.36378202
33.290165,0.28004253,0.40072644,0.41597435,0.36388865
33.30008,0.27977547,0.40126252,0.41685292,0.36403266
33.310074,0.28039464,0.40116757,0.41712707,0.36442173
33.320072,0.28002942,0.40171108,0.41675156,0.36356914
33.330074,0.2800428,0.40258935,0.41726163,0.3643735
33.341385,0.27750465,0.40129188,0.41754568,0.36436895
33.350094,0.2800984,0.40119833,0.4177039,0.3636032
33.360077,0.27996853,0.40144658,0.41770095,0.36484554
33.370075,0.27984706,0.40116605,0.41881847,0.36437485
33.380093,0.2796574,0.40112868,0.4187956,0.36396486
33.390076,0.28000754,0.4019201,0.41878572,0.36440775
33.400208,0.28034797,0.40105993,0.4189549,0.36458072
33.410072,0.27990517,0.4011097,0.41894668,0.36405557
33.420074,0.28007278,0.4009966,0.41898423,0.36445272
33.430073,0.27993593,0.40256715,0.41954023,0.36447054
33.440075,0.27997634,0.40072063,0.41887298,0.36423007
33.45007,0.28009784,0.4022541,0.41993284,0.36467773
33.460075,0.2795144,0.40157002,0.41939268,0.3639086
33.470074,0.2795562,0.40191483,0.41929305,0.36424085
33.48009,0.28011256,0.40133408,0.41952693,0.36472172
33.490074,0.2804322,0.4011507,0.4204702,0.3646439
33.500072,0.2791808,0.40094388,0.42004925,0.36500323
33.510075,0.28040984,0.40147465,0.4201264,0.36432254
33.520077,0.27976966,0.40093678,0.420802,0.36368278
33.530075,0.2797828,0.40156555,0.4204018,0.3644094
33.540077,0.27969176,0.40130496,0.4210611,0.3654599
33.55007,0.2803063,0.40091652,0.42030528,0.3651074
33.560074,0.28022486,0.40151414,0.42162108,0.364375
33.570076,0.2796906,0.4012342,0.42129138,0.3651096
33.580082,0.2801597,0.40259263,0.42139545,0.3648635
33.590103,0.27962774,0.4007531,0.4214398,0.36434898
33.60008,0.2798937,0.40221798,0.42197564,0.36489615
33.610073,0.28012162,0.4005889,0.4219445,0.3651162
33.620075,0.27993232,0.40152657,0.4221472,0.36477405
33.630074,0.27992943,0.40176022,0.4219396,0.36546773
33.640076,0.2793464,0.40155363,0.42144972,0.3650415
33.650074,0.2792283,0.40166062,0.4215399,0.36479318
33.660076,0.2799195,0.40120965,0.42189118,0.36534292
33.670074,0.2792662,0.40035766,0.42190456,0.3651561
33.680073,0.280344,0.40181115,0.4216065,0.3655795
33.690075,0.2802261,0.40084332,0.4222821,0.3650533
33.700077,0.27994815,0.40116286,0.42229435,0.36522353
33.710075,0.28004715,0.40200925,0.42220372,0.36555064
33.720074,0.27977702,0.40132374,0.42180866,0.365204
33.730076,0.28124407,0.4021849,0.4227657,0.36498922
33.740074,0.27987802,0.40216607,0.4219572,0.36521465
33.750076,0.27967644,0.40211043,0.42292276,0.3651263
33.760075,0.2794047,0.40190908,0.42291495,0.36532918
33.770073,0.2802271,0.401534,0.4225139,0.36574426
33.780075,0.28040817,0.40180004,0.42251343,0.36594903
33.790073,0.2799724,0.40166745,0.42267677,0.36619172
33.800076,0.27992645,0.40136012,0.42259216,0.3650836
33.810074,0.27975386,0.40125433,0.42256817,0.36505783
33.820072,0.27968222,0.4017607,0.4230302,0.3652755
33.830074,0.28030553,0.40130666,0.4221175,0.3653706
33.840076,0.28039542,0.40254116,0.4224593,0.36607227
33.850075,0.28020093,0.4017588,0.42162362,0.36559814
33.860073,0.28010207,0.40203092,0.42222437,0.36573905
33.870075,0.279924,0.40014815,0.42231962,0.36587724
33.880074,0.28046465,0.4036442,0.4241819,0.36548087
33.890076,0.28027272,0.40280637,0.42190927,0.36686757
33.900074,0.28052408,0.40337884,0.4213636,0.364904
33.910072,0.2795484,0.40120992,0.42370114,0.36588767
33.920074,0.27975014,0.40309888,0.4229955,0.36756754
33.930077,0.2804166,0.40239644,0.4218857,0.3646558
33.940075,0.28038672,0.40107992,0.42251307,0.3660136
33.950077,0.27930796,0.40177113,0.42222434,0.36580172
33.960075,0.27977246,0.40144664,0.42195928,0.36611277
33.970074,0.28025785,0.4013673,0.42223728,0.36558846
33.980072,0.28035814,0.4018343,0.42205533,0.36618412
33.990074,0.28005198,0.4016891,0.42249125,0.3661379
34.00008,0.2800637,0.40053844,0.42285326,0.36577857
34.010075,0.27993384,0.4014405,0.4223204,0.36615106
34.020077,0.27957523,0.4010103,0.42262223,0.3663626
34.030075,0.28021607,0.40161172,0.4223646,0.36627287
34.040077,0.27997452,0.40097103,0.42228654,0.36633188
34.050076,0.2800862,0.400764,0.4220617,0.36617208
34.060074,0.279271,0.40163735,0.42155477,0.36650267
34.070076,0.27959043,0.40130067,0.42215547,0.3663574
34.080074,0.2809128,0.40071967,0.42213187,0.36660475
34.090103,0.27940166,0.4005058,0.42136267,0.36578175
34.10008,0.28015044,0.4015142,0.4215176,0.36663923
34.110073,0.28065175,0.40039718,0.42161238,0.36618102
34.12008,0.28042454,0.40125057,0.42190942,0.36671248
34.130074,0.28036883,0.4008975,0.42125297,0.36668018
34.140076,0.28028148,0.40124694,0.42177057,0.3662438
34.150074,0.28025627,0.4017774,0.42138106,0.36653915
34.160076,0.2801093,0.40181667,0.4212032,0.36608228
34.170074,0.28003326,0.40110007,0.42123726,0.3665708
34.180077,0.28075516,0.40087444,0.42125928,0.36724758
34.190094,0.27977845,0.4010961,0.42090353,0.36693606
34.200077,0.28048128,0.40132353,0.420803,0.3668039
34.210075,0.28021148,0.4014836,0.42065883,0.36691442
34.220078,0.280228,0.40184477,0.4213976,0.3670539
34.230076,0.28025526,0.40163416,0.42071894,0.36642757
34.240074,0.28007,0.40099317,0.42056704,0.3673134
34.250076,0.279808,0.40184775,0.42009953,0.36697838
34.260075,0.28005975,0.40122226,0.42010817,0.36677897
34.270073,0.28017107,0.40102658,0.4202777,0.3671691
34.280075,0.28039002,0.40111595,0.41927418,0.36735898
34.290092,0.2803999,0.4001161,0.4196312,0.367748
34.300076,0.27927804,0.4003471,0.4219972,0.3678015
34.310074,0.28024572,0.40295553,0.42212307,0.36703134
34.320072,0.27931175,0.40024248,0.4214813,0.36743045
34.330074,0.2802393,0.39967245,0.4186589,0.3669684
34.341393,0.27905488,0.40080696,0.4193703,0.3654109
34.350094,0.2801346,0.40151066,0.41993043,0.36666992
34.36008,0.27918062,0.4019055,0.4191169,0.36583352
34.370075,0.27995712,0.4018852,0.41955936,0.36645266
34.380074,0.2796298,0.40061116,0.419125,0.3673332
34.3901,0.27618566,0.40071714,0.41896564,0.3677665
34.40008,0.2798677,0.40064427,0.41890773,0.36807892
34.410076,0.2806062,0.40062964,0.4183304,0.3673995
34.420074,0.28124854,0.4008703,0.41841337,0.36716416
34.430077,0.27965516,0.40053207,0.41796088,0.36743835
34.440075,0.27994683,0.4008188,0.41845334,0.36731884
34.450073,0.27931833,0.4010742,0.41849566,0.36758325
34.460075,0.27986377,0.40126735,0.4180247,0.36762926
34.470074,0.27983266,0.40062112,0.41789648,0.3671408
34.480076,0.2805773,0.40186137,0.41774625,0.36779514
34.49009,0.28015712,0.40106675,0.41768703,0.36724553
34.500072,0.28033674,0.40141708,0.41781473,0.36780813
34.510075,0.27977663,0.40112546,0.4175109,0.36768463
34.520077,0.2814885,0.4013961,0.417156,0.36868364
34.530075,0.28085232,0.40076286,0.41683036,0.36763766
34.540073,0.2798477,0.40144637,0.41730854,0.36825773
34.550076,0.2807185,0.40095127,0.41613,0.36756262
34.560074,0.2802587,0.4017079,0.4165676,0.36771762
34.570076,0.27983144,0.40120438,0.4165967,0.36780843
34.580074,0.28020388,0.40107757,0.41604817,0.36820215
34.590107,0.27987635,0.40117857,0.41587794,0.36849812
34.600082,0.27922752,0.40098196,0.416266,0.36787066
34.610073,0.2799606,0.40162814,0.41627425,0.36865526
34.620075,0.27987775,0.4011533,0.41549185,0.3686283
34.630074,0.27983394,0.40140375,0.41557735,0.368555
34.64008,0.2796508,0.40122712,0.41508558,0.3684632
34.650074,0.28068155,0.40129316,0.41494578,0.36828366
34.660076,0.2797676,0.40113494,0.41553754,0.36845344
34.670074,0.28033933,0.40148482,0.41468114,0.3689836
34.680073,0.2797645,0.40112123,0.4145207,0.36882445
34.69009,0.27975544,0.40073374,0.41459137,0.36875457
34.700077,0.2796397,0.4014041,0.4144422,0.3689948
34.710075,0.27949595,0.4005551,0.4143066,0.3689486
34.720078,0.28006583,0.40089,0.41415,0.36878058
34.730072,0.28012756,0.40144882,0.41364273,0.36867422
34.740074,0.27959117,0.39995912,0.4137983,0.36800957
34.750072,0.27950555,0.40116426,0.41371927,0.3686508
34.760075,0.27987292,0.40335277,0.41451314,0.3682321
34.770077,0.27942416,0.3997972,0.41330343,0.36833513
34.780075,0.2803614,0.40276244,0.4140185,0.36947995
34.790077,0.2801481,0.40227625,0.41439977,0.3676589
34.80007,0.27987492,0.40215528,0.41352668,0.37004983
34.810074,0.27939454,0.4004332,0.4124681,0.3699674
34.820072,0.28089365,0.40127864,0.41295633,0.3676169
34.830074,0.27906165,0.4016321,0.411994,0.36903185
34.840076,0.2807497,0.40084568,0.41171446,0.36869082
34.85007,0.27962512,0.40081003,0.41167346,0.36965343
34.860073,0.2812636,0.40085137,0.4118862,0.3693692
34.870075,0.278159,0.40081298,0.41121557,0.36939102
34.880074,0.27908766,0.40079635,0.4117312,0.36935967
34.89008,0.2790765,0.40078452,0.4111932,0.36934078
34.900074,0.279847,0.40115,0.4112747,0.36884335
34.910076,0.28081593,0.40162298,0.41125116,0.36977193
34.920074,0.28091922,0.40148604,0.41079453,0.36850584
34.930073,0.28026298,0.40116754,0.41035908,0.36920816
34.940075,0.2804832,0.40072277,0.41060978,0.3690379
34.950073,0.2804982,0.40123355,0.41020036,0.36989886
34.960075,0.2806061,0.40152672,0.4100898,0.36983016
34.970074,0.2799713,0.4014491,0.41032588,0.3697139
34.980076,0.28047356,0.40127057,0.4103917,0.3693894
34.990078,0.2799666,0.40114245,0.41024196,0.37008572
35.000076,0.279814,0.40059584,0.4091268,0.36978322
35.010075,0.28023517,0.40041757,0.40839094,0.36934942
35.020077,0.27981967,0.40065363,0.40880942,0.36939135
35.030075,0.28006935,0.4007008,0.40925643,0.3699573
35.040073,0.28004527,0.4014942,0.40825433,0.3697133
35.050076,0.28045005,0.40113202,0.40829712,0.36980802
35.060074,0.2803758,0.40144297,0.408447,0.36942995
35.070076,0.28033388,0.40135658,0.40831548,0.37003523
35.080074,0.2801285,0.401726,0.4079599,0.3701687
35.090157,0.27869448,0.40168086,0.4075486,0.3701159
35.100082,0.2804117,0.4014477,0.40790245,0.3701585
35.110073,0.28006825,0.401142,0.4067339,0.37008494
35.120075,0.27930444,0.40123123,0.40673053,0.3699638
35.130074,0.28009054,0.40103143,0.4074525,0.37029862
35.140076,0.2798027,0.40133667,0.40495923,0.37039158
35.150074,0.28024012,0.39892605,0.4061025,0.36966503
35.160072,0.2795653,0.40070868,0.40711233,0.37061277
35.170074,0.27969638,0.40114412,0.40627235,0.3705028
35.180073,0.2805073,0.40102312,0.40639523,0.37034994
35.19009,0.28026086,0.40084472,0.40533954,0.3699282
35.200077,0.27968144,0.40129012,0.4053379,0.37060118
35.21007,0.28061423,0.4013191,0.40584862,0.3700225
35.220078,0.28006965,0.4006497,0.40552366,0.37119207
35.230076,0.28070524,0.4017528,0.40488368,0.37123197
35.240078,0.2802416,0.40108332,0.4046176,0.3708016
35.250076,0.2798501,0.40022075,0.40485087,0.37089023
35.260075,0.28001633,0.40157583,0.40490296,0.37050048
35.270073,0.2801985,0.4004564,0.4044518,0.37128955
35.28007,0.28029782,0.4012523,0.40360928,0.37051734
35.290092,0.27904797,0.4005309,0.4043419,0.37088588
35.300076,0.2791181,0.40094006,0.40330917,0.37016067
35.310074,0.27979875,0.400114,0.4030651,0.37073195
35.320072,0.2808138,0.4004543,0.4033029,0.370805
35.33007,0.28066152,0.40006626,0.40288976,0.3704042
35.340076,0.27871317,0.3996945,0.40196696,0.37074208
35.350086,0.27918836,0.4010173,0.40257978,0.37087202
35.360077,0.28079265,0.40091327,0.40286472,0.37124655
35.37008,0.28098142,0.4005095,0.40173715,0.37092435
35.38008,0.27995908,0.40129474,0.40220007,0.3708236
35.390095,0.27982852,0.40028918,0.40136474,0.37068826
35.40007,0.28052947,0.40174568,0.40121654,0.37111002
35.410076,0.28008658,0.40073293,0.40104395,0.37156627
35.42008,0.28060156,0.4009349,0.4011493,0.37152702
35.430077,0.27963048,0.40056336,0.4010691,0.3715101
35.440075,0.28033602,0.40062177,0.40068436,0.37083146
35.450073,0.28036845,0.40116802,0.40001044,0.37012637
35.460075,0.2800769,0.40167654,0.40056318,0.37146306
35.470074,0.27975821,0.40087688,0.40063208,0.37101987
35.480076,0.27964485,0.4007199,0.3996072,0.37126538
35.49009,0.2808637,0.40135857,0.3993092,0.37170753
35.500076,0.27971828,0.40133446,0.39936864,0.3706309
35.510075,0.2806983,0.40128925,0.3994104,0.37138635
35.52007,0.28044873,0.40128863,0.39952123,0.371652
35.530075,0.28007293,0.40139732,0.39892256,0.371054
35.540073,0.27934146,0.40141326,0.39899823,0.37160006
35.550076,0.28046396,0.4012252,0.39831915,0.37149736
35.560074,0.2810815,0.40125328,0.39776397,0.3710055
35.570072,0.28053224,0.40152907,0.3983883,0.3716412
35.580074,0.28036442,0.40094712,0.3974335,0.37162128
35.59011,0.27693987,0.39852512,0.39764345,0.37202293
35.600082,0.27988043,0.40068433,0.39791813,0.37099108
35.610073,0.27999794,0.40120414,0.39688614,0.3720926
35.620075,0.2801483,0.39993358,0.3973961,0.372279
35.630074,0.28012913,0.40103367,0.3962467,0.37124676
35.64007,0.27965316,0.40059653,0.39648327,0.37192237
35.650074,0.27972525,0.4005869,0.39686972,0.37154058
35.660076,0.28055546,0.40151888,0.39597228,0.37164378
35.670074,0.28008035,0.4007664,0.39556906,0.37235904
35.680077,0.27957582,0.40097195,0.3959146,0.37227467
35.69009,0.2799551,0.400851,0.39619172,0.37169528
35.700077,0.28083813,0.401056,0.3961119,0.37211162
35.710075,0.2807503,0.40059862,0.39560172,0.3719052
35.720078,0.28077605,0.4016324,0.3954178,0.3719629
35.730076,0.28032976,0.40118462,0.3949975,0.37267858
35.740074,0.27991623,0.40036356,0.3958199,0.37210298
35.750072,0.28070617,0.40126157,0.39445624,0.37251416
35.76007,0.27985066,0.4010418,0.39496696,0.37300226
35.770073,0.28048986,0.40102673,0.39415038,0.37292045
35.780075,0.2801756,0.4007632,0.3940731,0.37353674
35.790077,0.28059652,0.4006454,0.39352962,0.37264085
35.800076,0.28047335,0.40126565,0.3936967,0.37194577
35.810074,0.28073576,0.402084,0.39307466,0.37251195
35.820072,0.27973497,0.40112358,0.39290592,0.37240702
35.830074,0.2811788,0.40152022,0.39311478,0.37307802
35.840076,0.27984712,0.40087306,0.39289495,0.3725184
35.850075,0.28044525,0.40132385,0.39252475,0.3726008
35.860073,0.27999994,0.40130708,0.39251012,0.37260583
35.870075,0.28066397,0.40141752,0.39222625,0.37262857
35.880074,0.27989423,0.40098977,0.3919116,0.3730265
35.89008,0.27975884,0.40104532,0.39169905,0.37245908
35.900074,0.27991232,0.39866796,0.39033327,0.37111
35.910072,0.27861682,0.40277347,0.3904938,0.3726954
35.920074,0.2794648,0.39988476,0.39131021,0.37208045
35.930073,0.27874443,0.40063095,0.3910394,0.3731496
35.940075,0.27896613,0.3998735,0.39044175,0.37258118
35.950073,0.27873662,0.40013266,0.3903015,0.37285864
35.96009,0.27878687,0.40092513,0.3908502,0.37284008
35.970078,0.27886483,0.39920494,0.38981238,0.3724797
35.980072,0.27967173,0.4000812,0.38956365,0.37278688
35.990078,0.27870268,0.40016142,0.38980982,0.37347123
36.00008,0.279375,0.40122765,0.38985837,0.3722469
36.010075,0.27955455,0.40055323,0.38872522,0.37379286
36.020077,0.27971712,0.4009325,0.3893085,0.37333748
36.030075,0.27933055,0.4006231,0.388806,0.37329665
36.040077,0.2804929,0.40115848,0.3886975,0.37296546
36.05007,0.27995378,0.4009883,0.38797572,0.37294173
36.060074,0.28017727,0.4010595,0.388665,0.37303826
36.070076,0.279904,0.40074837,0.38863766,0.3733903
36.080074,0.27990025,0.40089995,0.3883837,0.37369296
36.09011,0.28056714,0.39830554,0.38688308,0.37278822
36.10008,0.2799065,0.4004378,0.3875731,0.3738728
36.110073,0.28030658,0.40094638,0.38734704,0.3740346
36.120075,0.28000578,0.40043858,0.38713482,0.3735673
36.13007,0.28040618,0.40087628,0.38684604,0.3738963
36.140076,0.28002748,0.4006369,0.38696098,0.37306204
36.150074,0.2804481,0.40101105,0.38734603,0.37361565
36.160076,0.2808628,0.40177852,0.38717982,0.37363356
36.17007,0.2799064,0.401436,0.38642034,0.373623
36.180077,0.28054702,0.40031296,0.3865503,0.37347126
36.19009,0.27946258,0.40173066,0.38628405,0.3739706
36.200077,0.28032482,0.4000787,0.38624826,0.37320572
36.210075,0.28031033,0.40181673,0.3863998,0.3726966
36.22008,0.28066483,0.4002129,0.38457733,0.37213328
36.230076,0.2795532,0.3988516,0.38540107,0.3721255
36.240074,0.28022698,0.40260425,0.38647583,0.3740262
36.250072,0.27991614,0.39950016,0.38534033,0.37269655
36.260075,0.28104424,0.40156308,0.3857979,0.3746718
36.270077,0.27945653,0.40047717,0.38536268,0.37382448
36.280075,0.28056183,0.40129608,0.3859974,0.37414995
36.29009,0.28170687,0.40067908,0.3852199,0.37404388
36.300076,0.2800968,0.40145195,0.38565972,0.3738818
36.310074,0.2805913,0.40051106,0.3846644,0.3734691
36.320072,0.2808723,0.40143403,0.38507026,0.37337366
36.330074,0.2810197,0.40082908,0.38449302,0.37329528
36.340076,0.27928168,0.39893425,0.38437143,0.37337586
36.350082,0.27931106,0.40105534,0.38414976,0.3731805
36.360077,0.2786828,0.40075812,0.3841349,0.37365544
36.370075,0.2798375,0.39996824,0.383948,0.37273175
36.380077,0.280082,0.40064558,0.3839969,0.37368953
36.390095,0.27995497,0.4003826,0.38412496,0.3732287
36.40008,0.27951804,0.39976674,0.38374862,0.37252074
36.410084,0.28106883,0.40105906,0.38374412,0.3735243
36.42008,0.2798805,0.40040797,0.38334265,0.37257156
36.430077,0.27986234,0.40039554,0.383522,0.3730698
36.440075,0.28014532,0.40058142,0.38342696,0.37339625
36.450073,0.28012514,0.40044367,0.384142,0.37269297
36.460075,0.28031144,0.40078342,0.38310182,0.3727456
36.470074,0.2803946,0.40114123,0.38293016,0.37240392
36.48007,0.280052,0.4008911,0.38271615,0.37261045
36.490097,0.27971858,0.40087074,0.38314578,0.37246653
36.500076,0.28052706,0.40110615,0.3833305,0.37229687
36.510075,0.2802017,0.4010944,0.3831662,0.37227097
36.520077,0.28104195,0.4001981,0.38293272,0.37239292
36.530075,0.28042263,0.40087426,0.38260552,0.37154806
36.540077,0.27962437,0.40167892,0.38279513,0.37154746
36.55007,0.28024015,0.40112376,0.38206652,0.37233096
36.560074,0.2810492,0.40176392,0.38318416,0.3716118
36.570076,0.2805242,0.40112302,0.38242128,0.37176627
36.580074,0.28105658,0.40187487,0.38306987,0.37188557
36.59011,0.28049052,0.39814162,0.38192305,0.37127715
36.600082,0.27996793,0.40043622,0.38288516,0.3726618
36.610073,0.28091967,0.40076616,0.38254678,0.3719797
36.620075,0.2802199,0.40087584,0.38234845,0.3715199
36.630077,0.28072274,0.40052393,0.38266322,0.37132677
36.640076,0.27988437,0.40066049,0.381841,0.37163123
36.650074,0.2805799,0.4001288,0.38224077,0.37106052
36.660072,0.28092772,0.40083528,0.38158402,0.3706404
36.670074,0.2799399,0.4004609,0.38275167,0.37057492
36.680073,0.28057343,0.40117985,0.38180816,0.37079105
36.690094,0.28043926,0.40087646,0.38257712,0.37075895
36.700073,0.2806244,0.40060037,0.3816901,0.37108627
36.710075,0.28138465,0.40079558,0.38156867,0.37088162
36.720074,0.27905658,0.40048528,0.38145623,0.3704316
36.730076,0.280717,0.3999899,0.38212758,0.37005523
36.74007,0.2804621,0.40050876,0.3823001,0.3699306
36.750072,0.2803357,0.40087327,0.38135022,0.36980176
36.760075,0.28140053,0.40053052,0.381314,0.3699064
36.770073,0.28051737,0.40111804,0.38224715,0.3696227
36.780075,0.27999312,0.40035963,0.38126516,0.36957029
36.790077,0.28054297,0.40045142,0.38190466,0.36982283
36.800076,0.28027055,0.40093014,0.38144282,0.36946335
36.810074,0.28125528,0.40093902,0.38139927,0.3697449
36.820072,0.28071797,0.40083605,0.38220468,0.3698481
36.830074,0.2803149,0.4006911,0.38196924,0.37015802
36.840073,0.28037402,0.40060094,0.38082346,0.3693637
36.850075,0.2804673,0.4007492,0.3817573,0.3694805
36.860073,0.28086826,0.4007292,0.38227758,0.36954087
36.870075,0.2801389,0.4010752,0.3814526,0.36901018
36.880074,0.28031585,0.40145135,0.38211232,0.3690379
36.890076,0.27963683,0.40034127,0.38108632,0.36896628
36.900074,0.280095,0.4009449,0.3814662,0.36919013
36.910076,0.2799862,0.39999318,0.38119137,0.36890295
36.920074,0.28143835,0.40129417,0.3818104,0.36878636
36.930073,0.2803688,0.40005225,0.38089758,0.36846852
36.940075,0.2806428,0.4007886,0.38150948,0.36876738
36.950073,0.28013533,0.4013671,0.38127044,0.36865857
36.96007,0.28088844,0.40097153,0.38025808,0.36796987
36.970074,0.280206,0.40060395,0.38148767,0.36786887
36.980072,0.28017485,0.4004752,0.3814241,0.36771718
36.990078,0.2799979,0.40036207,0.38097137,0.36773095
37.000084,0.2801823,0.4004885,0.3810355,0.3675449
37.01008,0.28088558,0.40097666,0.3811774,0.36690626
37.020077,0.279831,0.40076968,0.3811429,0.36755514
37.030075,0.28057536,0.4009076,0.38155457,0.36799756
37.040077,0.28029186,0.4006998,0.38060066,0.3676151
37.050076,0.28074577,0.4009863,0.38152596,0.36744845
37.060074,0.28048664,0.40085164,0.38062757,0.36615002
37.070076,0.2807367,0.4014341,0.38098958,0.36724496
37.080074,0.27990535,0.4003497,0.38060957,0.3672721
37.090126,0.28051066,0.40012217,0.38091293,0.36732188
37.10009,0.27993405,0.40081078,0.38144735,0.36697677
37.110077,0.27919036,0.40031213,0.3806715,0.3668862
37.12008,0.27992785,0.40015182,0.38134623,0.3662936
37.130074,0.27929077,0.40066558,0.38129213,0.3668423
37.140076,0.28072432,0.40034613,0.3804456,0.36625075
37.150074,0.27980694,0.4001728,0.3802669,0.3662179
37.160072,0.2800053,0.40029195,0.3810467,0.36547533
37.17008,0.27950373,0.399936,0.3803667,0.36535177
37.180077,0.27966425,0.40000716,0.38125122,0.3660512
37.190094,0.27979517,0.40030456,0.38024908,0.36609897
37.200073,0.28047547,0.40034622,0.38107193,0.3653035
37.210075,0.27998692,0.40091586,0.38032934,0.3650941
37.220074,0.27997905,0.40109625,0.38146958,0.365903
37.230072,0.27944273,0.3996716,0.38059178,0.36430514
37.24008,0.2799144,0.4000332,0.3808209,0.36517176
37.250072,0.2798471,0.4001899,0.38080156,0.36504424
37.260075,0.28006324,0.39999327,0.3809855,0.36435607
37.270077,0.2799401,0.400495,0.37964523,0.3643412
37.280075,0.28047293,0.39975,0.38030463,0.36456096
37.290092,0.280256,0.40054923,0.38020685,0.3638351
37.300076,0.27995825,0.40017805,0.38054556,0.36420178
37.310074,0.2808383,0.4004909,0.3809071,0.36420232
37.320076,0.28029317,0.39986178,0.38068634,0.3640788
37.330074,0.2810159,0.4006535,0.38140565,0.364599
37.34008,0.27879822,0.40029025,0.3802169,0.3640082
37.3501,0.280172,0.40049878,0.38027173,0.36399424
37.36008,0.27987266,0.3994046,0.3807837,0.36397108
37.370075,0.27991104,0.40056843,0.38084877,0.36377865
37.380077,0.2799678,0.40089858,0.38064483,0.36341897
37.390095,0.28042674,0.40028676,0.38087702,0.36382112
37.400078,0.2800318,0.40065944,0.3805354,0.363086
37.410088,0.2809855,0.39813837,0.38053074,0.36335236
37.420082,0.27997482,0.39974615,0.38083717,0.36232674
37.430077,0.28036007,0.40003842,0.3799789,0.36214128
37.440075,0.28053525,0.4007064,0.3798036,0.36273175
37.450073,0.2803172,0.4000879,0.38013473,0.3623723
37.460075,0.28059056,0.4005895,0.38091102,0.3626928
37.470078,0.28083888,0.4003703,0.38020113,0.36245462
37.480076,0.28103036,0.40119982,0.38049853,0.36192274
37.490074,0.27977768,0.40062952,0.38035992,0.36161482
37.500076,0.2809308,0.40084136,0.38054544,0.36160237
37.51007,0.27971536,0.40020755,0.38050324,0.36141315
37.520077,0.27990624,0.40057448,0.38063017,0.36142966
37.530075,0.28098932,0.4000432,0.38058728,0.36174586
37.540077,0.28033173,0.39979962,0.3806427,0.36130545
37.550076,0.280127,0.40076637,0.38023955,0.36110964
37.560074,0.28035086,0.4007892,0.38038337,0.36125198
37.570076,0.28001976,0.40102494,0.38029587,0.3613237
37.58008,0.2803189,0.4014765,0.3797841,0.36054954
37.590107,0.28058168,0.40188923,0.3787963,0.36165816
37.60009,0.2798709,0.40148693,0.37999505,0.36120403
37.610077,0.27978274,0.40134865,0.3797961,0.36062756
37.62008,0.2795459,0.4005162,0.38075647,0.36076936
37.630074,0.2803267,0.40033206,0.3805975,0.359865
37.640076,0.28042713,0.4000184,0.37984866,0.35978526
37.650074,0.2805818,0.40110585,0.38029808,0.35967204
37.660076,0.28039455,0.39995834,0.38027707,0.35965326
37.670074,0.28085515,0.4008177,0.37960944,0.35987094
37.680073,0.27981007,0.40030625,0.3800072,0.35902357
37.690075,0.28040513,0.39995128,0.37956724,0.3591839
37.700073,0.2799145,0.4003722,0.37896067,0.35953936
37.710075,0.280379,0.401377,0.37896243,0.35944775
37.720078,0.27959058,0.40083304,0.38006657,0.35876834
37.730072,0.28003418,0.40079036,0.3800707,0.35887015
37.740074,0.28096363,0.40004802,0.37957954,0.35866684
37.750076,0.27975297,0.40063244,0.38014865,0.35864025
37.760075,0.2802574,0.40048215,0.38006154,0.35898873
37.770077,0.2801404,0.40077212,0.37952515,0.35855108
37.780075,0.2809739,0.400914,0.38011247,0.35806248
37.790073,0.2798145,0.40043285,0.38007095,0.35837597
37.80007,0.28084284,0.40024275,0.3805786,0.35815457
37.810074,0.27999035,0.40008837,0.38008186,0.35772994
37.820076,0.28079125,0.40104067,0.37998056,0.35786363
37.830074,0.28087968,0.40016982,0.3795926,0.3575265
37.840076,0.28033936,0.40056545,0.38040096,0.35780224
37.850075,0.28078023,0.4003603,0.38040686,0.35704142
37.860077,0.28035754,0.4000722,0.37958184,0.35724393
37.870075,0.27997935,0.4000728,0.3796889,0.35678023
37.880074,0.28063938,0.3997779,0.37988624,0.35759
37.890076,0.28066188,0.4008875,0.3796893,0.35729605
37.900078,0.28054383,0.40017593,0.38030976,0.35643512
37.910076,0.27982652,0.40118882,0.37999848,0.356814
37.920074,0.28066793,0.400027,0.37989125,0.35673192
37.930073,0.2814644,0.40050435,0.37998736,0.35642678
37.940075,0.28024912,0.40004894,0.37994337,0.35569623
37.950073,0.28090796,0.39987016,0.3800635,0.35553825
37.960075,0.27994913,0.39998367,0.37984174,0.35576046
37.970074,0.280551,0.4005997,0.38015014,0.356056
37.980072,0.2802631,0.40030354,0.3792904,0.35555813
37.990074,0.2795501,0.40064713,0.37971002,0.3552464
38.000084,0.27974513,0.39997068,0.37979826,0.35504174
38.010075,0.27986932,0.3998357,0.37909144,0.3548708
38.020073,0.2801197,0.40023088,0.3794892,0.35476837
38.03008,0.28009582,0.39993498,0.38001302,0.35428652
38.040073,0.28041932,0.40083575,0.37919012,0.3545559
38.050076,0.27972096,0.39940318,0.3791941,0.35441685
38.060074,0.28061634,0.40085647,0.379784,0.35445502
38.070076,0.2805423,0.4001758,0.3800811,0.3542988
38.080074,0.28068712,0.40052143,0.37969387,0.3543334
38.09009,0.2801474,0.4003658,0.37884542,0.35425732
38.100113,0.28000054,0.40046206,0.37982252,0.3542149
38.110077,0.27949253,0.39855117,0.3798243,0.35358366
38.12008,0.2808671,0.3998831,0.37985566,0.3539834
38.130077,0.2804783,0.3998997,0.3785962,0.3534603
38.140076,0.27960908,0.40012878,0.37952998,0.35298365
38.150074,0.2807755,0.400408,0.37948623,0.35311395
38.160072,0.27989665,0.40040946,0.37932366,0.35291377
38.17008,0.28066045,0.39973146,0.3789611,0.35275686
38.18007,0.2799493,0.3998018,0.37915224,0.35280165
38.190075,0.2804579,0.40044665,0.37961704,0.3529535
38.200077,0.2815656,0.40071502,0.37931448,0.35287246
38.210075,0.28043622,0.39968884,0.3794399,0.35197452
38.22008,0.28008133,0.4001386,0.3797084,0.3529206
38.230076,0.2802931,0.40041402,0.3786382,0.35255513
38.240078,0.27984434,0.40074405,0.37895262,0.3521484
38.250076,0.28037652,0.39983705,0.37894127,0.3522749
38.260075,0.28079042,0.40070194,0.37861782,0.35196242
38.270077,0.28067473,0.4004906,0.37932694,0.35188138
38.280075,0.28034726,0.39993292,0.37944254,0.35188982
38.290073,0.28041232,0.4002754,0.37929168,0.35148153
38.300076,0.28039953,0.40081877,0.37904254,0.35113314
38.310074,0.27990273,0.39986044,0.37904298,0.3512647
38.320076,0.28004584,0.40021738,0.3788631,0.35120082
38.330074,0.28052568,0.3997252,0.3795952,0.35056406
38.340076,0.27967718,0.39881662,0.37874275,0.3507687
38.350082,0.280234,0.3994013,0.37905988,0.35089085
38.360077,0.28051084,0.40007287,0.3781177,0.3504605
38.370075,0.28021064,0.4000744,0.378659,0.3501704
38.380077,0.2802677,0.40004703,0.37960052,0.3504987
38.390076,0.28009877,0.40020415,0.37925553,0.349169
38.400196,0.28040755,0.4005027,0.37940222,0.35039547
38.410076,0.28091812,0.39997554,0.37894017,0.34990597
38.42007,0.28042844,0.40077105,0.37936693,0.34949967
38.430077,0.28041437,0.4004164,0.37902585,0.34962258
38.440075,0.2797493,0.40002376,0.37900558,0.34970465
38.450073,0.28018028,0.40026987,0.37897804,0.34931675
38.460075,0.28056353,0.400212,0.3789414,0.34936082
38.470074,0.28024498,0.3995446,0.37889946,0.34921065
38.480076,0.28038174,0.3996917,0.379178,0.34865248
38.490074,0.28021753,0.40000507,0.37889525,0.34884557
38.500076,0.28023872,0.40070498,0.37897465,0.34840447
38.51009,0.28131324,0.3992815,0.3794357,0.3478881
38.520073,0.28054163,0.3990058,0.37812296,0.34812462
38.530075,0.2811426,0.40035063,0.37845168,0.3482783
38.540077,0.28076684,0.40144536,0.38002595,0.34745833
38.550076,0.28117362,0.39890137,0.38094428,0.34657994
38.560074,0.28036138,0.40218145,0.37901506,0.34781906
38.570072,0.27991372,0.4001234,0.37904054,0.34902376
38.580074,0.28112975,0.399946,0.38030076,0.34942436
38.590088,0.28158376,0.40022126,0.37950233,0.34743953
38.600082,0.2798081,0.39992374,0.37892136,0.34773174
38.610096,0.28065917,0.3996716,0.37864274,0.34739298
38.620075,0.2795228,0.39961457,0.37857246,0.34699488
38.630077,0.28067032,0.40029448,0.3791152,0.3475255
38.64007,0.28089675,0.400512,0.37904084,0.34589314
38.650074,0.27999836,0.3996669,0.37782013,0.34634885
38.660076,0.27996364,0.40051267,0.37945634,0.34631616
38.670074,0.28159353,0.39922604,0.3783812,0.34579065
38.680077,0.2802952,0.39908984,0.37729692,0.34664795
38.69007,0.27939785,0.39835146,0.37660366,0.34707505
38.700077,0.27883875,0.39771962,0.37835535,0.34639433
38.71009,0.2794328,0.39896107,0.3789408,0.34458444
38.72008,0.27994052,0.40180725,0.37944683,0.34510526
38.730076,0.27917373,0.40028888,0.3775795,0.34628543
38.740074,0.2789036,0.40056038,0.37727666,0.34561244
38.750076,0.27955607,0.3988643,0.37793693,0.345322
38.760075,0.2806139,0.39994234,0.37848926,0.34564367
38.770073,0.28031027,0.39969304,0.3782906,0.34591296
38.780075,0.28012976,0.39966524,0.37849325,0.34520313
38.790073,0.28027087,0.40038937,0.37810564,0.3446948
38.800076,0.2799096,0.40005064,0.37753347,0.345252
38.810074,0.2806579,0.40002593,0.37765238,0.34479585
38.820076,0.27990285,0.39966506,0.3780009,0.3449226
38.830074,0.28060046,0.40025544,0.37821308,0.34479246
38.840076,0.28053626,0.39989913,0.3778227,0.34467968
38.850075,0.2812527,0.40026554,0.3774704,0.34490687
38.860073,0.28048986,0.39981353,0.37847564,0.34496257
38.870075,0.28108385,0.40066066,0.37749186,0.34484413
38.880074,0.28047526,0.39984813,0.37745008,0.34432983
38.890076,0.28080565,0.40040118,0.37722453,0.34517175
38.900074,0.2795888,0.39948842,0.37771502,0.34538674
38.910072,0.2806991,0.39988226,0.3770174,0.34452382
38.92008,0.2804263,0.40046653,0.3768034,0.34419927
38.930073,0.2808754,0.4001966,0.37725005,0.3436055
38.940075,0.28065014,0.40008274,0.376912,0.34418598
38.950073,0.2806957,0.4007785,0.37685463,0.34414425
38.960075,0.280678,0.40065947,0.37699327,0.34389737
38.970074,0.2803163,0.39984655,0.3767355,0.3438291
38.980072,0.28063738,0.40015352,0.3769213,0.34351256
38.990074,0.28074843,0.39988664,0.37667263,0.34377372
39.00008,0.28088778,0.39978456,0.37656188,0.34396908
39.010075,0.2802998,0.40001318,0.37626037,0.34373656
39.020077,0.28066647,0.3995908,0.3760732,0.34378383
39.030075,0.28045127,0.39959493,0.37633237,0.34347484
39.040077,0.28138366,0.39975253,0.37686738,0.34440297
39.050076,0.28080636,0.401396,0.3755704,0.34265226
39.060078,0.28070968,0.40033802,0.3776759,0.3427876
39.070076,0.2807575,0.4017055,0.37370682,0.34350994
39.080074,0.28143573,0.40030923,0.37629694,0.34337166
39.09009,0.28119454,0.4011769,0.3748047,0.343254
39.100082,0.28022754,0.40018383,0.37548527,0.34368864
39.110077,0.2803895,0.40038684,0.37568867,0.34298187
39.120075,0.2796935,0.39996722,0.37503,0.34232354
39.130077,0.28021526,0.40025014,0.3750741,0.3432285
39.140076,0.2803455,0.40071392,0.37507334,0.34283045
39.150078,0.28032935,0.39980417,0.3752751,0.3430312
39.160076,0.28080398,0.39902917,0.37455478,0.34248814
39.170074,0.28071946,0.40000185,0.37481433,0.34302726
39.180077,0.27975577,0.3995309,0.37454087,0.34301072
39.190075,0.28075325,0.4004325,0.3752101,0.34319043
39.200077,0.28057662,0.39976606,0.37438914,0.34306788
39.210075,0.28025144,0.39982194,0.37362155,0.34141043
39.220078,0.2796278,0.40028378,0.37369657,0.3423969
39.230076,0.28057128,0.3995942,0.3737253,0.3425753
39.240074,0.28086784,0.40001956,0.3736835,0.34231478
39.250076,0.28031868,0.4000374,0.37381074,0.34242246
39.260075,0.2807059,0.40013725,0.37340328,0.34215543
39.270077,0.27988088,0.39963385,0.37339985,0.34234032
39.280075,0.28075218,0.4001323,0.37396684,0.34290725
39.290073,0.28076914,0.40065965,0.3730627,0.34215087
39.300076,0.28039566,0.40004495,0.37305754,0.3425486
39.310074,0.28002453,0.4004181,0.3729446,0.34210366
39.320072,0.2810475,0.39980727,0.3728229,0.34217584
39.330074,0.28069028,0.40000126,0.37284362,0.341907
39.340076,0.28019026,0.398998,0.37263873,0.34222186
39.350086,0.28103167,0.3994041,0.37250265,0.34287176
39.360077,0.2810158,0.39983007,0.37204388,0.34267715
39.37007,0.28052437,0.400101,0.37217698,0.34263414
39.380077,0.27954948,0.399754,0.37192348,0.3419407
39.39007,0.28098658,0.40009665,0.37226266,0.34216124
39.400074,0.28047144,0.39931569,0.37146646,0.34204674
39.410072,0.28079432,0.4002276,0.37120673,0.3410606
39.42008,0.28072733,0.39973944,0.3710122,0.34258276
39.430073,0.28057027,0.40021572,0.37223768,0.34190518
39.440075,0.28044474,0.39967102,0.3709494,0.3424906
39.450077,0.28066978,0.39921308,0.37104303,0.34267005
39.460075,0.28067192,0.39996433,0.37118918,0.34255064
39.470074,0.2807448,0.40027803,0.37087968,0.3423754
39.480072,0.28032127,0.3996802,0.37068146,0.34161365
39.490074,0.280912,0.4001978,0.37043265,0.34181082
39.500076,0.28074533,0.39985484,0.3708389,0.34158698
39.510075,0.28010443,0.40022895,0.37055412,0.34234974
39.520077,0.27948284,0.39948976,0.3701513,0.34162074
39.530075,0.28059018,0.39981467,0.369788,0.34187096
39.540073,0.28021783,0.39954445,0.37044644,0.34185314
39.550076,0.2808423,0.40024084,0.3691253,0.34189564
39.560074,0.28052256,0.40002385,0.36938503,0.34208336
39.570076,0.28078339,0.3999666,0.36900163,0.34165937
39.580074,0.28037634,0.39987388,0.36929643,0.34210467
39.59009,0.27907464,0.399605,0.36898866,0.3415829
39.600082,0.2808416,0.40012637,0.36926627,0.3418573
39.610077,0.28101745,0.39931056,0.36863744,0.34086645
39.62007,0.27994946,0.39999917,0.36883825,0.34193632
39.630074,0.28035516,0.39963797,0.36844516,0.3413839
39.640076,0.2813925,0.40010518,0.36843053,0.341178
39.650074,0.28040656,0.3993441,0.36825383,0.34103566
39.660076,0.2798066,0.39975893,0.36725795,0.3415583
39.670074,0.28025576,0.39944828,0.3681622,0.3422361
39.680077,0.28070632,0.39966884,0.36746255,0.34177402
39.690075,0.28083488,0.3996275,0.36729687,0.34164587
39.700073,0.2800004,0.4000927,0.3675009,0.34158382
39.710075,0.28105018,0.40024087,0.367203,0.34076935
39.720074,0.2811281,0.39973474,0.36742303,0.34096602
39.730076,0.28195593,0.39981163,0.36736104,0.34181803
39.740074,0.28081626,0.40022507,0.36681685,0.34149927
39.750072,0.28115144,0.40065414,0.3670508,0.34153363
39.760075,0.28074515,0.40013823,0.3661774,0.3418158
39.770073,0.28143063,0.39996198,0.3667873,0.34136283
39.780075,0.28083903,0.39968032,0.36648512,0.34093976
39.790073,0.2806887,0.40055543,0.36705855,0.34175313
39.800076,0.28148144,0.39913836,0.36565316,0.34145054
39.810074,0.28142375,0.3993793,0.36636096,0.34117445
39.820072,0.28066364,0.40063456,0.36569142,0.34145808
39.830074,0.28029406,0.40028542,0.36559024,0.3418811
39.840073,0.28014508,0.39949206,0.36559558,0.34177744
39.850075,0.28025344,0.39940235,0.36493143,0.3415944
39.860077,0.2815171,0.4000061,0.3651866,0.34071532
39.870075,0.28087682,0.40034533,0.36514187,0.34153628
39.880074,0.28208917,0.39996293,0.3646469,0.34120283
39.89007,0.28125268,0.399698,0.3649642,0.34108853
39.900074,0.28087994,0.4002432,0.3644725,0.34157246
39.910076,0.28084242,0.39966437,0.3640585,0.34168103
39.920074,0.28088248,0.4007979,0.36478,0.34141046
39.930077,0.28107235,0.3996682,0.36444438,0.34170377
39.940075,0.28066263,0.40000686,0.3640694,0.3417651
39.950073,0.2801182,0.399697,0.3640176,0.341518
39.96007,0.28098086,0.3995181,0.36413702,0.34172118
39.970074,0.2802052,0.39921364,0.3633856,0.34127334
39.980076,0.2804369,0.39969784,0.36347362,0.34124833
39.990074,0.28075394,0.40002072,0.3636784,0.34140483
40.00008,0.28001267,0.39917168,0.36355713,0.34185874
40.01008,0.2812606,0.39940125,0.36307657,0.34148797
40.020077,0.28016472,0.39957944,0.36285856,0.34123445
40.030075,0.28059274,0.39909795,0.36265,0.34102494
40.040073,0.28098762,0.39905885,0.36239585,0.34179953
40.050076,0.2809614,0.39960548,0.36226133,0.34123766
40.060074,0.28054324,0.39954022,0.36235788,0.34162712
40.070072,0.2802986,0.39932832,0.36157054,0.34164217
40.080074,0.28119278,0.3989881,0.3618088,0.34164348
40.090088,0.27963406,0.39744908,0.36155564,0.34201938
40.100086,0.2805779,0.39939713,0.36172867,0.34167394
40.110077,0.28024527,0.3984148,0.36051705,0.34124056
40.12008,0.28101888,0.39985088,0.36066455,0.34078702
40.130074,0.2805308,0.3991167,0.36193845,0.34142742
40.140076,0.27963975,0.39964494,0.36122888,0.3408767
40.150074,0.2805813,0.39974856,0.36041802,0.3414852
40.160076,0.28152144,0.40096077,0.36036858,0.34113523
40.170074,0.28027645,0.39927605,0.36083767,0.34170595
40.180073,0.28167343,0.39956185,0.3605502,0.3410969
40.190075,0.28093353,0.39984706,0.35970953,0.34099242
40.200073,0.28123286,0.39978325,0.35988954,0.34152722
40.210075,0.28054625,0.40016815,0.36013514,0.34148377
40.2201,0.2808052,0.40007582,0.35953423,0.34174365
40.230072,0.28029072,0.39943928,0.3599372,0.34113312
40.240074,0.28129694,0.4002505,0.35921288,0.34185284
40.250072,0.2810421,0.3997997,0.35924202,0.34100062
40.260075,0.28107035,0.4000664,0.3591656,0.34143645
40.270073,0.28084078,0.3993048,0.35890085,0.3422141
40.280075,0.28033283,0.3995252,0.35919762,0.34145895
40.290073,0.2806179,0.399388,0.35882813,0.3418277
40.300076,0.28039166,0.39956102,0.35865584,0.34119338
40.310078,0.28081903,0.39964104,0.35886163,0.3412968
40.320076,0.28054953,0.39978158,0.35815,0.34163454
40.330074,0.28073144,0.39950013,0.35852042,0.34153795
40.340076,0.27922162,0.39797938,0.35765216,0.34116912
40.350086,0.28091353,0.3996131,0.35800081,0.3419278
40.360077,0.28067213,0.39968532,0.35786647,0.34191242
40.370075,0.28077114,0.4001125,0.3577201,0.34221745
40.380077,0.28046346,0.3994104,0.35714227,0.34142867
40.390076,0.28065792,0.39943403,0.35715404,0.3413288
40.400078,0.28006887,0.39877045,0.35738057,0.3418654
40.410076,0.28066003,0.39928785,0.35679966,0.34211576
40.420074,0.28011492,0.39882714,0.35685405,0.34149563
40.430073,0.28049847,0.39904583,0.35667184,0.34137303
40.440075,0.28057376,0.39931425,0.3560397,0.3416582
40.450073,0.28028455,0.3994471,0.35589114,0.34169516
40.460075,0.28065926,0.39959237,0.35657173,0.34136644
40.470074,0.28116903,0.3998966,0.35570315,0.34161904
40.480076,0.28079,0.39966908,0.3559277,0.34207848
40.490074,0.28008983,0.3999482,0.35592413,0.34145337
40.500076,0.28087366,0.39997593,0.3552802,0.34131712
40.510075,0.28035212,0.3995142,0.35607752,0.34119564
40.520077,0.28081453,0.3998861,0.35529733,0.34178838
40.530075,0.28127986,0.39953437,0.35530135,0.34213606
40.540073,0.28123868,0.39910686,0.35536402,0.34162715
40.55007,0.28111252,0.39992347,0.3538211,0.34155476
40.560074,0.2808543,0.39885837,0.3552121,0.34223363
40.570076,0.28135878,0.3995919,0.35467544,0.3418178
40.58007,0.2806378,0.3994726,0.35444042,0.34164155
40.59008,0.27981314,0.39828247,0.35444343,0.3419627
40.600082,0.27936354,0.40012023,0.35416874,0.34272557
40.610077,0.28103012,0.39885578,0.35364336,0.34136268
40.620075,0.27958268,0.39970037,0.353574,0.34191236
40.630074,0.28127202,0.39945278,0.35357165,0.34181306
40.640076,0.2808213,0.39940578,0.353333,0.3418983
40.650074,0.2813068,0.3993492,0.3531622,0.34215078
40.660072,0.28020772,0.39942288,0.35311723,0.3419178
40.670074,0.281064,0.40029037,0.3539789,0.34214553
40.680073,0.27998656,0.39907026,0.352717,0.34179187
40.690075,0.2807723,0.3995239,0.3530827,0.34287152
40.700077,0.28066525,0.39941242,0.3524526,0.34144187
40.710075,0.28014553,0.39892614,0.35279393,0.34274164
40.720078,0.27964857,0.39924008,0.35273874,0.34268266
40.730072,0.2807887,0.399581,0.35166603,0.34211516
40.740074,0.28050447,0.39926678,0.35160816,0.34164146
40.750076,0.2805046,0.39887235,0.35185772,0.34141505
40.760075,0.2803986,0.400068,0.35234985,0.34126613
40.770077,0.28009996,0.3992655,0.35164407,0.34204203
40.780075,0.28086236,0.39946544,0.35230738,0.3416996
40.790073,0.2803501,0.39946753,0.3509182,0.34237266
40.80007,0.28091782,0.39979616,0.35112843,0.34188995
40.810074,0.2805747,0.40005013,0.35132012,0.34186837
40.820072,0.2808032,0.39963782,0.35188934,0.3420439
40.830074,0.27993456,0.39956802,0.3510209,0.34169835
40.840076,0.28050718,0.39922962,0.35076863,0.34207737
40.85007,0.28053194,0.39958906,0.35059163,0.3419427
40.860073,0.2805329,0.39963862,0.3503099,0.3421088
40.870075,0.28049678,0.39965662,0.35062036,0.34203067
40.880074,0.28029892,0.39948976,0.35009938,0.34193358
40.890076,0.28061298,0.3999114,0.34970653,0.34178597
40.900074,0.2804737,0.39892384,0.34903607,0.34208283
40.910076,0.28021616,0.40006897,0.349812,0.34207872
40.920074,0.28100368,0.39859834,0.3496629,0.34203848
40.930088,0.2814659,0.39954096,0.34978873,0.34195936
40.940075,0.28025144,0.39926106,0.34885064,0.3427945
40.950073,0.28049803,0.4002638,0.34937263,0.34228715
40.960075,0.2811634,0.3998433,0.34818122,0.34224942
40.970074,0.28129047,0.3999617,0.34925205,0.34234127
40.980076,0.28074625,0.39954773,0.34914804,0.34251508
40.990074,0.28155574,0.3995857,0.34899592,0.34236744
41.000088,0.28000838,0.3988876,0.34840414,0.34249285
41.010082,0.280975,0.39897436,0.34820655,0.34314892
41.020077,0.28067392,0.39975652,0.348007,0.34201172
41.03007,0.28072473,0.39899746,0.34788975,0.3425207
41.040073,0.28125885,0.39970344,0.3479657,0.34191203
41.050076,0.28027707,0.39960864,0.34804732,0.34270927
41.060074,0.2807988,0.39949667,0.3477222,0.3426888
41.070076,0.28118923,0.39865497,0.34730288,0.34273824
41.080074,0.28090072,0.39997604,0.34688565,0.34293365
41.090073,0.27886945,0.39791256,0.34623462,0.342514
41.100086,0.28056967,0.39941415,0.34682232,0.34268564
41.110077,0.28066882,0.39948684,0.3463631,0.34263077
41.120075,0.28091812,0.3995097,0.34699532,0.3430727
41.130077,0.28055835,0.3994603,0.3464768,0.34282064
41.140076,0.28057587,0.39963356,0.34658578,0.34241855
41.150074,0.28060398,0.3992406,0.34669262,0.34289446
41.160072,0.2807039,0.39957118,0.34621137,0.3431176
41.170074,0.280647,0.39944205,0.34589624,0.3430136
41.180088,0.27935255,0.399257,0.3450874,0.34207076
41.19008,0.2798757,0.3991684,0.3453267,0.34291846
41.200073,0.28039414,0.3986873,0.3460685,0.34238577
41.210083,0.28061458,0.39856932,0.3457058,0.34298477
41.22008,0.28020343,0.39915314,0.34498593,0.3429675
41.230076,0.28086883,0.39994726,0.34546202,0.34316087
41.24008,0.28132585,0.39935252,0.34513783,0.34287566
41.250076,0.28142065,0.3992849,0.34541664,0.34315988
41.260075,0.28085,0.40001282,0.34466147,0.34334764
41.270073,0.28062838,0.39968395,0.34465903,0.34307697
41.28007,0.2803668,0.39934587,0.34450316,0.34283915
41.290073,0.2811678,0.3990699,0.34394667,0.34364742
41.300076,0.28037176,0.39937207,0.34403193,0.34313235
41.310062,0.28105947,0.39861482,0.3443683,0.34301057
41.320076,0.2803632,0.39908504,0.3441934,0.34370747
41.330074,0.28084418,0.3989813,0.3431348,0.3426
41.34008,0.2799041,0.39734608,0.34300998,0.34260753
41.350082,0.28055298,0.39943784,0.34378654,0.34358707
41.360077,0.28087556,0.39893958,0.3435946,0.3428876
41.370075,0.2810914,0.39985377,0.34309047,0.34348324
41.380077,0.2803964,0.39975178,0.34329626,0.34349877
41.39007,0.28106278,0.3987993,0.34246886,0.3432455
41.40021,0.28095317,0.3991808,0.34348917,0.34340695
41.410072,0.2800592,0.3988012,0.34271383,0.34357712
41.42007,0.28083342,0.40000284,0.3425881,0.3436978
41.430073,0.28013343,0.39905077,0.34187728,0.34334478
41.440098,0.27951455,0.39860547,0.34365633,0.3410655
41.450073,0.27804366,0.3975419,0.33990318,0.34496704
41.460075,0.27991545,0.39733645,0.3402093,0.3435415
41.470074,0.2792552,0.3982363,0.34219816,0.3416039
41.480076,0.280044,0.39723724,0.34246966,0.34358463
41.490074,0.27945104,0.39909467,0.3415807,0.343054
41.500072,0.2800233,0.39721859,0.34170723,0.34321818
41.510075,0.28003973,0.3982081,0.3414929,0.34282413
41.520073,0.2795673,0.39931256,0.3419083,0.34367827
41.530075,0.2809121,0.39957055,0.34153348,0.34334418
41.54009,0.2811832,0.39924505,0.34170794,0.34385577
41.550076,0.2810203,0.39881495,0.34179217,0.34394023
41.560074,0.2814416,0.39921156,0.34168163,0.3431951
41.570072,0.28101656,0.3993333,0.3419992,0.34324062
41.580074,0.28040636,0.3991519,0.34127626,0.34304193
41.590076,0.27966538,0.39863274,0.34026656,0.34315807
41.600086,0.28020385,0.39965323,0.34081694,0.3436478
41.610077,0.28103173,0.39919943,0.34086275,0.34397197
41.620075,0.2808577,0.39964944,0.34113902,0.34320864
41.630077,0.28065166,0.3988168,0.34102097,0.34349042
41.64007,0.2805394,0.39938936,0.3401484,0.34308225
41.650074,0.2805462,0.39911464,0.340819,0.3437206
41.660076,0.28122035,0.39820504,0.3404751,0.3429817
41.670074,0.28102168,0.39908886,0.34124917,0.34281832
41.680077,0.28081593,0.3989583,0.3402948,0.34331548
41.690075,0.2797009,0.3991292,0.340571,0.34279224
41.700073,0.2804391,0.3988091,0.34086266,0.3426556
41.710075,0.28041804,0.3990928,0.34041128,0.34289
41.720074,0.2806144,0.39933074,0.3402911,0.3427987
41.730076,0.281302,0.39833337,0.34068185,0.342672
41.740074,0.28135243,0.39946115,0.34067607,0.34283513
41.750072,0.28082296,0.39901078,0.3402308,0.3425578
41.760075,0.28093633,0.39950553,0.3407715,0.3427119
41.770077,0.2815839,0.39939347,0.34038368,0.3425314
41.780075,0.28095764,0.3998448,0.3405654,0.34264022
41.790073,0.28133482,0.39980862,0.3406667,0.34248117
41.800076,0.28133973,0.3987926,0.3402869,0.34248635
41.810074,0.2810276,0.39890158,0.3402301,0.342118
41.820076,0.28114536,0.39948267,0.3403411,0.34211558
41.83007,0.28103843,0.3986475,0.33981103,0.3422627
41.840076,0.28094363,0.39916018,0.34037054,0.34233886
41.850075,0.28145328,0.3989301,0.34020558,0.3426785
41.860073,0.280886,0.3995008,0.3401233,0.34197983
41.870075,0.28238392,0.3997026,0.3403598,0.3419395
41.880074,0.28084114,0.39887124,0.34057584,0.34191263
41.890076,0.28054446,0.39926562,0.3403,0.34205794
41.900074,0.2806202,0.39862224,0.34013778,0.34164172
41.910072,0.2812509,0.3997223,0.3398874,0.34211585
41.920074,0.28174594,0.39928758,0.33964577,0.34197724
41.930073,0.28086632,0.39937288,0.33998317,0.34199917
41.940075,0.2805185,0.39831135,0.3400751,0.3413019
41.95009,0.28078666,0.3995301,0.34025732,0.34119046
41.960075,0.28113303,0.3992242,0.34068424,0.34108332
41.970074,0.2816816,0.39910558,0.33998677,0.34128997
41.980076,0.2807966,0.39877895,0.34038612,0.34103525
41.990074,0.28025144,0.39820474,0.34011987,0.34123713
42.00008,0.28096944,0.39907697,0.34000564,0.34159294
42.010075,0.2801781,0.3983115,0.3400781,0.3403925
42.020073,0.28149083,0.39886078,0.340518,0.34092233
42.03008,0.2802065,0.39845335,0.33989653,0.3403551
42.040073,0.28057012,0.39798057,0.34019065,0.34092608
42.05007,0.280777,0.3983792,0.34037915,0.3409863
42.060078,0.28129476,0.3988192,0.34075662,0.34031504
42.070076,0.28140724,0.3985866,0.34018064,0.34044528
42.080074,0.28108937,0.398844,0.34032342,0.34071675
42.090076,0.28006756,0.39763758,0.3404425,0.3399943
42.100086,0.28021738,0.39916742,0.34029573,0.34077564
42.110077,0.28060728,0.39865956,0.34005773,0.3402464
42.120075,0.2811732,0.39931485,0.3404805,0.33989114
42.130077,0.2811524,0.3993735,0.3406431,0.34021834
42.140076,0.28071493,0.39848033,0.34065303,0.34031639
42.150074,0.28081062,0.39953804,0.34084958,0.33963725
42.160076,0.2806684,0.39920563,0.34036988,0.33996823
42.170074,0.28176096,0.3993997,0.34139132,0.340065
42.180073,0.28099492,0.3989617,0.3405814,0.33955532
42.190075,0.2809966,0.39973313,0.34082025,0.33981067
42.200073,0.28009313,0.39933607,0.34102207,0.339481
42.21008,0.28139502,0.39904827,0.34121326,0.34005278
42.220074,0.28096765,0.39826983,0.34087864,0.33975905
42.230076,0.280463,0.39881018,0.34066933,0.33838934
42.240074,0.28087315,0.39917344,0.3405024,0.33909872
42.250076,0.2803372,0.39853665,0.34078008,0.3392158
42.260075,0.28074482,0.39811116,0.34043044,0.3392181
42.270077,0.28132495,0.39853877,0.34124961,0.33827996
42.280075,0.28118274,0.39914027,0.34150955,0.33926454
42.290073,0.28039292,0.3984452,0.34222507,0.33868366
42.300076,0.28069934,0.39889047,0.3410746,0.33797187
42.310074,0.2801524,0.39899686,0.3417726,0.33847374
42.320072,0.28214383,0.3993028,0.34130058,0.33756846
42.330074,0.28042975,0.398707,0.34113762,0.33758768
42.34008,0.27973923,0.39752707,0.341218,0.33798254
42.350086,0.281049,0.3986537,0.3414175,0.33859733
42.360077,0.28061926,0.39892063,0.34228805,0.33828926
42.370075,0.28096056,0.39820454,0.34093913,0.33785725
42.380077,0.28019142,0.39862803,0.34185776,0.33825114
42.39008,0.28057918,0.39794746,0.34172207,0.33779064
42.40008,0.28002897,0.3985826,0.34166977,0.33795258
42.410088,0.28024778,0.39834514,0.3418555,0.33751097
42.42008,0.28102344,0.39871117,0.34217,0.33736676
42.430073,0.28053495,0.39889097,0.34208336,0.33764553
42.440075,0.28090006,0.3985893,0.34184226,0.33719853
42.450073,0.28114316,0.3996264,0.34194377,0.33671498
42.460075,0.2808181,0.39819086,0.34170553,0.336717
42.470074,0.28097612,0.3991232,0.34273303,0.33696327
42.480072,0.2806414,0.39847222,0.342395,0.3369977
42.490074,0.28134832,0.39905608,0.34244183,0.3370418
42.500076,0.2806102,0.3989419,0.34188342,0.337261
42.510075,0.2805951,0.3993712,0.34252685,0.33645156
42.520077,0.28089648,0.39902258,0.34269962,0.3363953
42.53007,0.28130585,0.39868566,0.34238762,0.33659112
42.540077,0.2809604,0.39882243,0.34226522,0.33644426
42.550076,0.2802848,0.39881545,0.34266913,0.3364771
42.560074,0.28089458,0.3990018,0.34228128,0.33624774
42.570076,0.28140736,0.39962524,0.34305948,0.33623666
42.580074,0.28172144,0.39907184,0.34288487,0.33591935
42.590076,0.2808809,0.39879397,0.34240878,0.33570597
42.600086,0.28055918,0.39924985,0.34373018,0.3363869
42.610077,0.28071275,0.3982803,0.34273875,0.3356337
42.620075,0.2808132,0.39841774,0.34322318,0.335455
42.630074,0.28053144,0.3979317,0.3422131,0.3356865
42.640076,0.28147152,0.398446,0.34323236,0.3353948
42.65007,0.2808626,0.3975601,0.34315032,0.3348284
42.660095,0.2810414,0.39916,0.34382278,0.335378
42.670074,0.280619,0.39869735,0.34341934,0.3346654
42.680077,0.28080776,0.39815792,0.34364492,0.33505157
42.690075,0.28054193,0.39831722,0.3434174,0.3350648
42.700073,0.28044102,0.39846244,0.34366277,0.33485892
42.710075,0.28035796,0.39853206,0.34439075,0.33452734
42.720074,0.2807997,0.39884838,0.3435896,0.33423635
42.730076,0.28120604,0.39783058,0.3436837,0.3347631
42.740074,0.28067887,0.39851797,0.34420356,0.3345179
42.750076,0.28058985,0.398825,0.3438059,0.33479905
42.76009,0.28079128,0.39799246,0.34373352,0.33465633
42.770073,0.28157347,0.39928868,0.34492454,0.33449927
42.780075,0.281054,0.39843306,0.3443841,0.33387184
42.790073,0.2809667,0.39869437,0.34432563,0.33399668
42.800076,0.28033963,0.3984265,0.3448438,0.33413446
42.810074,0.28057292,0.39964932,0.34466985,0.33440536
42.820076,0.2803089,0.39897063,0.3446765,0.33384058
42.830074,0.28083152,0.3985142,0.34433123,0.33402145
42.840073,0.28098023,0.39847782,0.3439308,0.33389392
42.850075,0.28005758,0.3979522,0.34422627,0.333062
42.860092,0.28098342,0.39900452,0.34469268,0.33369085
42.870075,0.2810285,0.39851135,0.34454703,0.33249605
42.880077,0.28143597,0.39732167,0.34436944,0.33272347
42.89007,0.28130814,0.39853567,0.34487292,0.33336034
42.900074,0.28118232,0.39876357,0.3443482,0.33345333
42.910072,0.28074342,0.39900005,0.34442165,0.33371705
42.920074,0.28168464,0.39864752,0.3450699,0.33366635
42.930077,0.28124434,0.3980841,0.3440318,0.33285448
42.940075,0.28189474,0.39965692,0.34457448,0.33286697
42.950073,0.28095174,0.3992944,0.3450152,0.33262163
42.96007,0.2815584,0.39878932,0.34510872,0.3333024
42.970074,0.28096554,0.3987755,0.34492993,0.33325645
42.980076,0.28076786,0.39877552,0.34509468,0.3322523
42.990074,0.2810797,0.39893425,0.344925,0.33296436
43.00008,0.2802968,0.39829567,0.34472075,0.3316425
43.01007,0.28064144,0.39809337,0.34498173,0.3322083
43.020077,0.28079,0.39851466,0.3450157,0.33243892
43.030075,0.28094947,0.3978826,0.3450372,0.3324454
43.040073,0.28025675,0.3983288,0.34400773,0.33236545
43.050076,0.28140676,0.3987193,0.34479818,0.33306435
43.060074,0.28180382,0.39850545,0.3442616,0.33291525
43.070072,0.28196868,0.39935786,0.34465757,0.33235162
43.080074,0.28057456,0.39880073,0.34508398,0.33195385
43.090076,0.2806699,0.3984678,0.34591785,0.3319905
43.100086,0.2802023,0.3983118,0.34493208,0.3319345
43.110077,0.2805513,0.3981224,0.34466723,0.33301455
43.120075,0.28049135,0.39923933,0.34465608,0.33240625
43.130074,0.28010374,0.39821064,0.34453273,0.33178014
43.140076,0.28048125,0.39798823,0.34447533,0.33199745
43.150074,0.2801856,0.39805493,0.34436232,0.33269086
43.160076,0.28115028,0.3985039,0.3435038,0.33247158
43.170074,0.28045663,0.3987993,0.34501997,0.33192134
43.180073,0.28086337,0.39919776,0.3441814,0.3317472
43.190075,0.28048164,0.39774838,0.3444325,0.33282268
43.20007,0.28131473,0.39822137,0.3440413,0.33207518
43.21007,0.28041133,0.39804098,0.34383455,0.3314425
43.22008,0.28122732,0.398814,0.34428564,0.33254436
43.230076,0.28069243,0.39797598,0.34407422,0.33134148
43.240078,0.2813369,0.398282,0.34429342,0.33241394
43.250072,0.28105545,0.3982827,0.34427541,0.33218405
43.260075,0.2807525,0.39842898,0.3448465,0.33215803
43.270073,0.28088123,0.39774027,0.3438804,0.33135727
43.280075,0.2808993,0.3972393,0.34377015,0.33298886
43.290073,0.28048116,0.3978641,0.34317896,0.33170956
43.3002,0.28018382,0.39781734,0.34408164,0.33207285
43.310078,0.2809164,0.3981814,0.34395054,0.33170494
43.320076,0.281494,0.3981875,0.34421974,0.33133045
43.330074,0.28134206,0.39847133,0.343924,0.33185324
43.340076,0.2803663,0.39684895,0.34338903,0.33110216
43.350086,0.28039187,0.39845085,0.34377825,0.33225185
43.360077,0.28104466,0.39814568,0.34388304,0.33130136
43.370075,0.28078616,0.39739978,0.34345883,0.33178842
43.38008,0.2809349,0.3984993,0.3429487,0.3316537
43.390076,0.2806676,0.398036,0.34357908,0.33175647
43.400078,0.2804918,0.39866778,0.3428921,0.3318988
43.410072,0.28132346,0.39871517,0.34329915,0.33153057
43.420074,0.28076097,0.39862868,0.34294423,0.33182052
43.430077,0.28080255,0.39865792,0.34290338,0.3315249
43.44007,0.28094792,0.39923802,0.34331068,0.33167705
43.450073,0.28032255,0.39781582,0.3433835,0.33210787
43.460075,0.2811244,0.39835203,0.34214926,0.33195353
43.470074,0.28093198,0.39868438,0.34262922,0.3317195
43.480076,0.28128573,0.39862388,0.34327605,0.33196217
43.490074,0.281068,0.39856252,0.34268478,0.33149657
43.500076,0.2807088,0.3991463,0.34363246,0.33215708
43.510075,0.281399,0.3987782,0.34296483,0.33163774
43.520077,0.2810783,0.39857394,0.34325105,0.33153272
43.530075,0.28029975,0.39762425,0.3428413,0.33141267
43.540073,0.2810931,0.39883843,0.34289172,0.331642
43.55007,0.28075418,0.398105,0.34280643,0.33191648
43.560074,0.2808025,0.39876983,0.34202465,0.33188987
43.57009,0.280772,0.39790618,0.34263888,0.33153793
43.580074,0.28054935,0.39819366,0.34195882,0.33171064
43.590073,0.28098127,0.39797416,0.34194282,0.33083716
43.600086,0.28045455,0.3985107,0.34180072,0.33199826
43.610077,0.28031445,0.39750051,0.3415794,0.3313697
43.620075,0.28013718,0.39802212,0.3418356,0.3304884
43.630074,0.28047755,0.39740053,0.34201083,0.331506
43.640076,0.2809619,0.39798295,0.3415714,0.3309342
43.650074,0.2814322,0.39860994,0.34246802,0.3314118
43.660076,0.2809628,0.39861837,0.34145153,0.33093387
43.670094,0.2814806,0.39897478,0.34251964,0.33136043
43.680073,0.28103584,0.39752766,0.34218168,0.33142206
43.690075,0.28073364,0.39845002,0.34142476,0.3311587
43.700073,0.28038636,0.39834356,0.34197676,0.33124295
43.710075,0.28025582,0.39882246,0.3415295,0.33121958
43.720074,0.28110984,0.39896628,0.34121972,0.3308833
43.730072,0.2809737,0.39741665,0.34103748,0.33154824
43.740074,0.28124428,0.39865044,0.34106684,0.331902
43.750076,0.28095776,0.39888448,0.34132713,0.33143252
43.760075,0.2814535,0.39883116,0.34041128,0.33135477
43.77009,0.28127575,0.39866617,0.3406119,0.33119434
43.780075,0.28123412,0.3985496,0.34110773,0.3315342
43.790073,0.2807798,0.39905682,0.3409452,0.33084515
43.80007,0.28065193,0.39918175,0.34056002,0.33186314
43.810074,0.28122902,0.39847243,0.34111318,0.33169863
43.820076,0.28056037,0.39944088,0.34025288,0.3325482
43.83007,0.28107333,0.397881,0.3400876,0.33135998
43.840076,0.28080633,0.39938083,0.34078622,0.33205527
43.85007,0.28060365,0.3984879,0.34026602,0.33155736
43.860077,0.2807354,0.3984014,0.34090275,0.33179966
43.87009,0.2820695,0.39840293,0.340097,0.33078313
43.880077,0.28109747,0.3988887,0.33955976,0.33106947
43.890076,0.28130057,0.39863983,0.34000435,0.33060622
43.900074,0.28114778,0.39860365,0.3399154,0.33110318
43.910072,0.28096148,0.39812303,0.3399359,0.33171025
43.920074,0.28070062,0.3980516,0.3400355,0.33179685
43.930077,0.28121683,0.39824274,0.33935177,0.3316593
43.940075,0.28044787,0.39800084,0.33956602,0.33163533
43.950073,0.28151786,0.3985919,0.33935887,0.33148023
43.960075,0.2803127,0.39768213,0.33948317,0.33135596
43.970078,0.2814544,0.39795926,0.339109,0.33153647
43.980076,0.27995563,0.39783135,0.3394985,0.33116865
43.990074,0.2805181,0.39900994,0.33921987,0.33135626
44.00008,0.280901,0.39848506,0.33839458,0.33129707
44.01008,0.28067496,0.39793196,0.33830523,0.33125386
44.020077,0.28119653,0.3976606,0.33840793,0.33135736
44.03007,0.28045544,0.3985745,0.3384414,0.33190766
44.040073,0.28099996,0.3982797,0.337846,0.3310899
44.050076,0.28089148,0.39811668,0.33804232,0.33103958
44.060074,0.28089845,0.39831677,0.33799466,0.3309651
44.07009,0.28072697,0.3987202,0.3375763,0.3316704
44.080074,0.28094137,0.3985663,0.33771044,0.33175063
44.090073,0.28069586,0.39764276,0.33828655,0.3314038
44.100086,0.27875492,0.39685637,0.3383316,0.3306617
44.11008,0.28002322,0.39811146,0.33805764,0.3315944
44.120075,0.28129902,0.39863142,0.3374515,0.33084568
44.130077,0.2810278,0.39786175,0.3373341,0.3311397
44.140076,0.28111166,0.3981632,0.33731025,0.3317703
44.150074,0.28094923,0.3988765,0.33726728,0.33114648
44.16007,0.28161263,0.3984491,0.33782068,0.3317222
44.170094,0.28082043,0.3981817,0.3378041,0.3314026
44.180077,0.28088626,0.39820734,0.33772525,0.3315277
44.190075,0.28082252,0.3982658,0.3369724,0.33162242
44.200077,0.2813215,0.39868745,0.33703417,0.33177835
44.210075,0.27960888,0.39740726,0.33652446,0.33102095
44.220078,0.2796986,0.39771372,0.3366748,0.3317846
44.23008,0.27889428,0.3964859,0.3363852,0.3296091
44.240078,0.28020972,0.39723608,0.33538774,0.3328404
44.250076,0.28039688,0.3989638,0.33516535,0.3327169
44.260075,0.2788429,0.39774314,0.33492616,0.3308816
44.270092,0.27998456,0.39907038,0.3363678,0.33161122
44.280075,0.2799281,0.3985685,0.33566627,0.33101854
44.290077,0.28141558,0.3993166,0.33710957,0.33197194
44.300076,0.2812383,0.39883217,0.3365342,0.33148566
44.310074,0.2817277,0.399849,0.33554816,0.33175108
44.320076,0.28124574,0.39831161,0.33571765,0.33175677
44.330074,0.28111157,0.39796138,0.33536956,0.33177683
44.340076,0.27944833,0.39656544,0.33503872,0.3305944
44.350082,0.28020728,0.39740482,0.33584833,0.33239526
44.360077,0.28006664,0.39756724,0.3363632,0.3321571
44.37007,0.28016973,0.39740494,0.33503366,0.33138698
44.380077,0.28016606,0.39821947,0.33486584,0.33125025
44.390076,0.27975616,0.39805615,0.33512503,0.33142966
44.400078,0.28090733,0.39847404,0.3349858,0.3318959
44.410072,0.2800891,0.39776352,0.3349722,0.33162183
44.420074,0.28115696,0.3983027,0.3349224,0.3316296
44.430077,0.2806558,0.3971913,0.33443058,0.3318715
44.44008,0.2805658,0.3984241,0.334707,0.3324458
44.450073,0.2811746,0.39874986,0.33439165,0.33140633
44.460075,0.28088945,0.39824927,0.33388427,0.33187217
44.470074,0.28123522,0.39758092,0.3342161,0.3316551
44.480076,0.2807612,0.39777577,0.3345275,0.3318742
44.490074,0.28134316,0.39758968,0.33418673,0.33151764
44.500072,0.28095245,0.39869216,0.3341189,0.33191115
44.51007,0.2813246,0.39796802,0.3338118,0.33205804
44.520073,0.2810507,0.39826486,0.33438128,0.3319868
44.530075,0.28084898,0.3978177,0.33343887,0.331258
44.540077,0.28025413,0.39915812,0.3337023,0.33183607
44.550076,0.28218594,0.39917085,0.33358848,0.33184877
44.560074,0.28039178,0.39805827,0.33356953,0.3319106
44.570072,0.2805963,0.39805296,0.33346182,0.33223194
44.580074,0.28046304,0.39817294,0.3335442,0.3319855
44.590076,0.2815452,0.39911926,0.33353677,0.3317394
44.600086,0.28118417,0.3979376,0.33371308,0.3325544
44.610077,0.2806369,0.39765254,0.33350834,0.33262026
44.620075,0.2813111,0.39738914,0.333318,0.33171633
44.630074,0.28085768,0.39769125,0.3327324,0.33249724
44.640076,0.2809779,0.39774358,0.33227903,0.33204797
44.650074,0.28191242,0.39845666,0.33286977,0.332212
44.660076,0.2812915,0.39766884,0.3321965,0.33208397
44.670074,0.28070202,0.397777,0.3318639,0.33149362
44.680077,0.2813146,0.39779356,0.3318572,0.33204088
44.690075,0.28086755,0.3978602,0.33240634,0.33183536
44.700073,0.28172123,0.39805713,0.3327339,0.33292207
44.710075,0.28093567,0.39770284,0.3316927,0.33172706
44.720078,0.28110665,0.39921838,0.33261707,0.33204946
44.730076,0.28105184,0.3971421,0.33111513,0.33242664
44.740074,0.28109854,0.39841262,0.33113065,0.33235356
44.750076,0.28086308,0.39759728,0.33110258,0.33125424
44.760075,0.2809038,0.39835894,0.33162153,0.3332041
44.770077,0.28166696,0.39745355,0.33168244,0.3319744
44.78009,0.28040496,0.3979231,0.33045807,0.33165783
44.790073,0.28146446,0.39752656,0.33084995,0.33232695
44.800076,0.28213364,0.39787593,0.33100638,0.33273235
44.810074,0.2807845,0.39777687,0.33079666,0.33211055
44.820076,0.2805745,0.3974967,0.3303287,0.33226854
44.83007,0.28090006,0.3976759,0.33045405,0.33273038
44.840073,0.2809842,0.39799234,0.3304392,0.3319111
44.850075,0.28183976,0.3979539,0.3307506,0.33234414
44.860077,0.28113693,0.39785668,0.33035073,0.33226526
44.870075,0.28089425,0.39811847,0.33068898,0.3325692
44.880074,0.2802277,0.39744115,0.3304456,0.33219838
44.890076,0.2813545,0.39810097,0.33082613,0.3325091
44.900074,0.28147733,0.3971169,0.33021855,0.33258998
44.910072,0.28072652,0.39812782,0.33027628,0.33295232
44.920074,0.2803974,0.3978012,0.329599,0.33221427
44.93007,0.2814575,0.39761594,0.33011726,0.3329601
44.940075,0.2812782,0.3981983,0.32944873,0.33225706
44.950073,0.28158295,0.39797196,0.32965183,0.33287627
44.960075,0.28120553,0.39817908,0.3292614,0.33218414
44.970074,0.28066233,0.39772883,0.3294289,0.3325238
44.980076,0.28100422,0.39817715,0.32914552,0.33329025
44.990074,0.28099406,0.39767328,0.3291885,0.3323636
45.00008,0.28120187,0.39769042,0.32964182,0.3322
45.01008,0.28080222,0.397467,0.32903266,0.3329168
45.020077,0.28156462,0.3976186,0.32929748,0.33361492
45.030075,0.28136128,0.39761052,0.3292159,0.3330808
45.040073,0.2810078,0.39901945,0.32948518,0.33312106
45.05007,0.28191453,0.39779195,0.32923585,0.3326741
45.060074,0.28143308,0.39793625,0.3288167,0.3327298
45.070076,0.280597,0.39728573,0.32856452,0.3328976
45.080074,0.2812564,0.39765173,0.32857427,0.3321945
45.09009,0.28013667,0.3976915,0.3286232,0.33327138
45.100086,0.2813659,0.39762628,0.32834858,0.33278048
45.110077,0.28034952,0.39750484,0.32811886,0.33365762
45.120075,0.28103244,0.3974233,0.32830968,0.33268222
45.130077,0.28123066,0.3973962,0.32826734,0.33358255
45.140076,0.2813783,0.39822605,0.32750878,0.333199
45.150074,0.28179464,0.39797792,0.32772586,0.3330933
45.160076,0.2812857,0.39646873,0.32782054,0.33337715
45.170074,0.28082088,0.39813086,0.32789886,0.33302286
45.180077,0.2807637,0.39800677,0.32812688,0.33303174
45.19007,0.28084055,0.3978954,0.32762325,0.33348763
45.200073,0.28036502,0.3976684,0.32713085,0.33218643
45.210075,0.2810789,0.39741987,0.32715216,0.33266926
45.22008,0.28051558,0.3976113,0.32781655,0.33327514
45.230072,0.28051805,0.39715594,0.3279846,0.3330294
45.240074,0.2811058,0.3971779,0.32755497,0.33306152
45.250076,0.28095886,0.39773104,0.32765242,0.3331327
45.260075,0.28033906,0.3973707,0.32768255,0.33307192
45.270077,0.27991676,0.39748433,0.32754895,0.3322442
45.280075,0.28025314,0.39740947,0.3277448,0.33262226
45.290073,0.2804919,0.39761892,0.32778633,0.33275083
45.300095,0.2810784,0.3981458,0.32727358,0.33300698
45.310074,0.28062797,0.39735705,0.32776755,0.3332736
45.320072,0.28163558,0.39786026,0.32721993,0.33282956
45.330074,0.28142345,0.3975477,0.3275083,0.33270133
45.34008,0.27957126,0.39634407,0.326897,0.33229032
45.350086,0.281249,0.3981374,0.32646352,0.33218944
45.360077,0.28145993,0.39814997,0.3276679,0.33212766
45.370075,0.28097627,0.3978684,0.3276613,0.33226562
45.380093,0.28069657,0.39801025,0.3277575,0.3323513
45.39008,0.28111798,0.39716527,0.3273305,0.3322952
45.400223,0.2809128,0.39749226,0.3269254,0.33235812
45.410072,0.28074068,0.39724877,0.3272855,0.33211547
45.420074,0.28063717,0.3972781,0.32699805,0.33184204
45.430077,0.2808767,0.39783713,0.32669613,0.3324058
45.440075,0.28130323,0.39703324,0.32765543,0.33246613
45.450073,0.2817915,0.39805973,0.32720318,0.33135882
45.46007,0.28097945,0.39757377,0.32607025,0.33205804
45.47007,0.28148112,0.3978917,0.3269004,0.33193275
45.480076,0.28114018,0.39824668,0.32710198,0.33181074
45.490074,0.28154343,0.39710903,0.32736975,0.33302757
45.50009,0.28124905,0.39799118,0.3274088,0.331935
45.510075,0.28127646,0.39853126,0.32738876,0.33210307
45.520077,0.28123036,0.39731503,0.32672563,0.33180976
45.530075,0.28095517,0.39785135,0.32712376,0.33113742
45.540077,0.28100252,0.39777908,0.326295,0.3312378
45.550076,0.28119063,0.39743286,0.32638526,0.3315236
45.560074,0.28093806,0.3977573,0.3268057,0.3305967
45.570076,0.28019342,0.39769655,0.32672304,0.3308785
45.580074,0.2810861,0.39789382,0.32648414,0.33160833
45.590076,0.2808709,0.39761445,0.3262788,0.3305634
45.60011,0.28083318,0.39769083,0.32638112,0.33044714
45.610077,0.28038278,0.39707845,0.32612398,0.33147967
45.620075,0.2814915,0.3973325,0.32594642,0.33097222
45.630074,0.28076315,0.39753202,0.32661715,0.33135858
45.640076,0.2815053,0.3976723,0.3267042,0.33146665
45.650074,0.28086573,0.39816532,0.3265506,0.33074132
45.660076,0.2814215,0.39733914,0.32674375,0.3313827
45.670074,0.28119728,0.39719817,0.32706007,0.3298201
45.680077,0.2812693,0.39783508,0.32692632,0.33093503
45.690075,0.28095183,0.39753497,0.32636335,0.33000627
45.70007,0.28138897,0.39809105,0.3269515,0.33028647
45.710075,0.28082272,0.3965238,0.32609695,0.3303156
45.720078,0.2810911,0.3970823,0.32631326,0.33012798
45.730076,0.2813617,0.39761797,0.326905,0.3302037
45.740074,0.28091478,0.39818838,0.3265873,0.3303531
45.750072,0.2811493,0.39786854,0.3270192,0.3303231
45.760075,0.28123635,0.39739883,0.32677272,0.330682
45.770073,0.28195992,0.39734176,0.32619143,0.32963592
45.780075,0.28184468,0.39790455,0.3256657,0.3298415
45.790077,0.28135696,0.3986233,0.3273043,0.33024994
45.800076,0.28121614,0.3980636,0.3263238,0.33040756
45.810074,0.2814747,0.3976624,0.32629943,0.3303929
45.820072,0.2807179,0.39757064,0.32541317,0.32892457
45.830074,0.28163,0.39820316,0.3272223,0.3289949
45.840073,0.2812791,0.3969056,0.32654744,0.3293993
45.850075,0.28109685,0.3974493,0.32641566,0.32927203
45.860077,0.28069568,0.39804286,0.32657012,0.3293576
45.87007,0.28133038,0.39789584,0.32609993,0.32877505
45.880074,0.2805867,0.39754564,0.32676125,0.32903928
45.890076,0.28092924,0.3979333,0.32662818,0.32882273
45.900074,0.2815465,0.39815015,0.32637778,0.32897052
45.910076,0.28073457,0.3977084,0.32589534,0.32878268
45.920074,0.28109622,0.39749613,0.3259542,0.32872942
45.930077,0.28072762,0.39700288,0.32634008,0.32836396
45.94007,0.28093815,0.39733833,0.32601416,0.32919165
45.950073,0.28070617,0.39790303,0.326849,0.32872856
45.960075,0.28060004,0.3976477,0.3263825,0.3281652
45.970074,0.28080526,0.39747635,0.32615384,0.32768103
45.980076,0.2816655,0.39737368,0.32597795,0.32877615
45.990074,0.2805933,0.39744413,0.32616416,0.32856438
46.00008,0.28154045,0.397539,0.32646486,0.3279769
46.010075,0.28046426,0.39668682,0.32558617,0.32712165
46.020077,0.28110057,0.39764333,0.3260334,0.32794404
46.030075,0.28123662,0.3975871,0.3264609,0.32777473
46.04008,0.28072846,0.39712572,0.32631245,0.3279604
46.050076,0.28109708,0.39711308,0.3262346,0.32752964
46.060074,0.2799607,0.39712873,0.32624578,0.3271968
46.070076,0.28108132,0.3976585,0.32671243,0.32705614
46.080074,0.28046536,0.39731544,0.32593694,0.3278158
46.090076,0.28102565,0.39727896,0.3264402,0.32769305
46.100098,0.28126162,0.39735484,0.3259558,0.326692
46.110077,0.28115115,0.39694428,0.32667473,0.327006
46.120075,0.2814349,0.39758638,0.3266432,0.326444
46.130074,0.28071502,0.39772508,0.3264484,0.32674333
46.140076,0.28097272,0.39744124,0.3266857,0.32657552
46.150074,0.281683,0.39757463,0.32570347,0.32636532
46.160072,0.28078088,0.3978326,0.32649562,0.32731208
46.170074,0.2806459,0.39737123,0.32573253,0.32628298
46.180073,0.2807529,0.39731854,0.32628062,0.3274126
46.190075,0.28142303,0.39756304,0.3260339,0.32654956
46.200073,0.2811476,0.3980479,0.32660025,0.32697815
46.21008,0.2807786,0.39667028,0.32578436,0.32564813
46.220078,0.28118068,0.39722502,0.32543963,0.32615057
46.230072,0.281236,0.39723688,0.32620457,0.3255242
46.240074,0.28183347,0.39792567,0.32611412,0.32555774
46.250076,0.2808275,0.39712456,0.32590187,0.32577232
46.260075,0.28153178,0.39781782,0.32599416,0.3260746
46.270077,0.28135055,0.39760435,0.32599416,0.32547936
46.280075,0.28143513,0.39785257,0.32623512,0.32550222
46.290073,0.2813286,0.3972739,0.32622996,0.32541677
46.30007,0.28177628,0.39733922,0.32599318,0.32492656
46.310093,0.2812962,0.39723876,0.32650658,0.32488897
46.320076,0.28082186,0.39750537,0.32616702,0.3247801
46.330074,0.28129587,0.39745504,0.3269153,0.3250258
46.34008,0.2801879,0.3962224,0.32630703,0.32400456
46.350086,0.2805948,0.39711535,0.32645953,0.32496798
46.360077,0.28047752,0.3968869,0.32653117,0.3250054
46.370075,0.2812131,0.39718297,0.32580397,0.32484135
46.380077,0.28030917,0.397075,0.3255298,0.3244698
46.390076,0.28102925,0.39722446,0.32576895,0.32412687
46.400078,0.27861717,0.39678603,0.32610032,0.32415837
46.4101,0.28114933,0.39650053,0.32637966,0.3242399
46.420074,0.281001,0.39740396,0.32631645,0.32388103
46.430077,0.28074652,0.39686817,0.32565463,0.32462305
46.440075,0.28025463,0.3971189,0.32530916,0.32416925
46.450073,0.28142825,0.3965561,0.32584813,0.32372734
46.460075,0.2817838,0.39741734,0.32626185,0.32385263
46.470074,0.2809445,0.39748743,0.32642862,0.3231382
46.480076,0.28118047,0.39689395,0.32662144,0.32392818
46.490074,0.28109002,0.397171,0.32567585,0.32282194
46.500072,0.28163302,0.39788336,0.32547522,0.32334816
46.51009,0.28224987,0.3964129,0.32619193,0.32319298
46.520077,0.28171527,0.39764002,0.32590896,0.32320288
46.530075,0.28056526,0.39802098,0.32619512,0.32345772
46.540073,0.28205064,0.39822075,0.325311,0.32304025
46.550076,0.28115842,0.39789188,0.32599738,0.32297975
46.560074,0.28207234,0.3977409,0.32583416,0.32270792
46.570072,0.281253,0.3975369,0.3256653,0.3230802
46.580074,0.2818625,0.39746633,0.32631356,0.32291824
46.590073,0.28107354,0.39722613,0.32563624,0.3225574
46.600105,0.2787004,0.39635408,0.3259656,0.322422
46.6101,0.28141415,0.3968883,0.3258754,0.32280734
46.620075,0.28098994,0.39803505,0.32577026,0.3222484
46.630074,0.28018102,0.39793026,0.3260946,0.3221828
46.640076,0.2813752,0.39731944,0.32570773,0.3218856
46.650074,0.2812914,0.3977145,0.32581812,0.32197672
46.660072,0.28110176,0.3973908,0.32649055,0.32209787
46.670074,0.28187737,0.39701018,0.32579905,0.32114813
46.680077,0.28133252,0.3969729,0.32658514,0.32141224
46.690075,0.28090596,0.39724484,0.32563266,0.32173955
46.700073,0.28079736,0.3971746,0.32568535,0.3211855
46.71007,0.28194705,0.3972198,0.3268838,0.32111004
46.720078,0.2809126,0.3971932,0.32626283,0.32181898
46.730076,0.28127778,0.39831346,0.32714412,0.3211234
46.740078,0.28067937,0.39779124,0.32645002,0.32106692
46.750072,0.2811251,0.39697066,0.3260611,0.3200217
46.760075,0.28070733,0.3976186,0.3259917,0.32021037
46.770077,0.28088894,0.39703962,0.3257237,0.32075143
46.78007,0.28128457,0.39778703,0.32649085,0.32105225
46.790073,0.28123692,0.39726686,0.32625937,0.32016662
46.800076,0.2806089,0.39698905,0.3260108,0.32079533
46.810074,0.28107753,0.39657235,0.32603645,0.32044262
46.820076,0.2816761,0.39723802,0.32610846,0.3196783
46.830074,0.2818847,0.3976669,0.32666847,0.3206473
46.840076,0.2809463,0.3974466,0.32662767,0.31997207
46.850075,0.28154978,0.3973974,0.32643983,0.31939834
46.860077,0.28056726,0.3975424,0.32599086,0.3203043
46.870075,0.28204304,0.39793134,0.32618096,0.32035226
46.880074,0.28091663,0.39738375,0.32630438,0.31953728
46.890076,0.2807389,0.3967427,0.3265857,0.3199033
46.900074,0.28227895,0.3971001,0.32634225,0.31966385
46.910076,0.28118956,0.3966071,0.326005,0.31889808
46.920074,0.28119597,0.39748457,0.3263316,0.3196793
46.930077,0.28064525,0.39801192,0.32667983,0.3192368
46.940075,0.2812687,0.39658806,0.3268573,0.31910262
46.950073,0.2820513,0.397176,0.326477,0.31910628
46.960075,0.2809458,0.39712092,0.32759073,0.31907827
46.970074,0.2814125,0.39793584,0.3264221,0.3186951
46.980072,0.27992642,0.39664772,0.32555068,0.31838307
46.990074,0.28017145,0.39632532,0.32482636,0.3197472
47.00008,0.28061417,0.3969919,0.3266139,0.31774408
47.01008,0.28030697,0.3962696,0.32594433,0.3181015
47.020073,0.27998635,0.39495513,0.3258162,0.31791356
47.030075,0.2807982,0.39720398,0.32585365,0.31803137
47.040073,0.28023332,0.39663428,0.325385,0.31824642
47.050076,0.28049427,0.3959787,0.32579422,0.3176909
47.060074,0.2812894,0.3971736,0.32617235,0.31762806
47.070072,0.28069693,0.39727026,0.32609513,0.3175036
47.080074,0.2809007,0.3980677,0.3265876,0.31808504
47.090073,0.28148255,0.3976094,0.32602313,0.31787947
47.100094,0.27902728,0.39519882,0.3263269,0.3176974
47.11008,0.28098574,0.39591622,0.3262025,0.31818917
47.120075,0.2808319,0.3974669,0.32594743,0.31766474
47.130074,0.28149816,0.3969159,0.3264877,0.31720644
47.14007,0.28115946,0.39716962,0.3256091,0.31773674
47.150074,0.2805322,0.39689216,0.32605755,0.31656867
47.160076,0.28165704,0.39733416,0.3260696,0.31749538
47.170074,0.28055847,0.39718756,0.32621711,0.31735072
47.180077,0.2808955,0.39829037,0.32618788,0.3183849
47.19007,0.28083113,0.39707837,0.32584205,0.31746528
47.200077,0.2808178,0.39668784,0.32577196,0.3169561
47.21008,0.28047326,0.39693394,0.325515,0.31743267
47.220078,0.2810392,0.39718565,0.32588392,0.31662562
47.230076,0.28156132,0.39713907,0.3258367,0.31682995
47.240074,0.28130805,0.3971207,0.32574543,0.31637907
47.250076,0.2813851,0.39684793,0.32521623,0.3167724
47.260075,0.28171295,0.39706808,0.32574084,0.3168521
47.270077,0.28151202,0.39739978,0.32609013,0.31680945
47.280075,0.28171754,0.39742407,0.3251059,0.3169296
47.290073,0.2817449,0.39738616,0.32576844,0.31674302
47.300076,0.28184938,0.397307,0.32565567,0.3166875
47.310074,0.28198975,0.3975378,0.3256615,0.31676444
47.320076,0.28138563,0.397954,0.3253063,0.31626838
47.330074,0.2820043,0.39809644,0.32547417,0.31703615
47.340076,0.2797987,0.3963692,0.32500052,0.31605083
47.350086,0.28132662,0.3970935,0.3255283,0.31693023
47.360077,0.28117514,0.39572635,0.32500285,0.31703296
47.370075,0.28130543,0.39671344,0.32585266,0.3167704
47.380074,0.2820934,0.39808646,0.32518545,0.31630278
47.390076,0.28157145,0.397531,0.32476887,0.31648538
47.400074,0.28142956,0.39795545,0.32533076,0.31570497
47.410076,0.28152436,0.39660498,0.32501054,0.3160226
47.42008,0.2806733,0.3976218,0.32567415,0.31661618
47.430073,0.28099573,0.39710456,0.32453462,0.3157586
47.440075,0.28170833,0.39680982,0.32507765,0.31645793
47.450073,0.28114095,0.39782032,0.32476422,0.31605417
47.460075,0.2810538,0.3986795,0.32508266,0.3164751
47.470074,0.28162628,0.39828506,0.3238356,0.3163094
47.480076,0.2813751,0.39831418,0.32417834,0.31594595
47.490074,0.28155255,0.39714536,0.32411343,0.31592444
47.500072,0.2814615,0.39881825,0.32409716,0.31584248
47.510075,0.2804679,0.39711213,0.3237705,0.31604812
47.520077,0.28155592,0.3970118,0.3258422,0.31636578
47.530075,0.28082216,0.3970317,0.3222447,0.3177195
47.540073,0.27971837,0.3969512,0.32279378,0.3140704
47.55007,0.28218955,0.39761436,0.3232166,0.31511986
47.560074,0.27991802,0.39654726,0.32303554,0.3160418
47.570072,0.28349596,0.39699557,0.3242777,0.3157334
47.580074,0.28359878,0.39669845,0.32322702,0.315613
47.590076,0.28266543,0.39729175,0.32413507,0.31618625
47.600098,0.2795356,0.39429998,0.32323998,0.314905
47.61008,0.28183365,0.39658093,0.32379293,0.31629032
47.620075,0.28116202,0.39713648,0.32363558,0.31600353
47.630074,0.28129277,0.39749405,0.32340765,0.3162684
47.640076,0.28115198,0.39624748,0.3233837,0.3155191
47.650074,0.28097117,0.39616278,0.32306197,0.3160189
47.66008,0.2809604,0.39670995,0.32347715,0.31536007
47.670074,0.2806876,0.39607623,0.32316852,0.31572446
47.680077,0.280687,0.39676043,0.32233694,0.3154238
47.690075,0.28169578,0.39607137,0.32235202,0.31591845
47.700073,0.2820131,0.3970351,0.322763,0.31528708
47.710075,0.28193352,0.3968336,0.3231036,0.31578848
47.720074,0.2820401,0.39781958,0.3231144,0.3156957
47.730076,0.28205907,0.3973446,0.32240325,0.3151846
47.74007,0.28195116,0.3975584,0.321967,0.315769
47.750072,0.28185079,0.39753833,0.32253385,0.31601706
47.760075,0.28173319,0.39749077,0.32303056,0.31612992
47.770073,0.28111854,0.39629316,0.32256913,0.3159503
47.780075,0.28146532,0.39747825,0.32254267,0.31563336
47.790073,0.28129354,0.3970185,0.32173738,0.31590313
47.800076,0.2811374,0.39726225,0.3223039,0.31620103
47.810074,0.28096014,0.39676085,0.32215527,0.3160476
47.820072,0.28188217,0.3970633,0.32185498,0.3160463
47.830074,0.28171822,0.39681655,0.3214764,0.31572124
47.840073,0.28117323,0.39768782,0.32166794,0.31587785
47.850075,0.2819555,0.3976185,0.32162082,0.31558752
47.860073,0.28099862,0.39714256,0.32076016,0.31554404
47.870075,0.28216103,0.39748955,0.3217307,0.31604207
47.880074,0.28135893,0.39581722,0.321206,0.31626362
47.890076,0.28196895,0.39870015,0.32170272,0.31538865
47.900074,0.2809036,0.39672822,0.32116038,0.3165995
47.910072,0.28109863,0.39740103,0.32122326,0.31551638
47.92008,0.28139886,0.3968596,0.32096228,0.31539688
47.930073,0.28190538,0.39725673,0.3218127,0.31665888
47.940075,0.28135085,0.3960912,0.32122213,0.315517
47.950073,0.28087774,0.39730316,0.3201359,0.31582585
47.960075,0.2811534,0.3967376,0.32093439,0.31513196
47.970074,0.28133127,0.39711428,0.32057625,0.3154082
47.980072,0.2818045,0.3965557,0.32113048,0.31516957
47.990074,0.28066617,0.39697424,0.3198966,0.31481838
48.00008,0.28141326,0.39747825,0.32061565,0.31469503
48.01008,0.28128728,0.39614806,0.32053846,0.3154965
48.020077,0.2817399,0.39666018,0.31996027,0.31562454
48.03007,0.28177276,0.3969848,0.31950006,0.3158816
48.040077,0.28226703,0.39766687,0.31931102,0.31563622
48.050076,0.28083894,0.39651412,0.31911913,0.31583694
48.060074,0.2810282,0.39677313,0.31998065,0.3158954
48.070076,0.2816696,0.3962393,0.31939977,0.315831
48.080074,0.28180185,0.39747596,0.31964216,0.315654
48.090076,0.28134546,0.3968755,0.3204026,0.31581497
48.100086,0.28101,0.39674005,0.31875327,0.3151655
48.11008,0.2813891,0.39701456,0.3194184,0.31618893
48.120075,0.2817394,0.3970727,0.31850043,0.3158148
48.130074,0.28154618,0.39662936,0.31910652,0.31594738
48.140076,0.2809443,0.39681572,0.31867716,0.3156472
48.15007,0.2809866,0.396408,0.31904048,0.3157559
48.160076,0.28112483,0.39645356,0.31912038,0.3155933
48.170074,0.28226906,0.39762858,0.31913367,0.31648627
48.180077,0.28162515,0.3969848,0.3185747,0.31487557
48.190075,0.28171137,0.39684793,0.3182359,0.31523126
48.200077,0.28082883,0.39666867,0.31796855,0.3157932
48.210075,0.2811073,0.3967903,0.31856018,0.31600273
48.220078,0.28167215,0.39733672,0.31856763,0.31562242
48.23008,0.28131405,0.39670634,0.3182808,0.3153343
48.240074,0.28090164,0.39693537,0.31758013,0.31590745
48.250076,0.28136852,0.39628512,0.3184895,0.31565446
48.260075,0.28149003,0.39701715,0.31761712,0.31587714
48.270073,0.2813136,0.39690587,0.31759885,0.31557843
48.280075,0.28156167,0.39722678,0.31802368,0.31546998
48.290073,0.28180712,0.39728698,0.31755453,0.31602272
48.300076,0.2816691,0.39741018,0.3172583,0.3157055
48.310074,0.28127015,0.396644,0.31794313,0.31605196
48.320076,0.281952,0.39700392,0.31807166,0.3154322
48.330074,0.28132716,0.3966074,0.31724915,0.31633592
48.340076,0.2797287,0.39595035,0.3166459,0.3153681
48.350082,0.28131148,0.39628085,0.31700996,0.31598997
48.360077,0.28111407,0.39670265,0.31692606,0.31648627
48.370075,0.28155884,0.39591396,0.31649613,0.31599858
48.380077,0.2811873,0.39694595,0.3174467,0.31584886
48.39007,0.28100902,0.39695042,0.31664744,0.3157995
48.400078,0.27998814,0.39543638,0.31612337,0.31537208
48.4101,0.28135768,0.39642516,0.31615746,0.31613684
48.42008,0.28136814,0.3962112,0.31620774,0.31609672
48.430077,0.28135216,0.39614224,0.31634346,0.3154148
48.440075,0.28093532,0.39627865,0.31601807,0.31598404
48.450073,0.28157043,0.3965123,0.316449,0.31564635
48.46007,0.2815152,0.39699444,0.31596914,0.31626344
48.470074,0.281142,0.39698645,0.31581312,0.3158776
48.480076,0.2815478,0.39650336,0.31592628,0.3150407
48.490074,0.28271037,0.3969107,0.31633,0.31555
48.500076,0.28215608,0.3969232,0.31564966,0.31566417
48.51007,0.2817396,0.39700145,0.31586084,0.31552738
48.520092,0.2820914,0.39723223,0.31572536,0.3164316
48.530075,0.28193328,0.39711347,0.31561303,0.31641427
48.540073,0.2815316,0.39693508,0.31578287,0.3155172
48.550076,0.28128272,0.39683458,0.31574208,0.31607285
48.560074,0.28191125,0.39699215,0.31556118,0.31581604
48.570076,0.2812639,0.39696667,0.31495833,0.31611046
48.580074,0.2813224,0.39691088,0.3148574,0.3157681
48.590076,0.28163895,0.3967857,0.31483456,0.31531703
48.600098,0.28175634,0.39716658,0.31346223,0.31508127
48.61008,0.28120714,0.39610443,0.31475878,0.31588006
48.6201,0.28138044,0.39694336,0.31529358,0.31617314
48.630074,0.28136888,0.3967109,0.3151599,0.31568572
48.640076,0.28219315,0.39732364,0.3147449,0.31575024
48.650074,0.28132117,0.39598855,0.3145077,0.31564105
48.660072,0.28138098,0.397499,0.3150579,0.31611413
48.670074,0.28161272,0.3968633,0.31407243,0.31555277
48.680077,0.2811653,0.39666152,0.3137608,0.31498843
48.69008,0.28126168,0.39668268,0.31439787,0.31618384
48.70007,0.28143758,0.39619708,0.313948,0.31593853
48.710075,0.28083518,0.39663288,0.31369475,0.31601694
48.720074,0.28182888,0.39697176,0.31436065,0.31501245
48.730072,0.28127414,0.39650786,0.3133889,0.31571162
48.740074,0.28120875,0.396102,0.31413162,0.316693
48.750072,0.2817457,0.39667976,0.31306723,0.31582206
48.760075,0.28163698,0.39687765,0.31347796,0.31620148
48.770073,0.28189075,0.39677927,0.31352898,0.3158848
48.780075,0.28128564,0.3966743,0.31299573,0.31594414
48.790073,0.281096,0.39694357,0.3131832,0.3164781
48.800076,0.28152543,0.3966281,0.31274575,0.31625316
48.810074,0.28161597,0.39653522,0.31305614,0.31669077
48.820072,0.28118774,0.39669082,0.31276178,0.31648082
48.830074,0.2820589,0.39651075,0.31323975,0.3161972
48.840073,0.28120363,0.39678445,0.31269366,0.31571075
48.850075,0.2812489,0.39662355,0.31295535,0.31584018
48.860077,0.28117025,0.3967394,0.31293374,0.315942
48.87007,0.28223976,0.3967397,0.31270584,0.3152661
48.880074,0.28228286,0.39651152,0.31251755,0.31595826
48.890076,0.28167567,0.3963907,0.31261978,0.31584918
48.900074,0.28198788,0.39682186,0.31233147,0.31574652
48.910076,0.28129295,0.39711055,0.312585,0.31604925
48.920074,0.28196448,0.39687607,0.31250972,0.31563002
48.930073,0.28218305,0.39681795,0.3125138,0.31644136
48.94007,0.28163514,0.39718288,0.31246668,0.31628445
48.950073,0.28192902,0.39655456,0.31214657,0.31577194
48.960075,0.28211707,0.39758122,0.31233028,0.31570208
48.970074,0.281756,0.39700142,0.3115793,0.31626758
48.980076,0.28204438,0.3969876,0.31177077,0.31619993
48.990074,0.28159487,0.39693084,0.3114612,0.31620923
49.00008,0.28143787,0.39669573,0.311217,0.3161127
49.010075,0.28176954,0.39562988,0.3118316,0.31537458
49.020077,0.28162658,0.39635375,0.31101254,0.31563908
49.03007,0.28217047,0.39729664,0.31173846,0.31583074
49.040077,0.28178692,0.39742827,0.3115856,0.31625617
49.050076,0.28197467,0.39732572,0.311502,0.3159183
49.060074,0.28148386,0.39680842,0.31144333,0.31612927
49.070076,0.28190562,0.3954267,0.31168324,0.31590563
49.080074,0.28128532,0.3948059,0.31193787,0.31589204
49.090073,0.28157318,0.39536273,0.31150797,0.3159574
49.100086,0.28099102,0.3977136,0.31145278,0.31349123
49.110085,0.28079212,0.39651623,0.31186303,0.31749687
49.120075,0.2820095,0.3962496,0.30932948,0.31725833
49.130074,0.28083605,0.39582396,0.31139305,0.31594744
49.14007,0.28093085,0.39627224,0.31106943,0.31585863
49.150074,0.28161123,0.3954371,0.31127372,0.31596726
49.160072,0.28093106,0.39613366,0.3102199,0.31638613
49.170074,0.28166634,0.39657453,0.31084505,0.31623146
49.180077,0.28131703,0.39660108,0.3106062,0.3162016
49.19007,0.28141823,0.39577875,0.31046274,0.31567457
49.200073,0.28170735,0.39644572,0.31055102,0.31669348
49.21008,0.28117466,0.3963889,0.3102442,0.31665292
49.220078,0.28161052,0.39666662,0.31036595,0.31627604
49.230076,0.2814655,0.3971155,0.3103536,0.31626207
49.240074,0.28043014,0.39656746,0.31088376,0.31657404
49.250076,0.28149286,0.39661214,0.31037733,0.31586924
49.260075,0.28207538,0.39690217,0.31062824,0.31645882
49.270073,0.2815364,0.39674237,0.31065077,0.3162757
49.28007,0.2816038,0.39727387,0.31051332,0.31683463
49.290073,0.28194878,0.3971102,0.30997238,0.31694952
49.300076,0.28133386,0.39663178,0.31023064,0.31610143
49.310074,0.28133857,0.3970826,0.31034246,0.31671274
49.320076,0.28207657,0.396447,0.310434,0.31600168
49.33007,0.28176874,0.3967027,0.310402,0.3164555
49.34008,0.28077754,0.39598,0.3099056,0.31700453
49.350086,0.28219458,0.39677042,0.31031513,0.31645322
49.360077,0.281902,0.3962396,0.31108034,0.3167461
49.370075,0.2816152,0.39629847,0.31097102,0.31572303
49.380074,0.28181845,0.3968924,0.31019422,0.31646508
49.390076,0.28227586,0.39724225,0.31031242,0.31672713
49.400204,0.28139937,0.39691773,0.31100205,0.31613386
49.410072,0.2820066,0.39708358,0.31005985,0.3160078
49.42007,0.28125888,0.39607263,0.3099433,0.31696996
49.430077,0.28109372,0.3972256,0.30960009,0.316775
49.440075,0.28193763,0.396495,0.30942458,0.31660125
49.450073,0.281503,0.39584082,0.3097059,0.3162847
49.460075,0.28182507,0.39767003,0.3096144,0.31645852
49.470074,0.28148118,0.39640284,0.30940124,0.31626323
49.480076,0.28214,0.39621162,0.31004733,0.31644616
49.490074,0.28204665,0.39634824,0.31009093,0.3165414
49.500076,0.2820231,0.39662844,0.30984664,0.31639868
49.510075,0.2815814,0.39666474,0.30950502,0.31625438
49.520073,0.28181165,0.39651564,0.30940688,0.31639478
49.53009,0.2816975,0.39651203,0.30961525,0.3166717
49.540077,0.28200123,0.39677644,0.3094857,0.3166077
49.550076,0.28163293,0.39656463,0.30966938,0.3162294
49.560074,0.28230554,0.39743316,0.30965924,0.31721717
49.570072,0.28203487,0.39617223,0.30942464,0.31668714
49.580074,0.28156775,0.39662403,0.30982774,0.3166356
49.590073,0.2815858,0.39612398,0.30963734,0.31654695
49.600086,0.2812917,0.39601547,0.3092604,0.31622225
49.61009,0.28124565,0.395318,0.30921894,0.3169092
49.620075,0.2815347,0.3963135,0.30921224,0.31717172
49.630074,0.2814146,0.39554974,0.30944034,0.317515
49.640076,0.28077257,0.39613223,0.3095855,0.3164523
49.650074,0.28290278,0.3964925,0.30910924,0.31712842
49.660072,0.28144982,0.39686596,0.3094164,0.3169246
49.670074,0.28238592,0.39605692,0.3094253,0.3170523
49.680077,0.28195527,0.39666405,0.308127,0.31631058
49.69007,0.28160676,0.39731172,0.30852586,0.31724948
49.700077,0.28205687,0.39623642,0.30939785,0.31715724
49.71007,0.28217888,0.39712298,0.30827624,0.31710133
49.720074,0.28274456,0.39646855,0.30902517,0.31670362
49.730076,0.28216717,0.3972112,0.30843776,0.31726354
49.740074,0.28122827,0.39620304,0.30906874,0.31702864
49.750076,0.2808725,0.39582235,0.30876464,0.31698713
49.760075,0.28119096,0.39591646,0.3080718,0.31710318
49.770077,0.28086737,0.39561698,0.30803642,0.3164441
49.780075,0.28105038,0.39551672,0.3076753,0.31629056
49.790073,0.2803592,0.39602128,0.3082424,0.31631044
49.800076,0.28165257,0.3960896,0.30803064,0.31689093
49.810074,0.28141308,0.39637452,0.3082989,0.3170285
49.820076,0.28145626,0.39568883,0.30817285,0.31683865
49.830074,0.2814035,0.3961124,0.30816615,0.31714207
49.840073,0.28123912,0.39647445,0.30884466,0.31708843
49.850075,0.28215128,0.39637136,0.30809852,0.31676966
49.860073,0.28155652,0.39751554,0.3082723,0.317558
49.870075,0.28123894,0.39605853,0.308445,0.31713352
49.880074,0.28241265,0.39683396,0.30782136,0.31690556
49.890076,0.28110823,0.39595112,0.30778518,0.3172025
49.900074,0.2816282,0.39580518,0.30734685,0.3168463
49.910072,0.28178802,0.39742446,0.3072936,0.31750682
49.92008,0.28184906,0.3961039,0.30771008,0.3171968
49.930073,0.28158686,0.39652684,0.30737835,0.31643862
49.94009,0.28218824,0.39617023,0.30714935,0.3160312
49.950073,0.28176895,0.39672852,0.3075758,0.31758502
49.960075,0.28265938,0.39687654,0.30810314,0.31705052
49.970074,0.2821965,0.39681515,0.30759984,0.31734028
49.980076,0.28167534,0.39649943,0.30741394,0.31708157
49.990074,0.282642,0.3963488,0.3079229,0.31740886
50.00008,0.2815684,0.39592955,0.30767125,0.3179074
50.01008,0.2820129,0.39649978,0.3067951,0.3175642
50.020077,0.28078938,0.39623618,0.3068136,0.31758845
50.030075,0.2817666,0.39688343,0.30827993,0.31731114
50.040092,0.2817933,0.39526904,0.30732068,0.31790027
50.05007,0.28243464,0.39575177,0.3076833,0.3176818
50.060074,0.28282613,0.39588124,0.30706218,0.3180134
50.070076,0.28234255,0.39658743,0.30718786,0.31732792
50.080074,0.28220305,0.3965808,0.30661198,0.3182485
50.090076,0.28193712,0.39635208,0.30722857,0.31776708
50.100086,0.2818218,0.3970068,0.3066816,0.31671983
50.11008,0.2829325,0.39605817,0.30654895,0.3182073
50.120075,0.28123695,0.3964454,0.3067473,0.31721997
50.130074,0.28229278,0.39644063,0.30655035,0.3174747
50.14007,0.28231344,0.3967713,0.30688933,0.31770283
50.150074,0.28157675,0.39658374,0.3064004,0.3164939
50.160072,0.2818069,0.39657852,0.30685768,0.31821543
50.170074,0.2814265,0.39691266,0.3067038,0.31732163
50.180077,0.28245923,0.39633054,0.30683538,0.3175846
50.190075,0.2818106,0.39677426,0.30608216,0.31723648
50.200073,0.28208494,0.39650735,0.30679896,0.31812894
50.210075,0.2819031,0.3958648,0.30648726,0.3176198
50.220078,0.28215864,0.39640483,0.30622828,0.31752288
50.230076,0.28190532,0.39627293,0.3064588,0.31726223
50.240074,0.28168094,0.39569426,0.30617535,0.31717965
50.250076,0.28176346,0.39645907,0.30610698,0.3174002
50.260075,0.28164744,0.3965196,0.30642062,0.31813583
50.270077,0.2823792,0.39667287,0.3063042,0.31758603
50.280075,0.28184697,0.39684698,0.3064575,0.3170632
50.290073,0.28217733,0.39680964,0.3059104,0.317567
50.300076,0.2815105,0.39606357,0.30578253,0.31796405
50.31007,0.28281435,0.39612207,0.30562916,0.31838024
50.320076,0.2820673,0.39575446,0.30622542,0.3173673
50.330074,0.28239942,0.39675537,0.30573028,0.3174706
50.340076,0.2805405,0.39516264,0.30533722,0.31768915
50.350082,0.2807917,0.3956169,0.3056531,0.31767002
50.360073,0.28201437,0.3959705,0.3052707,0.31778964
50.370075,0.28176957,0.39597437,0.30507192,0.31819525
50.380077,0.28167439,0.39561146,0.30508026,0.3176666
50.390076,0.28152108,0.39649433,0.3046871,0.31724748
50.400078,0.2814117,0.39609075,0.3050297,0.3177043
50.410076,0.28145725,0.39621866,0.30553192,0.317819
50.420074,0.28151694,0.39630374,0.30504993,0.3181796
50.430073,0.28181213,0.39596963,0.3049117,0.31807825
50.440075,0.2818466,0.3971503,0.3051392,0.31897873
50.450073,0.2820779,0.39661387,0.3049573,0.31871933
50.460075,0.28251243,0.3970702,0.30474198,0.31843033
50.470074,0.28263947,0.39648134,0.30520287,0.31843582
50.480072,0.28255457,0.39657015,0.3048239,0.31809756
50.490074,0.28152844,0.39691553,0.30471596,0.31796384
50.500076,0.2823753,0.39666054,0.3037587,0.31779408
50.510075,0.28234264,0.39660075,0.304908,0.31782272
50.520077,0.28202504,0.39599502,0.3049063,0.31851777
50.53007,0.28165668,0.39579916,0.3047783,0.3179724
50.540073,0.28174064,0.39696735,0.30469668,0.31866136
50.55009,0.2820564,0.39621323,0.3045333,0.31804347
50.560078,0.28210294,0.3967963,0.30452687,0.3179373
50.570076,0.28216627,0.39667806,0.30460393,0.31848297
50.580074,0.2816331,0.39630932,0.30388826,0.3177384
50.590073,0.28251833,0.39637518,0.30529556,0.3185392
50.60009,0.28224385,0.396232,0.3043655,0.3184647
50.610085,0.2823107,0.39603695,0.3040914,0.31836036
50.620075,0.2818327,0.39631286,0.30403367,0.31876788
50.630077,0.28167394,0.39706042,0.3045157,0.31811306
50.640076,0.2818064,0.39615795,0.30388355,0.31796822
50.65009,0.28196734,0.39584666,0.3041159,0.3182163
50.660076,0.2816226,0.39658135,0.30359122,0.3184809
50.670074,0.2816001,0.3962913,0.30376926,0.31852174
50.680077,0.281942,0.39654985,0.30360648,0.31853598
50.690075,0.28181988,0.39597315,0.30381915,0.31851977
50.700073,0.28202417,0.3962792,0.30287537,0.31848466
50.71007,0.28187415,0.3956842,0.30322573,0.3186152
50.720074,0.2824243,0.39622757,0.3033501,0.31923518
50.730076,0.28184578,0.3970594,0.30317718,0.31881383
50.740074,0.28272393,0.39675653,0.30391315,0.31856436
50.750088,0.2818625,0.39608964,0.30336705,0.31873444
50.760075,0.28189617,0.39685947,0.30349582,0.3182988
50.770073,0.28201407,0.39630753,0.3027154,0.31822076
50.780075,0.2815769,0.39770564,0.30355218,0.31903666
50.790073,0.2818524,0.39735538,0.30150953,0.31822738
50.800076,0.28132322,0.39393935,0.3027255,0.319856
50.81009,0.2819675,0.39438176,0.30265236,0.3190425
50.820076,0.28091767,0.3974176,0.30167937,0.31976476
50.830074,0.2811785,0.3956499,0.3037042,0.3184914
50.840073,0.2818277,0.39625445,0.30244917,0.3190236
50.850094,0.2826722,0.39654392,0.3025113,0.3189354
50.860077,0.28170016,0.39654076,0.30206394,0.3195052
50.870075,0.28244188,0.3966218,0.30227077,0.31925905
50.880074,0.28225613,0.39604127,0.30257985,0.3191938
50.89007,0.28238532,0.3968996,0.30195042,0.3196314
50.900074,0.28227457,0.39645252,0.3025429,0.31864247
50.910072,0.27991366,0.3964655,0.30244896,0.31973234
50.92007,0.28128043,0.39624816,0.30202448,0.31891102
50.93007,0.2820769,0.3971701,0.30166525,0.3195773
50.94007,0.281954,0.3966669,0.30226257,0.31965566
50.950092,0.28186655,0.39676785,0.3022413,0.3194306
50.96007,0.28191808,0.3964591,0.3023133,0.31902742
50.970074,0.28169456,0.39653203,0.30204898,0.31919172
50.980076,0.28211904,0.39650124,0.3022476,0.31946725
50.990074,0.28269324,0.3959169,0.30098552,0.31927517
51.00008,0.28190354,0.39640883,0.30190137,0.3195472
51.01007,0.28165534,0.3961056,0.30112126,0.31865817
51.020077,0.2826716,0.39689153,0.3012496,0.31941223
51.030075,0.28279358,0.39610052,0.30127043,0.3187767
51.040077,0.28246322,0.39651048,0.30178875,0.31978342
51.050095,0.2814216,0.3958392,0.3014643,0.31979987
51.060074,0.28220546,0.39648843,0.3014804,0.31964624
51.070076,0.28200948,0.3957255,0.30134702,0.31939456
51.080074,0.2823839,0.39694384,0.3019847,0.31983373
51.090076,0.28210157,0.3962256,0.3015219,0.32003412
51.100086,0.2802649,0.395766,0.30071014,0.3198909
51.11008,0.28207186,0.39581978,0.30113888,0.31953344
51.120075,0.2817471,0.39566976,0.30078083,0.31986308
51.130074,0.2821211,0.3963732,0.30108052,0.31945762
51.140076,0.28183445,0.39628938,0.3003378,0.3196342
51.150093,0.28213462,0.39582676,0.30059934,0.3201625
51.160076,0.28155568,0.39573234,0.3006304,0.32005686
51.170074,0.28184044,0.39690405,0.3007041,0.31944218
51.180077,0.2818044,0.39672384,0.3008073,0.31946152
51.190075,0.28244984,0.39620972,0.30082,0.320094
51.200073,0.28248987,0.39596704,0.30034384,0.31967756
51.21008,0.28195742,0.39674893,0.3008849,0.31968385
51.220078,0.28196886,0.3963855,0.29995382,0.3205046
51.230076,0.28185079,0.39629886,0.30003217,0.3197473
51.240074,0.28228518,0.3966112,0.29961538,0.32036516
51.25009,0.2820948,0.39588886,0.30056164,0.31992468
51.260075,0.28178874,0.39681304,0.29978988,0.32012847
51.270073,0.28173918,0.39613092,0.29984567,0.31995112
51.280075,0.28252888,0.39622256,0.29949203,0.3203805
51.290073,0.2823571,0.39674145,0.3001553,0.32057422
51.300076,0.28248855,0.3964143,0.2997252,0.32021105
51.310074,0.2822048,0.39668688,0.29935113,0.3205634
51.320072,0.28279927,0.39677334,0.29973626,0.32036597
51.330074,0.282044,0.39644033,0.29962352,0.32091984
51.340076,0.28116965,0.39511764,0.29999086,0.32015005
51.350105,0.28204703,0.39580464,0.29839957,0.32058474
51.360077,0.28273144,0.3965511,0.29898652,0.32161993
51.37007,0.28213564,0.39609537,0.29879662,0.32059157
51.380074,0.28274947,0.3969508,0.29945397,0.3209989
51.390076,0.28143883,0.39626327,0.2995593,0.32035464
51.400074,0.28187546,0.39631698,0.29901114,0.32044464
51.410072,0.28200695,0.39632902,0.29852578,0.32034513
51.420074,0.2815714,0.39621878,0.2989103,0.3208333
51.430077,0.28149617,0.39664635,0.2985826,0.32058674
51.440075,0.28187442,0.39580485,0.29851985,0.32032442
51.450073,0.28221944,0.39610142,0.2980844,0.3210481
51.460075,0.2822345,0.3954353,0.2987409,0.320943
51.470074,0.28248438,0.3967337,0.29840347,0.32130966
51.480076,0.28217578,0.39581284,0.29851592,0.32073447
51.490074,0.28263232,0.39624265,0.29908055,0.32103696
51.500076,0.28166768,0.39640737,0.29871023,0.3209282
51.510075,0.28276578,0.39605942,0.29838127,0.3209969
51.520077,0.28203914,0.3958269,0.29781953,0.3208243
51.530075,0.28185722,0.3969647,0.29853633,0.32085094
51.540073,0.28217578,0.39639175,0.29847476,0.32079557
51.550076,0.2818728,0.3959144,0.29808366,0.32154885
51.560074,0.28185046,0.39596012,0.29793447,0.32109654
51.570076,0.28155196,0.39614058,0.29764524,0.32110095
51.580074,0.28227076,0.39648908,0.29835105,0.32163152
51.590073,0.2829055,0.3965666,0.298462,0.3214107
51.600086,0.28135553,0.39438543,0.29755405,0.32057312
51.610085,0.28145772,0.39593455,0.29731312,0.32110232
51.620075,0.28252676,0.3964934,0.2975286,0.3212571
51.630077,0.28151876,0.39640397,0.29768404,0.32051566
51.640076,0.2826399,0.3968879,0.29811645,0.32151553
51.650074,0.28246516,0.3957556,0.29749757,0.32151335
51.660072,0.28310767,0.39669904,0.29769465,0.32136235
51.670074,0.2821478,0.39629328,0.2973169,0.3213815
51.680077,0.28219134,0.39648512,0.29743996,0.32172915
51.690075,0.28198856,0.39640236,0.29678896,0.32158795
51.700077,0.2821842,0.39562067,0.29728848,0.32184556
51.710075,0.28281617,0.39669457,0.29727182,0.32192624
51.720078,0.2824063,0.39643002,0.29713267,0.32208326
51.730076,0.28233775,0.39623028,0.29666862,0.32177037
51.740074,0.2823587,0.39684662,0.2968408,0.3220214
51.750072,0.28239852,0.39618438,0.29682538,0.322236
51.760075,0.28220654,0.3957751,0.29653332,0.3221416
51.770077,0.28250036,0.39614582,0.2966136,0.32158214
51.78007,0.28265935,0.39608315,0.29664552,0.32239512
51.790073,0.28262818,0.39690268,0.29653212,0.3221584
51.800076,0.28244513,0.3967562,0.29684278,0.32196617
51.810074,0.2824916,0.39613158,0.29621413,0.32220784
51.820076,0.2818439,0.39640117,0.2963019,0.32218608
51.830074,0.2820607,0.39639273,0.29645866,0.3229049
51.840076,0.28229913,0.39673144,0.29638326,0.3226761
51.85007,0.28169683,0.3958181,0.2962309,0.32327858
51.860073,0.2819422,0.39614105,0.2954578,0.32230556
51.870075,0.2825014,0.3961241,0.29645503,0.32232553
51.880074,0.2816375,0.39586088,0.29548433,0.32233694
51.890076,0.28181878,0.39616057,0.29595706,0.32217342
51.900074,0.2824852,0.39610907,0.2951972,0.3223238
51.910072,0.28174564,0.39598104,0.29560316,0.3227135
51.920074,0.28239927,0.39650387,0.2959825,0.3221685
51.930077,0.2814228,0.39600086,0.29540074,0.3221314
51.940075,0.282508,0.39622954,0.2960914,0.32247406
51.950073,0.2815998,0.39600638,0.295248,0.32247952
51.96008,0.28262022,0.39633235,0.29581326,0.32274112
51.970074,0.28185692,0.39599326,0.29539898,0.3221329
51.980076,0.28197226,0.3969044,0.2957105,0.323034
51.990074,0.28238297,0.39610377,0.2949966,0.32277653
52.00008,0.28216678,0.3959479,0.2952186,0.3227065
52.01008,0.28204107,0.395637,0.29504132,0.3226284
52.020073,0.28157005,0.3959949,0.29493526,0.32230967
52.030075,0.28280407,0.39564562,0.29505503,0.32275376
52.040073,0.28255174,0.397257,0.2950021,0.32312554
52.050076,0.28285256,0.3968422,0.29465282,0.32289326
52.060093,0.28302982,0.3963027,0.2946047,0.32224694
52.070072,0.28257608,0.39668706,0.29506198,0.32214785
52.080074,0.282752,0.39664322,0.29480195,0.3225239
52.090076,0.2835896,0.39713708,0.29561284,0.3233996
52.10008,0.28051955,0.3955955,0.29437244,0.32200405
52.110085,0.28150564,0.39574012,0.29511297,0.32315925
52.120075,0.2817181,0.39645693,0.2950567,0.32309562
52.130077,0.28163427,0.3980854,0.2953978,0.32325533
52.14007,0.28267032,0.39642164,0.29445013,0.32262692
52.150074,0.28132376,0.3960176,0.29496214,0.32244924
52.160095,0.28228447,0.39622262,0.29473522,0.3220824
52.170074,0.28219357,0.39612228,0.29481748,0.32247883
52.180073,0.2821834,0.396682,0.2943069,0.32222387
52.19007,0.28194705,0.39614925,0.2951317,0.32256228
52.200077,0.28223613,0.3966417,0.29477605,0.32196456
52.21007,0.28170806,0.39592457,0.29490262,0.3220571
52.22008,0.2820226,0.39691463,0.29473084,0.32249406
52.230076,0.28286532,0.3956986,0.29429653,0.3219708
52.240074,0.28232533,0.39675757,0.29467466,0.32193825
52.250072,0.2821801,0.3960725,0.29489172,0.32209423
52.260075,0.2828075,0.39658973,0.29515108,0.3223178
52.270073,0.2822346,0.3964685,0.29498914,0.3224527
52.280075,0.2819386,0.39656806,0.29530483,0.32269955
52.290073,0.28240907,0.39642987,0.2950505,0.32220507
52.300076,0.28213686,0.3961659,0.29571077,0.32207128
52.310074,0.28296903,0.39624766,0.2949885,0.32209006
52.320076,0.28190595,0.39585814,0.29439303,0.32141322
52.330074,0.28244743,0.3964335,0.29471266,0.32177454
52.340076,0.28162226,0.39506832,0.29459926,0.3212179
52.350086,0.28147343,0.39545566,0.29513797,0.3223439
52.360077,0.2818173,0.39749214,0.29497522,0.3216158
52.37007,0.28195614,0.39746362,0.29484963,0.3214992
52.380074,0.2821715,0.39771467,0.29506847,0.32125068
52.39007,0.28231812,0.39862987,0.2952001,0.32124946
52.400078,0.28168237,0.39709994,0.295041,0.3215332
52.41008,0.2823814,0.396517,0.29562226,0.3206481
52.420074,0.28197572,0.39673418,0.2955529,0.322805
52.430073,0.28341275,0.3956793,0.2955164,0.3231863
52.440075,0.28329894,0.39524174,0.29312935,0.32206976
52.450073,0.28297654,0.39658913,0.29386422,0.31982026
52.460075,0.28436533,0.3964437,0.2941076,0.3195511
52.470093,0.2824725,0.39631376,0.2955461,0.32237813
52.480076,0.2815635,0.3960939,0.29635558,0.3210348
52.490074,0.28147054,0.3965434,0.29497105,0.32123426
52.500072,0.28279325,0.39590552,0.29498884,0.32127175
52.510075,0.28106925,0.3953348,0.29455465,0.32062152
52.520077,0.28139856,0.3955815,0.29531685,0.32021093
52.53007,0.28120026,0.39514711,0.29510647,0.32008857
52.540073,0.28249067,0.39604622,0.2950426,0.32064652
52.55007,0.28138703,0.39505506,0.29539534,0.3197609
52.560074,0.2817302,0.3956731,0.29504624,0.3203105
52.570087,0.28108385,0.3949862,0.29468092,0.31993988
52.58008,0.2812987,0.3956766,0.2953255,0.32017678
52.590076,0.28158972,0.39520895,0.29486695,0.31992525
52.600075,0.28070018,0.3960729,0.2951978,0.32078746
52.61009,0.2818952,0.39640915,0.29601023,0.3200708
52.620075,0.28161198,0.39555588,0.2953131,0.32046142
52.630077,0.2821967,0.39596322,0.29511654,0.31972033
52.640076,0.28244102,0.3972302,0.29522023,0.31974524
52.650074,0.28237754,0.39602327,0.29563293,0.31930074
52.660076,0.28256175,0.3963577,0.29541495,0.320152
52.67009,0.2822254,0.39623433,0.29622865,0.31917748
52.680077,0.28190443,0.3956904,0.29534736,0.3197282
52.690075,0.2828226,0.39639676,0.29633912,0.31948078
52.700073,0.2820063,0.3966889,0.29536813,0.3201744
52.71007,0.28265584,0.3965736,0.29615703,0.31901142
52.720074,0.28223354,0.39609694,0.2953665,0.31945753
52.730076,0.2825395,0.39674416,0.2960596,0.31934974
52.740074,0.28282467,0.3961572,0.29555252,0.31950614
52.750076,0.28163153,0.3959111,0.2957913,0.3188708
52.760075,0.28171313,0.39606783,0.2956439,0.31893596
52.77009,0.28192425,0.39565134,0.29618472,0.3188829
52.780075,0.28188005,0.3963576,0.2956551,0.3186678
52.790073,0.28260309,0.3963305,0.29592258,0.318657
52.80007,0.28183964,0.3966848,0.29628855,0.31865135
52.810074,0.28189307,0.39629707,0.29584393,0.3191159
52.820076,0.28335238,0.3958234,0.29594746,0.31825933
52.830074,0.2826819,0.39601162,0.29671282,0.31833023
52.840073,0.28354362,0.39715976,0.29522562,0.31841865
52.850075,0.28183562,0.39661783,0.2959647,0.31831133
52.860073,0.28313136,0.39620605,0.29649633,0.3180776
52.870087,0.28201517,0.39624712,0.29724312,0.318023
52.880074,0.28260812,0.3973649,0.2964678,0.31840384
52.890076,0.2827479,0.3958312,0.29637724,0.317983
52.900074,0.28212604,0.39697832,0.29641786,0.31822494
52.910072,0.2827362,0.39582902,0.29582283,0.31783608
52.920074,0.28204706,0.39600894,0.29661995,0.3182232
52.930073,0.28206792,0.39649048,0.29650065,0.3181125
52.940075,0.28274536,0.3962476,0.29667896,0.3178517
52.950073,0.2819661,0.39664996,0.29673526,0.31800035
52.960075,0.28283796,0.39597037,0.2972323,0.31736442
52.97009,0.28258863,0.39727095,0.2966859,0.31705976
52.980076,0.2826196,0.39671394,0.29678038,0.316817
52.990078,0.28360114,0.3971838,0.29703638,0.3175561
53.000084,0.28239423,0.39576504,0.2963289,0.31693804
53.01008,0.2825231,0.39592257,0.2971668,0.317119
53.020077,0.28178835,0.3962721,0.29654524,0.3171838
53.030075,0.28296623,0.39651006,0.2964957,0.31788945
53.040077,0.28319937,0.39644557,0.2969049,0.31644362
53.050076,0.28287667,0.395917,0.29673976,0.31733033
53.060074,0.28248435,0.3963575,0.2965205,0.316559
53.070095,0.28183204,0.39572895,0.29686263,0.31657252
53.080074,0.28181183,0.39605626,0.2967167,0.31613997
53.090073,0.28243685,0.39550042,0.29702196,0.3161702
53.101322,0.28226596,0.39626276,0.29692218,0.3158279
53.11009,0.28191778,0.39630204,0.29743,0.3159813
53.12008,0.28201565,0.3959857,0.29739022,0.31661427
53.130074,0.28203857,0.39630067,0.2976192,0.31600448
53.14007,0.28285444,0.39624766,0.29757693,0.31535476
53.150074,0.28191027,0.39613077,0.2973012,0.31602335
53.160076,0.28235534,0.3960377,0.2973242,0.3163901
53.1701,0.2816635,0.3955241,0.29736087,0.31594348
53.180077,0.28315648,0.39643478,0.29704055,0.31548414
53.190075,0.2819868,0.39596742,0.29720542,0.31591606
53.200073,0.2819919,0.39664644,0.29734057,0.31535572
53.210075,0.28182063,0.3948763,0.29638726,0.315312
53.220078,0.28217033,0.39539778,0.29714853,0.31528315
53.230076,0.28293517,0.39575204,0.29760632,0.314957
53.240074,0.2826251,0.39567927,0.29751334,0.31456485
53.250076,0.2821328,0.39564997,0.297477,0.31519145
53.260075,0.28216752,0.3967784,0.29784137,0.31450737
53.270073,0.28276244,0.39738488,0.29790354,0.31420895
53.280075,0.28220358,0.39731902,0.29723012,0.31524417
53.290077,0.28328207,0.3965576,0.29746917,0.31420776
53.300076,0.2821445,0.39650142,0.29768482,0.31453863
53.310074,0.2828443,0.39686546,0.29834694,0.31444925
53.320076,0.28211924,0.3956766,0.29800737,0.31367162
53.330074,0.2826045,0.39620492,0.29729265,0.3150289
53.34008,0.28108194,0.3956407,0.29755965,0.3133413
53.350082,0.28201684,0.39519262,0.2978101,0.3144358
53.360077,0.2817299,0.39591038,0.2977248,0.31390622
53.37007,0.28218052,0.39567795,0.29815903,0.31437227
53.380074,0.28272736,0.39644432,0.29799733,0.3130099
53.390076,0.28211743,0.39665332,0.2979187,0.31373155
53.400074,0.28222528,0.39639384,0.2986624,0.3136801
53.410072,0.2817994,0.39619547,0.29858658,0.31400043
53.420074,0.282376,0.39700648,0.29816166,0.31383976
53.430077,0.28159446,0.39633378,0.29815912,0.3131454
53.440075,0.28211346,0.39605677,0.29839173,0.3131829
53.450073,0.28117058,0.39592004,0.29799822,0.31382987
53.46007,0.28343934,0.39684772,0.29955015,0.31332803
53.470074,0.2823693,0.3962986,0.29883173,0.31377083
53.480076,0.28184226,0.3973343,0.298584,0.3137087
53.490074,0.28208345,0.3959929,0.29892775,0.31318343
53.500076,0.2819185,0.3965751,0.29866087,0.31343013
53.510075,0.2816441,0.39639205,0.29810092,0.3124003
53.520077,0.28249812,0.39605582,0.29912832,0.3129718
53.530075,0.28185788,0.39593372,0.29881856,0.31302455
53.540077,0.2825904,0.39681244,0.29891032,0.31255615
53.550076,0.282683,0.3952639,0.29848254,0.31174234
53.560074,0.28195074,0.39601955,0.29926473,0.31211528
53.570076,0.2825116,0.39597538,0.29870448,0.31223813
53.580074,0.28189677,0.39598703,0.29908592,0.31238014
53.590076,0.2822468,0.39615822,0.2988769,0.31290254
53.600075,0.28197598,0.39483276,0.29792207,0.3120908
53.610085,0.2827854,0.3959996,0.29900905,0.31320783
53.620075,0.28230828,0.3961911,0.29963434,0.31301072
53.630074,0.28305906,0.39631274,0.2991483,0.31276822
53.640076,0.28201607,0.3967129,0.29859453,0.3121963
53.650074,0.28223985,0.39632392,0.2984861,0.31234008
53.660076,0.28268293,0.3959617,0.29884312,0.31178245
53.670074,0.28262654,0.39588314,0.29921386,0.3123576
53.680077,0.28256282,0.39617243,0.2992322,0.31155023
53.690075,0.28172565,0.39596224,0.29938483,0.3121793
53.700073,0.2814173,0.39629468,0.29874048,0.3119289
53.710075,0.28220013,0.3961508,0.2989297,0.31232196
53.720078,0.2828688,0.39684317,0.29948565,0.31232747
53.730076,0.2820565,0.39618042,0.29934213,0.31205863
53.740074,0.28270236,0.39683023,0.29914913,0.31184268
53.750072,0.2827042,0.3963349,0.29893354,0.31221873
53.760075,0.28254122,0.3969755,0.29962736,0.31197128
53.770073,0.2822693,0.39640352,0.29851744,0.31214324
53.780075,0.28297868,0.39696264,0.29869625,0.31150815
53.790073,0.2834576,0.39636627,0.2991007,0.31202945
53.80008,0.28325954,0.39623538,0.29882395,0.3117608
53.810078,0.2820914,0.3958121,0.29846245,0.31171942
53.820076,0.28292608,0.3956229,0.2984676,0.31159905
53.830074,0.28291014,0.39697936,0.29908597,0.31105638
53.840073,0.28240877,0.39575216,0.29871792,0.3107038
53.85007,0.2829582,0.39594564,0.29886413,0.31145605
53.860077,0.28237572,0.39580405,0.29776177,0.31131685
53.87007,0.28282955,0.39626452,0.29856086,0.31125268
53.880093,0.28231576,0.39643544,0.29870343,0.31158364
53.890076,0.2828174,0.3959445,0.29921204,0.31111896
53.900074,0.28209412,0.39662975,0.29896876,0.31148958
53.910076,0.28253558,0.39631185,0.29868332,0.3115202
53.920074,0.28256845,0.39663038,0.2986487,0.31160447
53.930077,0.28320396,0.39641452,0.2986039,0.31166264
53.94007,0.28154248,0.39583555,0.29909414,0.31113935
53.950073,0.28296414,0.39688048,0.2989258,0.3116303
53.960075,0.28208077,0.39654112,0.2987365,0.31133893
53.970074,0.2823816,0.39576083,0.29921904,0.31179446
53.98008,0.28265157,0.39576572,0.29863015,0.3116429
53.990074,0.28220007,0.39671245,0.29791316,0.31137568
54.000084,0.28139055,0.39593843,0.29800686,0.3112233
54.010075,0.2822568,0.39602798,0.29806912,0.31120232
54.020077,0.28285316,0.39590338,0.29807705,0.31082636
54.03008,0.28283477,0.396606,0.29799497,0.31136638
54.040073,0.28283516,0.39734697,0.29817155,0.31115782
54.050076,0.28246212,0.39655226,0.2982313,0.31085697
54.060074,0.28282142,0.3966186,0.29810545,0.31149575
54.070076,0.28290054,0.39648986,0.29792896,0.3113789
54.080093,0.28230995,0.3961196,0.29844773,0.31166562
54.090076,0.28300974,0.39613712,0.29801401,0.31120586
54.100075,0.28274518,0.39640304,0.29773661,0.311489
54.110096,0.28278086,0.39582357,0.2977899,0.3119506
54.12008,0.2821491,0.39612606,0.29711714,0.3123582
54.130077,0.28232577,0.39564997,0.2978121,0.31144002
54.14007,0.2822722,0.39611304,0.29889154,0.31129107
54.150074,0.28188252,0.39569145,0.29779258,0.31110755
54.160076,0.28247887,0.39624575,0.2975358,0.3117354
54.170074,0.2823828,0.3962433,0.29790065,0.3119754
54.18009,0.28255564,0.3963236,0.29710194,0.3113966
54.190075,0.28337318,0.39652345,0.297764,0.3119762
54.200073,0.2829233,0.3962197,0.29762354,0.31146127
54.210075,0.28277385,0.3964747,0.29804265,0.31165385
54.220078,0.2824448,0.39608938,0.29766402,0.31127617
54.230076,0.2821654,0.39689136,0.2975469,0.31140715
54.240078,0.28248322,0.39646468,0.29822886,0.31120366
54.250076,0.28267622,0.39638284,0.29775733,0.3119477
54.260075,0.28226334,0.3961292,0.2974439,0.31050268
54.270077,0.28254765,0.3966806,0.29798204,0.31175014
54.28009,0.28257707,0.3963977,0.2971222,0.31139043
54.290077,0.28285614,0.39634278,0.2973726,0.31183866
54.30007,0.2819749,0.39605463,0.2971029,0.3111854
54.310074,0.28209466,0.39632493,0.2972744,0.3112211
54.320076,0.28261593,0.39638972,0.29775688,0.31125745
54.330074,0.28235772,0.39615157,0.29699785,0.31163377
54.34137,0.2813684,0.3960167,0.29641822,0.31201464
54.35009,0.28158236,0.39609027,0.2974158,0.31136966
54.360077,0.28243428,0.39676794,0.29674685,0.31137708
54.370075,0.28227243,0.3966166,0.29675227,0.31164345
54.380093,0.28284153,0.39629555,0.2972479,0.31193945
54.390076,0.28238994,0.39634305,0.29660603,0.3112452
54.40029,0.27701917,0.39575666,0.29621747,0.3115571
54.410103,0.282139,0.39534757,0.29619962,0.3107915
54.42008,0.28290126,0.39725357,0.29649416,0.31138587
54.430073,0.28225222,0.39712426,0.2964777,0.31154352
54.440075,0.28251445,0.39511395,0.29647568,0.31136477
54.450073,0.28249922,0.39625257,0.29642347,0.31190357
54.460075,0.28242123,0.39524308,0.29689392,0.3110929
54.470074,0.28308314,0.39623153,0.29705498,0.31125137
54.480095,0.28258935,0.3965703,0.29717705,0.31101942
54.490074,0.28317446,0.39769706,0.2965881,0.3110102
54.500076,0.2833943,0.39642355,0.29653266,0.3110199
54.510075,0.28156137,0.39690316,0.29717255,0.3108477
54.520077,0.28242183,0.39665866,0.2966508,0.3114606
54.530075,0.28224805,0.39699757,0.2961783,0.31200513
54.540073,0.2829195,0.39636767,0.2956568,0.31142282
54.550076,0.28341183,0.39649713,0.29631633,0.3125603
54.560074,0.28219002,0.39702347,0.29551923,0.31264603
54.570072,0.28284764,0.3962341,0.29554328,0.31224632
54.58009,0.28308716,0.3965681,0.29583558,0.31190607
54.590073,0.2826101,0.3962211,0.2957533,0.31241482
54.600075,0.2831326,0.39629784,0.2963285,0.31208476
54.610104,0.2824173,0.39608788,0.29565018,0.31249642
54.62008,0.28232506,0.39576077,0.29588205,0.3125042
54.630074,0.28269362,0.3960659,0.29555058,0.31196225
54.640076,0.2829508,0.39601582,0.2953419,0.31179658
54.650074,0.2821078,0.39580542,0.29532427,0.31203765
54.660076,0.2823878,0.39709127,0.2953399,0.31166926
54.670074,0.28131032,0.39598435,0.2952831,0.3117969
54.680096,0.28241757,0.39634043,0.29573604,0.31271425
54.690075,0.2834329,0.39691883,0.2953328,0.31220388
54.700077,0.2821597,0.3969038,0.29515794,0.31245762
54.710075,0.2820645,0.39627835,0.29469332,0.31181946
54.720078,0.28261593,0.39678997,0.29506212,0.31250134
54.730076,0.2828238,0.39700544,0.2951137,0.3117484
54.740074,0.28222787,0.3962201,0.2952554,0.31240618
54.750076,0.2824881,0.39624265,0.2953671,0.3118232
54.760075,0.28176892,0.39619765,0.29500094,0.31220806
54.770077,0.28318855,0.39702278,0.2951386,0.31297752
54.78009,0.28284404,0.39644724,0.29367545,0.31254503
54.790073,0.28283596,0.39623743,0.29536912,0.3121942
54.800076,0.28243026,0.3964331,0.2942852,0.31290713
54.810074,0.2831601,0.39690942,0.29520434,0.31200215
54.820076,0.28305453,0.39685372,0.29462218,0.3124667
54.830074,0.28211305,0.39552268,0.2937449,0.31252912
54.840073,0.28234485,0.39709267,0.29500115,0.31259847
54.85007,0.28148684,0.39497396,0.29373154,0.31279868
54.860077,0.282523,0.39592707,0.29419038,0.3129536
54.870075,0.28261724,0.3967165,0.29517135,0.31245998
54.88009,0.28275254,0.39595518,0.29427612,0.31273597
54.890076,0.28257823,0.39637053,0.29430562,0.31310543
54.900074,0.28248477,0.39624065,0.29395622,0.3131699
54.910076,0.28260255,0.39679742,0.29377517,0.31269234
54.920074,0.28264648,0.3970901,0.2940453,0.3129654
54.930073,0.2824942,0.39676225,0.29340008,0.31298104
54.940075,0.28289095,0.39670026,0.29423067,0.3129784
54.950073,0.28253725,0.39612904,0.2939787,0.31360784
54.960075,0.28270382,0.39734283,0.29425228,0.31328538
54.970074,0.2829264,0.3976103,0.293972,0.31240615
54.980087,0.28270292,0.39644182,0.29413664,0.31304002
54.990074,0.28282785,0.39619112,0.29348215,0.31307495
55.000076,0.28273624,0.39660916,0.2937467,0.313326
55.010075,0.28214046,0.39597014,0.2937211,0.3129766
55.020077,0.28260282,0.39729774,0.29401082,0.3138944
55.030075,0.282026,0.39608493,0.29383466,0.31341198
55.040073,0.28196207,0.39667818,0.29336157,0.31297708
55.05007,0.28196517,0.3963922,0.29356638,0.3132262
55.060074,0.2826787,0.39641145,0.29261315,0.31294632
55.070076,0.28227198,0.3968486,0.29213804,0.31321022
55.08009,0.2827384,0.39659882,0.29253832,0.3135853
55.090073,0.28221586,0.3965711,0.2921042,0.3132464
55.100075,0.28235608,0.39656052,0.29316825,0.3134397
55.1101,0.28247368,0.3961602,0.29266655,0.31409153
55.12008,0.28073847,0.39638343,0.2921919,0.31354502
55.130074,0.28270644,0.3970299,0.2924599,0.3135118
55.140076,0.28218362,0.39610073,0.29250246,0.31334534
55.150078,0.28306738,0.3961412,0.29299125,0.3135511
55.160076,0.28246263,0.39646196,0.29254228,0.31395316
55.170074,0.28246132,0.39655638,0.29271284,0.31419405
55.180096,0.28253883,0.39609417,0.2918286,0.3138925
55.190075,0.28232706,0.39619356,0.2924344,0.31343403
55.200077,0.28275597,0.39652762,0.29259247,0.31340072
55.210075,0.282943,0.39683303,0.2918991,0.3134696
55.22008,0.28320417,0.39648157,0.29184863,0.31365758
55.230076,0.28278938,0.39649466,0.2915622,0.31377438
55.240074,0.28346485,0.39644292,0.29171106,0.3138842
55.250072,0.28280264,0.3969172,0.29252926,0.31371018
55.260075,0.28287965,0.39645988,0.2918536,0.31389192
55.270077,0.283091,0.39694655,0.29166836,0.31459612
55.280094,0.28199396,0.39569357,0.29154095,0.31402507
55.290073,0.28197473,0.39581513,0.29103726,0.3133901
55.30007,0.28278553,0.3957055,0.2910851,0.3135489
55.310074,0.28111866,0.39521012,0.29242298,0.31464136
55.320076,0.28276166,0.39602828,0.29211262,0.31273982
55.330074,0.28095895,0.3943309,0.28930265,0.31361222
55.341362,0.2785159,0.39735624,0.28926376,0.3161372
55.350094,0.28153753,0.3957679,0.2895253,0.31364584
55.36008,0.2814052,0.39683357,0.29083207,0.31378025
55.370075,0.28288192,0.3970027,0.2912826,0.31480777
55.380104,0.28241646,0.39664975,0.29112545,0.31411284
55.390076,0.28216177,0.39647898,0.2908626,0.31429854
55.400074,0.28201067,0.39638284,0.29064637,0.31428295
55.410072,0.28225335,0.39644855,0.29072234,0.3149766
55.420074,0.28318408,0.39611384,0.2905688,0.313716
55.430073,0.28276354,0.39550295,0.2910042,0.31476972
55.440075,0.2826818,0.3966602,0.29039198,0.31478563
55.450073,0.28271794,0.39681423,0.29004693,0.31461632
55.460075,0.28262833,0.39624882,0.29037434,0.3146742
55.470074,0.28361565,0.3965998,0.29099745,0.3148107
55.480072,0.28179035,0.3963153,0.28982678,0.31475425
55.490074,0.2821348,0.39626774,0.29093525,0.31460845
55.500076,0.28218594,0.3967165,0.29026487,0.3140988
55.510075,0.282825,0.3965005,0.28979778,0.3152906
55.520077,0.28264087,0.39651674,0.2899372,0.3149448
55.530075,0.2825218,0.3967815,0.28984374,0.3148162
55.540073,0.28282455,0.3964259,0.2902035,0.31509098
55.550076,0.28213382,0.39662498,0.289779,0.31414434
55.560074,0.28303725,0.39678764,0.29025903,0.31570348
55.570076,0.28314736,0.3971614,0.29065543,0.3147921
55.580074,0.28364524,0.39644867,0.2899757,0.31529292
55.590073,0.2827533,0.39612368,0.28949958,0.31423032
55.60007,0.28284624,0.39700678,0.29003054,0.31514817
55.6101,0.28277,0.39543873,0.28969282,0.31437516
55.620083,0.28285268,0.397022,0.2895701,0.31605312
55.630077,0.28205147,0.39632168,0.28972474,0.3159418
55.640076,0.28299376,0.3964504,0.2896329,0.31530482
55.650074,0.28301397,0.39653745,0.28906083,0.31472293
55.660076,0.28259465,0.39668727,0.28906384,0.31529567
55.67007,0.28281325,0.39708593,0.28928256,0.31563625
55.680077,0.2826517,0.39735895,0.2894354,0.31554094
55.690075,0.28272682,0.39677036,0.28923994,0.3156084
55.700073,0.28322536,0.39664516,0.28917277,0.31635964
55.710075,0.2832915,0.39708892,0.28912705,0.3151049
55.720074,0.28388783,0.3971234,0.28907362,0.31527752
55.730076,0.2830725,0.3971165,0.28914338,0.31537694
55.740074,0.28296518,0.39686352,0.28917193,0.3167281
55.750076,0.2830654,0.39760527,0.28957224,0.31556436
55.760075,0.28288993,0.39647675,0.2892433,0.31529734
55.770073,0.2831836,0.39706752,0.28913882,0.31607434
55.780075,0.28332284,0.39648545,0.28836587,0.3150513
55.790073,0.28269035,0.3967108,0.28842053,0.3164819
55.800076,0.282622,0.3967678,0.28848168,0.31636813
55.810074,0.28291294,0.39627647,0.28909463,0.31590578
55.820072,0.28319806,0.3961232,0.28814372,0.31541806
55.830074,0.28257635,0.39600918,0.2876533,0.31576014
55.840073,0.28335363,0.3969243,0.28806198,0.31688103
55.850075,0.28246725,0.39641538,0.2889026,0.31584617
55.860077,0.2827729,0.396581,0.28851295,0.31583858
55.870075,0.2831126,0.39621803,0.2885904,0.3154886
55.880074,0.28272012,0.39686233,0.28907114,0.31633067
55.89007,0.28257516,0.39700767,0.28758055,0.3164823
55.900074,0.28315538,0.39695227,0.2886297,0.3165959
55.910076,0.28275946,0.39694515,0.28831303,0.31619838
55.920074,0.28311965,0.3969218,0.28817955,0.31647533
55.930077,0.2828272,0.39697212,0.28812575,0.31656757
55.94007,0.2825838,0.39692774,0.2880456,0.31717813
55.950073,0.28281194,0.39625016,0.28803703,0.31710514
55.96007,0.28280103,0.3963983,0.28785217,0.31670582
55.970074,0.28253546,0.39628732,0.2881687,0.31706792
55.980076,0.28275433,0.39663103,0.28772005,0.31664062
55.990074,0.28295603,0.3960711,0.2880564,0.31702626
56.000084,0.28290978,0.39696896,0.2873933,0.31720158
56.010075,0.2822414,0.39749077,0.28827888,0.31686625
56.020077,0.28305385,0.3966166,0.2882049,0.3172764
56.030075,0.2830107,0.39702874,0.28807104,0.31744787
56.040077,0.28291562,0.3970204,0.28747147,0.31645468
56.050076,0.28305843,0.3979302,0.28806695,0.31684077
56.060074,0.28253117,0.39658892,0.28784952,0.3173725
56.070076,0.2830567,0.39698234,0.2879902,0.31744367
56.080074,0.28323078,0.396768,0.2881624,0.31688344
56.09009,0.28258455,0.39670247,0.2884885,0.31700966
56.100075,0.28276807,0.39673764,0.28796756,0.31704262
56.1101,0.2826497,0.39618626,0.28785852,0.3166711
56.120083,0.28236464,0.39689472,0.28821626,0.3176825
56.130074,0.2829008,0.39668652,0.28728896,0.3161148
56.140076,0.28252706,0.3965061,0.2883585,0.31626356
56.150074,0.28307864,0.39658946,0.2878021,0.31652474
56.160076,0.28222865,0.39809248,0.28798857,0.31676787
56.170074,0.28247496,0.39698625,0.2875731,0.31713974
56.180077,0.28248194,0.39673585,0.28866592,0.31758532
56.190098,0.2826637,0.39608482,0.288118,0.3173267
56.200073,0.2830213,0.397478,0.28782758,0.31721887
56.210075,0.28248748,0.3972048,0.28788805,0.31661505
56.22008,0.2832006,0.39724135,0.28847924,0.31713283
56.230076,0.28199032,0.39592496,0.28874078,0.31706372
56.240078,0.2826055,0.39690313,0.2880777,0.31642503
56.250072,0.28266254,0.39606148,0.28812307,0.3167266
56.260075,0.28279284,0.39683384,0.28937432,0.31692338
56.270077,0.28321105,0.39648893,0.2878973,0.31697214
56.28008,0.28265387,0.39655557,0.28836015,0.31666848
56.290092,0.282558,0.39717817,0.28812099,0.31634602
56.300076,0.28255177,0.39687946,0.288908,0.3163748
56.310074,0.28363538,0.3973771,0.28842464,0.31669313
56.320072,0.28217423,0.39697334,0.2891275,0.31632948
56.330074,0.2829343,0.39713717,0.28794426,0.3165586
56.34137,0.28142643,0.3966679,0.28780422,0.31705877
56.350094,0.28299585,0.39649287,0.28882295,0.31681022
56.36008,0.28282356,0.39566556,0.28847438,0.31602386
56.370075,0.2837903,0.3973687,0.2890322,0.31721583
56.380074,0.2827734,0.39614716,0.28839713,0.31601214
56.3901,0.28302076,0.39653197,0.28872395,0.31755438
56.400078,0.282528,0.3972358,0.28729913,0.3161797
56.410076,0.2825363,0.39695433,0.2890594,0.3158719
56.42008,0.28262153,0.3967332,0.289549,0.3164738
56.430073,0.28257152,0.39700645,0.28948393,0.3162968
56.440075,0.28278452,0.39680105,0.28905058,0.31638592
56.450073,0.2823598,0.39689916,0.2890587,0.3163872
56.460075,0.2829817,0.39725015,0.28969333,0.31619924
56.470078,0.28276673,0.3973947,0.2891535,0.31693217
56.480076,0.2838333,0.39603227,0.2894544,0.3164396
56.490074,0.28308332,0.39649162,0.2897274,0.31598145
56.500076,0.28300583,0.39685148,0.2898865,0.3165546
56.510075,0.28199682,0.39771268,0.29025882,0.3160698
56.520077,0.28382865,0.39761063,0.28961584,0.31551263
56.530075,0.28240746,0.39626572,0.28957164,0.31532165
56.540077,0.28314936,0.39687255,0.29037878,0.31633407
56.550076,0.2826263,0.39714026,0.28954023,0.31598455
56.560074,0.28312358,0.3969246,0.28918752,0.31581458
56.570076,0.28215322,0.39625993,0.29015568,0.31606448
56.580074,0.2824522,0.39663285,0.29020905,0.31557003
56.590073,0.28254783,0.39651242,0.28999043,0.31541014
56.600075,0.28197265,0.39724153,0.289942,0.31529182
56.6101,0.28253847,0.39675483,0.2898539,0.31499955
56.620083,0.28163818,0.39699394,0.2906281,0.31473976
56.630077,0.2828416,0.39732382,0.28991863,0.31521374
56.640076,0.2826433,0.3963712,0.2898091,0.31519735
56.650074,0.28326073,0.39737177,0.29069227,0.3150941
56.660076,0.2826632,0.39715204,0.28938213,0.31511566
56.67007,0.28326017,0.39704278,0.29022816,0.3155098
56.680073,0.28197345,0.3964951,0.29034123,0.314973
56.690075,0.28076378,0.39703423,0.2903236,0.3153226
56.70008,0.28266013,0.3971612,0.28968197,0.31435326
56.710075,0.2830088,0.39675218,0.29053462,0.314825
56.720078,0.28293276,0.39670548,0.2901575,0.31447613
56.730072,0.28231376,0.39776802,0.29064456,0.31443855
56.740074,0.2817669,0.3969852,0.29040182,0.3150197
56.750076,0.2828137,0.39690128,0.29107022,0.31493205
56.760075,0.28375524,0.39725074,0.2908335,0.3140083
56.770077,0.28310406,0.39732605,0.2906912,0.31432238
56.780075,0.28292993,0.3976646,0.29043913,0.31538102
56.790073,0.28295073,0.397237,0.2908014,0.3144016
56.80007,0.2828082,0.39765576,0.2915694,0.3146966
56.810074,0.28233367,0.39793447,0.291027,0.31455177
56.820076,0.28302673,0.39724654,0.29140964,0.3138122
56.830074,0.28250676,0.3972241,0.29113522,0.3139178
56.840076,0.2831574,0.3972182,0.29173085,0.31392837
56.850075,0.28296536,0.3966404,0.2905878,0.3145869
56.860077,0.28304532,0.39720097,0.29182214,0.31404325
56.870075,0.28403634,0.3967293,0.29118797,0.31347892
56.880074,0.28299412,0.39762238,0.29052722,0.31359202
56.890076,0.28273985,0.39722636,0.2912293,0.3133389
56.900074,0.28299338,0.3970902,0.29207495,0.31329072
56.910076,0.28363505,0.39752764,0.29161677,0.31331596
56.920074,0.28340232,0.3975465,0.29167897,0.31324595
56.930073,0.2832136,0.39731362,0.29123896,0.3137413
56.940136,0.28260168,0.39733672,0.2914518,0.31337517
56.950077,0.28311795,0.39724752,0.29213277,0.3136676
56.960075,0.28295672,0.3970939,0.291915,0.31376258
56.970074,0.28244406,0.39716163,0.2915741,0.3130686
56.980072,0.28268296,0.39712188,0.29190284,0.31303987
56.990074,0.28315058,0.39704302,0.29142603,0.31313017
57.000084,0.28276676,0.39701426,0.2919816,0.31275377
57.01008,0.2822528,0.3969163,0.29089195,0.31254566
57.020077,0.28255853,0.39745474,0.2917701,0.31253985
57.030075,0.28199863,0.3968403,0.29180747,0.3128281
57.040073,0.2832249,0.39732188,0.2923003,0.3124518
57.050076,0.28261268,0.39789206,0.2916542,0.31260848
57.060074,0.2829624,0.3966543,0.29273948,0.31199178
57.070076,0.28208613,0.39736375,0.29232544,0.3126197
57.080074,0.2825332,0.39706692,0.29229775,0.31169206
57.090073,0.28290105,0.39781427,0.29224512,0.3123469
57.10009,0.28231424,0.39777192,0.2928939,0.31222895
57.110138,0.2805264,0.39587018,0.29251674,0.31197837
57.120087,0.2829451,0.39764094,0.29266563,0.31201127
57.130077,0.28270727,0.39727384,0.29261625,0.31217542
57.140076,0.28348163,0.39746374,0.29325128,0.31219706
57.150074,0.2827295,0.39640084,0.29232675,0.31127995
57.160072,0.28348106,0.39716277,0.29293886,0.3114362
57.170074,0.28227553,0.39747104,0.2924335,0.3116012
57.180077,0.28285402,0.39671612,0.29302567,0.31157953
57.190075,0.2826692,0.3973147,0.29306972,0.3114951
57.2001,0.28246516,0.39705917,0.29339322,0.31174904
57.210075,0.28262466,0.396281,0.29259658,0.31188473
57.220078,0.28323594,0.39773217,0.29354605,0.31126493
57.230076,0.28209284,0.39659637,0.29309905,0.31115058
57.240078,0.28270847,0.39755446,0.2938571,0.3110383
57.250076,0.28300714,0.39750004,0.2936657,0.31145385
57.260075,0.28327933,0.3970952,0.29230866,0.311401
57.270077,0.2831809,0.39747912,0.29435337,0.31063128
57.280075,0.28278905,0.39727244,0.2931549,0.31089026
57.290077,0.28344744,0.39752173,0.29421496,0.31028774
57.300095,0.28294155,0.39735988,0.29394498,0.3108208
57.310074,0.2822586,0.39748827,0.29388815,0.31100217
57.320076,0.28289443,0.39770043,0.29377672,0.31059706
57.330074,0.28263864,0.39752847,0.29327357,0.31084263
57.34008,0.28094414,0.3964545,0.2936044,0.30986583
57.350086,0.28221604,0.39539948,0.29332125,0.31069645
57.360077,0.28319874,0.39721766,0.29409322,0.31085107
57.37007,0.28240368,0.39701626,0.29470807,0.310783
57.380077,0.28276584,0.39694995,0.29384392,0.31042305
57.390076,0.28257045,0.39680198,0.2937699,0.30997783
57.400074,0.282844,0.39809212,0.29346666,0.3104183
57.410076,0.28224424,0.39692667,0.2937762,0.3098856
57.420074,0.2832115,0.39753887,0.29365727,0.3103138
57.430077,0.28227368,0.3975544,0.29413778,0.31002182
57.440075,0.28233954,0.39726618,0.2939284,0.3106917
57.450073,0.28285727,0.39817858,0.2939368,0.31038752
57.460075,0.2832177,0.39745748,0.29471633,0.31019807
57.470074,0.28295013,0.3965851,0.2933218,0.3099088
57.480076,0.28288913,0.39665827,0.29419994,0.31038427
57.490074,0.28293273,0.39722627,0.2940497,0.30948803
57.500076,0.28281727,0.3981443,0.2936317,0.31048867
57.510075,0.2827254,0.397621,0.2936229,0.31016394
57.520073,0.2829854,0.39698288,0.29414046,0.30988646
57.530075,0.2832466,0.39771754,0.29367337,0.30977923
57.54007,0.28288412,0.3973521,0.2937778,0.3098636
57.550076,0.282914,0.39848801,0.29459912,0.30983266
57.560074,0.28298232,0.39752284,0.29427624,0.31007978
57.570072,0.28303006,0.3978346,0.2942037,0.31054583
57.580074,0.28322962,0.396909,0.29380578,0.309579
57.590076,0.28347322,0.39790618,0.2937916,0.31012693
57.600075,0.2828037,0.39792588,0.29420096,0.3105215
57.61009,0.28069413,0.3950705,0.2938112,0.31040466
57.620083,0.28250486,0.396999,0.29341477,0.31024754
57.630074,0.28269702,0.39758638,0.29407015,0.3102264
57.64007,0.28283158,0.39754006,0.29384175,0.3096859
57.650074,0.28323162,0.39828277,0.2944763,0.30984116
57.660076,0.28257996,0.39709842,0.2940539,0.30999798
57.670074,0.28292444,0.39765006,0.29326275,0.31014568
57.680077,0.28334898,0.39752755,0.29345125,0.31022605
57.69007,0.2827562,0.39750597,0.29343116,0.3100301
57.700077,0.28253898,0.39798594,0.29376474,0.31012973
57.710094,0.28253478,0.3973033,0.2928281,0.30960965
57.720078,0.28345737,0.39832494,0.29301512,0.31016824
57.730076,0.28266734,0.39749655,0.29360026,0.3098849
57.740074,0.2839867,0.39779937,0.29398927,0.31007499
57.750076,0.28240582,0.39782384,0.29311123,0.3096891
57.760075,0.2825,0.3975399,0.2937044,0.3097888
57.770077,0.28283364,0.39674282,0.2940972,0.30952245
57.780075,0.2822595,0.39766198,0.29330027,0.30999872
57.790073,0.2828466,0.39692572,0.2932855,0.3094909
57.800076,0.28291613,0.3980408,0.293483,0.31081846
57.810074,0.28248885,0.39698085,0.29327643,0.3104189
57.820076,0.2824496,0.3976266,0.29314095,0.31031585
57.830074,0.28259555,0.39710253,0.2933683,0.30990142
57.840076,0.2824372,0.39754787,0.29352897,0.3101231
57.85007,0.28352618,0.39767632,0.29296333,0.30995205
57.860077,0.2830488,0.39767674,0.29353887,0.30984658
57.870075,0.2824961,0.3976967,0.29397073,0.3097695
57.880074,0.28296167,0.397376,0.29410392,0.31004813
57.890076,0.28350636,0.3973586,0.29331052,0.31035766
57.900074,0.28342715,0.3977354,0.2926612,0.3099627
57.910072,0.28331715,0.39760512,0.29356998,0.309564
57.92008,0.28270495,0.3971406,0.2928987,0.3101043
57.930073,0.28339228,0.39792156,0.29262403,0.30984876
57.940075,0.28331837,0.3978461,0.29197526,0.30991277
57.950073,0.28354883,0.39857587,0.29279724,0.3102291
57.960075,0.28341356,0.39764914,0.2928962,0.3102501
57.970074,0.28274563,0.39835083,0.29300523,0.3104547
57.980076,0.28297713,0.3974659,0.29241776,0.3101656
57.990074,0.2828534,0.39797986,0.29254708,0.31041336
58.000084,0.28346792,0.39824417,0.29289493,0.30962494
58.01008,0.28224123,0.39674062,0.2928171,0.30965412
58.02008,0.2828745,0.39773458,0.29333657,0.31050658
58.030075,0.2831202,0.3974571,0.29304335,0.30991155
58.040077,0.28344288,0.39791393,0.29306272,0.31023815
58.05007,0.28237888,0.39678246,0.29220948,0.3098813
58.060074,0.28192613,0.39695248,0.2912912,0.30980375
58.070076,0.28216994,0.39638212,0.29179376,0.3101464
58.08008,0.2814551,0.39681622,0.29206702,0.3099303
58.090076,0.2819615,0.39607394,0.2919671,0.3099821
58.100075,0.28278944,0.39708102,0.29201993,0.3099706
58.110085,0.28181356,0.3935471,0.29083583,0.30962545
58.120083,0.28114843,0.39685464,0.29210028,0.3100629
58.130074,0.2833039,0.39772046,0.291892,0.3098856
58.14007,0.28238505,0.39743194,0.29227874,0.31046623
58.150074,0.28369585,0.39837265,0.2926871,0.30967754
58.160076,0.28294584,0.39628273,0.2915778,0.31036353
58.170074,0.28259203,0.3971217,0.29186583,0.3101108
58.180073,0.2829872,0.39872634,0.29199266,0.31065345
58.190075,0.2826913,0.3980634,0.29178062,0.3104358
58.200077,0.28397492,0.39742464,0.29144493,0.31042644
58.21008,0.2827254,0.39755198,0.2917605,0.31017113
58.220078,0.2825937,0.39774218,0.29206353,0.31081545
58.230076,0.28291678,0.39734668,0.29137227,0.3102597
58.24007,0.2826442,0.39710316,0.29094395,0.31058976
58.250076,0.28315613,0.39772147,0.29063684,0.3110789
58.260075,0.283509,0.39734447,0.29142445,0.3101588
58.270077,0.28263605,0.3977113,0.2912031,0.30992347
58.280075,0.28299615,0.39734843,0.2907992,0.31074533
58.290073,0.28232914,0.39786047,0.2912562,0.31124988
58.300076,0.28415576,0.39782745,0.2912449,0.310459
58.310074,0.28294078,0.39798948,0.29089215,0.31018522
58.320076,0.28399172,0.39800826,0.29102537,0.31056473
58.330074,0.28342393,0.39800832,0.29046246,0.31044433
58.34008,0.28214315,0.3971255,0.29052314,0.31129903
58.350086,0.28270727,0.39688757,0.29109058,0.31054902
58.360077,0.28245673,0.3977491,0.2911766,0.31131244
58.370075,0.28315383,0.3975337,0.29050115,0.3112751
58.380074,0.2832241,0.39731443,0.29097074,0.3106328
58.39007,0.28285906,0.39737502,0.29066327,0.3109144
58.40019,0.28325373,0.39733097,0.29003102,0.31140265
58.410084,0.28273058,0.39745116,0.2906126,0.3111476
58.420082,0.28293532,0.39701027,0.29028112,0.3109368
58.43008,0.28267863,0.3967664,0.29039577,0.31083736
58.440075,0.2830684,0.39774358,0.29017538,0.31086114
58.450073,0.28378603,0.39859802,0.29083234,0.31134015
58.46007,0.2831582,0.39754793,0.2908193,0.31067836
58.470074,0.2827049,0.39803627,0.2903237,0.312031
58.480076,0.28235495,0.3980736,0.29063302,0.311233
58.490074,0.28317764,0.39826247,0.29026616,0.3106801
58.500072,0.2830724,0.39735496,0.2908888,0.31050402
58.510075,0.282745,0.39796686,0.29033154,0.31124303
58.52008,0.28269386,0.39742073,0.28997338,0.31081766
58.53008,0.28271142,0.39794773,0.2911813,0.31164348
58.540073,0.28245583,0.39728308,0.29000932,0.31016436
58.550076,0.28293857,0.39780486,0.29043433,0.31079552
58.560074,0.28239506,0.39794192,0.29045555,0.31015798
58.570072,0.2831979,0.398335,0.2898011,0.31074786
58.580074,0.28327283,0.39727348,0.29041654,0.31032193
58.590076,0.28246418,0.3970535,0.29075024,0.31054887
58.600075,0.2831944,0.39842102,0.29032812,0.31137624
58.61009,0.28226238,0.39581192,0.28857476,0.31064117
58.620087,0.283257,0.39853695,0.29056013,0.3116049
58.630077,0.2821434,0.39700115,0.29034394,0.31019923
58.640076,0.28278613,0.39764038,0.29028457,0.31095248
58.650074,0.28270182,0.39807254,0.29060394,0.31032622
58.660076,0.28311685,0.39747116,0.28994983,0.31087843
58.670074,0.28222987,0.39763892,0.2903059,0.31037635
58.680073,0.28362763,0.39765736,0.2902232,0.31122538
58.690075,0.2823732,0.39765736,0.29037324,0.30938563
58.700077,0.28364664,0.39783615,0.2908922,0.31057534
58.710075,0.28397906,0.39733425,0.29056165,0.3101874
58.720078,0.28369492,0.39794827,0.29063758,0.3097658
58.730076,0.28319553,0.3973216,0.29041973,0.3106869
58.740074,0.28285068,0.39844304,0.29134697,0.30970395
58.750076,0.28356832,0.39708376,0.2907313,0.31036985
58.760075,0.28316918,0.39766347,0.29161394,0.30939713
58.770073,0.2834944,0.39783895,0.29073882,0.31055358
58.780075,0.28274667,0.39817685,0.2905687,0.30965838
58.790073,0.28298667,0.39772484,0.29066035,0.30973333
58.80007,0.28272483,0.39825004,0.2910472,0.30962053
58.810074,0.28296682,0.3981481,0.29055473,0.31035212
58.82008,0.28305802,0.3968762,0.29064387,0.30877098
58.830074,0.2828666,0.3981553,0.2913149,0.3091122
58.840076,0.28333077,0.3977195,0.29104814,0.30942246
58.85007,0.28254104,0.39723513,0.2912755,0.30932277
58.860073,0.28232825,0.3977441,0.29054672,0.30930895
58.870075,0.28340298,0.39890102,0.29121792,0.30955845
58.880074,0.2827213,0.3976485,0.29147768,0.30940995
58.890076,0.28222755,0.3979219,0.2911621,0.3091063
58.900074,0.2831049,0.3981115,0.2911611,0.30908066
58.910076,0.28339255,0.39787462,0.2906905,0.30931324
58.920086,0.28307563,0.39755931,0.29111075,0.3095263
58.930073,0.28312227,0.39720342,0.29054233,0.30895618
58.94007,0.28328392,0.39872882,0.2907702,0.30911222
58.950073,0.28271866,0.39693424,0.2918126,0.3089428
58.960075,0.2832975,0.39789388,0.2915312,0.30886504
58.970074,0.2827007,0.39732498,0.2916342,0.30881813
58.980076,0.28301486,0.39827377,0.29177693,0.3089274
58.990074,0.2829514,0.39834082,0.29137766,0.30781502
59.000088,0.2825416,0.39687383,0.2914816,0.3080753
59.01008,0.28275982,0.39733845,0.2911656,0.3082118
59.02008,0.2827821,0.39741638,0.29124764,0.3083385
59.030075,0.2826224,0.39694378,0.29159552,0.308325
59.040073,0.28264204,0.39819247,0.2917103,0.30798385
59.050076,0.28299907,0.398222,0.29177532,0.30810678
59.060074,0.2825326,0.39799294,0.29123372,0.30806395
59.070076,0.28426,0.3989643,0.29176503,0.30800316
59.080074,0.28319535,0.39873892,0.29142693,0.30823264
59.090073,0.2834372,0.39830956,0.29145747,0.3076967
59.100075,0.28281027,0.39921775,0.2917897,0.3082719
59.110085,0.28313762,0.39809135,0.29197678,0.3062057
59.120087,0.2830197,0.39719093,0.2922009,0.30763438
59.130074,0.28250122,0.3972333,0.2922944,0.3072049
59.140076,0.2825264,0.39731377,0.29185757,0.3065029
59.150074,0.2819903,0.3976824,0.2926544,0.30765387
59.160076,0.28355044,0.39713946,0.29315698,0.30664632
59.170074,0.28380895,0.3976389,0.2908024,0.30706578
59.180077,0.28273416,0.39772624,0.2919799,0.3078136
59.190075,0.28231856,0.3979462,0.29286355,0.30652314
59.200077,0.2837546,0.3977791,0.29195303,0.30729315
59.21007,0.28291875,0.39819074,0.2917614,0.30787024
59.22009,0.2838552,0.39885497,0.29264298,0.3064554
59.23008,0.28369394,0.39724314,0.29262006,0.30758426
59.240074,0.28298917,0.39887443,0.29285106,0.30667803
59.25008,0.28261843,0.3983271,0.29224142,0.30610523
59.260075,0.2831456,0.39813772,0.29224145,0.30665123
59.270073,0.2826181,0.3979908,0.29187864,0.30669424
59.280075,0.2828854,0.39710325,0.29246292,0.30722347
59.290073,0.28325394,0.3979933,0.2925812,0.30571592
59.300076,0.2835058,0.3979081,0.29162565,0.30697596
59.310074,0.28227228,0.39761448,0.29290554,0.30590314
59.320103,0.2829537,0.39801115,0.29268312,0.3061046
59.330074,0.28246334,0.39796543,0.29213253,0.30612543
59.340084,0.27979496,0.39615247,0.29151794,0.3055024
59.3501,0.2819859,0.39702794,0.2923638,0.30611986
59.360077,0.28230906,0.39731246,0.29297674,0.30626276
59.37007,0.28314984,0.39756846,0.29323164,0.30593976
59.380074,0.28198647,0.39818934,0.29247192,0.30563468
59.390076,0.28268227,0.39826012,0.29304153,0.30649254
59.400074,0.28278774,0.39776388,0.293053,0.30579916
59.410076,0.2835341,0.3983782,0.2933448,0.30591574
59.4201,0.28229958,0.39768103,0.29288438,0.30545235
59.430077,0.28261602,0.39815488,0.29375985,0.30561444
59.440075,0.28308758,0.39813584,0.29299456,0.30521035
59.450073,0.28298053,0.3983397,0.29279995,0.3059554
59.460075,0.282694,0.39811078,0.2932294,0.30517527
59.470074,0.28321382,0.39805502,0.2931375,0.3052761
59.480076,0.2830943,0.39819914,0.293105,0.30546746
59.490074,0.28334564,0.39807004,0.29328176,0.30516505
59.500076,0.28311455,0.3983343,0.2928777,0.3049143
59.510075,0.28337705,0.39847362,0.29307702,0.30552724
59.520073,0.2827813,0.3985647,0.29393482,0.30537283
59.530075,0.28338593,0.39813706,0.29304847,0.3050651
59.540073,0.28338248,0.3981612,0.29378092,0.30534157
59.550076,0.28365704,0.3978079,0.2931228,0.30530936
59.560074,0.28301257,0.39883256,0.2930361,0.30495694
59.570072,0.28278178,0.39782086,0.29384777,0.3050668
59.580074,0.28324974,0.39655146,0.29344407,0.30494693
59.590073,0.2827461,0.39794034,0.29354167,0.3048788
59.600075,0.28291914,0.39751703,0.2928719,0.30616984
59.610085,0.28248683,0.39969817,0.2928969,0.30489028
59.620087,0.28344873,0.39732057,0.29308963,0.3054791
59.630074,0.2819238,0.39814392,0.29260752,0.30618447
59.640076,0.28377652,0.3975647,0.2946465,0.30511537
59.650074,0.28205624,0.39860278,0.2930167,0.30440962
59.660076,0.28286588,0.3977839,0.29291603,0.30513847
59.670074,0.28292686,0.3984749,0.2929102,0.30535012
59.680077,0.282604,0.39843068,0.29243964,0.30573997
59.69007,0.2828091,0.39817306,0.29239428,0.30465588
59.700077,0.28206223,0.39818504,0.29245248,0.3045394
59.710075,0.28287694,0.39811516,0.29209843,0.30463085
59.720078,0.28356397,0.3979312,0.29292983,0.304371
59.73009,0.28289834,0.39848694,0.2936942,0.30523497
59.740074,0.28349432,0.39799684,0.2933249,0.3047173
59.750076,0.2828245,0.39859822,0.2926505,0.30539137
59.760075,0.28237137,0.39800584,0.2928387,0.30531535
59.770073,0.28296313,0.39801472,0.29284897,0.30464712
59.780075,0.28265354,0.3982336,0.29312825,0.30389202
59.790073,0.28215703,0.39838582,0.29273912,0.30479062
59.800076,0.28342578,0.39749232,0.29235613,0.30512807
59.810074,0.2827851,0.3981735,0.29215366,0.30378833
59.820076,0.2824869,0.39782184,0.2924257,0.3047755
59.830082,0.28360385,0.3979774,0.29330623,0.30466533
59.840073,0.28308097,0.39796737,0.29235557,0.30505246
59.85007,0.28302094,0.3988145,0.29295507,0.30415732
59.860077,0.28340936,0.39935908,0.29243606,0.30542308
59.870075,0.2830746,0.398046,0.29314265,0.3050253
59.880074,0.2829303,0.39869377,0.2927046,0.30531976
59.890076,0.28261712,0.39902925,0.2924861,0.30486462
59.900074,0.28248787,0.39879507,0.29314998,0.30517477
59.910076,0.2826914,0.39825246,0.2920824,0.30474833
59.92008,0.2827704,0.39862093,0.29265243,0.30486298
59.930088,0.2827256,0.39746705,0.29236767,0.30476782
59.940075,0.2828982,0.39850062,0.29239273,0.30521563
59.950073,0.28274652,0.39860332,0.29207024,0.3052064
59.960075,0.2831391,0.39831477,0.29216716,0.30483055
59.970074,0.28321052,0.39853954,0.2920001,0.30513906
59.980076,0.28354308,0.39840838,0.2923291,0.3056007
59.990074,0.2825534,0.39832404,0.29260272,0.30504698
60.000084,0.28240442,0.39784887,0.29159117,0.30470377
60.010082,0.28271297,0.39864784,0.2920426,0.30509716
60.020084,0.28243202,0.39834055,0.29129234,0.305062
60.030094,0.28279868,0.39867723,0.29233542,0.305362
60.040077,0.28296974,0.3982316,0.29143584,0.30425882
60.05007,0.2835123,0.3988477,0.2911811,0.30502117
60.060078,0.28217295,0.3980839,0.2917545,0.3048433
60.070076,0.2829811,0.39804307,0.2918287,0.3045683
60.080074,0.28263262,0.3989589,0.29130128,0.3048624
60.090076,0.2820554,0.39817205,0.29112518,0.3051646
60.100075,0.28227016,0.3987166,0.29207975,0.30471918
60.11009,0.28259274,0.3985823,0.2913795,0.30507654
60.120087,0.28332835,0.3985711,0.29102585,0.30551958
60.130096,0.28249377,0.39715296,0.29129502,0.30528176
60.140076,0.28291056,0.39830822,0.29116675,0.30535385
60.150074,0.2828209,0.39811364,0.29124612,0.30526644
60.160076,0.28274432,0.39870787,0.2914681,0.30600864
60.170074,0.2821077,0.39785725,0.29108602,0.30534077
60.180073,0.2834769,0.39890715,0.29147652,0.305589
60.190075,0.28188094,0.39825866,0.29112962,0.3048406
60.200077,0.28242674,0.3989926,0.29100686,0.30545014
60.210075,0.28317663,0.39810976,0.29045406,0.30530512
60.220074,0.2836544,0.39768878,0.2910388,0.30514166
60.23009,0.283109,0.39877406,0.2906729,0.3052477
60.240078,0.2828666,0.39853436,0.2907014,0.30505615
60.250072,0.2834172,0.39861017,0.29021713,0.30417138
60.260075,0.28211007,0.39839226,0.29107332,0.30541262
60.270073,0.28347757,0.3983777,0.29024416,0.3049556
60.28008,0.28262895,0.39906418,0.29071692,0.30515653
60.290073,0.2832095,0.39832377,0.29063675,0.30502507
60.30008,0.2826966,0.39906362,0.29049408,0.30532324
60.310078,0.28261283,0.39813557,0.29052708,0.30552515
60.320076,0.28318346,0.3986201,0.2899712,0.3054127
60.330093,0.28353584,0.3988406,0.2904236,0.3056639
60.34008,0.2812363,0.39673603,0.29002118,0.3053726
60.350086,0.282661,0.39886177,0.2899747,0.30546784
60.360077,0.28239384,0.3978123,0.2905516,0.30625525
60.37007,0.28241172,0.39797568,0.28927526,0.30601946
60.380074,0.28360668,0.39830598,0.29021135,0.3055717
60.39007,0.28298968,0.39841035,0.28978297,0.30464262
60.400074,0.2809336,0.39828506,0.28968892,0.30619943
60.410088,0.28248292,0.39792782,0.28967738,0.30597407
60.42008,0.28301206,0.39841643,0.28969383,0.3055596
60.430115,0.28294095,0.3983288,0.2895245,0.30540815
60.440083,0.28289863,0.398527,0.2896697,0.3061149
60.450073,0.28257006,0.39834893,0.28964522,0.30556783
60.460075,0.28332606,0.39892668,0.2892335,0.3059016
60.470074,0.28293526,0.3976269,0.28933203,0.30591074
60.480076,0.28380436,0.3986503,0.2890956,0.30600077
60.490074,0.28270364,0.39842635,0.28924122,0.30523932
60.500076,0.2832682,0.3989,0.28896585,0.3053975
60.510075,0.28314203,0.3988421,0.28922078,0.30602494
60.52008,0.28220743,0.39840102,0.28897586,0.30610186
60.530098,0.28352293,0.39824662,0.28847742,0.3062875
60.540077,0.28297627,0.39835903,0.28873086,0.30564386
60.55007,0.28325108,0.3987795,0.2888922,0.3059298
60.560074,0.2825521,0.398327,0.28830028,0.30624536
60.570072,0.28375867,0.39859718,0.2885836,0.30521667
60.580074,0.28331324,0.39939275,0.2884722,0.30587274
60.590076,0.28351754,0.39974564,0.2893942,0.3065303
60.600075,0.28288803,0.39789256,0.2891639,0.30603486
60.61009,0.2842378,0.39939904,0.28853586,0.3059672
60.62009,0.28259948,0.39915508,0.28839335,0.30600235
60.630096,0.28190827,0.3995225,0.28812107,0.30631152
60.64009,0.2829373,0.3987698,0.2880358,0.3064303
60.65008,0.2824717,0.39805287,0.2883625,0.30629125
60.660076,0.2820961,0.39858547,0.2877016,0.30565095
60.670074,0.28296137,0.39892474,0.28802574,0.30693227
60.680073,0.28342783,0.39922577,0.28793582,0.30629206
60.690075,0.28241417,0.39896065,0.28742152,0.30662373
60.700073,0.28278956,0.3989873,0.2877871,0.30615443
60.71007,0.2832135,0.39880255,0.28820992,0.30692986
60.72008,0.28393087,0.39862671,0.2879139,0.305667
60.730095,0.28345838,0.39938688,0.28806308,0.30620676
60.740078,0.28254595,0.3983064,0.28726608,0.30611625
60.750072,0.28281116,0.39820248,0.28763482,0.30656818
60.760075,0.28290293,0.39925724,0.28781658,0.30666482
60.770077,0.28270417,0.39841175,0.28801903,0.30650038
60.780075,0.28342628,0.39831,0.28776634,0.30714116
60.790077,0.28248474,0.3986012,0.28731227,0.306369
60.800076,0.2831594,0.3986852,0.28741974,0.30735537
60.810074,0.2833589,0.3980552,0.2870648,0.3064884
60.82008,0.28066376,0.39736488,0.28818554,0.30773085
60.830093,0.2806069,0.39778152,0.28907934,0.3040314
60.840076,0.28173244,0.39774716,0.28751597,0.30469996
60.850075,0.28078791,0.39493912,0.28745174,0.30499434
60.86009,0.28124294,0.39895818,0.28562915,0.30574697
60.870075,0.28183442,0.3969002,0.28644818,0.30687648
60.880077,0.2824544,0.3978654,0.28643504,0.30715105
60.890076,0.28184226,0.39764902,0.28684232,0.30621442
60.900074,0.28316304,0.39809582,0.28627604,0.30732718
60.910076,0.28329673,0.3980238,0.28632623,0.30726552
60.920074,0.28318575,0.3983946,0.28620216,0.30672807
60.93008,0.2830894,0.39881772,0.2870383,0.30664858
60.940075,0.28302193,0.39849737,0.2862171,0.30713508
60.950077,0.28275195,0.39901623,0.28664607,0.30745348
60.960075,0.2827513,0.39824924,0.2858227,0.30757365
60.970074,0.28315082,0.39910734,0.28545275,0.3077952
60.980076,0.28419223,0.39816102,0.28635678,0.30733293
60.990074,0.28230494,0.398763,0.2854453,0.30753756
61.000084,0.28264102,0.39849976,0.28591582,0.3067941
61.01008,0.28282642,0.3984833,0.28581274,0.30696633
61.020077,0.28329575,0.39909482,0.28589806,0.30731365
61.030075,0.28309774,0.39830184,0.2861553,0.30731383
61.040073,0.28291342,0.39905345,0.28606105,0.30701545
61.05007,0.28323734,0.39833605,0.2859857,0.30694413
61.060074,0.2832114,0.3988488,0.28564286,0.30746213
61.070076,0.2829384,0.39875466,0.28559673,0.30775613
61.080074,0.28344417,0.39880863,0.28579697,0.3079882
61.090076,0.28277493,0.39921013,0.2850006,0.3075636
61.100075,0.28353378,0.3988762,0.28588352,0.308053
61.110092,0.28094682,0.397244,0.28584015,0.3081198
61.120087,0.28288668,0.39860547,0.2854994,0.30836055
61.130074,0.28387567,0.3981731,0.284598,0.30844328
61.14007,0.28325975,0.39948785,0.2850304,0.30784747
61.150078,0.28211078,0.39892232,0.2847863,0.30748162
61.160076,0.28316796,0.3981228,0.28479138,0.30753678
61.170074,0.28240547,0.39834115,0.2854321,0.30782387
61.180073,0.28311226,0.3982523,0.285702,0.3075843
61.190075,0.2833709,0.39866158,0.28554633,0.3082918
61.200073,0.28263766,0.39799297,0.284699,0.30767518
61.210075,0.28087327,0.39899793,0.28562754,0.30801892
61.220085,0.28227597,0.3983513,0.28472286,0.30843335
61.230076,0.28322315,0.39831662,0.28450063,0.30765682
61.240074,0.2826139,0.39833194,0.2846202,0.30813444
61.250072,0.28341416,0.3989586,0.2850056,0.3079902
61.260075,0.28278792,0.39862198,0.28495154,0.30840722
61.270073,0.2825586,0.3988516,0.28501436,0.30843717
61.280075,0.28285363,0.39877537,0.28530154,0.30816922
61.290073,0.28305343,0.3983149,0.2847439,0.3087502
61.30007,0.28338876,0.39927095,0.2844911,0.30791497
61.310074,0.28249228,0.39884427,0.28457418,0.30817088
61.320072,0.28326395,0.39865106,0.28462148,0.30830553
61.330074,0.28280148,0.39870995,0.28472444,0.30814397
61.34008,0.28195724,0.39770135,0.28430375,0.30782142
61.350082,0.28289187,0.39870232,0.28496766,0.30859426
61.360077,0.282689,0.39860266,0.28462598,0.30887926
61.370075,0.28321066,0.398274,0.28451565,0.30864337
61.380074,0.2827404,0.398213,0.2850636,0.30776972
61.390076,0.28348067,0.3984216,0.28426713,0.30879214
61.400208,0.28338942,0.3995733,0.28452444,0.30840182
61.410072,0.28262642,0.39861912,0.28474233,0.30801204
61.42007,0.28262094,0.39916834,0.28527588,0.30827948
61.430073,0.28287283,0.39921808,0.28530693,0.3080146
61.440094,0.28285,0.39909065,0.28459606,0.30867836
61.450073,0.28277078,0.39877844,0.28536886,0.3080067
61.46007,0.28224418,0.3990706,0.28520834,0.30768776
61.470074,0.28315753,0.39932832,0.28465986,0.30785733
61.480076,0.28334218,0.3991008,0.28482366,0.30752996
61.490074,0.2830783,0.39895394,0.28508186,0.30741173
61.500076,0.28327453,0.3989337,0.28498933,0.30783477
61.510075,0.28316918,0.39903197,0.28547165,0.3083789
61.520077,0.2831397,0.39904842,0.28494436,0.3080565
61.530075,0.28361705,0.3988731,0.28574973,0.3076664
61.540073,0.28257784,0.3987094,0.28459552,0.30775315
61.550076,0.28373727,0.3992855,0.28565848,0.30848825
61.560074,0.28269854,0.39868662,0.28443867,0.3070501
