elapsed_time_sec,ss1,ss2,ss3,ss4
4.204e-06,0.25582886,0.385751,0.41033885,0.35878175
0.010073665,0.25501695,0.38915882,0.41176704,0.38135526
0.020064646,0.25467724,0.3900214,0.41135103,0.38740754
0.030062405,0.2539605,0.39017993,0.4112671,0.39034644
0.040063497,0.25430232,0.39038774,0.4109613,0.39070594
0.050063126,0.25439465,0.3900074,0.41172582,0.39147183
0.06006294,0.25407213,0.39008793,0.41118982,0.39098695
0.07006323,0.2544647,0.38996848,0.41080797,0.39108738
0.08006325,0.25412846,0.3901495,0.4110956,0.39082563
0.09006405,0.25452232,0.38976616,0.41076687,0.3916202
0.10006179,0.25403833,0.38961256,0.41057235,0.39073923
0.110063255,0.2543711,0.38962382,0.41100976,0.39063412
0.120062344,0.25440902,0.38987014,0.41097397,0.3908967
0.13006532,0.25395396,0.38993323,0.41106713,0.39121744
0.14006418,0.25453624,0.38976195,0.41089863,0.39141086
0.1500621,0.25407335,0.38968992,0.41100395,0.39050448
0.16006206,0.2542891,0.38988057,0.4110867,0.3918629
0.1700617,0.254245,0.39000475,0.41063556,0.39125356
0.18006279,0.25550324,0.39075875,0.41029227,0.39105302
0.19006242,0.25458863,0.3900734,0.41047865,0.39152837
0.20006146,0.25428966,0.39029118,0.4109295,0.3908351
0.21006294,0.25483885,0.38995376,0.41035905,0.39143288
0.22006288,0.25171265,0.38962752,0.41044858,0.39122698
0.23008582,0.25319993,0.38911778,0.41057438,0.3916329
0.24006775,0.25475946,0.38980684,0.4106918,0.3912937
0.25006273,0.25410685,0.3892456,0.4105336,0.39133245
0.26006183,0.25358167,0.38922557,0.41026974,0.3910873
0.270062,0.25312912,0.38974437,0.41086587,0.3920838
0.2800673,0.25140864,0.38846326,0.40976518,0.3903554
0.2900673,0.2541402,0.3901102,0.41001025,0.39105362
0.30006087,0.2541212,0.39007142,0.4099827,0.39088717
0.31006092,0.25334436,0.38764036,0.4103332,0.39112294
0.32006094,0.25312796,0.38945106,0.4100367,0.39130336
0.33006284,0.25444132,0.3901234,0.41039553,0.39188895
0.34006268,0.2542126,0.38945103,0.41059205,0.3909771
0.3500634,0.25407094,0.38984996,0.41071814,0.39166772
0.3600626,0.25360003,0.38967338,0.40981233,0.3909495
0.3700625,0.25455528,0.39013958,0.41009593,0.39163634
0.38006243,0.2543544,0.38958764,0.40988564,0.39106342
0.39006117,0.25532767,0.39024758,0.4111461,0.39108008
0.40006262,0.25476256,0.38939488,0.409867,0.3916645
0.41006297,0.25454995,0.39035967,0.41030693,0.39123207
0.42006245,0.2540996,0.39056996,0.41001847,0.39139035
0.4300625,0.2545438,0.38983494,0.4098078,0.39139968
0.44006136,0.2549584,0.38980782,0.4100651,0.39114738
0.45006233,0.25408322,0.38980547,0.40980712,0.39177665
0.4600615,0.25478163,0.38999438,0.4098245,0.39123255
0.47006297,0.2546724,0.39015335,0.40924332,0.3913593
0.48006254,0.25433794,0.39005426,0.41006848,0.39171
0.49006304,0.2550363,0.39020798,0.40952107,0.39085606
0.5000624,0.25430873,0.39077416,0.41005293,0.3911411
0.5100614,0.25392967,0.38980764,0.40984857,0.3916784
0.5200639,0.25462312,0.39037526,0.4091758,0.39173594
0.5300617,0.2539567,0.3916666,0.40973693,0.39159065
0.54006255,0.25481984,0.38950965,0.41045403,0.3907942
0.5500624,0.25423026,0.3896816,0.40972397,0.39194894
0.56006145,0.25397068,0.39068598,0.41077006,0.39057696
0.5700625,0.25399002,0.38953903,0.4108382,0.39290625
0.58006257,0.25406772,0.3916139,0.41034272,0.3904926
0.59006304,0.25478205,0.3892996,0.41083205,0.39184502
0.6000616,0.25405154,0.39064166,0.40764317,0.39093074
0.61006254,0.25441122,0.388354,0.40881303,0.39377055
0.6200626,0.2542352,0.388505,0.40968516,0.39235345
0.63006157,0.25460505,0.39015818,0.40982878,0.3916217
0.64008814,0.2542479,0.38983765,0.4089625,0.39123884
0.6500697,0.25439394,0.39078233,0.4090142,0.39147058
0.660065,0.25406617,0.39059314,0.40946788,0.3915265
0.670063,0.25475582,0.39044178,0.40936866,0.39158264
0.6800623,0.2540849,0.3906436,0.40950698,0.39129075
0.6900623,0.25470042,0.3900637,0.40952143,0.39171848
0.70006305,0.2534221,0.38973355,0.4084765,0.3915968
0.7100638,0.25402716,0.3895149,0.4090223,0.39150348
0.7200615,0.25303677,0.3901518,0.4099949,0.39184007
0.7300714,0.2524094,0.38957134,0.40841886,0.39100292
0.74006563,0.25437397,0.38958913,0.40944353,0.39126974
0.750063,0.25382996,0.39004704,0.40952376,0.39122462
0.7600619,0.25407448,0.39036462,0.40892148,0.39153895
0.77006316,0.25368953,0.389179,0.40914655,0.39207
0.78006274,0.25419897,0.39087173,0.40997347,0.39229044
0.79006225,0.25466064,0.38916174,0.41003752,0.39134768
0.8000621,0.2551443,0.38924357,0.40837693,0.3920681
0.8100624,0.25415042,0.38885328,0.40865618,0.39226428
0.82006365,0.25444734,0.3897722,0.40783703,0.39044398
0.83006173,0.2543491,0.39062896,0.4103555,0.39200595
0.84006256,0.25451502,0.38989073,0.40675095,0.3909204
0.8500612,0.25455216,0.3911039,0.41040796,0.39057198
0.8600628,0.25376356,0.38825026,0.40897524,0.3916882
0.87006336,0.2541706,0.3914163,0.40981743,0.3917945
0.88006234,0.254035,0.38909847,0.4090082,0.3918483
0.8900625,0.2547009,0.39023948,0.4087307,0.39170742
0.90006113,0.25473812,0.39010304,0.40900612,0.3915612
0.9100626,0.25442275,0.39023587,0.40894756,0.39115897
0.92006236,0.254612,0.38999116,0.40791875,0.39142808
0.9300663,0.25450048,0.38956022,0.40895516,0.39169753
0.94006383,0.25439686,0.39052284,0.40828684,0.39156517
0.95006293,0.25463748,0.3903225,0.4091766,0.39234915
0.9600615,0.2540865,0.39013666,0.40838084,0.3917699
0.9700614,0.2541396,0.39025432,0.40890828,0.39155543
0.98006254,0.25440162,0.39006853,0.408489,0.3916303
0.9900628,0.25445098,0.39052388,0.40851223,0.39200124
1.0000669,0.25408047,0.3897141,0.4079575,0.39141878
1.0100629,0.25387672,0.38988233,0.40821555,0.39216813
1.0200622,0.25386578,0.3899829,0.40839103,0.39202958
1.0300633,0.2540411,0.38963026,0.4086144,0.3915152
1.0400624,0.25490314,0.3895649,0.40778756,0.39221668
1.0500629,0.25431758,0.3900217,0.40803742,0.39144316
1.0600612,0.25391322,0.38975284,0.4084743,0.39153513
1.0700607,0.25377822,0.39035285,0.40894133,0.39142337
1.0800632,0.2545291,0.38982916,0.40815568,0.3917395
1.0900619,0.25344145,0.38973385,0.40767834,0.39155546
1.1000623,0.2538889,0.3902212,0.4079203,0.39180648
1.1100625,0.25431168,0.38950264,0.40850458,0.39200267
1.1200619,0.25373718,0.39076746,0.40804368,0.39181858
1.1300625,0.25425798,0.39015105,0.4085902,0.39181492
1.1400611,0.2542022,0.39056128,0.40788394,0.39167383
1.1500623,0.2537045,0.3901647,0.40783614,0.39188206
1.1600622,0.25360632,0.39000213,0.4081204,0.3919613
1.1700622,0.2543676,0.38953844,0.40826762,0.39156342
1.1800617,0.25411525,0.38990915,0.40822104,0.39207733
1.1900624,0.25457606,0.38940996,0.40797082,0.39270073
1.2000631,0.25440365,0.38987306,0.4083814,0.39122322
1.2100614,0.25424388,0.39039063,0.40785837,0.39191997
1.2200623,0.25452673,0.38985628,0.40751064,0.39189583
1.2300766,0.25041816,0.38744715,0.40857673,0.39165407
1.2400681,0.2544239,0.39008275,0.40779066,0.39191225
1.2500627,0.25444254,0.39042735,0.4083163,0.39201897
1.2600615,0.25428888,0.3907219,0.40827793,0.39221868
1.2700622,0.25456986,0.39079002,0.4077863,0.39197788
1.2800624,0.25445783,0.39039293,0.40816137,0.39277688
1.2900625,0.25399992,0.3906386,0.40886408,0.39222366
1.3000623,0.25428712,0.39015692,0.4076176,0.39237353
1.310062,0.2531931,0.38918525,0.40790153,0.3919657
1.3200637,0.25436,0.39037052,0.40757564,0.39318854
1.3300599,0.2543887,0.38980266,0.40774423,0.39195684
1.3400627,0.25461692,0.38962674,0.40870556,0.3913938
1.3500626,0.25412932,0.39063177,0.40703422,0.3915619
1.3600624,0.25470218,0.39175284,0.40688175,0.39210072
1.3700625,0.25393406,0.39056176,0.4074319,0.39193007
1.3800613,0.25430274,0.39055797,0.407903,0.3918664
1.3900625,0.25392956,0.39092746,0.40727302,0.39281678
1.400062,0.2539174,0.3908263,0.40751374,0.39243546
1.4100629,0.25397533,0.39011648,0.40810233,0.39145088
1.4200631,0.25461248,0.3908024,0.40765983,0.39253297
1.4300628,0.2541715,0.38967216,0.4078859,0.39171475
1.4400622,0.25507852,0.3897732,0.40829167,0.39240947
1.4500619,0.25388908,0.38998935,0.40754554,0.3920434
1.4600612,0.25130022,0.38937277,0.4081544,0.39268607
1.4700625,0.25478008,0.3886693,0.40827712,0.39191496
1.4800622,0.25246143,0.38889405,0.40733823,0.391726
1.4900624,0.2522693,0.38863876,0.40780097,0.3920569
1.5000615,0.25188792,0.3887103,0.4077754,0.39258865
1.5100623,0.25340807,0.3904746,0.40720177,0.3913816
1.5200627,0.2528667,0.38747996,0.40692267,0.3918593
1.5300636,0.253325,0.39008245,0.4089514,0.39292234
1.5400621,0.25381058,0.3901767,0.4076407,0.39184082
1.5500627,0.25460774,0.39044103,0.40768498,0.39272097
1.5600623,0.2542925,0.38998458,0.40733358,0.3916111
1.5700611,0.25407615,0.39122885,0.40723634,0.39311844
1.5800623,0.25411972,0.3901211,0.40737543,0.39158875
1.5900623,0.25520632,0.39055067,0.40785056,0.39253873
1.600062,0.2545976,0.3905662,0.40715182,0.39231038
1.6100622,0.25447235,0.3897613,0.40793768,0.3922504
1.6200618,0.25512043,0.39126542,0.40747988,0.3919976
1.6300609,0.25454772,0.3909753,0.4076735,0.39230812
1.6400868,0.2546075,0.3901508,0.40743688,0.3922
1.6500748,0.25423005,0.39024603,0.40734297,0.39301103
1.6600634,0.25481614,0.3903153,0.4067041,0.3920809
1.6700617,0.25393704,0.3902563,0.406782,0.39241788
1.6800627,0.25447908,0.39037943,0.40734082,0.39260593
1.6900625,0.25451344,0.3905301,0.40737724,0.39211828
1.7000626,0.25459453,0.3904269,0.40730104,0.39256752
1.7100627,0.2541555,0.39046928,0.40755957,0.3924289
1.7200619,0.25516537,0.39087212,0.40735728,0.3921965
1.7300705,0.25410503,0.3904102,0.40777287,0.39235488
1.7400662,0.25424328,0.39043438,0.40722024,0.39214092
1.7500626,0.25388345,0.39007282,0.4076466,0.39234218
1.7600628,0.2550764,0.3900923,0.40775076,0.39226094
1.7700628,0.25426236,0.39047182,0.40703434,0.3924834
1.780062,0.25391993,0.39000908,0.40671495,0.3924893
1.7900614,0.25385883,0.39098182,0.40746796,0.39293823
1.8000629,0.2540756,0.39056155,0.40786338,0.39244145
1.8100632,0.25421593,0.38972655,0.4077432,0.3921779
1.8200629,0.25410455,0.3902447,0.40755117,0.39234984
1.8300616,0.2545624,0.39084885,0.40763563,0.39266965
1.8400615,0.25371617,0.3904036,0.40715107,0.39233428
1.8500625,0.25480503,0.39013916,0.40813637,0.39249396
1.8600619,0.25435016,0.390591,0.407384,0.3924819
1.870062,0.25380713,0.39056984,0.40725482,0.39244455
1.8800625,0.25459594,0.39012358,0.4074852,0.39249673
1.8900628,0.25446308,0.39036033,0.4077534,0.3919493
1.9000624,0.2544131,0.38965175,0.40681732,0.39201286
1.9100612,0.25384402,0.39051867,0.4081684,0.39268908
1.9200633,0.2550055,0.39025617,0.40777552,0.39322162
1.9300627,0.2539348,0.38983414,0.40763864,0.39172596
1.9400623,0.25431472,0.38991585,0.4078844,0.39215845
1.950062,0.25450408,0.39010632,0.40680483,0.39347184
1.9600616,0.2542744,0.39069152,0.40751445,0.3928835
1.9700623,0.2542026,0.38979623,0.40784395,0.3930153
1.9800624,0.25414413,0.39025742,0.40815213,0.392378
1.9900622,0.25503558,0.39051393,0.40743873,0.39254776
2.0000677,0.25465673,0.38973907,0.4076752,0.3923708
2.0100634,0.25465974,0.39019918,0.40661946,0.3922886
2.0200634,0.2546012,0.39033902,0.40767917,0.39259747
2.030062,0.25369886,0.38987747,0.40729523,0.39293665
2.0400627,0.25452027,0.3907463,0.4077766,0.39251843
2.050063,0.25478634,0.38980383,0.4074331,0.39332578
2.0600626,0.2552401,0.3907532,0.40815988,0.39258894
2.0700626,0.2554796,0.39014277,0.40718806,0.39262918
2.0800617,0.25361925,0.38946974,0.40720522,0.39217502
2.0900633,0.25466618,0.39039484,0.40716666,0.39293998
2.1000617,0.25413832,0.39024907,0.40672904,0.39325052
2.1100633,0.2549636,0.39096808,0.40737003,0.39314693
2.120063,0.25419077,0.38955486,0.40711313,0.39277133
2.130064,0.25419894,0.39083028,0.40737146,0.39310873
2.1400635,0.2539541,0.38993347,0.40730885,0.39251694
2.1500618,0.25416264,0.39114356,0.40745676,0.39174798
2.1600626,0.25420776,0.38961652,0.40659642,0.39201397
2.1700625,0.25499275,0.3909545,0.40747988,0.39242494
2.1800625,0.25371748,0.39028776,0.40723905,0.39240158
2.190063,0.25403163,0.39042118,0.40787277,0.39267597
2.2000613,0.253807,0.38991368,0.40721923,0.39259002
2.2100625,0.25395817,0.39038327,0.40762407,0.39294586
2.220063,0.25488737,0.39008337,0.40732613,0.39320472
2.230074,0.25339878,0.38921928,0.40524375,0.39255473
2.240069,0.25416356,0.39005363,0.40749303,0.39269045
2.2500627,0.25417802,0.39048037,0.40735185,0.39228055
2.2600613,0.2544106,0.3899034,0.40685982,0.3930199
2.270062,0.25469205,0.39020368,0.40682423,0.3924956
2.2800632,0.25420338,0.39044014,0.4068683,0.39243478
2.2900627,0.2545552,0.39037305,0.40688437,0.39268088
2.3000612,0.25369874,0.3903704,0.4071321,0.39293808
2.3100617,0.25383273,0.38811436,0.40747973,0.39257634
2.3200638,0.2547127,0.39128405,0.40743396,0.3925166
2.3300636,0.25440392,0.39012665,0.406771,0.39259595
2.3400629,0.25457343,0.39031786,0.40778458,0.3923076
2.3500621,0.25447085,0.3900888,0.40671235,0.39225662
2.3600626,0.25396925,0.39051276,0.40720847,0.39289773
2.3700614,0.2536547,0.39086208,0.4073134,0.3928739
2.3800623,0.25376794,0.39082652,0.40744194,0.39301047
2.3900628,0.25398344,0.39034647,0.40647498,0.3921792
2.400062,0.25469342,0.39035878,0.40722924,0.39279947
2.4100626,0.25381494,0.39063558,0.40746152,0.3924552
2.4200613,0.25447515,0.39084157,0.4078554,0.3923332
2.430062,0.25469163,0.39029568,0.4077245,0.39178598
2.440062,0.25444788,0.3911377,0.40803492,0.3926136
2.4500666,0.2543026,0.39072073,0.40726182,0.39292285
2.460063,0.25419292,0.39045978,0.407101,0.39218065
2.470063,0.25461888,0.3906612,0.40780544,0.39272168
2.4800625,0.2541761,0.39132923,0.4073686,0.39228132
2.4900615,0.25416195,0.3900102,0.4070433,0.39323497
2.5000622,0.25398865,0.39087483,0.40693307,0.39272404
2.5100627,0.25429904,0.39086077,0.4076685,0.3928149
2.520063,0.2553849,0.3907731,0.40686136,0.39218843
2.5300627,0.2545527,0.39012632,0.4074187,0.39284837
2.5400612,0.25451794,0.39071536,0.40761447,0.39259568
2.550062,0.25461155,0.3904596,0.40759918,0.39290023
2.5600617,0.25409678,0.39080986,0.40724942,0.39270806
2.5700624,0.25473446,0.3906835,0.40754738,0.39304414
2.5800614,0.2543267,0.39066842,0.40695414,0.39273298
2.5900624,0.25427663,0.39078388,0.40734756,0.39237967
2.6000624,0.25529644,0.39063418,0.4078156,0.39273587
2.6100612,0.25452653,0.39032114,0.40683663,0.39244032
2.6200626,0.2549702,0.3910054,0.40740556,0.39221564
2.6300626,0.2539744,0.3897066,0.40688398,0.3924929
2.6400845,0.25442544,0.39093876,0.4077046,0.39292693
2.650072,0.25454962,0.390534,0.40753716,0.3923596
2.6600637,0.25463298,0.390392,0.4074168,0.3927081
2.670064,0.25417602,0.3908025,0.4075789,0.39173937
2.6800628,0.25411776,0.3904869,0.407642,0.39229372
2.6900628,0.2540658,0.39050716,0.40683946,0.39219883
2.7000625,0.25426796,0.39022008,0.4073596,0.392323
2.7100613,0.25435895,0.39003792,0.4070447,0.39149335
2.7200618,0.25494868,0.39097401,0.40724328,0.3927315
2.7300718,0.25423172,0.3906607,0.4073679,0.39287457
2.7400663,0.2539608,0.3901683,0.4068116,0.3921143
2.7500622,0.25478077,0.3905414,0.4076665,0.39309388
2.7600617,0.25435632,0.38996157,0.40722406,0.3924788
2.7700627,0.2545932,0.39115006,0.40767202,0.39215052
2.7800627,0.25432155,0.38982934,0.406637,0.39223278
2.790063,0.25472417,0.39091,0.4075538,0.39290473
2.800062,0.2542788,0.39025307,0.4069354,0.39239982
2.8100624,0.2551093,0.390577,0.40707442,0.39272022
2.8200624,0.25486502,0.3908512,0.40698963,0.39222595
2.8300622,0.2538031,0.3900585,0.40714684,0.39238197
2.8400621,0.25466397,0.3910037,0.40718988,0.3930961
2.8500624,0.2546823,0.39070174,0.4071066,0.39278513
2.8600628,0.25434843,0.3907374,0.40686226,0.3925338
2.8700626,0.25414193,0.39083025,0.40728337,0.39228883
2.8800619,0.2546352,0.39059412,0.4073842,0.39269856
2.8900623,0.25415832,0.39082745,0.40601376,0.39303663
2.9000626,0.2543315,0.39154798,0.40868473,0.39255017
2.9100614,0.2547557,0.38987797,0.4062526,0.39276594
2.9200635,0.25490496,0.3903976,0.4088081,0.39454672
2.930063,0.25436714,0.39190844,0.4080769,0.39062718
2.9400625,0.25446233,0.39250147,0.40637922,0.39051718
2.950062,0.25430372,0.39033163,0.40849498,0.3902966
2.9600618,0.25500476,0.38924697,0.4058486,0.39134654
2.9700625,0.25555217,0.3888608,0.40757307,0.3921537
2.9800625,0.25431472,0.39145315,0.40646097,0.39107424
2.9900627,0.25485826,0.39011905,0.4072527,0.3917487
3.0000658,0.25437582,0.38954166,0.40759584,0.3921115
3.010062,0.2544346,0.39056772,0.4068921,0.39222988
3.0200627,0.25510862,0.38997808,0.40715235,0.39210612
3.0300627,0.25550878,0.3896406,0.40742967,0.39267755
3.0400627,0.25241575,0.39020312,0.407374,0.39244875
3.0500627,0.25442076,0.3903366,0.40755606,0.39256066
3.0600624,0.2546865,0.3906085,0.4070389,0.3925318
3.070062,0.2542667,0.39072967,0.40756437,0.3929769
3.0800626,0.25376981,0.39085925,0.4069729,0.3927107
3.090063,0.25449112,0.39089,0.40794104,0.39271125
3.1000626,0.25419405,0.39023897,0.4070962,0.3925796
3.1100628,0.25464836,0.39062756,0.40737736,0.39288855
3.1200619,0.25460836,0.3906194,0.4075266,0.39256647
3.1300626,0.25409865,0.3902842,0.40732175,0.392406
3.1400628,0.2539865,0.39054427,0.40688255,0.39248708
3.1500628,0.2543193,0.3906471,0.4078577,0.39147335
3.160062,0.25396362,0.3907131,0.40712178,0.392722
3.1700625,0.25443408,0.39049968,0.40757194,0.3922812
3.1800618,0.25438258,0.3901633,0.4073835,0.39161864
3.190061,0.25432676,0.3916161,0.4071956,0.39241904
3.2000632,0.254772,0.3912122,0.4076546,0.39197153
3.2100625,0.25440133,0.39086476,0.4074075,0.39251065
3.2200623,0.25486556,0.3913798,0.4066046,0.3922042
3.2300694,0.2551692,0.39085668,0.40676743,0.39216176
3.240068,0.25442657,0.39112777,0.4084979,0.3925338
3.250062,0.254926,0.39009872,0.40732425,0.39235663
3.2600625,0.25467047,0.3909373,0.40782318,0.392757
3.2700624,0.2548755,0.39012316,0.40684313,0.3928379
3.2800627,0.25448492,0.39079344,0.40782708,0.39235345
3.2900624,0.25462574,0.39021218,0.4064736,0.39168873
3.3000624,0.25422016,0.39047903,0.407257,0.39238334
3.310061,0.25316265,0.39093634,0.40753466,0.39222753
3.3200648,0.25511318,0.39123785,0.40688595,0.39181712
3.3300629,0.2545428,0.39120916,0.40736017,0.39195764
3.3400629,0.2545904,0.39083502,0.4073071,0.39170796
3.350063,0.2545348,0.39071292,0.4070402,0.3924544
3.3600616,0.25434604,0.39094546,0.4068933,0.39185342
3.3700626,0.25478303,0.39111015,0.40727845,0.39216802
3.3800626,0.2546303,0.3902344,0.40677682,0.39196962
3.390062,0.25476906,0.3913526,0.40725613,0.39212707
3.400062,0.25432584,0.3905488,0.40730783,0.3919424
3.4100628,0.25423104,0.3906175,0.40723804,0.39199424
3.4200668,0.2537076,0.39050257,0.4068824,0.3920461
3.4300632,0.2540411,0.39112803,0.40687138,0.39277655
3.440062,0.2541896,0.3904419,0.40746942,0.39243406
3.4500618,0.25448617,0.39034557,0.4074756,0.39195204
3.4600735,0.25432026,0.39043644,0.40699363,0.39199442
3.4700646,0.2544832,0.39128557,0.4067758,0.39130822
3.4800613,0.25392196,0.38998038,0.40675697,0.39168715
3.4900622,0.25410065,0.39024562,0.40663785,0.39261588
3.5000613,0.2545584,0.39043945,0.4073373,0.3915863
3.5100634,0.25433856,0.3905241,0.40698606,0.39186907
3.5200634,0.25477743,0.39145926,0.40778726,0.39211428
3.5300634,0.25437003,0.3901392,0.40716726,0.39161384
3.5400624,0.2547627,0.39126593,0.40769002,0.39159378
3.5500615,0.25340372,0.39128625,0.40628114,0.39227003
3.5600624,0.25461584,0.39092925,0.40712804,0.39212078
3.570062,0.25403714,0.38682687,0.4067501,0.39162475
3.580065,0.2546196,0.39121142,0.40698865,0.39205697
3.5900624,0.25480154,0.39035708,0.4072167,0.39164224
3.6000614,0.2550277,0.39015397,0.40696457,0.39192945
3.6100624,0.25410634,0.3908655,0.40701056,0.39188394
3.6200626,0.25471863,0.39089814,0.40655914,0.39166194
3.6300628,0.2549913,0.39106473,0.40635663,0.39102563
3.6400864,0.25485948,0.390548,0.40712202,0.39192674
3.6500735,0.2545517,0.3908712,0.40708396,0.39223865
3.6600633,0.25464332,0.39089486,0.40687308,0.39146724
3.6700625,0.25404602,0.39134908,0.40703586,0.39140683
3.6800616,0.25422412,0.39174914,0.40757385,0.39179054
3.6900628,0.25452313,0.3908976,0.40689987,0.39155775
3.7001214,0.25448477,0.39054993,0.40682787,0.3919546
3.710063,0.25445586,0.39065367,0.4076912,0.39258495
3.720063,0.25369018,0.3914355,0.40669814,0.39174038
3.7300885,0.25253445,0.39106366,0.40645045,0.39184403
3.7400668,0.25527975,0.39089587,0.40705884,0.39159712
3.7500632,0.25415504,0.3902266,0.40705287,0.39125496
3.760063,0.25454834,0.39056262,0.40724596,0.39129332
3.7700622,0.25408652,0.39059538,0.40747666,0.39090964
3.7800627,0.25436038,0.39091474,0.40708765,0.3915594
3.7900624,0.25403988,0.39079455,0.40673855,0.39166614
3.800063,0.25481603,0.39076644,0.4068189,0.39148802
3.8100631,0.25448263,0.390898,0.40670222,0.39144233
3.8200617,0.2553516,0.39037487,0.40794,0.3914596
3.8300626,0.25338942,0.39097494,0.40652487,0.39142418
3.8400624,0.2547861,0.39115596,0.40713614,0.3914114
3.8500621,0.25413308,0.39091492,0.40693527,0.39211318
3.8600624,0.25467023,0.39114603,0.40676478,0.3910398
3.8700626,0.2548328,0.39083073,0.40717006,0.39113548
3.8800623,0.25368953,0.39107162,0.4070876,0.3918956
3.8900614,0.25444922,0.39128292,0.40660384,0.39108485
3.9000626,0.25351468,0.39070913,0.407154,0.39160323
3.910063,0.25490043,0.3903617,0.40735334,0.3911051
3.9200625,0.25364906,0.39122158,0.4068628,0.39166996
3.9300628,0.25476557,0.39078307,0.4073202,0.3915242
3.9400616,0.25375968,0.3904848,0.40675676,0.39122298
3.9500623,0.25459412,0.39029625,0.40625536,0.39065567
3.9600613,0.25414196,0.39101157,0.4070141,0.3907628
3.9700625,0.25344208,0.39192754,0.40666604,0.39119884
3.980062,0.25394407,0.39014688,0.4068763,0.39138344
3.9900627,0.25441772,0.3906879,0.40728876,0.3912285
4.0000663,0.25481442,0.39104626,0.40662572,0.39144224
4.010062,0.25358257,0.3911774,0.4071152,0.3903669
4.0200634,0.2550182,0.39080158,0.4067922,0.39080405
4.030063,0.25447652,0.39148918,0.40699404,0.39110324
4.0400624,0.25393534,0.39101937,0.4073512,0.39130923
4.0500627,0.25482833,0.391345,0.40772972,0.39139625
4.0600615,0.2547585,0.39193362,0.4071767,0.39199802
4.070062,0.2550838,0.39178607,0.40761554,0.39133433
4.080063,0.25407845,0.3906418,0.4066291,0.39077067
4.0900626,0.25410813,0.39105868,0.40700543,0.39083588
4.100064,0.25411978,0.39114758,0.4069899,0.3909593
4.110062,0.25393915,0.39074624,0.4071458,0.39124832
4.120063,0.25454548,0.3911501,0.40720016,0.39115357
4.130061,0.2505474,0.39083835,0.40672275,0.3904422
4.140065,0.25496033,0.39117965,0.40684733,0.39047936
4.1500626,0.25458226,0.39099687,0.40669596,0.39059356
4.1600623,0.25491667,0.3909549,0.40696472,0.39070213
4.170063,0.25380087,0.3908119,0.40688613,0.3911886
4.1800737,0.2584211,0.39477682,0.40762928,0.39141273
4.1900735,0.25833273,0.39416102,0.40815812,0.3909425
4.2000756,0.25807035,0.3944591,0.40834564,0.39076754
4.210075,0.25765425,0.3939794,0.40746558,0.3906237
4.22008,0.2573791,0.3931644,0.40706763,0.39022186
4.230084,0.2553372,0.3919059,0.40741685,0.3896772
4.240083,0.25721425,0.39280427,0.4075168,0.39061388
4.2500772,0.25676438,0.39322296,0.4074463,0.38999805
4.260075,0.25673038,0.39273942,0.40700442,0.3906573
4.270076,0.25686216,0.39300564,0.40696257,0.39010155
4.280095,0.2570581,0.39329714,0.40753594,0.39009026
4.290073,0.25700107,0.39303446,0.40710133,0.38986906
4.3000703,0.25687236,0.39323378,0.4071392,0.39006582
4.3100758,0.25737655,0.39289346,0.40805584,0.3904961
4.3200717,0.25777525,0.3934561,0.40776932,0.39021847
4.3300753,0.25885704,0.39491856,0.40753534,0.39108196
4.340072,0.25785494,0.394168,0.40790927,0.39037883
4.3500757,0.25812042,0.39447856,0.40798596,0.3899789
4.3600745,0.25801614,0.39380994,0.40775663,0.39018047
4.3700714,0.25857285,0.39347035,0.40762058,0.38987014
4.380092,0.25830457,0.393884,0.4078327,0.39062297
4.390076,0.2583209,0.394229,0.40731892,0.39081123
4.400075,0.25887978,0.39421606,0.4087632,0.38950405
4.410075,0.25833473,0.3938521,0.40776932,0.3893792
4.420073,0.2588032,0.39424428,0.40800583,0.38948926
4.430075,0.2582578,0.39466232,0.40733552,0.39035982
4.4400744,0.25903937,0.3951025,0.40855733,0.3904051
4.450075,0.25803775,0.39420325,0.40800354,0.38969016
4.4600725,0.25901446,0.39475232,0.4077723,0.39002663
4.4700747,0.2588802,0.39436802,0.4079744,0.38980907
4.48009,0.25832933,0.3948533,0.40812007,0.39018565
4.490073,0.25822404,0.39479235,0.40807167,0.3901418
4.500075,0.25873747,0.3948969,0.4082637,0.38997677
4.5100756,0.2581783,0.39482883,0.40745297,0.39023745
4.520076,0.25849026,0.39425135,0.40774688,0.39025527
4.5300756,0.2584923,0.39442736,0.40739554,0.39029637
4.5400724,0.25858945,0.39464658,0.40760437,0.38995582
4.550075,0.25876176,0.3934963,0.40748352,0.38974902
4.560075,0.2581783,0.39402595,0.40819263,0.38959453
4.5700746,0.25836948,0.3944504,0.40844312,0.38977128
4.5800786,0.25859508,0.3941731,0.4079657,0.39015585
4.590075,0.25901872,0.3946896,0.4067797,0.3896268
4.6000743,0.25896445,0.3946045,0.40778923,0.39015907
4.6100717,0.25824848,0.39431572,0.40810233,0.39044905
4.620075,0.25921014,0.39436063,0.40816948,0.38931912
4.630074,0.25832006,0.39359552,0.40785837,0.3895698
4.6401014,0.25650007,0.392911,0.40746838,0.38976225
4.650085,0.25820443,0.39435825,0.40785727,0.3898445
4.6600776,0.25866136,0.39439484,0.40722585,0.38919422
4.670074,0.25759417,0.39417282,0.40784854,0.3895048
4.680098,0.2583308,0.39355993,0.40832925,0.38985556
4.6900773,0.2572092,0.3943265,0.40748253,0.3894739
4.700074,0.25814116,0.39324376,0.40722445,0.38876054
4.7100883,0.25761524,0.3937218,0.40758824,0.3895216
4.720077,0.2580913,0.39409846,0.40826958,0.38912588
4.7300825,0.2567122,0.3927663,0.40639597,0.38866603
4.7400804,0.2582982,0.39432603,0.40770644,0.389639
4.7500744,0.25775984,0.3933627,0.40758756,0.39036003
4.760076,0.25747022,0.39427128,0.40781367,0.38951278
4.7700763,0.25793043,0.39373243,0.40776655,0.38884467
4.7800736,0.25840217,0.39474133,0.4085302,0.389371
4.7900767,0.25778863,0.3946863,0.40792742,0.3894592
4.8000712,0.25872698,0.39483348,0.40770385,0.3887531
4.8100767,0.25806275,0.39410317,0.4078808,0.3886966
4.820076,0.25910917,0.39451015,0.40779495,0.38961825
4.8300757,0.25831178,0.3943159,0.40702096,0.38912594
4.8400755,0.258141,0.39522284,0.4079621,0.3888463
4.8500724,0.25827354,0.3946294,0.40767482,0.38883752
4.860076,0.2580418,0.3953305,0.40795803,0.3890624
4.8700747,0.25797403,0.39466792,0.4077803,0.38918656
4.880075,0.2589444,0.39519018,0.40848434,0.38888496
4.8900757,0.25770825,0.3951469,0.40817404,0.38942814
4.900073,0.25807616,0.3950422,0.40907365,0.38879845
4.9100757,0.25891972,0.39433965,0.4083677,0.3894678
4.9200754,0.25850004,0.39487544,0.40804034,0.3893509
4.9300756,0.25858334,0.3947936,0.40831563,0.3891853
4.9400744,0.25880793,0.39419752,0.40816492,0.38878596
4.9500732,0.25892952,0.3950642,0.40839818,0.38944408
4.960073,0.2583438,0.39462885,0.40786543,0.38950098
4.9700723,0.2582404,0.39432988,0.4084225,0.3889026
4.980076,0.258024,0.3943947,0.40756622,0.38951236
4.9900765,0.25875413,0.3943995,0.40781724,0.38894174
5.0000796,0.25778008,0.39477804,0.40800735,0.38860908
5.010075,0.25774336,0.39425835,0.40769184,0.38840684
5.0200734,0.25871164,0.3938346,0.40761292,0.3885335
5.030076,0.25758123,0.39411357,0.4078393,0.3885386
5.0400753,0.25859103,0.39471915,0.40752983,0.3888501
5.0500765,0.2579585,0.39507595,0.40765467,0.38865876
5.060074,0.25872934,0.39421025,0.407713,0.38834944
5.0700746,0.25840896,0.39447424,0.40779093,0.38880995
5.080075,0.25808275,0.39464474,0.40730456,0.38860035
5.0900745,0.25786266,0.39481184,0.40773985,0.3890437
5.1000757,0.25911915,0.3954201,0.40795785,0.3887624
5.110076,0.25865072,0.39443198,0.408003,0.38861543
5.1200747,0.2580881,0.3940285,0.40714043,0.38810295
5.130075,0.25849837,0.3946377,0.40741655,0.38820365
5.1400733,0.25814262,0.39426118,0.40784124,0.38855404
5.150073,0.25828037,0.39465818,0.40712106,0.38872308
5.160075,0.2586424,0.39451423,0.40763846,0.38844937
5.170074,0.25810128,0.3940057,0.40742356,0.38821098
5.180074,0.2585699,0.39478824,0.40738106,0.38879147
5.1900754,0.2579309,0.3951194,0.40746292,0.38800794
5.2000756,0.2590576,0.39446926,0.4072066,0.3885075
5.21007,0.2582811,0.39486906,0.40787047,0.3881057
5.22008,0.25782874,0.3948096,0.40715736,0.38853732
5.2300797,0.25740314,0.39445797,0.4072111,0.38846537
5.240085,0.2579028,0.39469814,0.40719062,0.388619
5.250077,0.2573315,0.39470872,0.4074095,0.38924918
5.2600737,0.25801793,0.39425954,0.40676212,0.3881454
5.2700763,0.25844967,0.39471206,0.40727064,0.38887247
5.2800736,0.25847277,0.39450622,0.4075134,0.38836026
5.2900763,0.2583838,0.39489317,0.40802705,0.38800114
5.3000727,0.25790608,0.39481348,0.4076607,0.38786086
5.3100753,0.25607827,0.39421383,0.40735495,0.3885998
5.320083,0.25815195,0.39464095,0.4073529,0.38764226
5.3300743,0.2579341,0.3946927,0.40694156,0.38826835
5.340073,0.25840867,0.39566243,0.406886,0.38789046
5.3500757,0.25833085,0.3950187,0.40704444,0.38760984
5.3600745,0.25783297,0.39518622,0.4080169,0.38818836
5.370075,0.25816324,0.39448386,0.4072469,0.38865638
5.3800735,0.2582662,0.395804,0.4074946,0.38878027
5.3900743,0.25859016,0.39409292,0.40707496,0.38810965
5.4000745,0.25908747,0.39499393,0.40807796,0.3885347
5.4100747,0.25816128,0.39453253,0.4067711,0.38783625
5.4200788,0.25772676,0.39481553,0.4074048,0.38856143
5.430076,0.25782445,0.39484105,0.4075111,0.38743067
5.4400735,0.25734407,0.39516437,0.40729392,0.3882908
5.45008,0.25852472,0.394786,0.40669402,0.38825586
5.460075,0.25827646,0.3948081,0.40718615,0.38767874
5.4700756,0.25794867,0.39420065,0.40756696,0.3875223
5.480076,0.25818956,0.39460132,0.40751126,0.38757178
5.4900737,0.2589389,0.39421,0.40741467,0.3878832
5.5000725,0.25899863,0.39495474,0.40696564,0.38809067
5.510075,0.2579566,0.394876,0.40715116,0.3881064
5.5200777,0.25816074,0.39453158,0.40693316,0.38741085
5.530078,0.25926208,0.3949159,0.40740937,0.3878825
5.540075,0.25769678,0.3942607,0.4071367,0.38758925
5.550075,0.25926375,0.39550114,0.40755382,0.3883571
5.5600753,0.25760257,0.39477655,0.4073607,0.3876597
5.5700727,0.25905508,0.39458066,0.40727326,0.3875184
5.5800753,0.258131,0.39480534,0.4060794,0.38762787
5.5900908,0.25766376,0.3941105,0.4070932,0.38817874
5.6000724,0.25941747,0.39506817,0.4066223,0.38778952
5.6100745,0.2584832,0.3953294,0.40695283,0.38729706
5.6200767,0.25869682,0.39464495,0.40641785,0.38780957
5.6300774,0.25877005,0.39558083,0.40718046,0.3878405
5.6401033,0.25720096,0.39404625,0.4068476,0.38754576
5.6500835,0.2586682,0.39435366,0.40639502,0.38781896
5.660076,0.25891936,0.39460412,0.40721053,0.38817742
5.6700807,0.25737697,0.3942434,0.40736,0.38823417
5.6800785,0.2585601,0.39528593,0.40671727,0.3879028
5.690099,0.25732473,0.39446786,0.40633485,0.38770407
5.7000737,0.25889105,0.3951262,0.40634963,0.38745862
5.710075,0.257952,0.3945671,0.40712345,0.38769108
5.720077,0.25835332,0.39553922,0.40691754,0.38773245
5.730077,0.2572612,0.39375436,0.4062722,0.38688317
5.740091,0.2579297,0.39431253,0.40684316,0.38769343
5.7500744,0.2575677,0.39415503,0.40620354,0.387547
5.7600746,0.25777876,0.39489976,0.40689614,0.38833383
5.7700768,0.25874183,0.39489684,0.40600717,0.38743952
5.780075,0.2575229,0.3952725,0.4055442,0.38686815
5.7900734,0.25750396,0.3949588,0.40654212,0.38691488
5.8000727,0.25896826,0.3948327,0.40666154,0.38750786
5.8100734,0.25761214,0.39481995,0.40687773,0.3876361
5.8200836,0.25804046,0.39486095,0.40639058,0.38705987
5.8300776,0.2586245,0.39491197,0.40695846,0.3871687
5.840073,0.25857845,0.3946531,0.40590572,0.38695532
5.8500752,0.2592522,0.3953536,0.4064806,0.3868583
5.860075,0.25844654,0.39441854,0.40634146,0.38698545
5.870075,0.25846565,0.39573413,0.4062513,0.38757017
5.8800755,0.2587524,0.39453888,0.4059291,0.3869749
5.8900747,0.2577909,0.39411184,0.40621227,0.38768217
5.900074,0.25823116,0.39477232,0.40614176,0.38704747
5.910071,0.2578769,0.39456892,0.40637425,0.3870708
5.9200797,0.25814873,0.3942814,0.4059613,0.38712123
5.930077,0.25823048,0.3946124,0.40599462,0.3874148
5.9400754,0.2589152,0.39534968,0.40563828,0.38700408
5.950074,0.2583063,0.39485997,0.40640533,0.38685167
5.960073,0.25842643,0.39493495,0.40667507,0.38750565
5.9700727,0.25814864,0.39501682,0.40615317,0.3869742
5.9800754,0.25888672,0.39529583,0.40594247,0.3871193
5.990077,0.25826976,0.39483532,0.40575376,0.38752115
6.0000834,0.2589981,0.39483094,0.4063538,0.3869353
6.010075,0.25787455,0.39505386,0.4056521,0.3865442
6.0200806,0.25840738,0.39566022,0.40626281,0.38639686
6.0300746,0.25857773,0.39534375,0.4060973,0.38660246
6.0400763,0.2591776,0.39497426,0.4063863,0.38690636
6.0500755,0.2581787,0.395312,0.40617597,0.3867099
6.0600734,0.25804272,0.3949103,0.405782,0.38713872
6.0700755,0.2581161,0.39531708,0.405856,0.38699856
6.0800724,0.25863287,0.39473358,0.40564066,0.38658905
6.0900807,0.25937268,0.39485312,0.4065117,0.38694465
6.1000967,0.25877824,0.39508092,0.40601134,0.38718316
6.110074,0.25880665,0.3950722,0.4061371,0.38707685
6.120082,0.2582687,0.39548004,0.40574104,0.38652462
6.1300745,0.25857916,0.39422023,0.40612486,0.38639164
6.1400824,0.25813916,0.39512232,0.40561497,0.38680315
6.1500726,0.25794852,0.3950784,0.40540504,0.3867047
6.1600747,0.25914675,0.39525723,0.4056777,0.38637078
6.170075,0.25859055,0.39581352,0.40592498,0.3868826
6.1800747,0.25806737,0.395577,0.40560022,0.38656998
6.1900754,0.25816473,0.3953327,0.40602025,0.38664162
6.2000732,0.25835603,0.39540973,0.40581974,0.38630822
6.2100744,0.25798276,0.39504337,0.4061382,0.38683033
6.2200737,0.25759032,0.39428282,0.40596753,0.3850038
6.230078,0.2569627,0.39446855,0.40547517,0.38654813
6.2400837,0.25739786,0.39325878,0.4065706,0.38720518
6.25008,0.25540906,0.3940977,0.40740874,0.3865043
6.2600775,0.25803223,0.39658093,0.40694958,0.38734528
6.270074,0.2573529,0.39481974,0.40575653,0.38599062
6.2800756,0.2591187,0.3952925,0.40544695,0.38613304
6.290076,0.25813207,0.39492622,0.4057889,0.38656545
6.3000736,0.25803038,0.39658493,0.4055293,0.3861314
6.310075,0.2577063,0.39267462,0.40551928,0.38640386
6.320074,0.25879294,0.3953512,0.4050259,0.38641176
6.3300757,0.25842673,0.3950012,0.40535417,0.38668594
6.340073,0.25838503,0.39506137,0.40575558,0.38598248
6.3500757,0.25826794,0.3950171,0.4056399,0.38678324
6.360073,0.25797227,0.39506012,0.4059539,0.386649
6.3700747,0.25783753,0.3952479,0.4047463,0.38665527
6.380073,0.2582495,0.39463896,0.40524095,0.3866774
6.3900723,0.25815943,0.39470035,0.40526572,0.38613445
6.4000754,0.25873345,0.39545652,0.4057334,0.38591567
6.4100904,0.2589875,0.39624524,0.40589866,0.38655642
6.420075,0.25846297,0.3949991,0.40492937,0.38609043
6.430075,0.25812423,0.39545548,0.4051182,0.3860422
6.4400735,0.25765356,0.39484885,0.40538394,0.3866826
6.4501724,0.2584016,0.3961401,0.40539733,0.386894
6.460074,0.2581626,0.39535865,0.40470675,0.3858058
6.4700766,0.2588793,0.3961377,0.40528265,0.38631454
6.4800754,0.25890484,0.39513767,0.4052852,0.3857722
6.490076,0.25845516,0.3958453,0.4050767,0.38679332
6.500075,0.25766432,0.3952068,0.40549564,0.38586587
6.5100727,0.25820082,0.39471802,0.405128,0.3861608
6.520075,0.25846818,0.39532408,0.40496132,0.38587582
6.530075,0.25741592,0.3955049,0.40551606,0.38625228
6.540075,0.25889543,0.39536303,0.4051585,0.38626578
6.550075,0.25804764,0.39536238,0.4052185,0.3863586
6.5600734,0.25927508,0.39567024,0.40534008,0.38540778
6.570075,0.25817364,0.39492688,0.40511617,0.38541126
6.580075,0.25849682,0.39631867,0.40600917,0.3862785
6.590075,0.2585749,0.3958031,0.4049287,0.3859834
6.6000743,0.25814638,0.39532664,0.4053367,0.38634577
6.610074,0.25822198,0.39544776,0.40451452,0.3858643
6.620074,0.25871077,0.39611053,0.40506175,0.38591114
6.6300735,0.25839978,0.3950175,0.40506735,0.38552406
6.640101,0.25656673,0.39488316,0.40475658,0.3856015
6.650085,0.2573088,0.39493313,0.40490013,0.3856318
6.6600766,0.25780976,0.39482024,0.40483865,0.38556182
6.6700735,0.25783288,0.39562234,0.40490302,0.38598964
6.680075,0.2578976,0.39515084,0.4044596,0.38545498
6.690075,0.258253,0.39524183,0.40541783,0.3860934
6.7000756,0.25758657,0.39495766,0.40511587,0.38465875
6.710075,0.2586301,0.395069,0.4051182,0.3851234
6.720076,0.2578006,0.395434,0.40589032,0.38566163
6.730073,0.25811443,0.392957,0.40594414,0.3851786
6.740088,0.25820994,0.39376494,0.40656713,0.3848227
6.750076,0.25826877,0.39388922,0.40626666,0.38663697
6.760074,0.25823054,0.39557764,0.4039912,0.3855548
6.7700753,0.25836718,0.3949362,0.40469995,0.38519526
6.780074,0.2578885,0.39469382,0.4044515,0.3849263
6.790076,0.2583616,0.39535692,0.4049652,0.38518742
6.8000746,0.25850096,0.39523995,0.4047953,0.38529393
6.8100758,0.25885883,0.39491165,0.40460458,0.38563946
6.8200755,0.2585529,0.39525634,0.40455005,0.385328
6.8300695,0.25879398,0.39581358,0.4037175,0.3848059
6.8400764,0.25806987,0.39556307,0.40478948,0.38521448
6.8500757,0.25874314,0.39541674,0.40455863,0.38547176
6.860075,0.25882813,0.39599377,0.40455583,0.38531753
6.870075,0.25829384,0.3953144,0.4050325,0.38555756
6.8800735,0.2583108,0.39579448,0.4049098,0.38495407
6.890075,0.2583989,0.39558643,0.4045162,0.38539752
6.9000745,0.25858697,0.3954428,0.40489024,0.3850535
6.910075,0.25822365,0.39516807,0.4038317,0.3853855
6.920075,0.2582178,0.39578724,0.40466896,0.38552865
6.930076,0.2584623,0.39560214,0.40468076,0.38534215
6.9400744,0.25844166,0.39563775,0.40519685,0.38596877
6.9500732,0.25784537,0.39578885,0.4045255,0.38474506
6.9600735,0.25847992,0.3950354,0.4049468,0.38561267
6.970075,0.2585703,0.39533657,0.4042157,0.3848506
6.980075,0.25862333,0.39594194,0.40483925,0.38500956
6.9900737,0.25666955,0.39461067,0.40444002,0.38476053
7.000079,0.25680342,0.39421216,0.40432438,0.38425064
7.010076,0.25694793,0.39448842,0.40428662,0.38462436
7.0200768,0.25706276,0.394634,0.40419042,0.3843191
7.030076,0.2573933,0.39520687,0.4045234,0.38377136
7.040075,0.257035,0.3941426,0.40408948,0.38451153
7.050076,0.25700572,0.39496532,0.4040505,0.38471887
7.060075,0.25710547,0.3943328,0.40368253,0.38467014
7.070072,0.257369,0.39450356,0.40407944,0.38435918
7.0800753,0.2580096,0.39518124,0.4045544,0.38460633
7.090077,0.25911102,0.395991,0.40467814,0.38465294
7.1000757,0.25830007,0.39517546,0.404847,0.3849698
7.1100774,0.25853804,0.39540422,0.40480116,0.3846356
7.120074,0.25826597,0.39556935,0.4043494,0.38483608
7.130075,0.25808266,0.39535102,0.40469787,0.3848774
7.1400743,0.2581277,0.39534408,0.4038947,0.38485512
7.150076,0.25780985,0.39534584,0.4043992,0.38494438
7.1600747,0.25817063,0.3957005,0.40420124,0.3841672
7.1700745,0.25867555,0.39530262,0.40447664,0.3843671
7.1800747,0.2582963,0.39538977,0.40428165,0.38453713
7.1900725,0.25841874,0.39501452,0.4038717,0.38423467
7.2000766,0.25933373,0.39571738,0.40417823,0.38479954
7.210074,0.2581737,0.39526954,0.40436947,0.38472366
7.220076,0.25890842,0.39661333,0.40452754,0.38384813
7.2300773,0.25761715,0.39557323,0.40381822,0.38439178
7.240086,0.25835693,0.39510202,0.40487626,0.38502544
7.2500772,0.2576656,0.39599714,0.4042526,0.38413978
7.2600727,0.25880495,0.39539906,0.4048735,0.3847813
7.270076,0.25905487,0.39496887,0.4044732,0.38469356
7.2800746,0.25759956,0.39501882,0.40400803,0.38449898
7.290076,0.2583584,0.3957482,0.40446514,0.38434306
7.3000755,0.25805527,0.39556837,0.4039008,0.38420418
7.310073,0.25796032,0.39561972,0.4031711,0.3844193
7.320076,0.25780842,0.3961651,0.40447435,0.3838133
7.3300757,0.25886685,0.39601582,0.40413386,0.38391078
7.340073,0.25799435,0.3956045,0.4040239,0.38401967
7.3500757,0.25844413,0.39588767,0.40442267,0.38458335
7.360072,0.2584942,0.39517492,0.4035852,0.3842874
7.370074,0.2588546,0.395772,0.40417886,0.38434118
7.3800745,0.25784725,0.3954424,0.40442377,0.3841761
7.390075,0.2580844,0.39601287,0.40449604,0.38425812
7.400075,0.25806835,0.39619425,0.40396985,0.3834382
7.410073,0.2582263,0.39544734,0.40442622,0.38410926
7.420074,0.25874785,0.39561364,0.40430126,0.38432804
7.4300733,0.2585715,0.39476043,0.40365353,0.38419574
7.440075,0.2578978,0.3949815,0.40395314,0.38413522
7.450074,0.2568961,0.39569315,0.40364963,0.38349345
7.460075,0.25870126,0.39517033,0.40404952,0.3840034
7.470073,0.2584647,0.395244,0.40393007,0.38376328
7.480071,0.2582115,0.39564085,0.40474313,0.3840793
7.490075,0.25822642,0.3950352,0.40424603,0.3840065
7.500075,0.25885952,0.39565364,0.4041472,0.38384578
7.510075,0.25789052,0.39522827,0.4043978,0.38397172
7.5200763,0.25790706,0.395384,0.4037578,0.38371345
7.530076,0.2580194,0.3947766,0.40408498,0.3829491
7.5400743,0.2579557,0.39527032,0.40408015,0.38399798
7.550072,0.25769886,0.39535832,0.40448937,0.3832627
7.5600743,0.25748873,0.39571312,0.40414512,0.38345718
7.570075,0.25814956,0.39473274,0.40418983,0.383364
7.580075,0.2587902,0.39562187,0.4036811,0.38296714
7.5900745,0.2577503,0.39436537,0.4041942,0.38328224
7.6000724,0.25919098,0.39479798,0.4037241,0.38302243
7.610075,0.25883764,0.39505145,0.40361845,0.38339192
7.6200747,0.25823346,0.39588827,0.40399432,0.38298455
7.6300755,0.25845718,0.39615008,0.40410045,0.38284403
7.6400976,0.2571308,0.39405867,0.40299222,0.38287544
7.650084,0.25877133,0.39573416,0.40399578,0.3838447
7.660076,0.2578912,0.3952827,0.40388072,0.38364008
7.6700745,0.25822175,0.39589268,0.40414116,0.38377172
7.680073,0.25863886,0.39517006,0.40366948,0.38303158
7.690075,0.25826088,0.39540592,0.40377605,0.38314468
7.700163,0.25825003,0.3956825,0.40370652,0.3830285
7.7100782,0.25798732,0.3955461,0.40504682,0.38325268
7.7200747,0.25854832,0.39553493,0.40398508,0.38239563
7.730077,0.2584999,0.39592433,0.4034455,0.38337314
7.7400966,0.2581098,0.39483646,0.40321243,0.38273674
7.750081,0.25809863,0.39491335,0.4035228,0.38355544
7.760072,0.25845924,0.39564794,0.40348643,0.38348156
7.7700744,0.25817242,0.39537457,0.40315157,0.38337556
7.7800727,0.25790352,0.39620847,0.40312803,0.38342145
7.7900753,0.2582745,0.3948838,0.40316564,0.38345173
7.800075,0.25809997,0.39509124,0.40357497,0.38272887
7.810076,0.25873607,0.3952685,0.40375686,0.3827897
7.820073,0.2589559,0.39550295,0.4034435,0.38228998
7.8300753,0.25773403,0.39529672,0.4037929,0.38267446
7.840073,0.2579658,0.39485103,0.40334964,0.38296652
7.8500752,0.25788856,0.39518997,0.40290955,0.38269776
7.860075,0.25813508,0.3954718,0.40325862,0.38263327
7.870075,0.25783187,0.39525926,0.40268707,0.38311136
7.8800735,0.2578099,0.39569336,0.40359288,0.38307336
7.890072,0.25786248,0.39490792,0.4033075,0.38316172
7.9000745,0.25766832,0.39512524,0.40265578,0.38284713
7.9100747,0.25857112,0.39513054,0.40320736,0.382511
7.9200754,0.25832602,0.3954981,0.40349874,0.38207176
7.930075,0.25855047,0.39556,0.40329486,0.38254613
7.9400735,0.2583875,0.395101,0.40383705,0.38282356
7.9500732,0.25828788,0.394908,0.403664,0.3822593
7.960073,0.25769037,0.39510787,0.40349594,0.38269413
7.9700737,0.25856006,0.39532435,0.40369982,0.38292438
7.980073,0.25874245,0.39604476,0.40313077,0.38234258
7.9900746,0.25862664,0.39550528,0.40297398,0.38213164
8.00008,0.2581664,0.39464575,0.403156,0.38190874
8.010076,0.25818208,0.3954843,0.40313625,0.38270363
8.020078,0.25808275,0.39569467,0.40263364,0.38204545
8.030072,0.25929695,0.39630076,0.40314206,0.38289034
8.040075,0.25824922,0.39466617,0.40370217,0.38215262
8.050076,0.25812566,0.39534527,0.4033139,0.38196754
8.060072,0.25787592,0.39479956,0.4031654,0.38207895
8.070074,0.25793847,0.3952126,0.40268824,0.38185227
8.080075,0.2588604,0.39599764,0.40302435,0.3826636
8.090076,0.2583337,0.3952777,0.40259272,0.38211963
8.100076,0.25808915,0.39547348,0.40297294,0.38250268
8.110076,0.25817955,0.3954897,0.40277,0.38236618
8.120076,0.25810134,0.39601484,0.40268862,0.3818722
8.130073,0.2582743,0.39598796,0.40298417,0.38208675
8.140078,0.25835514,0.39539307,0.40315706,0.38209346
8.150074,0.25855163,0.39542007,0.4025124,0.38172954
8.160073,0.2582255,0.39527807,0.40335345,0.38193244
8.170075,0.25815272,0.39487237,0.40292978,0.38157797
8.180074,0.25893977,0.39586234,0.40311918,0.38207117
8.190075,0.2581218,0.39555168,0.40278822,0.38146952
8.200074,0.2584279,0.39491272,0.40231052,0.38178495
8.210077,0.25851583,0.3947604,0.4026716,0.38203067
8.220079,0.25865823,0.39545366,0.4025732,0.3815404
8.230076,0.2587334,0.3950603,0.40256646,0.3820204
8.240101,0.25782678,0.39491758,0.40288422,0.38133293
8.250079,0.2584753,0.39642388,0.4030425,0.38111255
8.260074,0.25865197,0.39510483,0.40342933,0.3818946
8.270074,0.25816035,0.39562264,0.40282363,0.38114968
8.280072,0.2586049,0.39504516,0.40286195,0.3823361
8.290073,0.25909108,0.3957124,0.40229076,0.38189316
8.300076,0.25840273,0.3953605,0.40147892,0.38226628
8.310075,0.25765634,0.39455986,0.40326864,0.38249782
8.320078,0.2578925,0.3948619,0.40217152,0.38148463
8.330076,0.25883016,0.3952142,0.40173998,0.38171273
8.340075,0.25825292,0.3949577,0.4022389,0.38125917
8.350073,0.2586638,0.39519307,0.40225953,0.38137242
8.360075,0.2588738,0.39536938,0.40259966,0.38178402
8.370075,0.25838932,0.39482775,0.40245718,0.38149753
8.3800745,0.25833544,0.39518136,0.40221316,0.38143575
8.390075,0.258489,0.39459234,0.40281683,0.38160732
8.400072,0.25897112,0.3951019,0.40275073,0.3813194
8.410075,0.2590284,0.39504644,0.40264815,0.38168815
8.420073,0.25855437,0.39615887,0.4021842,0.38122588
8.430076,0.25879326,0.3951899,0.40264863,0.38180947
8.440075,0.25826445,0.39542934,0.4022169,0.38108066
8.450076,0.25840515,0.39510688,0.40195996,0.38131166
8.460074,0.25831506,0.39566165,0.40280053,0.38099402
8.470073,0.25821754,0.39548555,0.4022208,0.38116354
8.480073,0.259114,0.39522853,0.40220606,0.381262
8.490075,0.2580451,0.39492613,0.402137,0.38127887
8.500075,0.25874445,0.39567593,0.402499,0.38196167
8.510075,0.25824636,0.3947152,0.4013104,0.38073304
8.520073,0.25817326,0.39529642,0.4024389,0.38101774
8.530074,0.25880143,0.39572945,0.40234625,0.381513
8.540074,0.2581384,0.3956943,0.40191826,0.38128975
8.550076,0.2588697,0.39531898,0.40215912,0.38153902
8.560075,0.2581744,0.39511532,0.40184006,0.38118148
8.570075,0.25870174,0.395778,0.40183023,0.38145605
8.580075,0.25878435,0.39543274,0.4018282,0.3807523
8.590073,0.25856343,0.39553517,0.401422,0.38168347
8.600075,0.25874522,0.39537013,0.4020584,0.38102505
8.610075,0.25846633,0.39562473,0.40246674,0.38094598
8.620075,0.2582933,0.39513114,0.401735,0.38078958
8.6300745,0.2587535,0.39531764,0.40193787,0.38131148
8.640277,0.25660175,0.3955153,0.40169635,0.38086754
8.650092,0.25753444,0.39536896,0.4018999,0.38106462
8.660079,0.25832137,0.39538336,0.40163755,0.38119903
8.670074,0.25815275,0.3949502,0.40158132,0.38128284
8.680075,0.2585071,0.39544213,0.40201256,0.38142255
8.690073,0.2579172,0.39533618,0.40196344,0.38077092
8.700075,0.25804207,0.3955101,0.40140826,0.38090828
8.710073,0.2578009,0.39544332,0.4015133,0.38067725
8.720077,0.258486,0.39517134,0.40203366,0.38030833
8.730075,0.2576328,0.39511648,0.40164065,0.3797651
8.740099,0.25792584,0.3949063,0.40113324,0.38060385
8.750082,0.2578919,0.3955888,0.4019038,0.3806864
8.760073,0.25876617,0.3953962,0.40175587,0.3803671
8.770075,0.25762522,0.39583787,0.40149236,0.37989965
8.780075,0.258443,0.3953736,0.40160108,0.38068202
8.790076,0.25798887,0.39512908,0.40139467,0.38039738
8.800073,0.2586297,0.39561057,0.40123636,0.38054958
8.810076,0.2590269,0.39557675,0.40098286,0.38019028
8.820074,0.2582157,0.39537075,0.40169585,0.3801363
8.830075,0.2586533,0.3955769,0.40120912,0.38073736
8.840074,0.25820944,0.3951115,0.40108594,0.38006294
8.850077,0.25811848,0.39549547,0.40097323,0.38008043
8.860074,0.2582656,0.39460692,0.40135795,0.3799043
8.870075,0.25809723,0.39567727,0.40138796,0.37999454
8.880075,0.25842243,0.3953493,0.4012694,0.38049188
8.890072,0.258949,0.39578435,0.4015286,0.37978083
8.900076,0.25773028,0.3953547,0.40137246,0.38024387
8.910075,0.25887823,0.39589232,0.40155974,0.38026252
8.920081,0.25517958,0.39559975,0.401262,0.3799795
8.930079,0.25870174,0.39576033,0.40154245,0.380316
8.940075,0.25854954,0.39530966,0.40108252,0.38053882
8.950075,0.25846583,0.3959567,0.40102148,0.37962687
8.960073,0.2583014,0.39499253,0.40098077,0.37961876
8.970073,0.2578874,0.39471406,0.4014715,0.3800978
8.980073,0.25791776,0.39525914,0.40082455,0.38025936
8.990076,0.25806823,0.39514297,0.40071926,0.37948158
9.00008,0.25750577,0.39508384,0.40106413,0.38007227
9.010074,0.25733408,0.39480287,0.40003562,0.37990153
9.020099,0.2582088,0.3952085,0.40050808,0.3796461
9.030075,0.25769258,0.39548624,0.40070635,0.38018414
9.040075,0.25823736,0.39540428,0.4014238,0.37981805
9.050076,0.25807154,0.3955622,0.40031153,0.3799399
9.060074,0.25816032,0.39561617,0.4006656,0.37963545
9.070075,0.25854626,0.39537534,0.40088323,0.37928057
9.080074,0.2581623,0.395184,0.400437,0.3800263
9.090076,0.2570351,0.395782,0.40056452,0.38040298
9.100075,0.25774372,0.39575607,0.40137517,0.38031793
9.110076,0.25815377,0.39560577,0.40073395,0.37921035
9.120092,0.25761268,0.395378,0.40091604,0.3801876
9.130074,0.2581563,0.3962337,0.40103742,0.3795079
9.140075,0.25836724,0.39550638,0.39984146,0.38004738
9.150075,0.2575828,0.3957242,0.40016565,0.3798201
9.160074,0.25859314,0.3952199,0.40062788,0.3794724
9.170075,0.25858954,0.39529654,0.39980742,0.37958765
9.180073,0.258469,0.395321,0.40006936,0.37934437
9.190074,0.25806397,0.39532185,0.4003307,0.37992135
9.200076,0.2578559,0.39533654,0.4004972,0.3792567
9.210074,0.2587277,0.39528918,0.40125996,0.37945008
9.220099,0.25792152,0.3945973,0.39959368,0.37911707
9.230075,0.25913557,0.39586264,0.4007202,0.3797209
9.240103,0.2585389,0.39611724,0.40036836,0.37949562
9.250082,0.2586194,0.39549366,0.40033343,0.3798298
9.260075,0.2581886,0.39553553,0.40026662,0.37897512
9.270076,0.2584768,0.39582083,0.40024227,0.3795166
9.280073,0.2578331,0.39532715,0.40043992,0.3800086
9.290075,0.25794393,0.395455,0.39983574,0.37935022
9.300073,0.25809097,0.39513588,0.39971286,0.37963074
9.310074,0.25756907,0.39425656,0.4003854,0.37946868
9.320102,0.25798038,0.39479405,0.3995762,0.37877503
9.330076,0.25826135,0.3957505,0.39904195,0.3792595
9.340075,0.25792223,0.39584824,0.40079382,0.37874025
9.350076,0.25817078,0.3956971,0.39959937,0.37989897
9.360075,0.25818145,0.39539787,0.40078056,0.37978992
9.37007,0.25836948,0.39500156,0.40009624,0.37928617
9.3800745,0.25860214,0.3954436,0.3995669,0.3797866
9.390076,0.2579516,0.3957357,0.3998834,0.37947175
9.400075,0.25807437,0.39667344,0.39950323,0.37970737
9.410076,0.25702056,0.39498177,0.3998984,0.37964574
9.4200735,0.2579174,0.3958973,0.39971888,0.3793503
9.430076,0.25755504,0.39575008,0.3994646,0.3795297
9.440076,0.2575817,0.3954746,0.39984238,0.3787984
9.450076,0.2580969,0.39492312,0.39926714,0.379018
9.4600725,0.25761074,0.3950705,0.39902982,0.37852654
9.470074,0.2582946,0.39506903,0.39918485,0.378658
9.480074,0.25787616,0.39547345,0.3991222,0.37865946
9.490072,0.2580644,0.39539564,0.3996296,0.37882656
9.500075,0.2575192,0.39496282,0.39918712,0.37863806
9.510076,0.2583653,0.39555132,0.39925632,0.37935346
9.520074,0.25899643,0.39542294,0.39923802,0.37899926
9.530076,0.25813806,0.39527744,0.399381,0.37891015
9.540072,0.2580616,0.3952872,0.39901435,0.3781167
9.550076,0.2584438,0.39559922,0.39991868,0.37882578
9.560075,0.25819337,0.39524275,0.39923227,0.37820262
9.570075,0.2579146,0.39593768,0.39936525,0.3787462
9.580073,0.2577284,0.39481226,0.39895073,0.37929413
9.590075,0.25874767,0.39531398,0.39919302,0.37921688
9.600075,0.25825775,0.39505738,0.39919513,0.3786107
9.610072,0.25913867,0.3956995,0.39954075,0.37801543
9.620074,0.2584697,0.39464566,0.399003,0.37898925
9.6300745,0.2584879,0.39563438,0.3986581,0.37843013
9.640269,0.2567534,0.39617345,0.399167,0.3788974
9.650094,0.25774392,0.3952156,0.39892378,0.37904102
9.66008,0.25815973,0.39539167,0.39952767,0.37794328
9.670074,0.25845242,0.39504808,0.3991144,0.37933528
9.680075,0.25883085,0.3953502,0.39907658,0.37917823
9.690077,0.2585004,0.39478618,0.39924338,0.37866545
9.700075,0.258626,0.3954778,0.39894047,0.3783631
9.710073,0.25763735,0.39501452,0.39899307,0.37793413
9.720077,0.2589895,0.39600223,0.39856595,0.37925926
9.730077,0.25913805,0.39456043,0.39870226,0.37797937
9.740098,0.258046,0.39490214,0.39879712,0.3793359
9.75008,0.25861278,0.39540845,0.39843312,0.37816295
9.760074,0.2571155,0.3941019,0.39809728,0.37799293
9.770075,0.25703588,0.39419186,0.39809695,0.377761
9.780075,0.2569885,0.39398324,0.3982813,0.37805757
9.790076,0.25707224,0.3943561,0.39822134,0.3781028
9.800074,0.25655648,0.39396617,0.3983933,0.37818483
9.810076,0.2572305,0.39401275,0.39842364,0.377972
9.820076,0.25679123,0.39408565,0.3985712,0.37766093
9.830072,0.25696498,0.39456025,0.39836845,0.3787833
9.840074,0.25778338,0.39481622,0.39830348,0.3775963
9.850075,0.2589293,0.3956267,0.39795268,0.37898025
9.860075,0.2582924,0.39481053,0.3980568,0.37806755
9.870075,0.2583067,0.3950023,0.39880192,0.37862763
9.880074,0.25832602,0.3947968,0.3981941,0.37803686
9.890075,0.25772446,0.39515173,0.39856756,0.3781564
9.900075,0.25842977,0.39483356,0.3981892,0.37817746
9.910074,0.25809047,0.39543232,0.39792114,0.37846777
9.920076,0.25821483,0.39489594,0.39790165,0.3780523
9.930076,0.2581596,0.39505208,0.39808428,0.37767333
9.940075,0.25831226,0.39514565,0.39769095,0.37810433
9.950073,0.25703776,0.39540535,0.39763388,0.37801418
9.9600725,0.25790238,0.39500207,0.39801335,0.37773576
9.970074,0.25796247,0.39444274,0.3987033,0.37736332
9.980075,0.2585765,0.3952438,0.3982361,0.37778047
9.990075,0.25761187,0.39536572,0.397486,0.37775576
10.000079,0.2580637,0.3956303,0.39824092,0.3779951
10.0100765,0.2584313,0.39452806,0.3980239,0.3771018
10.020079,0.25807822,0.3953543,0.3977428,0.37811854
10.030076,0.25795677,0.39518192,0.39735135,0.37761846
10.040074,0.2584945,0.39514494,0.39784825,0.3784633
10.050076,0.25778687,0.39528176,0.3976517,0.3773784
10.060076,0.25854045,0.39509082,0.39840928,0.37825307
10.070077,0.2574028,0.39463735,0.39863887,0.37785202
10.080077,0.25798306,0.39494482,0.39788166,0.37773657
10.0900755,0.25826585,0.39472118,0.3980774,0.378798
10.100075,0.2582834,0.39549425,0.39741772,0.37766123
10.110074,0.2584441,0.39503527,0.39768416,0.37757832
10.120073,0.25804538,0.3951591,0.39785343,0.377681
10.130097,0.2583014,0.39489773,0.39749122,0.37808496
10.1400795,0.25796056,0.3950347,0.39732462,0.37818107
10.150075,0.25842866,0.395313,0.39804733,0.37742332
10.160075,0.25757954,0.3950991,0.39721566,0.37771133
10.170074,0.2590405,0.39524895,0.39713913,0.37799674
10.180075,0.2577319,0.39510304,0.39744815,0.37809488
10.190073,0.2583605,0.39537144,0.39723217,0.3779063
10.200075,0.2570824,0.39468798,0.3971269,0.377226
10.21008,0.25768796,0.3951576,0.3976495,0.37730518
10.220077,0.2581543,0.39451084,0.39717582,0.37789178
10.230097,0.25797248,0.3940338,0.39716554,0.37733603
10.2401,0.25775954,0.39486605,0.3975213,0.37713078
10.250082,0.2571307,0.39443988,0.39727336,0.376783
10.260074,0.25756863,0.39480558,0.39734945,0.37765262
10.270077,0.25826234,0.39449936,0.3967635,0.3772059
10.280073,0.25813287,0.39574185,0.39726117,0.37719724
10.290075,0.2581997,0.39500165,0.39709252,0.3773103
10.300076,0.25832957,0.39497232,0.39718586,0.3776944
10.310072,0.2572518,0.39405188,0.39776817,0.37660295
10.320079,0.25813478,0.39492154,0.39631104,0.3777944
10.330095,0.2577981,0.39429215,0.3974823,0.37700406
10.3400755,0.25781295,0.39496806,0.39699754,0.37716562
10.350076,0.25771287,0.394693,0.39651775,0.37736022
10.360074,0.2582467,0.39544055,0.39698508,0.3774014
10.370075,0.25787687,0.39481863,0.39695066,0.37690765
10.3800745,0.25778192,0.3948103,0.39671797,0.377237
10.390075,0.25772688,0.39474747,0.39688346,0.37782553
10.400074,0.2581191,0.39465502,0.39660257,0.37695488
10.410074,0.2582269,0.3945493,0.39665583,0.37700716
10.420076,0.258495,0.39385995,0.39662018,0.3771944
10.430089,0.2585193,0.39501387,0.39603984,0.37672785
10.440074,0.25863534,0.39496902,0.39643425,0.37729672
10.450075,0.2588222,0.39486378,0.39596874,0.3775849
10.4600725,0.25829637,0.39534077,0.39658105,0.37684447
10.470074,0.2583174,0.3947396,0.39714265,0.37681016
10.480072,0.2582945,0.39492065,0.39681026,0.3774027
10.490073,0.25873512,0.3950978,0.3967727,0.3775562
10.500074,0.25810277,0.39549157,0.39660266,0.37749767
10.510075,0.25818068,0.39489254,0.3969173,0.37644082
10.520076,0.25832948,0.39475268,0.39646983,0.37626424
10.53009,0.25853297,0.39434245,0.3961476,0.3772287
10.540075,0.25821495,0.39470562,0.39678636,0.37637904
10.550073,0.2578032,0.39413106,0.39631116,0.37636578
10.560074,0.25824848,0.3951441,0.39647382,0.377223
10.570074,0.25808638,0.39413965,0.39553064,0.37715936
10.580074,0.25871494,0.395348,0.3957681,0.37723562
10.590075,0.2584862,0.39430425,0.39625928,0.37677792
10.600072,0.25829482,0.39514932,0.39629254,0.37721592
10.610074,0.25787723,0.3948282,0.3961914,0.37674585
10.620074,0.25898588,0.39481828,0.396744,0.3765099
10.63009,0.2574627,0.39431655,0.39657593,0.3764916
10.640261,0.25706756,0.3953045,0.39635453,0.37761226
10.650095,0.2577228,0.39411372,0.3958058,0.37689468
10.66008,0.25726807,0.39438054,0.3958142,0.3775151
10.670075,0.25761464,0.3942923,0.39603573,0.3763105
10.680076,0.25733462,0.39479524,0.39638615,0.37627012
10.690076,0.25763685,0.394635,0.3960208,0.376473
10.700075,0.25749147,0.39323005,0.39604974,0.37688127
10.710127,0.25774163,0.3944514,0.39591828,0.37683842
10.72008,0.25718704,0.39378893,0.39623952,0.37615848
10.730102,0.2575696,0.3944518,0.39602652,0.37611574
10.740099,0.2578775,0.3937311,0.39565024,0.37661105
10.75008,0.2584438,0.39464286,0.3960525,0.3763558
10.7600765,0.25812507,0.39429316,0.39528415,0.3764534
10.770077,0.2580905,0.39478385,0.39551002,0.3768912
10.780074,0.2581445,0.3934033,0.39565292,0.37610507
10.790073,0.25799438,0.394246,0.3958183,0.37670788
10.800076,0.25789735,0.39461166,0.39561626,0.3761212
10.810075,0.2592532,0.39506212,0.3958145,0.37648547
10.820076,0.25786152,0.39401788,0.39503315,0.3759556
10.830073,0.258568,0.39396912,0.39538178,0.3762612
10.840075,0.25812903,0.39406526,0.39548048,0.37580892
10.850075,0.25782067,0.39443338,0.39592916,0.37580785
10.860075,0.25868735,0.39491078,0.3945368,0.37608907
10.870075,0.2574964,0.39401418,0.39543387,0.37601396
10.880075,0.2587844,0.3946093,0.39509538,0.37646958
10.890075,0.25832748,0.39461613,0.39509627,0.3762415
10.900075,0.25792396,0.39518553,0.3950833,0.37596852
10.910072,0.25827384,0.39415884,0.3951094,0.37591615
10.920076,0.25850287,0.3945297,0.3950667,0.37605557
10.930076,0.2579551,0.39443928,0.39558488,0.37557536
10.940075,0.25828347,0.39487603,0.39464366,0.37589577
10.950076,0.25918218,0.39380115,0.3950464,0.37613693
10.960073,0.25944668,0.3947251,0.39524558,0.37639776
10.970074,0.2576996,0.39470413,0.3947826,0.37603992
10.980074,0.25829625,0.3952718,0.3950356,0.37662533
10.990074,0.25771508,0.39391434,0.39543885,0.37619856
11.000079,0.25772265,0.39387485,0.39534202,0.37603986
11.010076,0.25790018,0.39399868,0.39497095,0.37620035
11.020077,0.25770035,0.39405602,0.39447612,0.3761052
11.030074,0.25773934,0.3932485,0.3947925,0.3759371
11.040074,0.25857508,0.39381075,0.39442366,0.37584108
11.0500765,0.25798166,0.3940053,0.3948878,0.37573874
11.060075,0.25764835,0.3942242,0.39453885,0.37541592
11.070076,0.25768837,0.39504492,0.3946291,0.37548548
11.080073,0.25779116,0.39281273,0.39449522,0.37552828
11.090075,0.25875646,0.39394906,0.39489454,0.37581223
11.100074,0.25832108,0.3937884,0.39474598,0.37600142
11.110073,0.25915426,0.39387006,0.3948749,0.37540445
11.120076,0.2579345,0.39388144,0.39462492,0.37547565
11.130075,0.25832093,0.39438304,0.39490935,0.37558866
11.140074,0.25726643,0.3944826,0.39466077,0.3756098
11.150072,0.25833508,0.3937522,0.39397734,0.37532064
11.160074,0.2579115,0.39306718,0.39391267,0.37537956
11.170075,0.25789914,0.3934715,0.3944153,0.37598687
11.180075,0.25801095,0.39333653,0.39438605,0.37530312
11.190075,0.25833222,0.39394602,0.39406303,0.3758743
11.200072,0.25788102,0.3936335,0.39442423,0.3758888
11.210073,0.2588431,0.39347517,0.39378273,0.3750962
11.220073,0.25840828,0.39338616,0.39375436,0.37479654
11.230075,0.25824216,0.39464173,0.39432734,0.37595397
11.240158,0.25630918,0.39347348,0.3946471,0.37549615
11.250085,0.25803876,0.39325556,0.39433798,0.3749181
11.260075,0.25809583,0.3932834,0.3935692,0.37583196
11.270075,0.2585424,0.394309,0.39354774,0.37567335
11.280077,0.2591876,0.39416194,0.39426622,0.37573326
11.290077,0.2576911,0.39347252,0.39294717,0.3752662
11.30008,0.25793177,0.39423794,0.39402643,0.3748318
11.310076,0.25858518,0.3929369,0.39371127,0.3751249
11.320074,0.25668168,0.3931398,0.3935479,0.37491068
11.330075,0.25882566,0.3941803,0.39399508,0.37533435
11.340096,0.25788856,0.39343032,0.39377248,0.3754326
11.350079,0.25797984,0.39364266,0.3936835,0.37528384
11.360074,0.2579843,0.39367318,0.39363974,0.3748245
11.370076,0.2582894,0.39338356,0.39343947,0.37538254
11.380075,0.2583095,0.39394268,0.39381766,0.3754029
11.390073,0.2584249,0.3940288,0.39428648,0.374958
11.400076,0.25720087,0.39386487,0.39394343,0.37502435
11.410075,0.25828552,0.394198,0.39358976,0.37535593
11.420075,0.25824973,0.39384532,0.3935922,0.37484655
11.430078,0.2580681,0.3934387,0.3936236,0.3757372
11.440073,0.25866875,0.39351976,0.39310274,0.37442112
11.450076,0.2581008,0.39304107,0.3937055,0.37537298
11.460074,0.2576918,0.3935922,0.39272,0.37461495
11.470085,0.25694323,0.3927326,0.39391786,0.37507093
11.480072,0.25799543,0.39333963,0.39362115,0.37416166
11.490075,0.25756466,0.39305907,0.3932501,0.374949
11.500073,0.2573839,0.39278647,0.39296296,0.37476355
11.510073,0.25810596,0.39333954,0.3930542,0.3750937
11.520078,0.2573327,0.39361686,0.39366528,0.37448415
11.530077,0.258494,0.39298898,0.39284098,0.37517685
11.540075,0.2578456,0.3935119,0.3925136,0.3748904
11.5500765,0.25752503,0.39341643,0.3929232,0.3749165
11.560073,0.2581245,0.3932563,0.39368147,0.37461743
11.570075,0.25787544,0.39341265,0.39348996,0.37438497
11.580076,0.25786337,0.39369282,0.39278322,0.37474984
11.590078,0.25755954,0.3926856,0.39261314,0.37454748
11.600076,0.2579966,0.39345324,0.39311427,0.3751246
11.610076,0.25816116,0.3932719,0.39276662,0.37383893
11.620073,0.25847375,0.3930152,0.39318058,0.37477824
11.630073,0.2584536,0.39324528,0.3926521,0.37428728
11.640104,0.25663665,0.39246628,0.39309436,0.3749334
11.650084,0.25833446,0.3928349,0.39267945,0.37460792
11.660076,0.25779578,0.39278594,0.3929388,0.37548646
11.6700735,0.25797194,0.39277777,0.39257887,0.37526324
11.680072,0.25753197,0.39290327,0.39280486,0.37418267
11.690076,0.25800666,0.39320162,0.39224496,0.3742909
11.700074,0.2575897,0.3935033,0.3925441,0.37487945
11.710077,0.25811663,0.39352274,0.39221025,0.37472525
11.720074,0.25821587,0.39262977,0.39260194,0.3743102
11.730077,0.25851876,0.393708,0.3923233,0.37481338
11.740085,0.2581677,0.3925407,0.3918593,0.37506855
11.750078,0.2576854,0.39294407,0.39293814,0.37487772
11.760074,0.25805023,0.39251524,0.3924533,0.37453112
11.770076,0.2580454,0.39368495,0.39221117,0.3740708
11.780076,0.2575346,0.3932893,0.39163557,0.3746493
11.790076,0.25765464,0.3934364,0.39228746,0.37396163
11.800074,0.25767606,0.3932797,0.39205095,0.37326193
11.810077,0.25717238,0.39316097,0.39181265,0.37457684
11.820075,0.2582495,0.39263433,0.3915944,0.3737996
11.830076,0.2577068,0.39262584,0.39156651,0.37454557
11.840074,0.25767338,0.39250383,0.39209825,0.3740485
11.850077,0.2579638,0.392804,0.39202836,0.37424964
11.860076,0.25844756,0.39275357,0.39186114,0.37382424
11.870072,0.2575264,0.392913,0.3920063,0.37403727
11.880077,0.25823197,0.39264098,0.3919574,0.3743836
11.890076,0.2582215,0.39269713,0.39209855,0.37353486
11.900075,0.25847048,0.39297733,0.39151764,0.3741801
11.910072,0.25740755,0.39346915,0.39188707,0.37422815
11.920073,0.2579055,0.39249483,0.39166668,0.37404707
11.930072,0.2579985,0.39241293,0.3913212,0.37355226
11.940076,0.25845438,0.39335245,0.39127496,0.3742096
11.950076,0.25788453,0.3930079,0.39148206,0.3737288
11.960075,0.25768667,0.3920353,0.3919377,0.3744141
11.970076,0.25786486,0.39289936,0.39151746,0.3730951
11.980071,0.25817078,0.39194825,0.39137164,0.37381887
11.990073,0.25829303,0.39207152,0.39111122,0.3743449
12.00008,0.2574744,0.39180064,0.39171132,0.37273157
12.010074,0.25868326,0.3922208,0.3914389,0.3735754
12.020076,0.2582408,0.39195105,0.39154318,0.37389502
12.030075,0.25906688,0.39332098,0.39109015,0.37394714
12.040071,0.25825724,0.39262736,0.39169702,0.373972
12.050094,0.25810516,0.39293396,0.391683,0.37380788
12.060076,0.25812098,0.39257762,0.39122313,0.3735528
12.070075,0.2582737,0.3930757,0.3919147,0.37382182
12.080075,0.25774902,0.39237556,0.39108744,0.37386537
12.0900755,0.2585957,0.3927315,0.39140797,0.37370905
12.100076,0.25774172,0.39264652,0.391788,0.3735532
12.110074,0.25725618,0.3934352,0.39128947,0.37352365
12.120076,0.2579806,0.39258558,0.3913179,0.37350878
12.130075,0.25848284,0.39198324,0.39123306,0.37373608
12.140078,0.25806323,0.3924516,0.39040604,0.37321028
12.150098,0.2579916,0.39221781,0.39096984,0.37314937
12.160074,0.2579559,0.39204878,0.39051557,0.37298447
12.1700735,0.2579057,0.39259225,0.39125896,0.3738786
12.180075,0.25761762,0.39273563,0.39090866,0.37285188
12.190075,0.25745952,0.39231548,0.39117822,0.3730014
12.200077,0.2578029,0.3922425,0.39095628,0.37295866
12.210074,0.25597382,0.3919273,0.3904821,0.37340748
12.22008,0.25795123,0.39260322,0.39100957,0.37346655
12.230077,0.2570996,0.39185733,0.3905807,0.37313348
12.240092,0.2555194,0.3902764,0.39052728,0.3736783
12.250103,0.25719494,0.39154142,0.39053085,0.3736442
12.260075,0.2566029,0.39225876,0.3908439,0.37321222
12.270077,0.25812182,0.39196125,0.39052546,0.37334162
12.280075,0.25748962,0.39177865,0.39053896,0.37305856
12.290076,0.25711772,0.39175776,0.39014155,0.37305155
12.300075,0.2574143,0.39247528,0.39114422,0.3727657
12.310076,0.2571691,0.39153036,0.3905925,0.3735741
12.320078,0.25791,0.39227533,0.3906195,0.3731954
12.330073,0.2577293,0.3925534,0.3886047,0.37317264
12.340075,0.25773194,0.39041585,0.3896929,0.37328687
12.350076,0.25809547,0.39164507,0.39196578,0.3717872
12.360075,0.25796732,0.39363602,0.3887925,0.37223735
12.370075,0.25792754,0.39355552,0.3904638,0.3726393
12.38007,0.25776005,0.39120024,0.3902868,0.37181824
12.390076,0.25820184,0.3922453,0.39126226,0.37353927
12.400075,0.2579814,0.3912614,0.39011934,0.37272334
12.410075,0.25829384,0.39249775,0.38973483,0.3730382
12.4200735,0.25774372,0.391317,0.38966876,0.37307772
12.430076,0.2579285,0.3921938,0.39033368,0.37361327
12.440075,0.25777146,0.39188284,0.39000407,0.37313005
12.450073,0.25841254,0.39154872,0.38910893,0.3722809
12.460074,0.25795728,0.39152804,0.39005303,0.37288168
12.470074,0.25731772,0.39241832,0.38940367,0.37349206
12.480073,0.2586777,0.39186588,0.38929796,0.37280044
12.490075,0.25811765,0.39216486,0.38935685,0.3728075
12.500073,0.25784785,0.39153126,0.3900133,0.37259722
12.510074,0.2577062,0.39164758,0.38920957,0.37275204
12.520075,0.25800556,0.39228514,0.38992056,0.37267813
12.530078,0.25697276,0.39080015,0.3891124,0.37258264
12.540075,0.25693068,0.39039364,0.3891507,0.37307522
12.550075,0.25647786,0.39032498,0.3890108,0.372012
12.56009,0.25768882,0.39136153,0.38948873,0.37195316
12.570073,0.2570561,0.3902706,0.38895062,0.3721341
12.580076,0.25699255,0.3911107,0.3890605,0.37214774
12.5900755,0.256451,0.39125603,0.3895705,0.37185502
12.600075,0.25644606,0.39031506,0.3882553,0.3729662
12.610075,0.25778532,0.39141315,0.38898832,0.3725426
12.620073,0.25781843,0.39141634,0.38982424,0.37202162
12.630075,0.25762537,0.39118448,0.38955295,0.37268576
12.640105,0.25637543,0.39045912,0.3896245,0.37221798
12.650084,0.25817758,0.3913311,0.3887268,0.37307593
12.6601,0.2576771,0.39080295,0.38876235,0.37333784
12.670074,0.2584169,0.39103252,0.3895879,0.3727873
12.680074,0.25785765,0.39060432,0.38877675,0.37255752
12.690076,0.25744525,0.39103612,0.38906896,0.37287003
12.700075,0.25684273,0.39097667,0.38904217,0.3725589
12.710073,0.2579575,0.39091077,0.3889559,0.37272775
12.720073,0.25808334,0.3911519,0.38888055,0.37226143
12.730074,0.25829613,0.39145863,0.38907441,0.37209377
12.740096,0.25757557,0.39110216,0.38980907,0.37287208
12.75008,0.25782466,0.39079922,0.38903582,0.3727706
12.760082,0.2578369,0.39108333,0.3887741,0.3723462
12.770077,0.25758576,0.39083025,0.3883882,0.37211895
12.780076,0.2575918,0.39095637,0.38814974,0.37185
12.790072,0.25776574,0.39063597,0.38885307,0.37210426
12.800073,0.2574673,0.39070362,0.3885832,0.3724762
12.810076,0.25839886,0.3900474,0.3883767,0.37172288
12.820075,0.25887337,0.39045417,0.38855222,0.3723382
12.830076,0.25779936,0.39090562,0.38764256,0.37239856
12.840073,0.2583851,0.39167506,0.38836104,0.37194547
12.850076,0.2581986,0.3895222,0.38865596,0.37333357
12.860074,0.25793234,0.39177543,0.38993907,0.37173915
12.870077,0.25792098,0.39194977,0.38999277,0.3707124
12.8800745,0.25845993,0.39022824,0.3904411,0.3733352
12.890074,0.25794137,0.39139003,0.3889854,0.37151474
12.900074,0.25778288,0.3915396,0.38854218,0.37149224
12.910073,0.25836927,0.39060906,0.38855,0.37196392
12.920076,0.257456,0.39042854,0.3881333,0.37201577
12.930075,0.25795138,0.39079982,0.38742304,0.37265766
12.940075,0.2578094,0.3911041,0.38854033,0.37240034
12.950075,0.2577616,0.39076045,0.3883401,0.37243465
12.960073,0.25775352,0.39046463,0.38829336,0.37139833
12.970073,0.25835985,0.39092278,0.38754284,0.37175748
12.980075,0.2582508,0.39027262,0.38759378,0.3716818
12.990074,0.25819552,0.39107534,0.3876088,0.37185237
13.000078,0.25733143,0.39081165,0.38697416,0.37151626
13.010075,0.2581237,0.3909449,0.38831025,0.37204772
13.020077,0.2569514,0.39024997,0.3877279,0.37138146
13.030073,0.25786114,0.39062697,0.3882592,0.371585
13.040076,0.25793692,0.39073053,0.38817587,0.37174153
13.050076,0.2571259,0.39005578,0.387949,0.37162498
13.060075,0.2573553,0.39001343,0.38721025,0.3715204
13.070093,0.25795826,0.38996166,0.3881407,0.3718036
13.080073,0.25747713,0.39003232,0.38775024,0.37174022
13.090074,0.25729424,0.38986534,0.38754424,0.3714507
13.100075,0.2579028,0.39028397,0.38739458,0.37141442
13.110074,0.25770265,0.3898691,0.38732946,0.37204355
13.120076,0.2585818,0.38994804,0.38757548,0.37122005
13.130075,0.25722167,0.3901098,0.3870715,0.37215152
13.140075,0.25751,0.39070052,0.3871626,0.37158728
13.150075,0.25754464,0.3903472,0.38754222,0.37179068
13.160076,0.25818956,0.39051417,0.3879384,0.37134707
13.170091,0.25787443,0.38986248,0.3874364,0.3716101
13.180076,0.25810924,0.39059243,0.3873856,0.3714127
13.190075,0.25743714,0.38969684,0.38761398,0.37119424
13.200072,0.25806773,0.38978338,0.38725168,0.371809
13.210075,0.2578085,0.39006773,0.38682917,0.37136757
13.220073,0.25830537,0.3903454,0.38716012,0.37117553
13.230075,0.25820327,0.3899876,0.3869843,0.3711098
13.240098,0.2581532,0.39019972,0.38714546,0.36986685
13.250086,0.25759143,0.3900212,0.3869985,0.37143266
13.260075,0.25748646,0.38967898,0.38728154,0.3711074
13.2701,0.25746986,0.38998812,0.38678384,0.37090456
13.280074,0.25787354,0.38899103,0.38669556,0.37127376
13.290074,0.25788856,0.39065516,0.38617018,0.37094632
13.300079,0.25781575,0.38820368,0.38566282,0.37181392
13.310079,0.2570181,0.3899514,0.38761052,0.3707964
13.320074,0.25788245,0.39062604,0.38857824,0.3727426
13.330073,0.2577306,0.39193577,0.3886184,0.37036917
13.3400755,0.25844318,0.38887045,0.3867422,0.37036934
13.350077,0.2580549,0.38967952,0.38824147,0.36960605
13.360075,0.25824538,0.3887727,0.3880652,0.37217215
13.370093,0.2574119,0.38933936,0.38788074,0.36987996
13.380074,0.25759783,0.3902522,0.386805,0.3709036
13.390073,0.25813645,0.38968435,0.3865614,0.3705494
13.400075,0.2573737,0.39006233,0.38689932,0.37147322
13.410074,0.25699145,0.38949484,0.38538575,0.37117758
13.420075,0.25779963,0.38957104,0.38725722,0.3703264
13.430076,0.25807917,0.38969812,0.38690203,0.3711665
13.440072,0.25770828,0.38969794,0.38596272,0.3709779
13.450075,0.25744367,0.3885505,0.38634178,0.3709587
13.460073,0.25820085,0.38975465,0.38724336,0.37113
13.470074,0.2574123,0.38946888,0.38612518,0.37057522
13.480074,0.25805813,0.38942,0.3865316,0.37047443
13.490073,0.2579303,0.38939315,0.38640916,0.37063846
13.500075,0.25756288,0.38956773,0.38655785,0.37028044
13.510073,0.25736284,0.38977796,0.38629097,0.37025756
13.520076,0.2580031,0.3896112,0.38679472,0.37071875
13.530076,0.25770876,0.38922754,0.3863942,0.37045327
13.540075,0.25877646,0.38939732,0.38646388,0.37109256
13.550075,0.25811246,0.38926533,0.38574454,0.37040257
13.560073,0.25839922,0.38914874,0.38691974,0.3700681
13.570075,0.2578638,0.3892433,0.38606128,0.37012115
13.580074,0.2579809,0.38921946,0.38590106,0.36966765
13.590075,0.25818834,0.3887448,0.38569918,0.3705194
13.600075,0.2573386,0.3891247,0.38611203,0.3703109
13.610075,0.25850284,0.38996276,0.3858441,0.37057668
13.620076,0.25815913,0.38878354,0.3855244,0.37028325
13.630073,0.257631,0.39000067,0.38543636,0.3706364
13.640263,0.2568024,0.38907182,0.3856687,0.37036228
13.650093,0.2580874,0.38917562,0.38566202,0.3710065
13.660081,0.25792348,0.38885143,0.3858742,0.36997575
13.6700735,0.2584131,0.38844264,0.3866222,0.36958048
13.680074,0.2580656,0.38885683,0.38612312,0.3698685
13.690077,0.25824526,0.3895314,0.3864215,0.37100968
13.700075,0.25734195,0.3885357,0.38547617,0.36967877
13.710074,0.25715157,0.38849595,0.38525984,0.37045065
13.720076,0.25823048,0.3894665,0.3856784,0.370756
13.730075,0.2579208,0.38836,0.38526252,0.37044722
13.740101,0.25786394,0.3886369,0.38552245,0.3700962
13.750081,0.25726962,0.3873601,0.38543177,0.37069327
13.760073,0.25757632,0.38874805,0.38614714,0.36973977
13.770077,0.25756356,0.3887404,0.38573882,0.3701964
13.780075,0.2578219,0.38852412,0.38557026,0.36962932
13.790075,0.2586359,0.38857192,0.3859468,0.36992016
13.800073,0.2576773,0.388976,0.3854069,0.3699792
13.810075,0.2572049,0.3885697,0.3851934,0.370018
13.820074,0.25722003,0.3887442,0.38562918,0.36969516
13.830075,0.25750342,0.38801837,0.38494763,0.3695093
13.840073,0.25879318,0.38875833,0.3854029,0.36970598
13.850076,0.25721455,0.38741833,0.38538963,0.37009725
13.860074,0.25788668,0.38811535,0.38539907,0.37018457
13.870072,0.2571516,0.3882729,0.38519114,0.36865586
13.880095,0.25804508,0.38825086,0.38506982,0.3695517
13.890076,0.25792852,0.3881528,0.38508984,0.36975008
13.900074,0.25744566,0.3874199,0.3853412,0.36943993
13.910075,0.2579859,0.38756183,0.38485062,0.3697365
13.920073,0.2573365,0.3877668,0.38492456,0.36936107
13.930076,0.25772834,0.38816968,0.38517693,0.3697015
13.940074,0.2577978,0.38837525,0.38501224,0.36889288
13.950075,0.25768462,0.38876623,0.3850711,0.36923158
13.960073,0.25746387,0.38779315,0.38488442,0.3700755
13.970074,0.25722083,0.388368,0.3853882,0.3699993
13.980089,0.2578984,0.38796756,0.3852254,0.36968023
13.990073,0.2586122,0.3881916,0.3852084,0.3695456
14.000081,0.25771493,0.38736364,0.3848225,0.36923543
14.010076,0.25704125,0.38802204,0.38496545,0.36948633
14.020077,0.25848237,0.387607,0.38407674,0.36938947
14.030076,0.25778106,0.38779277,0.38498238,0.36912045
14.040073,0.2575458,0.3875346,0.38481694,0.368962
14.050076,0.25780594,0.38854745,0.38494238,0.36898068
14.060075,0.2577951,0.3876464,0.3849788,0.36904296
14.070076,0.25776824,0.38739118,0.38457277,0.36928174
14.080094,0.25820974,0.3883903,0.38474667,0.3701063
14.090075,0.25797817,0.38675693,0.38378718,0.36877608
14.100076,0.25832373,0.3879378,0.38478014,0.36907163
14.110072,0.25810453,0.3879504,0.3846212,0.36906585
14.120077,0.25867563,0.38779867,0.3850285,0.36866793
14.130075,0.25762308,0.38722304,0.38462692,0.36834076
14.140078,0.25573057,0.38791892,0.38464653,0.3692258
14.150076,0.25714993,0.38747403,0.38409135,0.3690988
14.160074,0.25850824,0.3877912,0.38446826,0.3686151
14.1700735,0.2580456,0.38691592,0.38482106,0.36916158
14.180092,0.2580243,0.38774553,0.38479275,0.36859256
14.190075,0.25712958,0.38720524,0.38401625,0.36887747
14.200076,0.25740302,0.38752547,0.38414773,0.369206
14.210073,0.25737962,0.38737047,0.38441557,0.3688047
14.22008,0.25718606,0.38725182,0.38414165,0.36853465
14.230081,0.2577736,0.3868059,0.3835393,0.36868864
14.240103,0.25712836,0.38733754,0.38485706,0.36924237
14.250093,0.25714737,0.38664514,0.38419133,0.36910963
14.260081,0.25707397,0.38752657,0.3842243,0.36880067
14.270076,0.2571759,0.38677412,0.3845019,0.36873782
14.280074,0.25709358,0.38659823,0.3837479,0.3687442
14.290075,0.25801265,0.38699952,0.3848761,0.36808056
14.300076,0.25737658,0.3867178,0.38498554,0.36829257
14.310074,0.25765806,0.3872686,0.38393572,0.37013894
14.320077,0.25773683,0.38867128,0.38535327,0.36724302
14.330076,0.2575211,0.38701507,0.3840905,0.37047023
14.3400755,0.25704446,0.38537312,0.3820633,0.3697583
14.350072,0.25643742,0.38549784,0.38402653,0.3697184
14.360076,0.25748405,0.38718262,0.38408548,0.368055
14.370076,0.25761113,0.38700262,0.3834685,0.36787966
14.3800745,0.25814697,0.38741982,0.38406304,0.36911204
14.390076,0.25764197,0.38652906,0.38337854,0.3682666
14.400073,0.25796968,0.38716364,0.3837126,0.3688529
14.410076,0.25780278,0.3865245,0.38346687,0.36873218
14.420075,0.25916418,0.38726085,0.38437974,0.36813048
14.430073,0.257746,0.3871207,0.38375092,0.3679229
14.440075,0.25833645,0.38750553,0.38427746,0.36885172
14.450075,0.25764441,0.38715246,0.3832921,0.36833504
14.4600725,0.25830805,0.38743243,0.38373744,0.36830166
14.470074,0.25691453,0.38688585,0.38331982,0.36809003
14.480075,0.25805536,0.3871233,0.38389722,0.3683645
14.490075,0.25735733,0.38690794,0.3834114,0.36893392
14.500073,0.2576309,0.38649943,0.3835243,0.36815754
14.510076,0.25827742,0.38629827,0.3835928,0.3680885
14.520073,0.2574921,0.38676378,0.38336083,0.3683753
14.530073,0.25802565,0.3869157,0.3833189,0.36821213
14.540075,0.2575694,0.3864976,0.38301826,0.36861116
14.550075,0.2581538,0.38675982,0.3825416,0.36801377
14.560075,0.25827125,0.3866703,0.38299334,0.36798358
14.570075,0.2581659,0.3868144,0.3831431,0.3678911
14.580074,0.25776297,0.38647023,0.383082,0.3677765
14.590072,0.25736502,0.38664395,0.38348514,0.36820537
14.600076,0.25739616,0.38690898,0.3831037,0.3672509
14.610076,0.2579241,0.38669166,0.38301355,0.3686456
14.620074,0.2573685,0.38667116,0.38325796,0.3673292
14.6300745,0.2573741,0.3860135,0.38361704,0.36792856
14.640257,0.2561076,0.38669875,0.38266855,0.3681677
14.650093,0.25732544,0.3868492,0.38247406,0.36894542
14.660079,0.25572526,0.3862631,0.3829082,0.36847752
14.670076,0.25738117,0.38638586,0.38229382,0.36797822
14.680075,0.25688782,0.38580513,0.38262463,0.36705452
14.690076,0.2570761,0.38609356,0.3830962,0.36792597
14.700075,0.25735858,0.3863644,0.38277274,0.36712354
14.710073,0.2576408,0.38573027,0.38280004,0.36751437
14.720077,0.25768924,0.3857857,0.38298744,0.3680594
14.730075,0.2568306,0.3857021,0.38235953,0.36752456
14.740102,0.2573618,0.3861314,0.3831333,0.36723903
14.750082,0.25695142,0.3854881,0.3826853,0.36819515
14.760076,0.25777397,0.3854097,0.38274476,0.36783242
14.770076,0.25757104,0.38554114,0.382352,0.36746225
14.780076,0.258246,0.38559574,0.38276199,0.36781472
14.790074,0.25702435,0.38608143,0.38285634,0.3677476
14.800076,0.25786155,0.385989,0.38204822,0.36823034
14.810075,0.25765434,0.38596642,0.38268575,0.36762756
14.820076,0.25757402,0.3855467,0.38241947,0.36770502
14.830072,0.25736764,0.38515934,0.3824358,0.36738393
14.8400755,0.2577549,0.38587365,0.38228235,0.36760268
14.850076,0.25779402,0.38617516,0.38193542,0.36695302
14.860074,0.25827438,0.3860355,0.3825633,0.3677317
14.870075,0.25819507,0.38617095,0.38262397,0.36714414
14.880073,0.2572284,0.3860789,0.38302517,0.3675368
14.89008,0.2575793,0.38552698,0.3824617,0.36759537
14.900074,0.25778836,0.38579008,0.38288814,0.36754322
14.910076,0.2580409,0.3859795,0.38218862,0.3672226
14.920075,0.2578837,0.38508943,0.38204333,0.36778495
14.930075,0.25769007,0.38657743,0.38240483,0.36741483
14.940075,0.25840935,0.38548446,0.38247323,0.36734986
14.950072,0.25768876,0.38563323,0.38254905,0.36741152
14.960075,0.2572673,0.38533068,0.38260567,0.36696628
14.970075,0.2569688,0.384507,0.38226783,0.36783382
14.980076,0.2572726,0.38516557,0.38262013,0.3672075
14.990092,0.25767884,0.3850458,0.3820146,0.3679193
15.000078,0.25725603,0.38515064,0.38217616,0.367494
15.010076,0.25682497,0.38567016,0.38195813,0.36681828
15.020078,0.2575281,0.3853622,0.381814,0.36674672
15.030076,0.25779742,0.38533828,0.3819806,0.3668691
15.040075,0.25778815,0.38569108,0.38238797,0.3670385
15.050076,0.25697574,0.38509762,0.3817093,0.36694556
15.060074,0.25778633,0.38520467,0.38236263,0.36685365
15.070072,0.25745583,0.3847563,0.38170505,0.36669084
15.080075,0.2578516,0.38570726,0.38192785,0.36685652
15.090093,0.25741214,0.3851009,0.3817686,0.36674398
15.100075,0.2578099,0.3852714,0.3824523,0.3673483
15.110075,0.25646552,0.3854357,0.38237804,0.3674663
15.120073,0.2576151,0.38474032,0.38211066,0.3675576
15.130093,0.25701007,0.38449144,0.3816504,0.36693108
15.140078,0.25694028,0.38525483,0.38172472,0.3665788
15.150073,0.25674194,0.384661,0.3818324,0.36559966
15.160072,0.25700986,0.38476408,0.3811114,0.36667323
15.1700735,0.2573541,0.38506186,0.38190004,0.3666157
15.180072,0.25810507,0.38452312,0.3819401,0.3666552
15.190073,0.25770473,0.38445106,0.3821098,0.3671664
15.200074,0.25478703,0.38432646,0.38141057,0.3666673
15.210081,0.25792047,0.38460058,0.3820753,0.366645
15.220075,0.25760537,0.38403332,0.3812928,0.36719227
15.230076,0.25758332,0.3851373,0.38172448,0.36680046
15.240105,0.25781175,0.38485467,0.3816607,0.366702
15.250097,0.25787693,0.38427302,0.38175574,0.36633134
15.260078,0.2566978,0.38452438,0.38221607,0.36616534
15.270077,0.25702745,0.3852507,0.3814685,0.36733922
15.280075,0.25781012,0.38382116,0.38161615,0.3669109
15.290073,0.25709635,0.38480765,0.3816739,0.36760145
15.300074,0.2559807,0.38456094,0.38183868,0.36545587
15.310075,0.25592047,0.38342443,0.38020706,0.3655835
15.320076,0.25601253,0.3834087,0.38056675,0.36627007
15.330075,0.25613436,0.3833442,0.38093016,0.36619273
15.340073,0.256309,0.3844027,0.38086075,0.36586827
15.350076,0.25560582,0.38352525,0.3812352,0.3661766
15.360075,0.25537032,0.38366348,0.38149813,0.36602572
15.370074,0.2568063,0.3831963,0.38108966,0.36597726
15.380073,0.25801063,0.38427642,0.3810244,0.36698562
15.390075,0.2575354,0.38419574,0.3808402,0.36633894
15.400092,0.25738627,0.38444903,0.38139102,0.3660496
15.410072,0.2571806,0.3837953,0.38066536,0.36555737
15.420076,0.25697604,0.3845358,0.3812487,0.366063
15.430075,0.25747257,0.38321382,0.3813526,0.36686638
15.440075,0.25677806,0.38351932,0.38103464,0.36591238
15.450074,0.25704202,0.38314483,0.3810267,0.36693433
15.4600725,0.25649336,0.38427436,0.38170856,0.36652166
15.470074,0.2579141,0.38407192,0.38104016,0.36588177
15.480074,0.25702083,0.38397053,0.38081813,0.3666353
15.490074,0.25810587,0.38351765,0.38072303,0.36625573
15.500091,0.25825447,0.38370714,0.3809896,0.36624402
15.510074,0.25820524,0.3836143,0.3813175,0.3657284
15.520075,0.25725472,0.38135383,0.3810569,0.3664024
15.530074,0.2573319,0.38357753,0.38112712,0.36583298
15.540076,0.25736094,0.38321006,0.3805818,0.3663147
15.550073,0.2575537,0.38480785,0.38106716,0.3662311
15.560075,0.25709823,0.38388962,0.38012257,0.36588958
15.570074,0.25752306,0.38465747,0.38041067,0.3658022
15.580073,0.25715935,0.3834833,0.38121048,0.3654924
15.5900755,0.2569594,0.38406757,0.38091066,0.36524248
15.60009,0.25770116,0.38349506,0.38078594,0.36568388
15.610077,0.25719535,0.38282892,0.38049617,0.3656684
15.620075,0.25869414,0.38435906,0.38047427,0.36596632
15.6300745,0.25822034,0.38346195,0.3805465,0.36647
15.640265,0.25630137,0.38336396,0.3803835,0.3658106
15.650092,0.2567192,0.38350955,0.38070193,0.36599302
15.660081,0.25809187,0.3842755,0.3802875,0.36632693
15.6700735,0.25736883,0.3838708,0.38018,0.3660938
15.680077,0.2571687,0.38400665,0.3809212,0.36610836
15.690076,0.2574751,0.3838264,0.38067716,0.36501017
15.700162,0.25777808,0.38302952,0.38077122,0.36587468
15.710077,0.25743487,0.38371935,0.38008058,0.3651959
15.720075,0.25699076,0.38419,0.3804459,0.3649682
15.730075,0.2569831,0.38334826,0.3800672,0.36640242
15.740169,0.2558526,0.38322848,0.3796188,0.36598298
15.750084,0.25710577,0.3833643,0.38026887,0.3656388
15.760074,0.2576132,0.3834144,0.3801232,0.36621514
15.770074,0.25814474,0.38298512,0.37989455,0.36529905
15.780075,0.25744915,0.3827222,0.37996238,0.365713
15.790077,0.2570384,0.38274652,0.38027045,0.36523888
15.800076,0.25786895,0.38228288,0.3801339,0.36531186
15.810077,0.25724062,0.3833673,0.37982556,0.3650564
15.820074,0.25736925,0.38346982,0.38023603,0.36483058
15.830075,0.25740078,0.3834034,0.3803145,0.3655848
15.840074,0.25684723,0.3832398,0.38094896,0.36518002
15.850077,0.25761768,0.38279018,0.38039348,0.36540008
15.860076,0.25657335,0.38254187,0.38002968,0.3652529
15.870075,0.25719485,0.38321653,0.38009948,0.36590758
15.8800745,0.25716975,0.3825519,0.3800864,0.36568987
15.890073,0.25727612,0.38297665,0.3800596,0.3647136
15.900076,0.25692797,0.3834765,0.37986842,0.36555728
15.910076,0.25834143,0.38288063,0.37975746,0.36548167
15.920075,0.25738555,0.38358372,0.3798183,0.36475638
15.930075,0.2575431,0.38292357,0.38003254,0.3649572
15.940073,0.25739878,0.38265193,0.38011318,0.36523858
15.950074,0.2564463,0.3828896,0.37966084,0.36474562
15.960073,0.25710988,0.38187313,0.379809,0.36469072
15.970074,0.2577572,0.3828827,0.38009998,0.36486453
15.980075,0.257618,0.3826807,0.3795189,0.3654687
15.990075,0.25656858,0.3818382,0.3802389,0.36598098
16.000076,0.2567877,0.38270083,0.379767,0.36512202
16.010075,0.25613627,0.38250887,0.37977287,0.36536294
16.020077,0.25775054,0.38294488,0.37959054,0.3655243
16.030071,0.25767875,0.38237593,0.37974933,0.3652921
16.040075,0.2582568,0.3825455,0.3798952,0.36508906
16.050076,0.25788543,0.38237455,0.37958485,0.3647505
16.060074,0.25754565,0.38237906,0.3801467,0.3653032
16.070076,0.25794703,0.38290554,0.3795035,0.36490527
16.080074,0.25719503,0.38255513,0.3790941,0.36438057
16.090075,0.25708327,0.38231727,0.37943968,0.3645258
16.100077,0.2570281,0.38237596,0.37916964,0.36496496
16.110075,0.25722012,0.382419,0.37893447,0.36485463
16.120075,0.2575588,0.38210955,0.3793414,0.3646914
16.130072,0.2576243,0.3825919,0.38036615,0.3655516
16.140074,0.25661314,0.38246617,0.38002193,0.3648796
16.150078,0.25726175,0.3829851,0.37983805,0.36496302
16.160074,0.25700063,0.38252276,0.37942252,0.36487567
16.170076,0.2580065,0.3823666,0.37974623,0.36481217
16.180073,0.25721493,0.38294914,0.37944353,0.3648386
16.190073,0.2576993,0.38264796,0.37999994,0.36554247
16.200075,0.25746343,0.38176814,0.37885606,0.36452386
16.210081,0.25681463,0.38261288,0.37927297,0.36476937
16.220078,0.25761998,0.38172537,0.3785733,0.36500475
16.230076,0.25668007,0.38136002,0.3789114,0.36423498
16.240091,0.25737205,0.38139284,0.37915084,0.36398962
16.250082,0.25702024,0.3814815,0.3791393,0.36430696
16.260077,0.2572158,0.38166633,0.37861383,0.36427322
16.270073,0.2572686,0.38172293,0.37859842,0.3640272
16.280075,0.25694063,0.38201976,0.37836012,0.364517
16.290077,0.25767726,0.38155895,0.37827507,0.3641559
16.300074,0.25745788,0.3815951,0.37923723,0.3649025
16.310076,0.25623944,0.38131195,0.37865686,0.36457852
16.320076,0.2580621,0.38171354,0.37945685,0.36408865
16.330074,0.25654775,0.38141584,0.37846595,0.36430356
16.340075,0.25737616,0.38156408,0.37958822,0.365001
16.350077,0.25737727,0.38164634,0.3784505,0.3639507
16.360075,0.2574503,0.38179943,0.37884802,0.36486197
16.370073,0.2570975,0.38126397,0.37902766,0.36353594
16.380074,0.25735703,0.3815872,0.37864533,0.36361864
16.390076,0.2574444,0.38151473,0.3786074,0.36435238
16.400074,0.2574843,0.38116592,0.37865168,0.36422884
16.410091,0.257141,0.381263,0.37872604,0.3644084
16.420074,0.2567478,0.38150293,0.3785731,0.36362037
16.430075,0.2574225,0.38175178,0.37853187,0.3640116
16.440073,0.2573804,0.3816734,0.3787669,0.3638666
16.450075,0.2569886,0.3824771,0.37850875,0.36390877
16.460213,0.2570424,0.38104847,0.3785671,0.3646459
16.470076,0.25807992,0.38108465,0.37894395,0.3647704
16.480072,0.25783062,0.38115713,0.3785202,0.3639442
16.490072,0.257266,0.38157836,0.37929553,0.3643608
16.500074,0.2565697,0.3812115,0.37873727,0.3637885
16.510094,0.2573842,0.38074905,0.37842655,0.3642008
16.520075,0.257999,0.381041,0.37778,0.36366346
16.530075,0.25697705,0.38145766,0.37897807,0.36341274
16.540073,0.25761014,0.381164,0.37903124,0.36403608
16.550076,0.25683853,0.38150954,0.37833616,0.36421147
16.560074,0.25701076,0.3809763,0.3785462,0.36470824
16.570076,0.25746277,0.38134518,0.37856156,0.36311978
16.580076,0.25857323,0.38087294,0.37860653,0.363986
16.590075,0.2570891,0.38118094,0.37875834,0.363836
16.600075,0.25806767,0.38215157,0.37784606,0.3634218
16.610073,0.25789195,0.38181803,0.3780702,0.3634964
16.620075,0.25809798,0.38151592,0.3777882,0.36362612
16.630075,0.25701174,0.3808342,0.37781525,0.36391073
16.6401,0.25591785,0.380744,0.3782139,0.36344904
16.650085,0.25642118,0.38060653,0.37751412,0.3638172
16.660076,0.2572554,0.3806267,0.37782916,0.36389863
16.670076,0.25729558,0.3810906,0.3780095,0.36463833
16.680075,0.25665745,0.3807533,0.37846813,0.36366913
16.690075,0.25714377,0.38030508,0.3782413,0.36396855
16.700073,0.2569946,0.38112757,0.37808874,0.36343598
16.710106,0.2564935,0.38051346,0.37795195,0.36261162
16.720083,0.25739694,0.38090685,0.37770393,0.36336347
16.730072,0.2563073,0.38013318,0.37747905,0.3628148
16.740095,0.25352558,0.37813988,0.3779541,0.36337313
16.75008,0.256901,0.38051403,0.37862182,0.36432672
16.760075,0.25660405,0.3803274,0.377841,0.36317015
16.770077,0.25735256,0.3802586,0.3780082,0.36338395
16.780073,0.2570388,0.38035813,0.37743485,0.3636612
16.790075,0.2575677,0.3801596,0.37747368,0.3633099
16.800076,0.2569439,0.3798277,0.37769794,0.36343974
16.810078,0.25746882,0.38009655,0.37789428,0.363773
16.820076,0.25704622,0.3799796,0.3777119,0.36292917
16.830074,0.25745288,0.3806414,0.37711018,0.3633145
16.840075,0.25669494,0.37991524,0.37753603,0.3630274
16.850073,0.2572318,0.38037825,0.37736845,0.36349547
16.860075,0.25769755,0.38015628,0.37716603,0.3630642
16.870075,0.2569831,0.38111565,0.37737468,0.36323273
16.880075,0.25718096,0.37986127,0.37726855,0.36313
16.89008,0.25611073,0.38045835,0.3774618,0.3632886
16.900072,0.25730512,0.3800398,0.37800518,0.3629816
16.910076,0.256788,0.3796905,0.3778113,0.36326313
16.920073,0.25745714,0.3808058,0.37709808,0.36323544
16.930077,0.2569379,0.3798088,0.37691996,0.3630511
16.940073,0.25754854,0.3810539,0.37804952,0.3629369
16.950075,0.2570767,0.37981704,0.3775825,0.3630985
16.960075,0.257366,0.38022876,0.3771435,0.36282495
16.970074,0.2566552,0.3800076,0.37757665,0.3634766
16.980074,0.25740167,0.37996104,0.3774224,0.36337632
16.990074,0.2570519,0.37975663,0.3771943,0.36266175
17.000076,0.25648302,0.38008344,0.377342,0.3631016
17.010075,0.25676787,0.38020208,0.37667048,0.36260417
17.020073,0.2561123,0.3805073,0.37791574,0.36269224
17.030077,0.2567233,0.37978756,0.37714154,0.36255687
17.040075,0.25665265,0.3799169,0.3768606,0.36334902
17.050076,0.2573599,0.37937918,0.3773149,0.3631031
17.060074,0.25677487,0.37957567,0.37751958,0.3624745
17.070074,0.25684887,0.380286,0.37761274,0.36292815
17.080074,0.25660098,0.37942204,0.37707448,0.3629989
17.090073,0.25625682,0.38030034,0.37650123,0.3627951
17.100077,0.25687182,0.37981027,0.37758234,0.36244583
17.110077,0.25722605,0.3795721,0.37696,0.36253333
17.120075,0.25648713,0.3793674,0.37677997,0.3619605
17.130075,0.25747654,0.37939033,0.3772837,0.36238196
17.140074,0.2573824,0.37935933,0.37698394,0.36319372
17.150074,0.25723124,0.3795427,0.37760767,0.36280438
17.160074,0.2562851,0.3797574,0.37721398,0.36234227
17.170074,0.25731802,0.37898156,0.37693423,0.3626472
17.180075,0.25649777,0.3795442,0.37709576,0.36244953
17.190075,0.25706354,0.37907735,0.37674,0.36210135
17.200075,0.2565685,0.37846774,0.376808,0.36252117
17.210073,0.25592217,0.37916866,0.3766167,0.3626692
17.220081,0.2567765,0.37942982,0.37665793,0.3625163
17.230076,0.25711384,0.37921342,0.37670153,0.36244258
17.240086,0.25590098,0.37982717,0.37716222,0.36300626
17.250084,0.2565812,0.37921506,0.37729937,0.36252913
17.260078,0.2571386,0.37933186,0.37654617,0.36292097
17.270075,0.25696358,0.37948355,0.37648615,0.36177793
17.280075,0.25720567,0.3791993,0.37673151,0.3612554
17.290075,0.25753605,0.3784279,0.37632465,0.36219996
17.300076,0.2567392,0.3793188,0.377156,0.36267623
17.310076,0.2563411,0.37814012,0.3766126,0.36214605
17.320097,0.25668928,0.3791995,0.37669608,0.36264765
17.330072,0.25714436,0.3788315,0.3760463,0.36210978
17.340076,0.2568523,0.37864044,0.37622234,0.3622348
17.350077,0.2568725,0.37913087,0.37636346,0.36209974
17.360075,0.25670227,0.37832478,0.37611902,0.36203685
17.370075,0.25679925,0.37921664,0.3762762,0.36192632
17.380072,0.25734457,0.37881815,0.37624207,0.3617714
17.390076,0.25693163,0.37863675,0.3763325,0.36236924
17.400076,0.25677037,0.37899444,0.37626597,0.36224046
17.410074,0.2568531,0.37879306,0.37640038,0.3620607
17.42008,0.2572395,0.37835988,0.3759469,0.36222425
17.430075,0.25725833,0.37919205,0.37646183,0.36224654
17.440075,0.2563859,0.3788869,0.3758034,0.3619454
17.450073,0.25658774,0.37897846,0.37663,0.36205944
17.460075,0.2565205,0.3783353,0.3767273,0.36265537
17.470074,0.25682575,0.3782292,0.37630522,0.36195785
17.480074,0.25654688,0.37854007,0.37668887,0.3614849
17.490074,0.25642097,0.37849057,0.3757915,0.36227724
17.500072,0.25693193,0.37807825,0.37589633,0.3615128
17.510077,0.25635487,0.37831113,0.37600705,0.36178932
17.52009,0.25669518,0.37843433,0.37553763,0.36296418
17.530077,0.25689453,0.37747884,0.37609804,0.3619956
17.540073,0.25743714,0.37885833,0.37587014,0.36175278
17.550076,0.25701743,0.37878412,0.37625927,0.36168927
17.560074,0.25680757,0.37851483,0.37595126,0.36208367
17.570074,0.25665686,0.3782888,0.37613684,0.36162624
17.580076,0.25688288,0.37784877,0.37642622,0.3617443
17.590075,0.25732347,0.3782026,0.3756701,0.36223745
17.600075,0.25738123,0.3785562,0.376165,0.3619088
17.610075,0.25603163,0.3782564,0.37557468,0.36180368
17.620073,0.25743937,0.3783895,0.3756515,0.3614656
17.630074,0.25728172,0.37794596,0.3759789,0.36155522
17.640104,0.25619236,0.3774654,0.37586647,0.36127943
17.650084,0.25653014,0.37811744,0.3757091,0.36160547
17.660076,0.25614935,0.37775293,0.37585518,0.36143726
17.670076,0.2566608,0.377727,0.37530422,0.3615305
17.680075,0.25711423,0.37831053,0.3756908,0.36125666
17.690073,0.25700358,0.3776299,0.375522,0.36129278
17.700075,0.2569752,0.37824962,0.37550774,0.36167854
17.710075,0.25666568,0.37804902,0.3758237,0.36172324
17.720076,0.25656977,0.3781167,0.37567186,0.36123386
17.730095,0.2581464,0.37824497,0.37566653,0.36137992
17.740091,0.25608787,0.37537366,0.3745233,0.36109892
17.750082,0.25709477,0.37777278,0.37547475,0.36183178
17.760073,0.25684878,0.37779164,0.37603563,0.36145264
17.770075,0.25706175,0.37828073,0.37610003,0.361402
17.780073,0.256863,0.3783972,0.37552035,0.36209276
17.790075,0.25743294,0.37713605,0.3755373,0.3614842
17.800076,0.25703326,0.37747696,0.3752444,0.36132336
17.810074,0.25663465,0.37741974,0.3750528,0.36066535
17.820076,0.25643632,0.37675247,0.3753718,0.36119166
17.830095,0.25643048,0.37760654,0.3757733,0.36123437
17.840075,0.2563865,0.37714896,0.37570944,0.36102718
17.850075,0.25676173,0.37709233,0.3753731,0.3614077
17.860073,0.25711548,0.37774044,0.37509513,0.3607683
17.870075,0.256606,0.3772494,0.37481222,0.36118945
17.880075,0.25698185,0.3779709,0.37528288,0.3617109
17.890074,0.25702396,0.37708735,0.3750597,0.36143276
17.900074,0.2564096,0.3776892,0.37519786,0.36134553
17.910074,0.25651994,0.37721488,0.37479827,0.36103913
17.920073,0.25640738,0.3773496,0.3756642,0.36123872
17.930073,0.25667346,0.3768722,0.37499434,0.36074558
17.940075,0.25599894,0.37719277,0.37525478,0.36122963
17.950075,0.2565288,0.37762788,0.37522998,0.36122522
17.960073,0.25666422,0.3767792,0.37504417,0.3608836
17.970076,0.2573337,0.37713173,0.37514275,0.36054394
17.980072,0.25702974,0.37657672,0.3754634,0.36145997
17.990074,0.2568428,0.3776184,0.37517467,0.36055258
18.00008,0.2565484,0.37715843,0.3747078,0.36054534
18.010077,0.25699413,0.377187,0.37508214,0.36081144
18.020077,0.2560432,0.37677416,0.37490463,0.36076966
18.030075,0.2572819,0.37694135,0.3752225,0.36100167
18.040075,0.25661296,0.37691182,0.37456435,0.3609951
18.050074,0.2571356,0.3778354,0.37516522,0.3604964
18.060076,0.25618488,0.37680334,0.374307,0.3601948
18.070074,0.25611076,0.37601706,0.37498903,0.3604273
18.080072,0.25559923,0.37577292,0.37417254,0.3604268
18.090075,0.25571647,0.3766472,0.3742723,0.36033446
18.100073,0.2556613,0.37577546,0.37423173,0.3606047
18.110075,0.2558658,0.37563682,0.37412992,0.36011913
18.120073,0.25541186,0.37594455,0.37454042,0.36007017
18.130075,0.25561202,0.37590978,0.37472472,0.36011496
18.140074,0.2556458,0.37550414,0.37449005,0.35978913
18.150078,0.25699872,0.37636226,0.37476143,0.36026695
18.160076,0.25636116,0.37703946,0.37423095,0.3603895
18.170073,0.25634262,0.37663773,0.37458622,0.3601859
18.180073,0.25660622,0.37667647,0.37477118,0.36037263
18.190075,0.25670213,0.3770006,0.37456694,0.36015397
18.200075,0.2569747,0.37707156,0.37527755,0.36058873
18.210073,0.25628063,0.3763872,0.37402827,0.3598244
18.220074,0.2558027,0.37683263,0.37417543,0.36045563
18.23008,0.2563144,0.37629375,0.3742979,0.3603376
18.24008,0.2552274,0.37526023,0.37401327,0.36110482
18.250084,0.25604,0.37476206,0.3741909,0.3607196
18.260077,0.2567765,0.37591124,0.3747066,0.36073834
18.270075,0.25672898,0.3745275,0.3745574,0.36014378
18.280073,0.25633007,0.37619478,0.37428597,0.3593907
18.290073,0.25642738,0.3755229,0.373734,0.35986644
18.300074,0.25559384,0.37662262,0.37437493,0.3599325
18.310074,0.25571325,0.3760577,0.37416494,0.35992005
18.320076,0.2564376,0.3757337,0.37374616,0.3595863
18.330076,0.25708485,0.37635747,0.37426272,0.3604472
18.340073,0.2565752,0.3756915,0.37418115,0.35986218
18.350073,0.25661075,0.3765988,0.37424237,0.35971582
18.360075,0.25653037,0.37565136,0.3739089,0.35976303
18.370075,0.25705102,0.37637275,0.374511,0.36027622
18.380075,0.2561346,0.37609398,0.37390208,0.35957697
18.390076,0.25664043,0.3762432,0.37440437,0.36060128
18.400074,0.2566975,0.37613687,0.37384585,0.35981745
18.41007,0.25759867,0.37640855,0.37403294,0.36012402
18.420076,0.2560046,0.37569112,0.3734923,0.3595275
18.430073,0.25676113,0.3758456,0.37390414,0.36013108
18.44009,0.25748056,0.37565076,0.3741306,0.35984185
18.450075,0.25674284,0.37623438,0.3735511,0.35958722
18.460073,0.25572538,0.37598693,0.37349227,0.35973924
18.470074,0.25664958,0.37608114,0.37443152,0.3600757
18.480074,0.25682345,0.37549636,0.3737078,0.35946915
18.490076,0.257025,0.3761903,0.37395042,0.36022973
18.500074,0.2571032,0.37682545,0.37367666,0.360107
18.510075,0.25617683,0.37591198,0.3738756,0.359502
18.520073,0.25653094,0.3758435,0.3737909,0.35978866
18.530073,0.2562449,0.37592033,0.37329802,0.3596518
18.540092,0.2569144,0.37591162,0.3736513,0.3597521
18.550076,0.25673845,0.37597936,0.37375823,0.35962293
18.560076,0.25605637,0.37536895,0.37374932,0.35953134
18.570076,0.2565397,0.37606046,0.373142,0.35999507
18.580072,0.25606948,0.37586433,0.37424162,0.35985783
18.590073,0.256382,0.3759248,0.3728615,0.35879147
18.600075,0.2564456,0.37578008,0.37350625,0.35946393
18.610075,0.2561725,0.37563276,0.3737306,0.35894105
18.620075,0.25597164,0.37559906,0.3732767,0.35899624
18.630075,0.25677973,0.37537476,0.3733081,0.35881272
18.640133,0.255165,0.3742493,0.373346,0.35926563
18.650084,0.2561419,0.37523592,0.3735408,0.35900706
18.660076,0.25573978,0.37486747,0.37349495,0.35931027
18.670074,0.25639886,0.37552008,0.37373438,0.35853842
18.680075,0.25628927,0.37522852,0.3735202,0.35902888
18.690075,0.25636202,0.37467661,0.37312713,0.35973322
18.700073,0.25652358,0.3750462,0.37342325,0.3590574
18.710073,0.2562106,0.3750564,0.37324938,0.36042708
18.720076,0.25612348,0.3740581,0.3726419,0.35858384
18.730076,0.25549215,0.3756409,0.37335852,0.35933194
18.740076,0.2546508,0.37382567,0.3727058,0.3585286
18.750088,0.25495428,0.37530097,0.37366453,0.35969493
18.760075,0.25583464,0.37508556,0.37300265,0.35893884
18.770073,0.25604615,0.37529784,0.373538,0.3593522
18.780075,0.25591815,0.37463757,0.37309587,0.3594107
18.790077,0.2562883,0.37422436,0.37292853,0.35886526
18.800074,0.25716347,0.3755438,0.3732169,0.35918516
18.810076,0.2560859,0.37467733,0.37253025,0.3594372
18.820072,0.25719732,0.3751652,0.37363082,0.3589131
18.830076,0.25695714,0.37482315,0.3728425,0.35886446
18.840075,0.2566113,0.37568873,0.3735615,0.3589921
18.850077,0.25681877,0.3752579,0.37308088,0.3585635
18.860075,0.25617096,0.37478843,0.37362581,0.35934132
18.870075,0.2562212,0.3747932,0.3729876,0.3588869
18.880075,0.25708845,0.37530437,0.37284252,0.3593958
18.890074,0.25706524,0.3744358,0.37214512,0.35956055
18.900074,0.25700322,0.37507874,0.37253684,0.35883614
18.910076,0.25703365,0.37421566,0.37318558,0.3592223
18.920074,0.25561577,0.3745763,0.37281054,0.35867542
18.930075,0.2564659,0.3747265,0.37324023,0.35934913
18.940073,0.25640893,0.37388015,0.3724006,0.3588502
18.950075,0.2572342,0.37480664,0.37236598,0.35878056
18.960073,0.25630173,0.37443197,0.37267664,0.3583342
18.970074,0.25644994,0.37504792,0.3728181,0.35854965
18.980074,0.25610477,0.37481153,0.3734024,0.35856372
18.990076,0.25655666,0.37487492,0.37301868,0.35924724
19.000076,0.2558107,0.37434953,0.37227356,0.3586663
19.010075,0.2562742,0.37428617,0.37274897,0.359107
19.020077,0.2553412,0.37428734,0.3723835,0.35865572
19.030075,0.25586525,0.37436706,0.37277645,0.35876998
19.040075,0.25607738,0.3744575,0.37223533,0.35854834
19.050093,0.2560774,0.37403873,0.37254196,0.35841334
19.060074,0.25603035,0.37471431,0.37210363,0.35840034
19.070076,0.25560933,0.37415168,0.37300748,0.35891637
19.080074,0.25591603,0.37379318,0.37203613,0.35855582
19.090075,0.25610954,0.37463394,0.37229705,0.35831657
19.100075,0.25647452,0.37372506,0.3720786,0.3577141
19.110075,0.25556767,0.37332413,0.37200862,0.3585666
19.120073,0.25621614,0.3737692,0.3730828,0.35845116
19.130074,0.25610876,0.37348485,0.37282777,0.35896736
19.140074,0.25595853,0.3738042,0.37246865,0.35868132
19.150091,0.2567104,0.373463,0.3720106,0.35808507
19.160074,0.25603154,0.37390035,0.37261465,0.3586355
19.170074,0.2557178,0.37356794,0.3722446,0.35833523
19.180073,0.25657317,0.37358382,0.37224254,0.3582129
19.190075,0.25622195,0.3736547,0.37185696,0.35778937
19.200077,0.25643665,0.3743359,0.37190494,0.35774082
19.210073,0.25524402,0.3740747,0.37185767,0.3580961
19.220076,0.25613168,0.37408876,0.3719873,0.35834768
19.230076,0.2563193,0.37186465,0.37211224,0.35832322
19.24008,0.25474057,0.3727455,0.37101534,0.35745433
19.250107,0.2558259,0.37351826,0.37233847,0.3585228
19.260078,0.25605237,0.37337983,0.37175858,0.35847715
19.270075,0.25584924,0.37363845,0.37152925,0.35803953
19.280073,0.25582853,0.37336916,0.37256563,0.3575389
19.290075,0.25617003,0.37361363,0.3723891,0.35836554
19.300076,0.25621703,0.37353766,0.3718926,0.35794485
19.310076,0.25557858,0.3740356,0.37202096,0.35843518
19.320076,0.255879,0.37284198,0.3710391,0.35775828
19.330076,0.25666484,0.3736906,0.3720576,0.35781485
19.340073,0.2558946,0.3727367,0.37212816,0.35810137
19.350073,0.2571735,0.3732807,0.3719631,0.35838756
19.360075,0.25563136,0.37296766,0.37190244,0.35785618
19.370073,0.25599936,0.37344518,0.3714788,0.35785887
19.380075,0.25665486,0.37341475,0.37153155,0.35744467
19.390076,0.25595888,0.37309614,0.3713693,0.3577176
19.400074,0.2572274,0.37314734,0.3714859,0.35746178
19.410076,0.25591764,0.37304357,0.37152684,0.35783976
19.420074,0.25592142,0.37341312,0.37144879,0.35762557
19.430075,0.25593472,0.37349543,0.37180895,0.35822466
19.440075,0.25598192,0.37362075,0.37169197,0.35744995
19.450075,0.25652227,0.37297,0.3717476,0.35789478
19.460075,0.25612545,0.37287346,0.37150156,0.35753918
19.470074,0.2558035,0.37302393,0.37182623,0.35757232
19.480074,0.2563757,0.37302846,0.3716721,0.35756415
19.490072,0.2555901,0.37316784,0.3720875,0.35710025
19.500076,0.25687853,0.37329888,0.37145635,0.35747862
19.510077,0.2563155,0.37256613,0.371815,0.35701996
19.520075,0.25603414,0.3729738,0.37151656,0.35805473
19.530075,0.25619572,0.3730702,0.37102908,0.356797
19.540083,0.25595653,0.37291846,0.37113646,0.35698828
19.550076,0.25613803,0.3730089,0.37106925,0.35700732
19.560076,0.25573963,0.3726544,0.37150237,0.3576449
19.57008,0.2562366,0.37201473,0.37165064,0.35658747
19.580076,0.25557622,0.37288034,0.3718712,0.35782573
19.590075,0.25571743,0.37224838,0.37095112,0.3568801
19.600075,0.25615597,0.3724451,0.3710695,0.35691303
19.610071,0.25568327,0.3718216,0.37122288,0.35705063
19.620075,0.2563865,0.3722261,0.3713085,0.35728708
19.630075,0.25646308,0.3726487,0.3715968,0.3571275
19.640106,0.25541365,0.37197995,0.37136668,0.35712585
19.650084,0.25640014,0.3716508,0.37158364,0.35769486
19.660076,0.25579804,0.3723053,0.37121722,0.35735717
19.670076,0.25632724,0.37327242,0.37186283,0.35731283
19.680075,0.2561231,0.37332883,0.3712147,0.35499617
19.690075,0.25616935,0.37260213,0.37094185,0.35725254
19.700163,0.25599653,0.37161246,0.3721121,0.35698077
19.710075,0.25655818,0.372631,0.37201032,0.35670048
19.720074,0.25550374,0.37240508,0.36938387,0.35763505
19.730074,0.25623444,0.37147012,0.36994952,0.3554757
19.740074,0.25623262,0.3727668,0.3707988,0.3548449
19.75009,0.25577378,0.3709678,0.37081864,0.35575294
19.760075,0.25671032,0.3722735,0.3706894,0.3570517
19.770077,0.2562495,0.37186545,0.3714249,0.35717708
19.780073,0.25609377,0.3722302,0.37175795,0.3568611
19.790075,0.2557538,0.37204567,0.37109107,0.3566755
19.800074,0.25622582,0.3726614,0.3715364,0.3572199
19.810076,0.25546607,0.37203288,0.37083966,0.35637313
19.820074,0.25562224,0.37256244,0.37103808,0.3566836
19.830074,0.25620455,0.37214342,0.37153554,0.35704008
19.840075,0.2561217,0.37186065,0.37086803,0.35698086
19.850073,0.25545064,0.3716981,0.37018737,0.35681474
19.860075,0.2555432,0.37140992,0.3713719,0.35653502
19.870075,0.25550753,0.37207684,0.37068507,0.35624132
19.880075,0.25518933,0.37189287,0.3707228,0.3564701
19.890076,0.25577387,0.37155783,0.37091553,0.3566133
19.900072,0.25601706,0.3712693,0.37071675,0.35763323
19.910076,0.2545554,0.3721726,0.3704961,0.35650626
19.920076,0.25581792,0.37167233,0.37038445,0.35627902
19.930077,0.2567706,0.37153324,0.37103534,0.35673615
19.940075,0.25578526,0.37132972,0.3710811,0.35660568
19.950075,0.254983,0.37223172,0.3708377,0.35735357
19.96009,0.25512606,0.3715927,0.37052444,0.35687736
19.970076,0.25628403,0.37207446,0.37077606,0.35641843
19.980074,0.25620675,0.37143022,0.37100816,0.35647973
19.990076,0.25548202,0.37173414,0.37042186,0.35666883
20.000082,0.2550389,0.3709217,0.37067667,0.35618788
20.01008,0.25569928,0.3709119,0.3701442,0.35647026
20.020075,0.25589985,0.3722047,0.37067178,0.35644943
20.030075,0.25534385,0.37093136,0.3709336,0.3569669
20.040073,0.25625023,0.37103793,0.37052566,0.35596812
20.050076,0.25543198,0.3717775,0.3702855,0.35612306
20.060095,0.2561333,0.3706395,0.37046784,0.35645336
20.070076,0.2557512,0.37201905,0.3707889,0.35621446
20.080074,0.25545278,0.37173945,0.370623,0.35658994
20.090073,0.25578797,0.37110665,0.3701475,0.35675734
20.100075,0.25660965,0.37149838,0.3708448,0.35666618
20.110075,0.25601357,0.37093633,0.37001613,0.35680148
20.120073,0.25621828,0.3715753,0.37046236,0.35645196
20.130075,0.25572053,0.3703764,0.3700804,0.35619116
20.140076,0.25478876,0.36787012,0.37109804,0.35643736
20.15008,0.25616467,0.37182507,0.3697894,0.35642782
20.160072,0.2557521,0.37049648,0.37102064,0.35663995
20.170076,0.25608385,0.37057054,0.3699453,0.35581648
20.180075,0.2564027,0.3709293,0.37031528,0.35622346
20.190075,0.25581098,0.37121662,0.37018448,0.3565599
20.200077,0.2557607,0.37075332,0.37018812,0.35584974
20.210073,0.25534356,0.37099743,0.3703078,0.35585785
20.220076,0.25570235,0.37106514,0.3703352,0.3563064
20.230076,0.2555141,0.37087393,0.3709581,0.35602412
20.240076,0.25471085,0.3706735,0.36979455,0.35557514
20.250086,0.25620443,0.37031126,0.37044814,0.3557443
20.260077,0.25508192,0.37027803,0.37003845,0.35635927
20.270077,0.25575018,0.37049082,0.37066668,0.35614878
20.280075,0.25544694,0.37069908,0.36973023,0.35599342
20.290073,0.25515616,0.3710572,0.36980996,0.35585275
20.300074,0.25546438,0.37067783,0.36927947,0.35546184
20.310076,0.25503308,0.36985126,0.3699096,0.3557372
20.320074,0.25567293,0.37078914,0.3704091,0.35591078
20.33007,0.2557646,0.369801,0.3706613,0.355042
20.340075,0.25515932,0.3706385,0.37002718,0.3564245
20.350069,0.25584462,0.36986503,0.36993006,0.3557942
20.360075,0.25550938,0.37013474,0.3695027,0.35535213
20.370077,0.25523564,0.37086624,0.37031907,0.35529009
20.380074,0.25543034,0.37034902,0.37034875,0.35587314
20.390076,0.25575086,0.37005144,0.36973828,0.35516334
20.400076,0.25598526,0.3709672,0.3697987,0.35569185
20.410074,0.2552371,0.37061974,0.36994752,0.355297
20.420076,0.25612003,0.3702818,0.370082,0.35521355
20.430075,0.2558908,0.36994326,0.36996987,0.3552709
20.440075,0.25588986,0.3707073,0.3695354,0.3559011
20.450073,0.2557153,0.371321,0.3699607,0.35589838
20.460075,0.2567629,0.37103552,0.3703629,0.35564604
20.470074,0.25649244,0.3702497,0.36930114,0.35527202
20.480074,0.2562847,0.37008172,0.36978468,0.3557107
20.490076,0.25585523,0.37044993,0.3697062,0.3553378
20.500072,0.25559384,0.37122652,0.3697071,0.35529372
20.510077,0.25541094,0.36979067,0.3700532,0.35575002
20.520075,0.25527442,0.37036625,0.37044042,0.35555196
20.530075,0.256415,0.3699897,0.37005222,0.35499
20.540075,0.25587872,0.37057483,0.3694055,0.35510877
20.550072,0.25580177,0.3705274,0.37032062,0.35527185
20.560074,0.25535914,0.37027797,0.36925954,0.35516357
20.570072,0.25616962,0.3708748,0.37028942,0.3559089
20.580076,0.25639424,0.37007487,0.3702487,0.35536975
20.590075,0.25656784,0.36998305,0.36973917,0.35569486
20.600075,0.25610122,0.37080336,0.3694155,0.35602126
20.610075,0.25623864,0.36995947,0.3699778,0.35571152
20.620073,0.2560783,0.36965072,0.36965144,0.3549397
20.630075,0.25558993,0.3700636,0.36986285,0.35537383
20.640097,0.2542643,0.3699176,0.3699677,0.3547816
20.650085,0.25562906,0.36954498,0.36929336,0.3554155
20.660076,0.2551656,0.3693031,0.3686858,0.35523298
20.670076,0.25555506,0.36943343,0.3693944,0.35544783
20.680073,0.2550787,0.36942303,0.36897418,0.3552896
20.690073,0.25509533,0.369107,0.36994737,0.35485345
20.700077,0.25519717,0.3697169,0.36971343,0.35556912
20.710075,0.25609264,0.36989263,0.36880195,0.35486227
20.720074,0.25538504,0.36923897,0.3695683,0.3547397
20.730076,0.25580144,0.36977497,0.36958736,0.35508063
20.740074,0.25582653,0.3694705,0.36885446,0.35420096
20.750086,0.25563434,0.36903897,0.36963296,0.35554534
20.760077,0.25582126,0.3700474,0.3691361,0.35491818
20.7701,0.25547892,0.3690249,0.3691905,0.35471377
20.780075,0.2554518,0.3691106,0.3694171,0.35523784
20.790075,0.25580987,0.36923775,0.36937726,0.3549414
20.800076,0.25532773,0.3692598,0.3689716,0.3546962
20.810072,0.25518543,0.36888018,0.36863038,0.35441405
20.820076,0.25526693,0.36880538,0.3690923,0.35446537
20.830074,0.25491428,0.36820474,0.36898255,0.3544437
20.840075,0.25506124,0.367883,0.36901778,0.35490206
20.850075,0.2549758,0.36836094,0.36857486,0.3548092
20.860073,0.25469762,0.3681263,0.36907312,0.35416174
20.87009,0.25512558,0.36844647,0.36889237,0.35415745
20.880075,0.25484827,0.36876878,0.36927968,0.35419026
20.890074,0.2554173,0.3679486,0.36911878,0.3551188
20.900074,0.2549704,0.3682912,0.36836445,0.35439745
20.910074,0.2546653,0.36899543,0.3689019,0.35459062
20.920076,0.25527504,0.36889365,0.3689016,0.3549718
20.930073,0.2561071,0.36943826,0.36925486,0.35464373
20.940075,0.25543565,0.368526,0.3688054,0.35493195
20.950075,0.2556834,0.36926448,0.36928788,0.35491192
20.960073,0.25609747,0.36835784,0.3692818,0.35505885
20.970074,0.25527355,0.36907527,0.36852896,0.3543884
20.980074,0.25489244,0.36921299,0.369921,0.35498682
20.990072,0.25613865,0.36933422,0.36954108,0.3540705
21.000078,0.2556114,0.369352,0.36812004,0.35523805
21.010075,0.2554078,0.36793035,0.36849707,0.35353687
21.020077,0.25550348,0.36959785,0.3687178,0.3543768
21.030075,0.2555801,0.36920002,0.36868823,0.35426122
21.040075,0.25628775,0.36807168,0.36971188,0.35443845
21.050072,0.2560881,0.36875045,0.3695897,0.35465336
21.060076,0.25533167,0.36910808,0.3683759,0.3540735
21.070074,0.2557902,0.368955,0.36900422,0.3545869
21.080076,0.25545394,0.36865082,0.36918953,0.35411632
21.090075,0.2553012,0.3681104,0.36913314,0.35402745
21.100073,0.25578606,0.36812547,0.36934838,0.35436115
21.110075,0.25504854,0.36859146,0.36935583,0.3541765
21.120075,0.25573987,0.3687543,0.3684704,0.3542651
21.130075,0.2556915,0.3681378,0.36866695,0.35383806
21.140074,0.25529185,0.3685279,0.368645,0.35447958
21.150072,0.25537786,0.368171,0.36891198,0.35445607
21.160074,0.25558245,0.36828756,0.36881176,0.35449344
21.17007,0.25532728,0.3681317,0.36872882,0.353669
21.180075,0.25540587,0.3690403,0.36874673,0.35414988
21.190075,0.25530908,0.36801505,0.36891967,0.353961
21.200075,0.25572154,0.36855164,0.36884853,0.35401762
21.210075,0.2556678,0.36780673,0.36851406,0.3538422
21.220076,0.25503594,0.36772892,0.3689401,0.3542013
21.230078,0.25647458,0.36853614,0.36829382,0.35414308
21.240074,0.2565343,0.36758715,0.368088,0.35350025
21.250088,0.2552288,0.368598,0.36866146,0.35515153
21.260077,0.25539973,0.36764398,0.36754018,0.35380733
21.270075,0.25537175,0.36800593,0.36868542,0.35399812
21.280071,0.255921,0.36766073,0.36856812,0.35354242
21.290073,0.2556043,0.36692274,0.36893585,0.353544
21.300076,0.25519705,0.36765406,0.36884063,0.3540957
21.310074,0.2554078,0.36768568,0.3684605,0.35423926
21.320076,0.2553441,0.3678522,0.36874008,0.35386142
21.330074,0.25570682,0.36872315,0.36749822,0.3535215
21.340069,0.2555172,0.3680107,0.368434,0.35377422
21.350073,0.25488698,0.36825508,0.36803797,0.35401732
21.360075,0.25582647,0.36845067,0.36892906,0.35357526
21.370075,0.254875,0.36753872,0.36795834,0.35329062
21.380074,0.25602338,0.36832047,0.36877376,0.353631
21.390076,0.2555258,0.3676326,0.36843315,0.35388324
21.400074,0.25564814,0.36770567,0.3684461,0.35316303
21.410072,0.25568616,0.36820018,0.36800206,0.3539719
21.420076,0.25564393,0.36808646,0.3681442,0.35317424
21.430077,0.25606441,0.3678692,0.36766657,0.35355407
21.440075,0.25510553,0.36724177,0.3679609,0.35408908
21.450075,0.2551213,0.36756667,0.3680607,0.3537641
21.460073,0.2554866,0.36755356,0.36784786,0.35398695
21.470074,0.25505877,0.36700046,0.3681572,0.35395733
21.480074,0.2561851,0.36796066,0.3683224,0.35343018
21.490074,0.25624162,0.36749846,0.36812064,0.35383958
21.500074,0.25510496,0.3670618,0.36829096,0.35352075
21.510075,0.25604194,0.36782682,0.3683162,0.35364175
21.520075,0.25507504,0.3674707,0.3676844,0.35347456
21.530073,0.25686234,0.3682718,0.36790967,0.3539947
21.540073,0.25524,0.36699733,0.3678246,0.3532579
21.550076,0.25508395,0.3674317,0.36804187,0.35388726
21.560074,0.25470233,0.36675367,0.36809006,0.3526528
21.570074,0.25550956,0.36780444,0.36820948,0.35294226
21.580072,0.25560865,0.3673003,0.36722884,0.35308117
21.590075,0.25579193,0.3670907,0.3680349,0.3526837
21.600073,0.25500134,0.36693147,0.36791265,0.35312316
21.610075,0.25476912,0.366419,0.3677251,0.35332546
21.620075,0.25496045,0.36687124,0.36759368,0.35368606
21.630075,0.25640857,0.3669836,0.36813614,0.35310456
21.640104,0.25475803,0.36737648,0.36851186,0.35350895
21.650082,0.2550923,0.3668161,0.368215,0.35423592
21.660076,0.25521305,0.36697522,0.3676708,0.35406214
21.670076,0.2554796,0.366728,0.36717567,0.35342655
21.680075,0.25642514,0.36743793,0.36779872,0.35289037
21.690075,0.2549061,0.36697325,0.36808717,0.35337502
21.700073,0.25618872,0.36706793,0.36795482,0.3532753
21.710073,0.25581932,0.36661988,0.36815006,0.3527861
21.720076,0.25591755,0.3670187,0.36792916,0.35316414
21.730076,0.2555327,0.3667798,0.36789244,0.3535404
21.740074,0.25541186,0.36651757,0.36756095,0.35304633
21.750084,0.2549699,0.36652708,0.36772385,0.35327795
21.760077,0.25491297,0.36673337,0.3671391,0.3529734
21.770075,0.2551864,0.3670039,0.367115,0.35310802
21.780096,0.2556511,0.36631837,0.36750448,0.3525422
21.790077,0.25543004,0.36655167,0.36777562,0.35252517
21.800076,0.25525963,0.36681333,0.36727938,0.35290253
21.810074,0.25563967,0.3664011,0.36722675,0.35227564
21.820074,0.25522545,0.36544356,0.3676841,0.35288644
21.830076,0.25632668,0.36693662,0.36776325,0.35253847
21.840075,0.25496364,0.36638796,0.36806852,0.35297346
21.850077,0.25575697,0.36672315,0.36847,0.35308513
21.860075,0.2544516,0.36591563,0.3671402,0.3531139
21.870075,0.25589505,0.3662377,0.36765543,0.35275018
21.88009,0.25637513,0.3660359,0.36748123,0.3532912
21.890072,0.25476125,0.36672452,0.36751565,0.35323015
21.900076,0.25517267,0.36614105,0.366773,0.35291463
21.910076,0.25550064,0.3659768,0.36723754,0.35306576
21.920074,0.2551276,0.36619025,0.3670036,0.35234126
21.930075,0.25532073,0.3660268,0.36741632,0.3525778
21.940073,0.25458127,0.366076,0.3674947,0.35344478
21.950075,0.25537306,0.3660368,0.36743483,0.35315174
21.960075,0.25596097,0.36572528,0.36719796,0.35297707
21.970074,0.2541224,0.36625797,0.36656862,0.35198745
21.980091,0.25633663,0.36549464,0.36664405,0.3525162
21.990076,0.25500318,0.365844,0.36677042,0.35203627
22.00008,0.25490803,0.36685973,0.36780217,0.3522948
22.010075,0.25454816,0.36609766,0.36757395,0.35248142
22.020077,0.2551862,0.36650777,0.36658365,0.35256
22.030077,0.2553,0.36556125,0.36697719,0.35270742
22.040075,0.25574,0.36567536,0.36727566,0.3529173
22.050076,0.25571764,0.36618003,0.36798573,0.3521195
22.060074,0.25565094,0.36587545,0.3672509,0.3524117
22.070076,0.2552666,0.3660069,0.36732286,0.35229385
22.080091,0.25543535,0.3659102,0.3671741,0.35252804
22.09008,0.2548204,0.365841,0.36723328,0.35205278
22.100077,0.25529766,0.366006,0.36710986,0.35303426
22.110075,0.25604966,0.36556402,0.36731178,0.35225546
22.120077,0.2552117,0.36577743,0.36711004,0.35261193
22.130077,0.25554627,0.36553323,0.367483,0.35247642
22.140078,0.25540054,0.36514306,0.36597267,0.35225528
22.15008,0.25524327,0.36568874,0.3672849,0.35299668
22.160076,0.25464675,0.36612454,0.3668645,0.3525345
22.170076,0.25456288,0.36667603,0.3672409,0.3526635
22.18009,0.25571415,0.36595398,0.36735404,0.35296208
22.190077,0.2555897,0.3653566,0.36728963,0.35275087
22.200075,0.25550333,0.36539623,0.3671103,0.3518191
22.21008,0.2546802,0.36623546,0.36718264,0.3521595
22.22008,0.25527108,0.3649596,0.36772242,0.35253802
22.230076,0.2544269,0.3658091,0.36644664,0.3528221
22.24007,0.25500244,0.36566755,0.3669505,0.3519636
22.250082,0.25489035,0.36453864,0.36692244,0.35228112
22.260078,0.25536624,0.36418268,0.36677098,0.35210425
22.270075,0.25507382,0.3648112,0.36684075,0.35287407
22.28009,0.25504398,0.36510816,0.3672966,0.35209838
22.290077,0.25514394,0.36519048,0.3665587,0.35197648
22.300074,0.2555026,0.3653582,0.36653665,0.3529099
22.310076,0.25425372,0.36472055,0.36660433,0.35216573
22.320078,0.25464696,0.365179,0.36736232,0.3521765
22.330076,0.25475112,0.36527738,0.366689,0.3517448
22.340076,0.25510278,0.3650972,0.36714327,0.3524433
22.350073,0.2547846,0.3653193,0.36671838,0.3525212
22.360073,0.25508237,0.3654504,0.36731216,0.35236645
22.370073,0.25452632,0.36448362,0.36700693,0.352303
22.380093,0.25521663,0.36499652,0.36663547,0.35237557
22.390076,0.2550176,0.3649684,0.36648545,0.3519423
22.400074,0.2549151,0.3648372,0.36648327,0.35189518
22.410074,0.25559726,0.36546594,0.3662805,0.35209832
22.420073,0.2548583,0.3649115,0.36660522,0.35165596
22.430075,0.25541726,0.36421373,0.3663992,0.35189068
22.440075,0.25538105,0.36497256,0.3664615,0.3520556
22.450075,0.2562484,0.36465228,0.3667529,0.35191864
22.460075,0.2560659,0.36508903,0.36616537,0.35139802
22.470074,0.25569895,0.36572304,0.36680087,0.35180008
22.48009,0.25567114,0.36611107,0.36652756,0.35232517
22.490074,0.2558248,0.36452973,0.36672023,0.3519249
22.500076,0.25503615,0.36435193,0.3661598,0.35185593
22.510075,0.25490075,0.36509553,0.3665736,0.3523486
22.520075,0.25560302,0.3649776,0.36635888,0.3525046
22.530075,0.254955,0.36437616,0.36628047,0.35248443
22.540073,0.25592592,0.36454645,0.3663058,0.35144353
22.550076,0.25480607,0.36512935,0.36705422,0.35183027
22.560076,0.25519043,0.36427915,0.36606082,0.35148495
22.570076,0.25524074,0.36441368,0.36611554,0.35228512
22.58009,0.2549974,0.36479828,0.36712623,0.35222408
22.590076,0.25466934,0.36447245,0.36675084,0.3517195
22.600073,0.2555086,0.36474746,0.36692628,0.35194394
22.610071,0.25535992,0.3639499,0.36657164,0.35161152
22.620075,0.25558117,0.36454085,0.36675775,0.35251966
22.630077,0.2553355,0.3641523,0.36619872,0.3520391
22.6401,0.25367776,0.3633048,0.36576778,0.35103977
22.650084,0.2547235,0.36419407,0.36756325,0.3518784
22.660126,0.25497553,0.36424407,0.3671092,0.35258135
22.670078,0.25462148,0.36453867,0.36618355,0.351984
22.680075,0.2557301,0.36418006,0.36625394,0.351555
22.690075,0.25442928,0.3641063,0.36605754,0.35178086
22.700075,0.25451505,0.3632036,0.36651063,0.35147208
22.710104,0.25407085,0.3636213,0.3659859,0.35159025
22.720085,0.25476187,0.3632453,0.36612275,0.35054678
22.730078,0.25465813,0.36380142,0.36652967,0.35172766
22.740074,0.25494537,0.36398378,0.36589947,0.35119864
22.750084,0.25523105,0.36444625,0.36670768,0.35257742
22.760077,0.2539413,0.36302727,0.36611047,0.35150272
22.770077,0.25479499,0.364018,0.36620387,0.35167286
22.780073,0.25454634,0.36381876,0.36653504,0.35150293
22.790075,0.2550957,0.3638598,0.36622277,0.35159588
22.800076,0.25474036,0.36387098,0.36585096,0.35128233
22.810076,0.2557075,0.364026,0.36660498,0.35205892
22.820078,0.2549952,0.36285767,0.36592862,0.35152486
22.830072,0.25530106,0.3641892,0.36652282,0.35171434
22.840076,0.25484794,0.36368665,0.36592153,0.35123986
22.850077,0.25504476,0.3633252,0.3661095,0.3516267
22.860075,0.2552434,0.36369357,0.3666716,0.35165754
22.870075,0.25482166,0.36440063,0.36618072,0.35172755
22.880074,0.25564602,0.36378393,0.36561292,0.35149044
22.890078,0.25547206,0.36331397,0.3663074,0.3516657
22.900074,0.2545804,0.36372256,0.366361,0.35105103
22.910076,0.25452977,0.3636508,0.36655307,0.3514166
22.920073,0.25510657,0.36324024,0.36618462,0.3510095
22.930075,0.25496686,0.3642605,0.3658028,0.35112458
22.940075,0.2551719,0.3639883,0.36638618,0.35197267
22.950073,0.25551763,0.3625604,0.36532158,0.35154992
22.960075,0.2550931,0.36390677,0.36622646,0.3514489
22.970074,0.2552435,0.3638736,0.36544892,0.35121402
22.980074,0.25545484,0.36389503,0.3661199,0.35079092
22.990091,0.2549109,0.3632895,0.3657448,0.35052758
23.00008,0.25429624,0.36358532,0.36573002,0.35158294
23.010077,0.2548506,0.36294696,0.36588228,0.35110438
23.020077,0.2552008,0.36293638,0.36607528,0.3507474
23.030077,0.255081,0.3634038,0.3659387,0.3510231
23.040075,0.25520995,0.3631664,0.36620095,0.35123944
23.050076,0.2545911,0.3641157,0.36595622,0.35109758
23.060076,0.25471997,0.36335447,0.36726052,0.35107097
23.070072,0.25489837,0.36346397,0.36643058,0.3509522
23.080074,0.25481534,0.36294004,0.36616167,0.35106006
23.090092,0.25519884,0.36336783,0.36573574,0.3512143
23.100075,0.25462562,0.36314064,0.3655303,0.3512238
23.110077,0.25493538,0.3631556,0.36634308,0.35093412
23.120073,0.25492924,0.36277825,0.36593238,0.3513766
23.130075,0.25506094,0.3629151,0.36608273,0.35163033
23.140076,0.25528497,0.36337715,0.36559445,0.350475
23.150076,0.25420842,0.363235,0.36585152,0.35117838
23.160076,0.25460008,0.3632014,0.36626077,0.3510505
23.170076,0.25425065,0.36269608,0.3661813,0.35160115
23.180075,0.25511092,0.36298695,0.36554408,0.3508267
23.190071,0.25460225,0.3624968,0.36605632,0.35110363
23.200073,0.2551789,0.3617571,0.3664421,0.35058844
23.21008,0.25492665,0.36217338,0.3662158,0.3515803
23.220078,0.2544856,0.36233994,0.3656475,0.3511591
23.230076,0.2548063,0.36247915,0.3656675,0.35072032
23.240074,0.25437808,0.36293086,0.36575586,0.3504606
23.250084,0.2550705,0.3617618,0.36530817,0.35077086
23.260077,0.25515887,0.36329305,0.36531147,0.35144788
23.270079,0.2547115,0.36288446,0.3649941,0.35088205
23.280073,0.25533697,0.36273938,0.36613306,0.35092297
23.290077,0.25468254,0.36246252,0.36574748,0.35041174
23.300076,0.2547006,0.36323792,0.36617672,0.35081068
23.310072,0.25465077,0.3610603,0.36595058,0.35021308
23.320076,0.25458282,0.36259437,0.36603191,0.35083553
23.330074,0.25527436,0.3628629,0.3653229,0.3504288
23.340076,0.25505936,0.36272076,0.36565837,0.35081857
23.350073,0.25505584,0.36218083,0.36616856,0.35100806
23.360073,0.25442144,0.3629968,0.36588112,0.35131016
23.370077,0.2542082,0.36182582,0.36558568,0.3505307
23.380075,0.25489292,0.36293668,0.36581746,0.35079005
23.390072,0.25519207,0.3622503,0.3658104,0.35056892
23.400074,0.25444266,0.3617955,0.36618188,0.3504853
23.410074,0.25579342,0.3633594,0.3652398,0.35155085
23.420076,0.25507712,0.36269835,0.36519963,0.3503585
23.430075,0.25497982,0.36352214,0.36607656,0.3501128
23.440075,0.25512317,0.3621239,0.3656064,0.3508401
23.450075,0.2551744,0.36268318,0.36557937,0.3506274
23.460073,0.2536932,0.36255127,0.36568198,0.3505026
23.470074,0.2547142,0.36205643,0.36548162,0.3507352
23.480074,0.2545421,0.36236727,0.36535698,0.35036615
23.490072,0.25405407,0.36223933,0.36550328,0.349866
23.500092,0.2542574,0.36227182,0.36519492,0.35075268
23.510075,0.2546591,0.36184222,0.36547935,0.35053772
23.520075,0.25487027,0.361306,0.3649649,0.3511741
23.530077,0.25507423,0.36287063,0.36488584,0.35023835
23.540075,0.2551006,0.36264572,0.366628,0.3506913
23.550072,0.254773,0.3616898,0.36469933,0.3499287
23.560076,0.25516772,0.36208555,0.36571777,0.35095653
23.570076,0.2544808,0.36161268,0.36517322,0.3501471
23.580074,0.25476575,0.36217567,0.36567187,0.35046396
23.590075,0.2545984,0.3622624,0.36537534,0.34990764
23.600073,0.25373515,0.36117923,0.36488274,0.35039362
23.610073,0.2533947,0.3612744,0.36471292,0.34982598
23.620073,0.25393188,0.3605682,0.36520827,0.3502748
23.630075,0.2533924,0.3597515,0.3650457,0.3497623
23.640104,0.25220314,0.35970923,0.36451024,0.3505854
23.650085,0.25359985,0.35964972,0.36523595,0.3505358
23.660076,0.25360698,0.3589159,0.36512038,0.3503741
23.670074,0.25299615,0.3602096,0.36492205,0.350514
23.680075,0.2534542,0.36174402,0.36524576,0.35035136
23.690075,0.25525516,0.3618858,0.3655979,0.35035706
23.700163,0.25450405,0.36139497,0.36542723,0.35076904
23.710077,0.25565487,0.36204875,0.36558965,0.350362
23.720076,0.25520107,0.36108738,0.3651377,0.35070676
23.730074,0.2550175,0.36190954,0.36470884,0.35021237
23.740076,0.25494716,0.36064824,0.36554566,0.35071614
23.750086,0.25426516,0.362324,0.36497274,0.35091224
23.760077,0.25469884,0.36129197,0.36550122,0.35006115
23.770075,0.25540978,0.3616189,0.36546984,0.3505509
23.780077,0.2545046,0.3609816,0.3650756,0.3505464
23.790073,0.25422361,0.3610109,0.3650125,0.3505178
23.800077,0.2544447,0.3615666,0.3650571,0.34973493
23.810074,0.25494707,0.36180493,0.36524227,0.34988952
23.820076,0.2538281,0.3610292,0.36548036,0.35045987
23.830076,0.25472912,0.3614721,0.36543316,0.3500321
23.840073,0.2540969,0.36142159,0.3652549,0.34978238
23.850073,0.2542837,0.36134917,0.36551353,0.35029727
23.860075,0.2548575,0.36162445,0.36542872,0.34985694
23.870075,0.2542088,0.36105064,0.3659116,0.35043088
23.880074,0.2542171,0.3612156,0.36568522,0.35014823
23.890076,0.2545719,0.36069095,0.3651428,0.35049045
23.900074,0.25503418,0.36152825,0.36531836,0.3505886
23.910072,0.25499207,0.3611811,0.3657157,0.34969455
23.920074,0.2549282,0.36163247,0.3652802,0.3500405
23.930077,0.25490764,0.361174,0.36471614,0.34982777
23.940075,0.25480703,0.36146083,0.36512524,0.3504781
23.950075,0.25453946,0.360285,0.3648194,0.34989446
23.960073,0.25478324,0.3604782,0.36517274,0.35013616
23.970074,0.25360566,0.36032575,0.36483175,0.3493326
23.980074,0.2546801,0.36073273,0.36449865,0.35008708
23.990074,0.25400344,0.36094242,0.36464477,0.34986466
24.00008,0.2543053,0.36056876,0.36548138,0.3501248
24.010075,0.25489944,0.36161402,0.36493596,0.35051876
24.020077,0.2541099,0.36025107,0.36446533,0.35020906
24.030073,0.25479996,0.36055595,0.36505184,0.34941247
24.040075,0.2539114,0.3602673,0.36487338,0.35006928
24.050076,0.25434914,0.36065713,0.3648972,0.3494612
24.060076,0.25531954,0.36027247,0.3650927,0.3498352
24.070076,0.25560856,0.36115357,0.3658334,0.35030678
24.080072,0.25394621,0.3604101,0.36442563,0.35029584
24.090075,0.25496307,0.36081466,0.36597762,0.34996226
24.100073,0.25467962,0.3598072,0.36564612,0.35007086
24.110092,0.25466195,0.3607399,0.3650854,0.3504085
24.120075,0.25457916,0.35972342,0.36503094,0.34913734
24.130075,0.25528356,0.36012378,0.36473456,0.35010093
24.140078,0.25472343,0.35967574,0.36548293,0.3495717
24.150078,0.25405893,0.3612709,0.36475834,0.34957707
24.160072,0.25509167,0.36023855,0.36529958,0.34942192
24.170076,0.25432944,0.36059332,0.36529094,0.34996572
24.180073,0.25543094,0.360776,0.36516854,0.34920794
24.190077,0.25591454,0.36044773,0.36509064,0.34898013
24.200073,0.25477234,0.360716,0.36481294,0.349427
24.210094,0.2545132,0.36027655,0.36501858,0.34948534
24.220081,0.2544494,0.36026967,0.36540994,0.3502736
24.230099,0.25485438,0.3601557,0.36534333,0.34950483
24.240112,0.2514765,0.35739762,0.36452016,0.34904352
24.250097,0.2542363,0.35921836,0.36472207,0.34934345
24.26008,0.2527655,0.35674834,0.36477876,0.34996337
24.27008,0.25343445,0.35943034,0.36481228,0.3502779
24.280073,0.25360695,0.35987577,0.3644405,0.34972695
24.290077,0.25470132,0.36006236,0.36476406,0.34976017
24.300076,0.25426027,0.36030123,0.36488464,0.34967452
24.310099,0.25318205,0.35955024,0.36458674,0.34959096
24.320078,0.25467107,0.35982588,0.36554006,0.34940514
24.330076,0.25492087,0.36048117,0.36489314,0.3490911
24.340075,0.2544922,0.35977584,0.36470622,0.34958783
24.350073,0.2540101,0.35953707,0.36539072,0.34961435
24.360073,0.2543697,0.3599375,0.364838,0.34960654
24.370073,0.25483263,0.36039406,0.36527696,0.3498503
24.380075,0.2550869,0.36083373,0.36499217,0.3496225
24.390076,0.25497016,0.3598935,0.36467347,0.3501284
24.400074,0.2545604,0.35999626,0.3649343,0.34953386
24.410091,0.25451785,0.3605239,0.3654016,0.34924567
24.420076,0.25452593,0.35973275,0.3650821,0.34979603
24.430128,0.25203878,0.357186,0.3636349,0.34854338
24.440107,0.2521123,0.3577847,0.3639146,0.34941152
24.450104,0.24983157,0.35712978,0.36414257,0.3495093
24.460104,0.25101575,0.3551574,0.36381087,0.34923506
24.47011,0.24970052,0.35777143,0.36366323,0.3493357
24.480122,0.2532948,0.35817993,0.36407667,0.34920704
24.490093,0.25295284,0.35816967,0.36427057,0.34819683
24.500122,0.24998653,0.3581177,0.36480102,0.34920886
24.510141,0.24905272,0.35545698,0.36502203,0.34910983
24.520079,0.25087133,0.35628292,0.36423275,0.34936255
24.530073,0.2495758,0.35589245,0.36333632,0.34965456
24.540066,0.25111514,0.35648194,0.36436543,0.3497719
24.550064,0.25056562,0.35551262,0.36333674,0.348948
24.560062,0.25113663,0.35673428,0.36322448,0.34943646
24.570063,0.25078315,0.35529718,0.3637674,0.34963718
24.580063,0.24971402,0.35612163,0.36361486,0.34925345
24.590063,0.24966788,0.35576177,0.36335042,0.34874958
24.600061,0.25019553,0.35596472,0.36327416,0.34935406
24.610062,0.25097504,0.35548863,0.36409238,0.34885612
24.620064,0.25003552,0.35535535,0.3640273,0.3496931
24.630062,0.25056052,0.3548916,0.364347,0.34959695
24.640085,0.2503896,0.35490558,0.3633221,0.3495233
24.650074,0.2500955,0.35620454,0.36317432,0.3495441
24.660063,0.2508561,0.3557061,0.36346886,0.34902516
24.670063,0.2499733,0.35541052,0.36382964,0.34898126
24.680063,0.25062492,0.35590082,0.36373743,0.34888896
24.690063,0.25077522,0.35576954,0.36392403,0.34905252
24.700062,0.2502707,0.35533187,0.36413077,0.34971392
24.710062,0.25091347,0.3548746,0.36341292,0.34955516
24.720062,0.25030723,0.35540515,0.3637886,0.3489283
24.730062,0.24971972,0.35476673,0.36387157,0.34913924
24.740063,0.25090882,0.35459703,0.36386582,0.34920835
24.75007,0.25070146,0.35519734,0.36328176,0.34819207
24.760065,0.25112718,0.35483828,0.36321718,0.34865507
24.770063,0.24978606,0.35595453,0.3635666,0.3490347
24.780062,0.25112513,0.35530737,0.36319208,0.34891525
24.790062,0.24947827,0.3553812,0.36351514,0.34903878
24.800062,0.250919,0.35461187,0.3633156,0.34933496
24.810062,0.25073412,0.3556093,0.3628727,0.34897572
24.820063,0.25061634,0.35568735,0.36370024,0.3483873
24.830063,0.25013813,0.35539424,0.36435097,0.34869438
24.840061,0.25099528,0.3559427,0.364116,0.34874326
24.850061,0.25006744,0.35543036,0.3638525,0.3492585
24.860062,0.2516042,0.3557737,0.36363798,0.3493159
24.870066,0.24960707,0.3553015,0.36288723,0.3491788
24.880064,0.25018212,0.35583994,0.36389345,0.34805563
24.890062,0.2495882,0.35488695,0.3627493,0.34984428
24.90006,0.2502268,0.3547085,0.36251885,0.34921384
24.910059,0.25056103,0.35452825,0.3633682,0.3495443
24.920063,0.2505837,0.3552094,0.3636081,0.3489413
24.930063,0.25022045,0.35488126,0.36406797,0.34917703
24.940062,0.25065964,0.35550693,0.36350715,0.34873417
24.950062,0.25021645,0.35523027,0.3637983,0.34897587
24.960062,0.25055316,0.35563222,0.36383814,0.34837353
24.970062,0.25085688,0.35476917,0.36291814,0.34902343
24.98006,0.25098842,0.35418707,0.36363694,0.34932375
24.99006,0.25032467,0.3547854,0.3636427,0.34885493
25.000065,0.24992186,0.35491747,0.36424583,0.34723735
25.010063,0.25011238,0.35462466,0.36380938,0.34937486
25.020063,0.24967435,0.3547044,0.36346385,0.3488561
25.030062,0.25016183,0.35472602,0.3634923,0.348893
25.040062,0.24998286,0.35425016,0.36375844,0.34846374
25.050062,0.25042462,0.35456678,0.3632241,0.34899116
25.060062,0.25034457,0.3542834,0.36431125,0.3485789
25.070063,0.24986577,0.35400552,0.36323223,0.34846956
25.080061,0.2502308,0.3547584,0.36358026,0.34784934
25.090063,0.25000677,0.35391936,0.3636898,0.34857637
25.100061,0.2503878,0.35495633,0.3636328,0.3488102
25.110062,0.25004938,0.3547275,0.36319667,0.3485615
25.120062,0.25036535,0.35456,0.36403534,0.34882724
25.130062,0.2500293,0.35369864,0.3637217,0.34896076
25.140062,0.25006855,0.35437143,0.3642138,0.348825
25.15006,0.25038385,0.35424253,0.3636826,0.348159
25.160063,0.2504575,0.3544797,0.3638872,0.34851465
25.170063,0.25031304,0.35452914,0.36374718,0.34824318
25.180061,0.2509062,0.35461128,0.36414707,0.34875467
25.190062,0.25032508,0.35456842,0.36394113,0.3487521
25.200062,0.25039414,0.35449332,0.36433795,0.34822404
25.210062,0.2503605,0.35382828,0.3640941,0.3483922
25.220062,0.24946055,0.35370237,0.36378965,0.34737337
25.230066,0.24981031,0.3533006,0.3640472,0.34865165
25.240063,0.25018075,0.35353833,0.36427322,0.34808227
25.25007,0.24998602,0.35352266,0.3642763,0.34797576
25.260065,0.25112927,0.35344607,0.36369178,0.34844735
25.270061,0.25043774,0.35417157,0.3648527,0.34880754
25.280064,0.25021005,0.3534373,0.3639825,0.34935227
25.290062,0.25026366,0.3541962,0.36370972,0.34829092
25.300062,0.2509461,0.3536109,0.36413398,0.34884098
25.310062,0.2493305,0.3535576,0.3643396,0.34857035
25.320063,0.24997243,0.35387784,0.36385015,0.34850585
25.330063,0.25067326,0.35433945,0.3642803,0.3484787
25.340063,0.25002557,0.35357848,0.36424112,0.3479331
25.350061,0.24940488,0.35357565,0.36432305,0.34838104
25.360062,0.2500053,0.35417587,0.36390147,0.34856403
25.370062,0.25024176,0.3534682,0.36422095,0.34836414
25.380064,0.24983616,0.3535445,0.36424875,0.34845772
25.390062,0.2503319,0.35383308,0.36460754,0.34844336
25.400063,0.24918805,0.35288438,0.3643228,0.3478369
25.410063,0.25038117,0.35384288,0.36483684,0.3481912
25.420061,0.25022313,0.3538368,0.36418858,0.34884152
25.430063,0.2493658,0.3531138,0.36385736,0.34809366
25.440062,0.25089148,0.35391772,0.36438635,0.34803572
25.450062,0.2501545,0.35353425,0.3641366,0.34760222
25.460062,0.2505316,0.35395062,0.3641962,0.34807792
25.470062,0.24923748,0.35338488,0.36423326,0.3485973
25.480062,0.25045514,0.3546031,0.36430076,0.3483414
25.490063,0.24976559,0.35344648,0.3648083,0.34799537
25.500063,0.25033072,0.35343832,0.36530477,0.34900168
25.510063,0.25040326,0.35351184,0.3641067,0.3478391
25.520067,0.24895696,0.35263985,0.3641811,0.34835604
25.530064,0.24921179,0.35349885,0.36408567,0.3480714
25.540062,0.24964805,0.35358343,0.36429393,0.34804216
25.550062,0.2503165,0.3530089,0.36446548,0.3478914
25.560062,0.24997894,0.35364452,0.36468616,0.34808803
25.570063,0.25039905,0.3530557,0.36472648,0.34832194
25.580063,0.25030765,0.35340202,0.36452097,0.34789738
25.590063,0.25011024,0.3539785,0.36483514,0.34782144
25.600063,0.25071493,0.3532392,0.3650017,0.3481788
25.610062,0.25029272,0.35356578,0.36468202,0.34838727
25.620064,0.24982288,0.35361075,0.36451504,0.34777758
25.630062,0.25050163,0.35385984,0.36529386,0.34878477
25.640078,0.25038674,0.35306486,0.36523756,0.3480611
25.650072,0.25066477,0.35302836,0.36518657,0.34789994
25.660063,0.24914187,0.3533446,0.3645978,0.34843588
25.670063,0.2496435,0.3533829,0.36559922,0.34809855
25.680061,0.25041845,0.35342592,0.36491594,0.34809133
25.690063,0.25005427,0.35258758,0.36492988,0.3473158
25.700064,0.24981868,0.35292414,0.36546135,0.34770024
25.710062,0.24910986,0.35310113,0.36502168,0.3475918
25.720062,0.25023842,0.35215873,0.3645885,0.34772074
25.730062,0.25019345,0.3535525,0.36508447,0.34794462
25.740063,0.25012162,0.35351557,0.3654525,0.34791976
25.750088,0.24742751,0.35299295,0.36535114,0.34770837
25.760067,0.24931708,0.35273844,0.3654258,0.3478007
25.770061,0.24985787,0.35282755,0.3654356,0.34765553
25.780062,0.25063896,0.35304257,0.36527902,0.34812582
25.790064,0.24992238,0.3530632,0.36503127,0.34795386
25.800062,0.2500005,0.35257313,0.3652086,0.34793362
25.810062,0.24970435,0.35299394,0.36525768,0.3480187
25.820065,0.24964587,0.35278326,0.36573493,0.34780446
25.830061,0.24902306,0.3527993,0.3652713,0.34759638
25.840061,0.24990469,0.35294083,0.36484545,0.34788474
25.850063,0.24976273,0.35248476,0.36536208,0.34738806
25.860064,0.25024927,0.35249093,0.36497003,0.34728009
25.870064,0.24949415,0.3525269,0.36535683,0.3482451
25.880062,0.25002787,0.35258698,0.3651342,0.34785286
25.890062,0.24958521,0.3525813,0.3656081,0.3476454
25.900063,0.2500051,0.35255805,0.36566764,0.34745452
25.910063,0.25003493,0.35231286,0.36478004,0.3479025
25.920063,0.24944355,0.3517704,0.36543214,0.3472436
25.930063,0.25007433,0.3524904,0.36611316,0.3479319
25.940062,0.2500145,0.35244533,0.36551875,0.34745613
25.950062,0.25022176,0.35283276,0.36595923,0.34727713
25.960062,0.25091746,0.35211116,0.36588332,0.34797823
25.970062,0.24955872,0.35253406,0.36541945,0.34770218
25.980062,0.25014752,0.35239327,0.3653762,0.3466721
25.990063,0.24983428,0.35280198,0.36589813,0.34824803
26.000067,0.24975023,0.35174674,0.3660279,0.34799212
26.010063,0.2493891,0.35248232,0.36580384,0.34794155
26.020063,0.24952658,0.35230964,0.3656465,0.3481059
26.030064,0.24963173,0.35266033,0.3658023,0.34791893
26.040062,0.24999516,0.35177276,0.36614388,0.34750137
26.050062,0.25021994,0.35229787,0.3657559,0.3478377
26.060062,0.25029615,0.3521194,0.3663911,0.3477082
26.07006,0.24951704,0.35257542,0.36618814,0.34724674
26.080063,0.24990076,0.3523639,0.36599863,0.3480945
26.090063,0.25001517,0.3529111,0.36678454,0.34731188
26.100061,0.2501467,0.35229164,0.36533734,0.34812877
26.110062,0.24972147,0.35187966,0.36661845,0.34827927
26.120062,0.24985054,0.3527808,0.36665693,0.34731993
26.130062,0.24992117,0.35111937,0.3664061,0.34730056
26.140062,0.25011092,0.35185933,0.3661529,0.34762624
26.150066,0.24916625,0.35134462,0.36601257,0.3473233
26.160063,0.24922906,0.35188153,0.36695194,0.3478533
26.170063,0.24856856,0.351239,0.3669027,0.3477413
26.180061,0.249138,0.35160837,0.36660844,0.34761187
26.190062,0.2489867,0.35207385,0.36665255,0.34808317
26.200064,0.24972364,0.35149965,0.36688676,0.34669814
26.210064,0.2500884,0.3513535,0.36643,0.3474965
26.220062,0.24962613,0.3513398,0.3662062,0.3479949
26.230062,0.25012472,0.35128745,0.3667513,0.3476655
26.24006,0.249462,0.35101706,0.3664205,0.3478996
26.250069,0.2501708,0.35171354,0.36670476,0.3474151
26.260065,0.24995676,0.35103118,0.3669415,0.3480702
26.270061,0.24985288,0.3525956,0.36637306,0.34767234
26.280062,0.24971989,0.35179922,0.36668205,0.34686986
26.290062,0.24919735,0.35157156,0.36657345,0.34762195
26.300062,0.24940087,0.35199744,0.3667802,0.3473774
26.310062,0.24873106,0.35107186,0.3668001,0.34726363
26.320063,0.24863154,0.35126463,0.3665813,0.3472403
26.330061,0.24902359,0.3510475,0.36695793,0.34697673
26.340061,0.24987526,0.3517244,0.36765617,0.34735778
26.350061,0.24923728,0.3513214,0.36688054,0.3476477
26.360062,0.24982662,0.35192332,0.36797744,0.3466132
26.370064,0.24912506,0.34989342,0.36656046,0.3468951
26.380062,0.24818185,0.35111398,0.36626554,0.34712133
26.390062,0.24939874,0.35100618,0.36693352,0.34761688
26.400063,0.248868,0.3510105,0.3672238,0.34694114
26.41006,0.24891694,0.35041338,0.36705714,0.3467388
26.420063,0.24898183,0.35069984,0.36695626,0.34721163
26.430063,0.24891157,0.35048684,0.36709955,0.3470932
26.440063,0.24913195,0.35116962,0.36680627,0.3477675
26.450062,0.24883069,0.35106942,0.36714584,0.34736133
26.460062,0.24971505,0.35132,0.36687467,0.34730405
26.470127,0.24981093,0.35177782,0.36725253,0.34768012
26.480064,0.24955545,0.35167927,0.36792108,0.34691402
26.490063,0.2503688,0.3519804,0.367797,0.34722805
26.500063,0.24987283,0.3508124,0.36775032,0.34688136
26.510063,0.24936996,0.3518788,0.3679827,0.34683317
26.520063,0.24945612,0.3511316,0.36842746,0.34732062
26.530062,0.25021103,0.35140708,0.3677866,0.3465651
26.540062,0.24971199,0.35217148,0.368054,0.34787875
26.550062,0.24924706,0.35195276,0.36768824,0.34717664
26.560062,0.24938913,0.3516609,0.3675261,0.34722063
26.570063,0.25000596,0.35096946,0.36845514,0.3476558
26.580061,0.24897376,0.35076398,0.36844313,0.3468525
26.590063,0.24996585,0.35190824,0.36811173,0.34786543
26.600061,0.24925365,0.35101044,0.36770308,0.34769532
26.610062,0.24926125,0.3510459,0.36876026,0.3478144
26.620062,0.24941252,0.34978256,0.3681372,0.34725595
26.630062,0.2490455,0.35083562,0.36811677,0.3468879
26.640076,0.24957447,0.3509611,0.36806872,0.34661514
26.65007,0.24876405,0.35060644,0.36823598,0.34750688
26.660063,0.24997212,0.35071996,0.36833596,0.34724128
26.670063,0.2497671,0.3505574,0.36820528,0.34721112
26.680063,0.25035137,0.35041985,0.36855045,0.34714794
26.690063,0.24911706,0.35135165,0.3686149,0.3472235
26.700062,0.24933182,0.35088155,0.36818582,0.34695232
26.710062,0.2498606,0.35066676,0.36841658,0.34739017
26.720062,0.25039092,0.35072383,0.3691473,0.3472581
26.730062,0.24936913,0.35059676,0.36925268,0.34668687
26.740063,0.24978796,0.35158548,0.36878747,0.34745932
26.750088,0.24728943,0.35064813,0.36886162,0.3471322
26.760067,0.24945712,0.35031462,0.36908826,0.3475365
26.770061,0.24976622,0.3506879,0.36801225,0.34710783
26.780064,0.24931037,0.35082635,0.3690236,0.3470887
26.790062,0.2498434,0.35139516,0.36864188,0.34755665
26.800062,0.24914725,0.34999496,0.36858502,0.34785593
26.810062,0.25011632,0.3502293,0.36897582,0.347031
26.820063,0.24818784,0.34989753,0.36933106,0.34680092
26.830063,0.24959247,0.3506221,0.36934745,0.34717947
26.840063,0.25001708,0.35081944,0.36854553,0.3477621
26.850063,0.2501316,0.35070154,0.36905318,0.34694886
26.860062,0.24956341,0.35051572,0.3685666,0.3470684
26.870062,0.24944013,0.35044286,0.36921003,0.34747067
26.880062,0.24917738,0.3499204,0.3694718,0.34715843
26.890062,0.25062126,0.35106605,0.36944488,0.3467483
26.900063,0.24942261,0.35050544,0.36933175,0.34709194
26.910063,0.24905333,0.35082367,0.3693896,0.34751248
26.920061,0.24916513,0.35046852,0.37000245,0.34684774
26.930063,0.24967098,0.34988686,0.36977136,0.34683347
26.940062,0.2501024,0.35046065,0.3697325,0.34751576
26.950064,0.24937443,0.35001895,0.3694796,0.34677702
26.960062,0.2491036,0.35006496,0.36991516,0.3465182
26.970062,0.2492941,0.3494227,0.36986506,0.3470136
26.980062,0.24895276,0.35045356,0.3695905,0.34766003
26.990063,0.24909449,0.35038015,0.36928412,0.34717736
27.000069,0.24858257,0.34917247,0.36975464,0.34756237
27.010063,0.24968435,0.3494827,0.37045267,0.34748185
27.020063,0.24936321,0.35007733,0.36961785,0.346394
27.030064,0.24838492,0.34978437,0.36974412,0.34672233
27.04006,0.25019267,0.35055152,0.36996794,0.34712246
27.050062,0.24818236,0.34991166,0.37002084,0.34702668
27.060062,0.24913554,0.35066748,0.37047693,0.347238
27.070063,0.24892408,0.3496446,0.37039393,0.34703523
27.080061,0.24882789,0.3495992,0.37078053,0.3466257
27.090063,0.25005984,0.35051087,0.37018257,0.3469669
27.100061,0.24868502,0.34878314,0.3703369,0.3471027
27.110062,0.24896288,0.3499586,0.3701812,0.34737742
27.120064,0.24952663,0.34926972,0.37119967,0.34662953
27.130062,0.2488703,0.34886533,0.37067658,0.34650135
27.140062,0.24944386,0.34998584,0.37023523,0.3468623
27.150063,0.24878997,0.34999081,0.3707905,0.34661028
27.16006,0.24889103,0.34955838,0.37074456,0.34736982
27.170061,0.24991056,0.34943274,0.3708136,0.34709096
27.180061,0.24956073,0.34915888,0.3711429,0.34707186
27.190062,0.2502079,0.35032704,0.37085494,0.34693557
27.200064,0.24875863,0.3499284,0.3707463,0.34737766
27.210062,0.24937285,0.34973294,0.37091723,0.3470781
27.220064,0.24944852,0.35004097,0.37084338,0.3464078
27.230062,0.24862885,0.34955147,0.37071222,0.3470572
27.240063,0.24987808,0.34954083,0.3707535,0.34671023
27.250069,0.24924706,0.34903342,0.3710435,0.34627372
27.260065,0.24911824,0.3500215,0.3713966,0.34691796
27.270061,0.24952424,0.349442,0.37115163,0.34621102
27.280062,0.24958391,0.34935486,0.37176213,0.3466477
27.290062,0.25002307,0.34933496,0.3715251,0.3470515
27.300062,0.24938096,0.34973112,0.37124828,0.3468675
27.310062,0.24830626,0.34998372,0.37098396,0.3469553
27.320063,0.24929087,0.34964064,0.37150413,0.34677586
27.330063,0.24873735,0.34911203,0.37129778,0.3472602
27.340063,0.24956368,0.34997055,0.3722244,0.34680665
27.35006,0.24921058,0.34923825,0.37203118,0.34689295
27.360064,0.24960518,0.34925777,0.37199947,0.34785253
27.370062,0.24970055,0.34969616,0.3723598,0.3467567
27.380062,0.24926859,0.34932196,0.37187284,0.34586576
27.390062,0.24918766,0.34953874,0.37103578,0.3463275
27.40006,0.2492978,0.34920648,0.37141114,0.3461389
27.410063,0.2489744,0.34863257,0.3721393,0.34649435
27.420063,0.24832498,0.34885716,0.37199682,0.3470254
27.430063,0.24862875,0.34872258,0.37214515,0.34687173
27.440063,0.24944836,0.34906384,0.37192124,0.34670886
27.450062,0.24942076,0.34896123,0.3716603,0.34631303
27.460062,0.24924386,0.3491404,0.3717971,0.34697634
27.470062,0.24909416,0.3492213,0.3725492,0.3467664
27.480062,0.24961616,0.34892586,0.37205058,0.34685266
27.490063,0.24914123,0.34904736,0.37205458,0.3469737
27.500063,0.2497187,0.34869015,0.3719833,0.34639564
27.510061,0.24945854,0.34915397,0.37266868,0.34675768
27.520061,0.24900517,0.34877077,0.37225798,0.3467409
27.530067,0.24890444,0.34885553,0.3724266,0.34646195
27.540064,0.24909095,0.34869298,0.37273833,0.34692806
27.550062,0.24888028,0.348845,0.3722137,0.3473616
27.560064,0.24865384,0.34819433,0.37267545,0.3468361
27.570063,0.24842761,0.34855387,0.37231377,0.34645045
27.580061,0.24897438,0.34898245,0.37257728,0.3465228
27.590061,0.24976653,0.34808287,0.3725226,0.34651327
27.600063,0.25000888,0.34877834,0.37257725,0.34677562
27.610062,0.24986212,0.34878093,0.37398404,0.3463759
27.620062,0.2490484,0.3488633,0.37351495,0.34593552
27.630062,0.24935941,0.3485285,0.3726471,0.34640613
27.640078,0.24911872,0.34849027,0.3735499,0.3472538
27.65007,0.24876793,0.34879792,0.37231353,0.34679618
27.660065,0.2487737,0.3483774,0.37340015,0.34700465
27.670063,0.24982956,0.34896147,0.37334898,0.34714615
27.680063,0.25001,0.34875897,0.37324953,0.34740373
27.690063,0.24925081,0.3492548,0.373427,0.3465014
27.700119,0.24867319,0.34905455,0.37367454,0.34711397
27.710064,0.24896176,0.34828877,0.37419719,0.3458969
27.720062,0.24952574,0.34901917,0.37331215,0.34685248
27.730062,0.24947341,0.3484919,0.37365016,0.34698743
27.740063,0.24959052,0.34845215,0.3741612,0.34637555
27.750095,0.24793708,0.34842333,0.37344855,0.34669337
27.760067,0.24882615,0.34782034,0.37413082,0.34624246
27.770063,0.24899551,0.34861654,0.3737357,0.3466559
27.780062,0.24902971,0.3483296,0.3737804,0.34695914
27.790062,0.24936152,0.34837803,0.37474066,0.34654418
27.800062,0.24887665,0.34772542,0.3743483,0.3464529
27.810062,0.24945822,0.34879068,0.37431008,0.34687856
27.820065,0.24924937,0.34825328,0.3742488,0.34634492
27.830063,0.24953085,0.3484566,0.3744553,0.34647647
27.840061,0.24833405,0.34799543,0.3737595,0.34580502
27.850063,0.2493855,0.3487251,0.3754848,0.34639442
27.860064,0.24795337,0.34847218,0.3742326,0.3457654
27.870062,0.24888669,0.34822813,0.37450436,0.34612194
27.880062,0.2495396,0.34841484,0.37437737,0.34620976
27.890062,0.24948277,0.3479546,0.37507123,0.3464979
27.900063,0.24936849,0.3476856,0.37536597,0.3465648
27.910063,0.2490655,0.34773424,0.37454525,0.34660038
27.920063,0.24878666,0.34804606,0.37519735,0.34731826
27.930061,0.2486929,0.3482866,0.37435,0.34633213
27.940062,0.24895006,0.3488611,0.37593126,0.34557447
27.95006,0.24850552,0.34804505,0.3752481,0.3470588
27.960062,0.24886307,0.3478466,0.3753662,0.34654027
27.970062,0.24882866,0.34750733,0.37551332,0.34634942
27.980062,0.25003985,0.3473209,0.3752826,0.3461935
27.990063,0.24941774,0.34839493,0.3756751,0.34626627
28.000067,0.24937505,0.3476827,0.37522274,0.34626475
28.010063,0.24824989,0.34817827,0.37601426,0.34581977
28.020063,0.24905849,0.34715986,0.37588713,0.34654236
28.030064,0.24961935,0.34738415,0.37595388,0.34571552
28.040062,0.24892518,0.34804174,0.37607735,0.34694558
28.050062,0.24899206,0.34751981,0.37629545,0.34628484
28.060062,0.24922451,0.3474017,0.37651795,0.3460713
28.07006,0.2489625,0.34817424,0.37602717,0.34671122
28.080063,0.24891207,0.34762648,0.3764985,0.34646472
28.090063,0.24921948,0.34789625,0.3767235,0.34628302
28.100061,0.24838686,0.34670988,0.37611166,0.34613904
28.110064,0.24962148,0.34828407,0.3764085,0.34705228
28.120062,0.24819374,0.3478332,0.37696722,0.34624764
28.130062,0.24885301,0.34759215,0.37619495,0.34704953
28.140062,0.24542059,0.34798008,0.37655523,0.34657896
28.150064,0.24878041,0.34842217,0.3773563,0.34586543
28.160063,0.2491583,0.34776232,0.3780018,0.34544048
28.170063,0.24785861,0.34774137,0.37816054,0.34641063
28.180063,0.2492224,0.34672016,0.37704912,0.34635127
28.190062,0.248568,0.34725493,0.3777765,0.34613436
28.200064,0.2487175,0.34700593,0.37679318,0.34603736
28.210062,0.24930033,0.34686738,0.37774852,0.34666747
28.220062,0.24905847,0.3463022,0.3779568,0.34614128
28.230062,0.24831991,0.34712663,0.37774962,0.34673992
28.240065,0.24915826,0.34697682,0.37831324,0.3459606
28.250084,0.24350424,0.34743008,0.37811968,0.34591615
28.260067,0.24887988,0.34797102,0.3780351,0.346212
28.270063,0.24830551,0.3473253,0.37830892,0.34578228
28.280062,0.24873824,0.34748358,0.3784535,0.34666955
28.290062,0.24900883,0.34723818,0.3790818,0.34654397
28.300062,0.24856175,0.34766915,0.37858626,0.34619233
28.310062,0.24793503,0.3464832,0.37885198,0.346538
28.320063,0.24903074,0.34755245,0.3789394,0.3464879
28.330061,0.24870156,0.34664565,0.37930524,0.34595558
28.340061,0.2484377,0.34783795,0.3789723,0.34664705
28.350061,0.24788734,0.3471385,0.37945086,0.34657943
28.360064,0.24910282,0.3472785,0.3797409,0.3465843
28.370062,0.2490432,0.34696102,0.37951475,0.34681702
28.380062,0.24897036,0.34728017,0.37969387,0.34617546
28.390062,0.24983841,0.3471407,0.37998366,0.3463597
28.400063,0.24903138,0.3473441,0.38016018,0.34661648
28.41006,0.24906649,0.34834304,0.37962458,0.34636688
28.420063,0.24940902,0.34721592,0.3801227,0.34661064
28.430063,0.24859202,0.34752318,0.3805537,0.3471529
28.440063,0.2484836,0.34640595,0.38064963,0.34624347
28.450062,0.24919471,0.3472454,0.38082144,0.3461207
28.460062,0.24849243,0.34761298,0.38093477,0.34628296
28.470062,0.24944426,0.34792405,0.3806257,0.34670028
28.480062,0.24956837,0.34643114,0.381141,0.34621215
28.49006,0.24892767,0.3470691,0.380798,0.34666306
28.500063,0.24871224,0.346644,0.3816225,0.34663153
28.510063,0.24866089,0.34738502,0.38120455,0.3462857
28.520063,0.2483717,0.3471237,0.38163435,0.34651768
28.530062,0.24823624,0.34682935,0.38135964,0.34634477
28.540062,0.24951921,0.34733722,0.38231567,0.34682173
28.550062,0.24851012,0.3464941,0.3817748,0.34619063
28.560062,0.248877,0.34673938,0.3822131,0.34673
28.570063,0.24846531,0.34700978,0.38222486,0.3461947
28.580061,0.24840355,0.3473415,0.38217628,0.34669235
28.590063,0.24891712,0.34647897,0.3821434,0.34647122
28.600061,0.24843995,0.3472699,0.38250372,0.3464611
28.610062,0.24829365,0.34660658,0.38228887,0.34581634
28.620064,0.24928655,0.34727296,0.38357475,0.34688762
28.630062,0.2481112,0.34654945,0.38247362,0.34655958
28.640072,0.24839252,0.34646156,0.3825927,0.34669057
28.650078,0.24806611,0.34676647,0.3828512,0.34609798
28.660067,0.24868278,0.34653568,0.3837167,0.34639233
28.670063,0.24862352,0.3465256,0.38344324,0.34638724
28.680061,0.24831426,0.3465044,0.38440672,0.34600267
28.690063,0.2488452,0.34600282,0.3831559,0.34647122
28.700062,0.24807963,0.34437078,0.38280675,0.34518737
28.710085,0.2485078,0.34686095,0.383716,0.34595788
28.720068,0.24862398,0.34611398,0.3841083,0.34627235
28.730064,0.24838634,0.3466224,0.38413304,0.34665367
28.740063,0.24881625,0.34673604,0.38478,0.3459013
28.75009,0.24296483,0.34731248,0.38494155,0.3468002
28.760069,0.24798784,0.34644935,0.38452694,0.346605
28.770061,0.24895947,0.34606582,0.385474,0.34623435
28.780062,0.24906702,0.3465191,0.38400373,0.34596416
28.790062,0.24913077,0.34698975,0.3850694,0.3470198
28.800062,0.24885732,0.3458941,0.38510084,0.34661183
28.810062,0.2479969,0.34612787,0.3856193,0.34670717
28.820063,0.24826986,0.34620538,0.38611475,0.34595284
28.830061,0.24869396,0.34608087,0.38509363,0.3461695
28.840063,0.24870983,0.3464121,0.38607022,0.34640938
28.850061,0.2487367,0.34685087,0.38661453,0.3465582
28.860064,0.24902806,0.34686565,0.38707617,0.34594598
28.870064,0.24826275,0.34567764,0.38628483,0.34643212
28.880062,0.2493111,0.3470303,0.38634422,0.3462516
28.890062,0.24868673,0.34622058,0.38638192,0.34551024
28.90006,0.24846466,0.3466901,0.3876382,0.3457733
28.910063,0.24896312,0.34521678,0.38754642,0.34622884
28.920063,0.24863407,0.34659946,0.387187,0.3464397
28.930063,0.24811791,0.34574097,0.38747144,0.34613127
28.940063,0.2493923,0.34643063,0.38797292,0.34682
28.950062,0.24892527,0.3461594,0.3875543,0.34649307
28.960062,0.24799392,0.34623486,0.38790897,0.34620845
28.97006,0.24860938,0.34659147,0.3886452,0.34571415
28.980062,0.24878944,0.34558618,0.3889748,0.3461965
28.990063,0.24824765,0.34573317,0.3879685,0.34633183
29.000065,0.24821748,0.3451331,0.38826638,0.34623206
29.010063,0.2483773,0.3451608,0.38882586,0.3461841
29.020061,0.2482732,0.34541598,0.38873523,0.34664518
29.030064,0.248365,0.3465511,0.38937896,0.3468126
29.040062,0.24845546,0.34578326,0.38899282,0.34599197
29.050064,0.24874842,0.34629226,0.39010668,0.34644565
29.060062,0.24877866,0.3458663,0.38980722,0.3466605
29.070063,0.24977686,0.34639445,0.39053413,0.34649995
29.080063,0.24827856,0.3452271,0.3899976,0.34633297
29.090061,0.24853168,0.34593186,0.39046293,0.34597147
29.100063,0.24904484,0.3453627,0.3907068,0.3466105
29.110064,0.2484558,0.3460404,0.3895885,0.34675068
29.120062,0.24824722,0.34451714,0.39058092,0.34609994
29.130062,0.24860008,0.34521735,0.39069098,0.3460627
29.140062,0.24726085,0.34456903,0.39031866,0.3461513
29.150063,0.24702877,0.3442694,0.39047107,0.34602776
29.160063,0.24735692,0.3444026,0.39062852,0.3461522
29.170061,0.24701917,0.34543496,0.39131773,0.34624076
29.180061,0.24732824,0.34484652,0.39157426,0.34590843
29.190063,0.24732192,0.3442059,0.39103597,0.34614637
29.200062,0.24792324,0.344587,0.39200452,0.3462428
29.210064,0.24732365,0.34461802,0.39211994,0.34560725
29.220064,0.24875718,0.3469082,0.39238417,0.3463549
29.230062,0.2482292,0.3451436,0.3928023,0.34665897
29.240063,0.24847378,0.34571284,0.39325458,0.34665003
29.25007,0.24804014,0.34088138,0.39239842,0.3465002
29.260069,0.24929667,0.3461742,0.39329937,0.34694755
29.270061,0.24892287,0.34522197,0.39349297,0.3469822
29.280062,0.24875249,0.34543347,0.3933977,0.3462532
29.290064,0.24838011,0.3452378,0.39371273,0.3459466
29.300062,0.24824911,0.34552634,0.39375508,0.34659243
29.310062,0.24675775,0.3459629,0.3942787,0.34625235
29.320065,0.24796133,0.34614778,0.39445883,0.34667978
29.330063,0.24977909,0.34552082,0.39436683,0.34603822
29.340063,0.2481615,0.34501955,0.39485866,0.34628844
29.350063,0.24854061,0.34506297,0.3951059,0.34615245
29.360062,0.24902742,0.34588596,0.39525387,0.34627762
29.370064,0.24849358,0.34564823,0.395031,0.3462353
29.380062,0.24818383,0.3458578,0.3954037,0.34665728
29.390062,0.24848516,0.34549123,0.39577067,0.3466966
29.400063,0.24799651,0.3450371,0.39557737,0.3461131
29.410063,0.24797568,0.34494027,0.39580402,0.34628898
29.420063,0.24865472,0.34577498,0.39658386,0.34666106
29.430061,0.24840054,0.34508935,0.3962107,0.34706074
29.440062,0.24800618,0.34523746,0.3968814,0.3463535
29.450062,0.24732853,0.34505263,0.39651832,0.34693068
29.460062,0.2476154,0.3452115,0.39619458,0.34658268
29.470062,0.24801317,0.3459768,0.3969963,0.34666923
29.480062,0.24847935,0.34472263,0.3969546,0.3460155
29.490063,0.24782887,0.34496608,0.39728647,0.34670958
29.500063,0.24823958,0.34451172,0.39759865,0.3469758
29.510096,0.24778804,0.34388798,0.39759332,0.34628212
29.520079,0.2527413,0.34868038,0.39900875,0.34682313
29.530073,0.25167584,0.3478235,0.39899606,0.34664983
29.540075,0.25212845,0.34806806,0.3998047,0.34655735
29.550074,0.2520104,0.347743,0.39990473,0.34723872
29.560076,0.25213265,0.34820917,0.39922062,0.34693426
29.570074,0.25238806,0.34822822,0.40034306,0.3457908
29.580074,0.25166115,0.3489712,0.4002454,0.34648627
29.590075,0.2524148,0.3488436,0.3997802,0.34666765
29.600073,0.25205314,0.34850317,0.40092662,0.34689125
29.610092,0.25269654,0.34833568,0.40047947,0.346545
29.620075,0.25321347,0.3490273,0.40097505,0.34581488
29.630075,0.25240907,0.348205,0.40117306,0.34604636
29.640106,0.25168857,0.34734032,0.40144384,0.3467714
29.650084,0.25274742,0.34901297,0.4012184,0.34651932
29.660076,0.25232,0.34851274,0.4018706,0.3472426
29.670074,0.25235632,0.34957433,0.40240237,0.34705564
29.680075,0.2523616,0.34772912,0.40203574,0.3461727
29.690075,0.25280234,0.3481621,0.40232292,0.34616643
29.700075,0.25190377,0.3486202,0.4022771,0.34630987
29.710094,0.2527307,0.34851062,0.40348098,0.34699118
29.720074,0.25237554,0.34874496,0.4030851,0.3466249
29.730076,0.25199297,0.34816542,0.40357807,0.34674442
29.740074,0.25131175,0.34811658,0.40311402,0.34640935
29.750093,0.25160524,0.34749958,0.40421063,0.34698498
29.760086,0.2523289,0.3478277,0.403801,0.34664664
29.770075,0.251462,0.34796625,0.40343437,0.34686866
29.780075,0.25180897,0.34787405,0.40365836,0.3471595
29.79007,0.2521085,0.34748393,0.40426022,0.34664705
29.800076,0.25175458,0.34792882,0.404657,0.34648356
29.810095,0.25117788,0.3470955,0.40476558,0.34640622
29.820074,0.25268877,0.3477488,0.4053857,0.34735778
29.830076,0.25142908,0.34755087,0.4046876,0.34655827
29.840075,0.25208983,0.34808803,0.40536553,0.34670237
29.850075,0.25250953,0.34735408,0.4051203,0.3471752
29.860075,0.25217196,0.34822395,0.40585175,0.3475172
29.870075,0.25212052,0.34799165,0.40603516,0.34718075
29.880075,0.25235242,0.34822118,0.40681922,0.34710544
29.890072,0.2523756,0.34799528,0.4060932,0.3469497
29.900074,0.25205982,0.34779522,0.40633354,0.34712517
29.910091,0.25190294,0.3479982,0.40620014,0.3465258
29.920076,0.25219753,0.34830147,0.4069174,0.34684053
29.930075,0.25186634,0.34772873,0.407083,0.34716126
29.940073,0.25216225,0.34810415,0.40741754,0.34701252
29.950075,0.2523633,0.34729984,0.40739802,0.34690318
29.960073,0.2520313,0.34727025,0.40731007,0.34746623
29.970076,0.25288355,0.34784886,0.40790573,0.34706485
29.980074,0.25276256,0.34685177,0.40765592,0.34682173
29.990074,0.25250834,0.34767854,0.40876594,0.34776357
30.00008,0.2523593,0.34737325,0.40792456,0.34706017
30.010096,0.25259358,0.34744322,0.40847662,0.34736535
30.020077,0.25196993,0.3477915,0.40875903,0.3467693
30.030077,0.25254864,0.34807086,0.40864456,0.34707424
30.040075,0.2516873,0.34693545,0.4089415,0.34701398
30.050076,0.25172672,0.34724748,0.40966794,0.3474386
30.060074,0.25262776,0.347369,0.41026753,0.3472968
30.070074,0.25235927,0.34807798,0.40937257,0.34736988
30.080074,0.25177085,0.34708682,0.40905768,0.34691575
30.090075,0.25222614,0.3466697,0.41010997,0.34704682
30.100077,0.25193858,0.347974,0.4106315,0.34766692
30.11009,0.25207403,0.34678125,0.41047454,0.3471731
30.120075,0.25243518,0.34714875,0.4111367,0.34768504
30.130072,0.25126123,0.34754956,0.4110798,0.34780225
30.140074,0.2520786,0.34616974,0.41182217,0.34750187
30.15008,0.25157943,0.34716937,0.4116788,0.3473932
30.160076,0.25214386,0.34735692,0.4112974,0.34771332
30.170076,0.25220183,0.34669286,0.4121833,0.3474296
30.180073,0.25165915,0.34739813,0.41219983,0.34726924
30.190075,0.25146914,0.34726274,0.4119527,0.34756583
30.200073,0.2520151,0.34745046,0.41232157,0.3473394
30.210098,0.25109813,0.34572247,0.41133195,0.34722975
30.220076,0.25172144,0.3473387,0.4123276,0.3476244
30.230076,0.25152108,0.3469008,0.41247618,0.3479286
30.240076,0.25118685,0.3468935,0.41289577,0.3471388
30.250086,0.25128025,0.3470511,0.41342172,0.3477022
30.260082,0.25162783,0.34654367,0.4139648,0.3479235
30.270077,0.2520119,0.3462077,0.41334134,0.34862906
30.280073,0.25141412,0.34645972,0.41345173,0.34792802
30.290075,0.25185362,0.34693584,0.4141264,0.34807804
30.300072,0.2514797,0.3467655,0.41377503,0.34857517
30.310074,0.2515975,0.34635288,0.4148175,0.34787366
30.320074,0.2518797,0.3469315,0.41478202,0.34825155
30.330076,0.2517226,0.3466801,0.4149083,0.34815368
30.340075,0.25165275,0.34613585,0.41559544,0.34771863
30.350075,0.25216872,0.34626356,0.41487232,0.34801388
30.360073,0.25113592,0.3466811,0.41540894,0.3483508
30.370073,0.2519957,0.34704188,0.41547477,0.34795904
30.380074,0.2517918,0.34698105,0.41548705,0.3480211
30.390076,0.2515944,0.34609768,0.41564712,0.3481409
30.400074,0.2522738,0.3469757,0.4161747,0.34878024
30.410074,0.25265318,0.3457368,0.41604447,0.3474879
30.420074,0.2519413,0.34653172,0.4170881,0.34817523
30.430075,0.2525911,0.3469289,0.41717196,0.3490569
30.440073,0.25234437,0.34694627,0.41660717,0.3483173
30.450075,0.2517415,0.34671772,0.41780785,0.34863725
30.460075,0.25188237,0.34701058,0.4170029,0.34916687
30.470076,0.25168404,0.34643224,0.41733357,0.34864783
30.480074,0.25182897,0.346154,0.41777402,0.34889713
30.490074,0.25163236,0.34642133,0.41743347,0.34850603
30.500074,0.25193468,0.3469858,0.4178122,0.34848958
30.510077,0.25152898,0.3467614,0.41774395,0.34894812
30.520075,0.25230443,0.34677634,0.41811162,0.34837654
30.530075,0.25195408,0.3462622,0.41807067,0.34886482
30.540073,0.25211272,0.3465916,0.4189571,0.34857076
30.550074,0.25191572,0.34715623,0.41890994,0.3499918
30.560072,0.2517287,0.34577465,0.4188315,0.34919056
30.570076,0.2513524,0.34651542,0.41908684,0.34941277
30.580074,0.25124258,0.34621352,0.4195915,0.3493031
30.590075,0.25153932,0.34617928,0.41970798,0.34865728
30.600075,0.25196403,0.3457706,0.41984117,0.3488416
30.610073,0.2512923,0.3471185,0.42056364,0.3492241
30.620077,0.25128135,0.3457725,0.4204555,0.34890303
30.630075,0.25149012,0.34603626,0.42126158,0.3494635
30.640104,0.24981463,0.3459689,0.42071992,0.3487494
30.650085,0.2520801,0.3463047,0.42079982,0.3489836
30.660076,0.25154337,0.34587476,0.42063993,0.34910348
30.670076,0.25177437,0.34586602,0.42104015,0.34936824
30.680075,0.25161436,0.34591812,0.4211569,0.34906623
30.690075,0.25125325,0.3459932,0.42159498,0.34925014
30.700075,0.25168642,0.34530595,0.42137194,0.34907869
30.710073,0.25063974,0.34661713,0.42173728,0.34885097
30.720074,0.25072148,0.34569925,0.42166245,0.34977058
30.730076,0.251377,0.34590018,0.4215315,0.34975997
30.740076,0.25091285,0.34531745,0.421777,0.34869722
30.750086,0.25166157,0.34625047,0.42262402,0.3496403
30.760082,0.25143942,0.34606236,0.42247772,0.35010007
30.770077,0.25106224,0.34487367,0.42226642,0.34997365
30.780073,0.25134158,0.34589037,0.42317197,0.3500683
30.790075,0.25047255,0.3454945,0.4230748,0.34980395
30.800076,0.25257167,0.34630707,0.42298496,0.35032195
30.810076,0.25201526,0.34589925,0.42349792,0.34999993
30.820072,0.25176615,0.34643322,0.42400506,0.35113043
30.830072,0.25127003,0.3459414,0.42366862,0.35022062
30.840076,0.25214717,0.34692913,0.42370063,0.35058355
30.850075,0.25163782,0.3456787,0.42433313,0.35056627
30.860073,0.2523723,0.34631422,0.4247081,0.35057393
30.870075,0.25151044,0.34600306,0.42417887,0.350184
30.880074,0.251218,0.3457723,0.42479137,0.349848
30.890074,0.2520452,0.3454703,0.42485225,0.349938
30.900076,0.2514982,0.34628087,0.42522302,0.35043958
30.910074,0.25208965,0.34569705,0.42450437,0.35039788
30.920076,0.2514442,0.34604996,0.42497483,0.35010085
30.930075,0.25155157,0.34628242,0.42569625,0.35037723
30.940073,0.25134307,0.3455923,0.4254119,0.351049
30.950073,0.25148046,0.34633544,0.42561913,0.35111225
30.960075,0.2517957,0.3458431,0.425482,0.35059687
30.970076,0.2518504,0.3459489,0.4258746,0.3505551
30.980074,0.25152546,0.34507376,0.42655897,0.35077736
30.990074,0.25189817,0.34605822,0.42637095,0.35094947
31.000076,0.2518012,0.34513336,0.4245151,0.350356
31.010075,0.2510525,0.34548286,0.4276056,0.35097963
31.020077,0.2513396,0.34546846,0.42795008,0.34909564
31.030077,0.25129077,0.3443228,0.4270446,0.350156
31.040075,0.2512044,0.3454081,0.42706665,0.35133952
31.050076,0.25100747,0.34487575,0.42721123,0.35068962
31.060076,0.25107747,0.3451321,0.42735064,0.35064167
31.070074,0.2518206,0.34514,0.4281522,0.35194328
31.080076,0.2514105,0.34568694,0.42737058,0.35108632
31.090075,0.2515814,0.34537274,0.42804205,0.3514096
31.100075,0.2519684,0.3449343,0.42792884,0.35119742
31.110077,0.25167757,0.34534436,0.42835262,0.35084683
31.120073,0.25198635,0.34615675,0.42813122,0.3516559
31.130075,0.25161964,0.3450014,0.42833513,0.351817
31.140076,0.2515397,0.3452441,0.4288135,0.35143563
31.150074,0.25155777,0.3453855,0.42906746,0.3510663
31.160074,0.25130847,0.34516877,0.42910782,0.35128716
31.170074,0.25201693,0.34513518,0.42926514,0.35109183
31.180075,0.2513884,0.34460583,0.428853,0.35162634
31.190071,0.251409,0.34489,0.42922947,0.35163108
31.200075,0.25187957,0.34486246,0.42921248,0.35155916
31.210077,0.2500105,0.34546232,0.42912355,0.35096255
31.220093,0.2516091,0.34539562,0.43031323,0.35144535
31.230076,0.25083974,0.3450142,0.4300077,0.351277
31.240072,0.251317,0.34491155,0.43004906,0.35145697
31.250086,0.24994986,0.34522954,0.43099374,0.35181445
31.260084,0.2508462,0.3445098,0.43010482,0.35233286
31.270077,0.25143397,0.3449825,0.43092963,0.3520976
31.280075,0.25194368,0.3450892,0.43058994,0.35184866
31.290075,0.25162274,0.3450847,0.43055394,0.35125184
31.300076,0.251544,0.3455396,0.43082762,0.35190704
31.310074,0.25120455,0.34409106,0.43132487,0.3517605
31.320095,0.250762,0.34497073,0.430861,0.35192993
31.330074,0.25127625,0.34459043,0.43174818,0.35254964
31.340075,0.25213203,0.34492123,0.4311367,0.35140276
31.350075,0.25115785,0.34467885,0.43196815,0.35209507
31.360073,0.25172478,0.34495527,0.4317398,0.35205215
31.370075,0.2518991,0.34476915,0.43207607,0.35223287
31.380074,0.25160503,0.3450985,0.43198982,0.35229194
31.390072,0.25051922,0.34456924,0.43193337,0.3523393
31.400076,0.25196362,0.3447626,0.43285972,0.35175
31.410074,0.25111294,0.3451242,0.43236297,0.35251266
31.420092,0.25105795,0.34504238,0.43304172,0.3524258
31.430073,0.25168824,0.34400162,0.43267012,0.35209438
31.440073,0.2508881,0.34471813,0.43278363,0.35279956
31.450075,0.25137118,0.3449751,0.4331847,0.3524786
31.460075,0.2514165,0.34472904,0.43325603,0.35234076
31.470076,0.2510214,0.34460127,0.4333182,0.35248008
31.480072,0.25157732,0.34425548,0.43294638,0.35249984
31.490072,0.2512727,0.3445336,0.43335488,0.35210603
31.500072,0.25084803,0.34466887,0.43384248,0.3529157
31.510077,0.25076067,0.34459537,0.43389824,0.3529706
31.52009,0.25118124,0.3440032,0.43364704,0.35219818
31.530079,0.25092313,0.3441025,0.43370438,0.3523955
31.540075,0.2510578,0.34458196,0.43367952,0.35257167
31.550074,0.25098905,0.3451053,0.4344387,0.3526658
31.560076,0.251163,0.34495568,0.43439895,0.3526034
31.570076,0.25074595,0.34424213,0.43395385,0.35280752
31.580074,0.25166494,0.3442459,0.43443465,0.35256386
31.590075,0.25167817,0.34410262,0.4344823,0.35301286
31.600073,0.25127694,0.34379244,0.43539205,0.35253137
31.610077,0.25235963,0.34379512,0.4348161,0.35295457
31.620083,0.25134528,0.34480762,0.43432724,0.3526888
31.630075,0.25144893,0.3444428,0.43597868,0.35234815
31.64025,0.24974568,0.3450767,0.4352134,0.35249108
31.650091,0.25072938,0.34373417,0.43557188,0.35315782
31.660078,0.25082815,0.3439601,0.43563676,0.35335422
31.670074,0.25123876,0.34450048,0.43540135,0.35338032
31.680077,0.2513909,0.3439802,0.43554422,0.3530655
31.690075,0.25121284,0.34409943,0.4365334,0.3535472
31.700075,0.25140047,0.3447847,0.4355708,0.35300002
31.710075,0.25120106,0.34388998,0.43431634,0.3530962
31.720074,0.25175062,0.34460315,0.43679765,0.35336673
31.730078,0.25105017,0.34379113,0.4377012,0.35270554
31.740076,0.25167695,0.34459335,0.43622154,0.35401142
31.750101,0.24955331,0.34474033,0.43605798,0.35451317
31.760092,0.25128102,0.3429468,0.43655992,0.35269865
31.770079,0.25143525,0.34394044,0.4364157,0.35363686
31.780077,0.25046158,0.34447777,0.43667603,0.35373718
31.790075,0.25058922,0.3434901,0.4362886,0.35366765
31.800072,0.25115594,0.3442709,0.436555,0.35312176
31.810076,0.25051633,0.34309855,0.4369842,0.3537727
31.820076,0.2500712,0.3434602,0.43689698,0.3535291
31.830076,0.25046363,0.34325516,0.43718696,0.35329315
31.840075,0.2513635,0.34341213,0.4371797,0.35304794
31.850077,0.25172514,0.3442639,0.43771026,0.3530993
31.860071,0.25107193,0.34324318,0.43741986,0.3530741
31.870075,0.2513394,0.3434107,0.43782005,0.35343853
31.880075,0.25089478,0.34374225,0.4374666,0.35324755
31.890074,0.25115806,0.34439236,0.43814838,0.35401723
31.900076,0.25156316,0.3433892,0.43811256,0.35310006
31.910072,0.24993333,0.3429428,0.43771917,0.35312295
31.920078,0.2501615,0.34259143,0.43828234,0.3529918
31.930075,0.25031906,0.3424829,0.43833894,0.35333553
31.940075,0.24970931,0.34245482,0.43781728,0.35282677
31.950075,0.24991621,0.34266105,0.4378846,0.35408148
31.960073,0.25047985,0.34229347,0.43804437,0.35343772
31.970076,0.2495085,0.34221017,0.43862772,0.3533322
31.980074,0.2498181,0.3427972,0.4381446,0.35420173
31.990076,0.25063992,0.34390065,0.4391748,0.35349378
32.00008,0.25091788,0.3438752,0.438981,0.3533395
32.010075,0.25098065,0.34327292,0.43926907,0.35362852
32.020077,0.251815,0.34395716,0.4391078,0.3536712
32.030075,0.25124884,0.34390208,0.43910092,0.35373324
32.040077,0.25102678,0.3435001,0.4393166,0.35325006
32.050076,0.25102484,0.34346503,0.43952876,0.3535549
32.060074,0.25115463,0.34382457,0.43998283,0.35380155
32.070076,0.25096762,0.34357858,0.44010234,0.35409516
32.080074,0.25103256,0.34413132,0.4403546,0.35437146
32.090076,0.2505956,0.34373215,0.4395724,0.353907
32.100075,0.25133032,0.344031,0.44033647,0.35427815
32.110077,0.25128102,0.34280398,0.44007504,0.3532423
32.120075,0.25084618,0.3429424,0.43954396,0.35418084
32.130077,0.25087267,0.34341365,0.43956056,0.35332775
32.140076,0.2511384,0.3431225,0.43974248,0.35352817
32.150074,0.25106993,0.34373268,0.43973953,0.3538635
32.16008,0.25100014,0.3431021,0.43968955,0.35408852
32.170074,0.25086862,0.34431097,0.4413729,0.35427186
32.180077,0.2503356,0.34375596,0.43938234,0.3537575
32.190075,0.25056645,0.34375918,0.44172615,0.3539141
32.200073,0.25100642,0.34352347,0.43972945,0.35404447
32.210075,0.24937135,0.3426127,0.44192362,0.353629
32.22008,0.25051934,0.34248832,0.4410206,0.35369736
32.230076,0.25092623,0.34298214,0.44281092,0.353795
32.240074,0.2510953,0.34219903,0.4404359,0.35429707
32.250633,0.24953155,0.3429589,0.44009733,0.3549049
32.260094,0.25009784,0.34306183,0.4410217,0.35418218
32.27008,0.25118756,0.34266058,0.44104546,0.35491168
32.280075,0.24963622,0.34259927,0.44140777,0.35392073
32.290077,0.25038913,0.34315193,0.4415212,0.35378593
32.30007,0.25158894,0.34293196,0.440955,0.35431954
32.310078,0.24999365,0.34283602,0.44101867,0.353502
32.320076,0.25108007,0.34282583,0.4418765,0.3534636
32.3301,0.2500685,0.34344497,0.44119057,0.35394856
32.340076,0.25122213,0.3430242,0.44255197,0.354106
32.350075,0.25130016,0.34340277,0.4408647,0.35423136
32.360073,0.25129685,0.34298804,0.44241634,0.35383242
32.370075,0.25028276,0.34290403,0.44158375,0.35420147
32.380074,0.2506148,0.34407628,0.44198224,0.35452646
32.390076,0.25009912,0.3430767,0.44264266,0.3541481
32.400074,0.2516459,0.34298474,0.4421405,0.3539831
32.410076,0.25027227,0.3426081,0.44120228,0.35402974
32.420074,0.25018826,0.34315377,0.44199863,0.3543973
32.43009,0.25098407,0.34340852,0.441308,0.3544579
32.440075,0.2510352,0.3428174,0.44155678,0.35315606
32.450073,0.25125462,0.34355542,0.44211462,0.35433343
32.460075,0.25067326,0.3422801,0.4419183,0.3547717
32.470074,0.25126517,0.34297103,0.44167316,0.3547099
32.480072,0.250448,0.34260413,0.44241366,0.3541894
32.490074,0.25069314,0.3426374,0.44217438,0.3549785
32.500076,0.25129285,0.34310386,0.44264814,0.35443497
32.510075,0.24999444,0.34265918,0.4427047,0.35481435
32.520077,0.25059137,0.3429235,0.44194257,0.35418615
32.53009,0.25160834,0.34317395,0.44219598,0.35348386
32.540073,0.2504093,0.34279913,0.4428132,0.35399106
32.550076,0.25187653,0.34329543,0.44312623,0.35442805
32.560074,0.2504089,0.3427508,0.44272745,0.354684
32.570076,0.25086987,0.34280738,0.4426777,0.35451466
32.580074,0.24960235,0.34282425,0.44230622,0.35446447
32.590073,0.2502996,0.3421728,0.44269118,0.35462326
32.600075,0.25126907,0.3426434,0.44273978,0.35406741
32.610073,0.2506502,0.34118947,0.44238192,0.35478285
32.62008,0.25088486,0.3416511,0.44323355,0.35423142
32.630093,0.2512772,0.34216443,0.4423395,0.35441494
32.64026,0.249281,0.34275183,0.4426275,0.35473132
32.650093,0.2510528,0.34173357,0.44289118,0.35468444
32.66008,0.25061086,0.3429393,0.44348055,0.35523194
32.670074,0.25069094,0.34247646,0.44330218,0.35404456
32.680077,0.2509051,0.34235808,0.44355136,0.35437545
32.69008,0.2503168,0.3416642,0.44341645,0.3543959
32.70018,0.2512932,0.34237215,0.44326875,0.35428068
32.710075,0.25030762,0.342014,0.44301602,0.35435304
32.72007,0.25049534,0.34219235,0.44409168,0.35459462
32.730072,0.25060672,0.3422684,0.4431968,0.35431144
32.740074,0.2501356,0.3412637,0.44288236,0.35437238
32.75078,0.24890941,0.34210348,0.44330478,0.35474676
32.760094,0.25027263,0.34202176,0.44390592,0.35480255
32.77008,0.25082964,0.34212053,0.44318452,0.35445747
32.780075,0.25080454,0.34103933,0.44341537,0.35413924
32.790077,0.25073355,0.34205014,0.44368672,0.35432824
32.80007,0.25135002,0.34172782,0.44377142,0.35391438
32.810078,0.25150973,0.34205538,0.44416496,0.35447147
32.820076,0.25027284,0.34252393,0.44351023,0.35519248
32.83008,0.2508035,0.34295815,0.44369423,0.35479265
32.840076,0.25118616,0.34190515,0.443971,0.3547766
32.850075,0.25092638,0.34238398,0.44408876,0.35491693
32.86007,0.25034395,0.34213266,0.44375816,0.35453075
32.870075,0.25061074,0.3415916,0.44402242,0.35506898
32.880074,0.2504498,0.3423356,0.443843,0.35391968
32.890076,0.25002912,0.34140292,0.444442,0.35489094
32.900074,0.2515619,0.34164777,0.44354722,0.35463852
32.91008,0.24998058,0.3412877,0.4436072,0.35409904
32.92008,0.250569,0.34185055,0.44418365,0.35387465
32.930077,0.24955463,0.34086138,0.44380698,0.35482067
32.94007,0.2501236,0.34223643,0.44450542,0.35456088
32.950073,0.2505772,0.34178776,0.44375694,0.35464516
32.960075,0.2515755,0.3423826,0.44460565,0.3551402
32.970074,0.25109458,0.3421589,0.44428772,0.35467228
32.980076,0.24974088,0.34217596,0.44454995,0.35499606
32.990074,0.25056005,0.34198782,0.44436988,0.35454363
33.00008,0.2506384,0.34227186,0.44429663,0.35501525
33.010075,0.24976143,0.3413064,0.444043,0.35471615
33.020073,0.25019747,0.3417284,0.44395626,0.354284
33.030075,0.2507273,0.34102395,0.44457394,0.35433507
33.040096,0.25025994,0.3415736,0.44490266,0.35445964
33.05008,0.25098085,0.3410758,0.44456112,0.35467452
33.060074,0.25021976,0.34124246,0.44487253,0.3548723
33.070076,0.25028834,0.34166884,0.44517487,0.35439488
33.080074,0.25017217,0.34121108,0.44556218,0.35428867
33.090073,0.25054663,0.34239817,0.44371164,0.35550866
33.100075,0.2503986,0.34074098,0.44602606,0.3546472
33.110077,0.25058895,0.34141818,0.4457229,0.35576525
33.120075,0.24997766,0.34143117,0.4459904,0.35396045
33.130077,0.25062206,0.34144074,0.4433915,0.3546037
33.14007,0.24999025,0.34062314,0.44365162,0.35497048
33.150078,0.2512431,0.3407482,0.44639206,0.35353035
33.160076,0.25055954,0.3422673,0.44473112,0.35420185
33.170074,0.25005922,0.3431189,0.44437647,0.3547734
33.180073,0.25020903,0.3425321,0.4450283,0.35525542
33.190075,0.24980561,0.34234923,0.44490397,0.35302064
33.200077,0.2507332,0.34205666,0.44543532,0.35331714
33.21007,0.24986963,0.3427769,0.44500694,0.35575518
33.220078,0.24980493,0.34190878,0.44570333,0.35434583
33.230076,0.2514523,0.34209856,0.44539148,0.35497877
33.240078,0.25009865,0.3419652,0.44508827,0.3546204
33.25132,0.24904194,0.34078833,0.4448983,0.35579744
33.260094,0.25044507,0.34148303,0.44568595,0.3544747
33.27008,0.2505113,0.34110007,0.44429132,0.35437936
33.280075,0.25084674,0.34160256,0.44609588,0.35464227
33.290077,0.25011292,0.34054822,0.44521248,0.3545562
33.30007,0.25060883,0.34081176,0.445307,0.35508016
33.310078,0.2501583,0.340778,0.4453711,0.35510308
33.320076,0.25089368,0.3407475,0.44502127,0.3547091
33.330074,0.24987452,0.34091836,0.44604978,0.35536125
33.340076,0.25025582,0.34111494,0.44496807,0.35464746
33.350075,0.24973871,0.3403583,0.44542938,0.35414484
33.360077,0.24958391,0.34076083,0.44551948,0.3539653
33.370075,0.25028998,0.34145272,0.44554657,0.35438883
33.380074,0.25094864,0.3408244,0.4455164,0.3543469
33.390076,0.24966264,0.34056422,0.44595602,0.35479093
33.400074,0.25079027,0.34104896,0.44530183,0.35486874
33.410076,0.24989538,0.34094056,0.445812,0.35491678
33.42008,0.25086722,0.34025833,0.44539633,0.35434616
33.430077,0.250346,0.3412995,0.44595715,0.35452598
33.440075,0.2501805,0.34104142,0.4455799,0.35436082
33.450073,0.2509395,0.34125748,0.44607356,0.35437953
33.460075,0.25020117,0.3410541,0.44532156,0.35500062
33.470078,0.25061744,0.3410786,0.44619516,0.35495892
33.480072,0.24955353,0.3407386,0.44533852,0.35429633
33.490074,0.2503812,0.34086868,0.44674122,0.354921
33.500072,0.25001284,0.3403346,0.44628987,0.35460505
33.51008,0.25049928,0.34091115,0.44593725,0.35477582
33.520077,0.25010645,0.34090126,0.44605818,0.3545356
33.530075,0.25026622,0.3406221,0.4459103,0.3550368
33.540073,0.25013757,0.3407045,0.44599378,0.35456416
33.550076,0.24985567,0.34069103,0.4457738,0.35519627
33.560074,0.25014693,0.34074697,0.44589,0.3544393
33.570072,0.25037605,0.340909,0.44657585,0.35449713
33.580074,0.25016227,0.34130177,0.4458625,0.35496643
33.590076,0.24965517,0.3405041,0.44623646,0.35459256
33.600075,0.25081363,0.34132078,0.44601363,0.3546851
33.610077,0.24970502,0.34028846,0.44639406,0.35463542
33.62007,0.2510772,0.34152752,0.4469189,0.35493013
33.630074,0.25000057,0.3410862,0.44544104,0.35466048
33.640255,0.24904685,0.3413036,0.44505557,0.35462412
33.650097,0.24952212,0.34069756,0.4453835,0.3544045
33.66008,0.25054002,0.33997756,0.4475933,0.35486332
33.670074,0.24985601,0.34022868,0.4462707,0.3551836
33.680077,0.25058648,0.3411749,0.44749004,0.35465664
33.690075,0.2502294,0.3404039,0.44850194,0.3554715
33.700077,0.24984393,0.34082708,0.4466415,0.35415584
33.710075,0.25008684,0.33947584,0.44672355,0.3557477
33.720074,0.24984306,0.3395644,0.44611207,0.35626847
33.730076,0.25059524,0.34160367,0.44709095,0.35486194
33.740074,0.25031656,0.3403005,0.44697076,0.3546106
33.750076,0.25081885,0.3411426,0.44713798,0.3549464
33.7601,0.25024068,0.34035975,0.4463718,0.35533032
33.77008,0.25002602,0.34002912,0.4470633,0.35478187
33.780075,0.25007272,0.34034586,0.4467461,0.3544076
33.790073,0.25049284,0.34076768,0.44656226,0.35451224
33.800076,0.24981175,0.34060007,0.44623852,0.35507762
33.810074,0.24966094,0.33980995,0.44724947,0.35519785
33.820076,0.24967538,0.33988467,0.4466586,0.354864
33.83008,0.24995227,0.3396508,0.44776198,0.35507014
33.840073,0.2503193,0.33985308,0.44727102,0.35495427
33.850075,0.25016093,0.33979565,0.44803712,0.3546108
33.860077,0.25018337,0.33978224,0.44768152,0.353892
33.870075,0.2496435,0.3403321,0.4445136,0.35574135
33.880074,0.25022972,0.34065026,0.44581205,0.35558894
33.890076,0.25008523,0.3411552,0.4455438,0.3543937
33.900074,0.25015926,0.34015068,0.4457684,0.35520557
33.910072,0.24918199,0.33895782,0.44666857,0.35502312
33.92008,0.24978594,0.34127724,0.44665664,0.35679606
33.930077,0.250106,0.3416467,0.4473725,0.35391808
33.940075,0.2502728,0.3402406,0.44686392,0.3533291
33.950073,0.24966444,0.33890468,0.4473529,0.35583442
33.960075,0.2511601,0.34161413,0.44764018,0.3561854
33.970078,0.2503172,0.3392884,0.4472108,0.35552222
33.980076,0.2501799,0.3394031,0.4477527,0.35465086
33.990074,0.24958065,0.33972794,0.44690582,0.3549814
34.00008,0.2508335,0.33969104,0.4472064,0.3552781
34.01008,0.25043774,0.33891797,0.44753462,0.35498118
34.020077,0.25021762,0.3399328,0.4473234,0.35512024
34.030075,0.24985562,0.3413172,0.4475035,0.35518292
34.040077,0.24999134,0.34002328,0.44738084,0.3549073
34.0501,0.2508287,0.340562,0.44744858,0.35482278
34.060074,0.24957547,0.33969447,0.44747093,0.3548162
34.070076,0.24951808,0.34062678,0.4475574,0.35497534
34.080074,0.25028956,0.3402298,0.44774967,0.35489464
34.090073,0.24975657,0.34031892,0.4474852,0.35541537
34.100075,0.2499661,0.34019032,0.44743627,0.35460252
34.110077,0.25024614,0.34050736,0.44782275,0.35519674
34.120075,0.24919176,0.34024897,0.44717947,0.35442513
34.130074,0.24947599,0.34000456,0.44770625,0.35479367
34.140076,0.25031102,0.33914453,0.44756246,0.35465944
34.150074,0.25014335,0.3393967,0.44783673,0.3550259
34.160076,0.24914935,0.33902735,0.44802222,0.35474864
34.170074,0.24958287,0.3399204,0.4476282,0.35443687
34.180073,0.25021493,0.3399032,0.4478038,0.3553665
34.190075,0.24959165,0.3396304,0.44803888,0.35475266
34.200073,0.25053704,0.33972758,0.44824544,0.35506245
34.210075,0.24941564,0.33938417,0.44804764,0.3540885
34.22008,0.2496886,0.34023407,0.44775197,0.3550396
34.230076,0.25017673,0.33970943,0.447419,0.35428926
34.240078,0.24992608,0.33995882,0.44791326,0.3548998
34.250072,0.24982338,0.33937243,0.4479667,0.35479525
34.2601,0.2500749,0.33945152,0.44816092,0.35501298
34.27008,0.24927084,0.3384979,0.4481997,0.35484472
34.280075,0.25009057,0.34002912,0.4480174,0.3552027
34.29008,0.24984951,0.33902046,0.44836208,0.35523042
34.30007,0.24900727,0.33949983,0.44779828,0.3553755
34.310074,0.24810998,0.33949172,0.44795176,0.35465682
34.320072,0.24877432,0.3392688,0.44797304,0.35501978
34.33008,0.24985074,0.33944538,0.44824514,0.3545285
34.340076,0.25017214,0.33870628,0.44769946,0.35497743
34.350075,0.25006327,0.33914778,0.44778228,0.35491294
34.360073,0.24940246,0.3390437,0.4472245,0.35498402
34.37007,0.24959034,0.33975714,0.44791666,0.35524404
34.380074,0.24954356,0.33914432,0.44846413,0.35463706
34.390076,0.2501411,0.33971626,0.44843957,0.3543658
34.400074,0.24930385,0.33932552,0.44835964,0.3549152
34.410076,0.25113025,0.33979008,0.44935948,0.35490915
34.420074,0.25085753,0.33932683,0.44761384,0.3553833
34.430077,0.25011143,0.33973524,0.44937563,0.35546342
34.440075,0.25014126,0.33921918,0.4487165,0.35452527
34.450073,0.25022683,0.33887443,0.44883934,0.35488528
34.460075,0.24992819,0.3398391,0.44824505,0.35509002
34.470074,0.250104,0.33948708,0.44856498,0.35485277
34.480076,0.2501229,0.34022722,0.44842196,0.35446483
34.490074,0.2501241,0.33910793,0.4481382,0.35521784
34.500072,0.24963368,0.33941287,0.44842187,0.35474786
34.510075,0.24985741,0.33984244,0.4478037,0.35484704
34.520077,0.25101963,0.33889472,0.44834006,0.35483858
34.530075,0.24973612,0.3391389,0.4486296,0.35483447
34.540073,0.25025964,0.33914608,0.44870606,0.35524082
34.550076,0.24920507,0.33855873,0.44891068,0.35435638
34.560074,0.25015664,0.33864617,0.44918552,0.3552156
34.570076,0.2493574,0.3387547,0.44871223,0.35469872
34.580074,0.25034994,0.33919197,0.44929144,0.35500598
34.590076,0.24957007,0.33913285,0.44898432,0.35452518
34.600075,0.24971417,0.33909777,0.44945136,0.3550117
34.610073,0.24950707,0.3387549,0.44885185,0.3548037
34.620075,0.24962182,0.33880606,0.44949177,0.35512143
34.630077,0.2495658,0.339071,0.44945976,0.3550563
34.64025,0.24891481,0.33885118,0.44864348,0.3554506
34.650093,0.24950953,0.33819717,0.44887874,0.35492304
34.66008,0.24931914,0.33834872,0.44882667,0.3552114
34.67008,0.24867323,0.3378457,0.44835123,0.3548951
34.68007,0.24901035,0.33800352,0.44856298,0.3548294
34.690075,0.24885494,0.33753702,0.44931445,0.3541895
34.700077,0.24796778,0.33783495,0.44897893,0.35473156
34.710114,0.24797814,0.3380349,0.44843405,0.355108
34.72008,0.24833323,0.3370697,0.44835192,0.35463613
34.730072,0.24794205,0.33845493,0.44886592,0.35436016
34.740078,0.24826917,0.33783597,0.4486469,0.35469988
34.750072,0.24924043,0.33777145,0.44888732,0.3547659
34.7601,0.24996686,0.33876112,0.44912425,0.35453227
34.77008,0.2499546,0.33923194,0.44920975,0.3547041
34.780075,0.24977267,0.33915135,0.44969025,0.35454196
34.790077,0.24965571,0.3380849,0.44829276,0.354963
34.800076,0.24919477,0.33871385,0.44929937,0.35441372
34.810074,0.24989147,0.3382222,0.44841877,0.35520914
34.820076,0.249585,0.33847943,0.44969243,0.35452434
34.830074,0.24985288,0.33907253,0.44920936,0.35478923
34.840076,0.2494724,0.33855143,0.44905677,0.3549391
34.850075,0.25018084,0.33899143,0.44913265,0.35448274
34.860077,0.2495041,0.33904102,0.44907475,0.35495278
34.870075,0.24946405,0.33868548,0.44928935,0.3553586
34.880074,0.25063086,0.33974466,0.44933283,0.35518244
34.890076,0.24937397,0.33927256,0.44947135,0.3553554
34.900074,0.2505622,0.3388684,0.44987702,0.3549091
34.910072,0.24940069,0.3384969,0.44903073,0.3551214
34.920074,0.24985917,0.3389903,0.449545,0.35498396
34.930077,0.2502772,0.33918995,0.44965085,0.3551787
34.940075,0.24979196,0.33887956,0.4496877,0.35517022
34.950073,0.24949478,0.3384087,0.4493873,0.3546798
34.96009,0.25023672,0.3381223,0.4498721,0.3545682
34.970078,0.2497975,0.33936375,0.45026225,0.35532206
34.980076,0.25036034,0.33872104,0.44999987,0.3558069
34.990074,0.24970105,0.33852568,0.4496115,0.35525215
35.00008,0.24905774,0.33823666,0.4494452,0.3549343
35.010075,0.24861841,0.33853725,0.44963923,0.35462925
35.020077,0.24856512,0.3378371,0.4496746,0.35494632
35.03008,0.25013822,0.3393375,0.44879752,0.35491344
35.040077,0.24947116,0.33807084,0.4495708,0.35441026
35.050076,0.2500223,0.33863813,0.4492514,0.35532948
35.060093,0.24940409,0.3382896,0.4496106,0.35479638
35.070076,0.25002506,0.33828798,0.44815296,0.3549801
35.080074,0.24980472,0.33812097,0.44983602,0.3552709
35.090076,0.24986672,0.338384,0.44958773,0.35559064
35.100075,0.24911645,0.33832622,0.44964355,0.35552207
35.110077,0.2490181,0.3382722,0.4493292,0.35523406
35.12007,0.2494112,0.33825794,0.44975457,0.35491607
35.130077,0.24975748,0.33889836,0.44945574,0.3546617
35.140076,0.24954225,0.3375207,0.44914556,0.35520226
35.150078,0.2489572,0.33827177,0.4489841,0.35511526
35.16009,0.24905038,0.33840334,0.44946507,0.35463303
35.170074,0.24944209,0.3382564,0.44918665,0.3557659
35.180073,0.25034863,0.33900258,0.44978672,0.35493183
35.19007,0.24905391,0.33794948,0.44961354,0.35465682
35.200077,0.24945053,0.33827642,0.4495081,0.35589877
35.210075,0.24948873,0.3380903,0.44978142,0.3548377
35.220074,0.25096595,0.33802238,0.449059,0.35511103
35.23008,0.24974112,0.33777374,0.44887412,0.35524353
35.240074,0.24956487,0.338369,0.44924226,0.35498223
35.250076,0.24940568,0.33894753,0.4490775,0.35522175
35.260124,0.24865565,0.33831415,0.44958052,0.35530654
35.27008,0.24900942,0.33783966,0.4490154,0.35507125
35.280075,0.25036773,0.33813837,0.44967255,0.35499826
35.290073,0.24931186,0.3375036,0.44892552,0.35531437
35.300076,0.24943611,0.33702472,0.4491041,0.3551719
35.310078,0.24888289,0.33738932,0.4488275,0.35544083
35.320076,0.24907358,0.3378085,0.44909906,0.35500947
35.33008,0.24969122,0.33781826,0.4493482,0.35574806
35.340073,0.2495113,0.33713454,0.44944283,0.35507503
35.350075,0.2499893,0.33832538,0.44931972,0.35507715
35.360092,0.24962302,0.337511,0.44900343,0.35565937
35.370075,0.2503398,0.33805284,0.449076,0.3557082
35.380077,0.25010085,0.33902112,0.44917148,0.35554296
35.390076,0.24913703,0.3378687,0.44933173,0.35526782
35.400074,0.2486718,0.33771116,0.4492626,0.35564786
35.410072,0.24922101,0.3380381,0.44947755,0.35555056
35.42008,0.24900259,0.33802804,0.44936076,0.3551051
35.430077,0.24934573,0.33796835,0.44912034,0.35594568
35.440075,0.2488332,0.33759528,0.4498575,0.3554394
35.450077,0.24995989,0.3370781,0.449373,0.3560067
35.46007,0.2490991,0.33728907,0.44891477,0.3553725
35.470074,0.24929658,0.33761308,0.4493516,0.35547337
35.480076,0.24964923,0.3371307,0.44909292,0.35535076
35.490074,0.24965788,0.3371556,0.44875968,0.35573706
35.500072,0.24893814,0.3381756,0.44961363,0.355703
35.510075,0.24889277,0.3370567,0.4496813,0.35604557
35.520077,0.24886814,0.3373733,0.4493465,0.35643172
35.53007,0.24931784,0.33771122,0.44905517,0.3554196
35.540077,0.24895912,0.3378278,0.44984567,0.35590142
35.550076,0.24944031,0.3375376,0.44960064,0.3556016
35.560074,0.2495786,0.33734262,0.4493969,0.35505968
35.57009,0.24874894,0.3375521,0.449637,0.35575196
35.580074,0.24997932,0.339007,0.44905582,0.35589975
35.590076,0.24847706,0.33675146,0.44866917,0.35533983
35.60008,0.24480495,0.33770213,0.44918486,0.35564855
35.61008,0.2485085,0.3363874,0.44964933,0.35572046
35.62008,0.24954659,0.33802414,0.44947505,0.35537007
35.630074,0.2501914,0.33741513,0.44922954,0.35556704
35.64025,0.24772125,0.33700976,0.44873938,0.35555154
35.650093,0.24908952,0.33723465,0.44853944,0.35570338
35.66008,0.2488081,0.33759916,0.4488986,0.35560387
35.6701,0.24951471,0.33784646,0.44930497,0.3564287
35.680077,0.24900664,0.3375673,0.44905394,0.35631582
35.690075,0.24973828,0.33728814,0.44952056,0.35639262
35.700073,0.24959853,0.3368813,0.4494441,0.35649237
35.710075,0.24885708,0.33725423,0.44913292,0.3559419
35.720074,0.24918066,0.33784738,0.44924203,0.35596627
35.730076,0.2494246,0.3379216,0.44888282,0.3558808
35.740074,0.2488189,0.33703914,0.4490092,0.35583654
35.750076,0.24935335,0.3370817,0.4489906,0.35638055
35.7601,0.24858275,0.33730853,0.4488056,0.3554635
35.770103,0.24946502,0.33618906,0.44913846,0.35647133
35.780075,0.24880624,0.3372962,0.44869208,0.3559621
35.790077,0.24915066,0.3376692,0.4491289,0.35541892
35.800076,0.2485402,0.33755305,0.44877365,0.35595626
35.810078,0.24934612,0.33703482,0.44894406,0.35634968
35.820076,0.24869661,0.3376277,0.44899037,0.35648862
35.830074,0.24896891,0.33661884,0.4495469,0.35610014
35.84007,0.24927528,0.33732238,0.44942474,0.3565062
35.850075,0.24885006,0.33684933,0.4486455,0.35589063
35.860077,0.24981368,0.33647472,0.4490403,0.35656595
35.870075,0.24884039,0.3370707,0.44920823,0.35595837
35.880074,0.24926049,0.33690467,0.44908956,0.3568033
35.89007,0.24874662,0.33671647,0.4485312,0.3557436
35.900078,0.24942996,0.33697495,0.44905457,0.3558542
35.910076,0.24821682,0.33699477,0.44843695,0.35585132
35.920074,0.24914269,0.3369736,0.4494677,0.3558873
35.930077,0.24954776,0.3366422,0.4480905,0.35692862
35.940075,0.2487581,0.33621097,0.44822422,0.35537872
35.950077,0.24955338,0.33703402,0.4486674,0.3567007
35.960075,0.24907382,0.33682683,0.4485565,0.35563034
35.970074,0.24843135,0.3368837,0.44864807,0.35671535
35.980076,0.24896951,0.33719417,0.4487792,0.35591912
35.990074,0.24903455,0.3370758,0.44962975,0.35614017
36.00008,0.24870425,0.3367982,0.4486161,0.3561955
36.01008,0.24850252,0.33635172,0.448731,0.35631832
36.020077,0.2488801,0.336811,0.44828302,0.3563376
36.030075,0.25012833,0.33768192,0.44915268,0.35647705
36.040073,0.24907021,0.33684367,0.44913232,0.3568152
36.050076,0.24991143,0.33710426,0.44907078,0.35663074
36.060074,0.24925306,0.33657008,0.44941127,0.35609788
36.070076,0.24952097,0.33776787,0.44894558,0.35693896
36.080093,0.24925584,0.33713073,0.4485112,0.3557316
36.090076,0.24919872,0.33684593,0.44843283,0.35638875
36.100075,0.24953647,0.3370067,0.44919568,0.35636777
36.110077,0.24864659,0.33673877,0.44864842,0.356347
36.120075,0.24905726,0.33618468,0.44843942,0.35633874
36.130074,0.24946012,0.33675846,0.44863227,0.35637274
36.140076,0.24886835,0.33680704,0.44902673,0.3559562
36.150078,0.24840689,0.3361243,0.4484577,0.35618505
36.16008,0.24978973,0.33716783,0.44875494,0.35660154
36.170074,0.24873237,0.3363738,0.44805196,0.35635886
36.18007,0.24866351,0.33611968,0.44922936,0.35727295
36.190075,0.24852172,0.33689618,0.44847044,0.35593525
36.200073,0.24922335,0.3367877,0.44861504,0.35725218
36.210075,0.24876165,0.3366477,0.44866678,0.3569029
36.22008,0.24924219,0.33685482,0.44897982,0.35698003
36.230076,0.24857084,0.33612466,0.44866806,0.35627934
36.240074,0.2483392,0.3357377,0.44801354,0.35730648
36.250072,0.24838145,0.33667922,0.44877964,0.35680515
36.26032,0.24864984,0.33667916,0.44865662,0.3569447
36.270084,0.24866177,0.33604845,0.44870955,0.35657564
36.280075,0.24839419,0.3359097,0.44847733,0.357607
36.290077,0.24885295,0.3365727,0.4485435,0.35682157
36.300076,0.24862087,0.3355908,0.448214,0.35632104
36.310074,0.24792996,0.3361177,0.4486841,0.35658637
36.320076,0.24925455,0.33571818,0.44890383,0.35665572
36.330074,0.24889854,0.33660838,0.44841754,0.35740265
36.340076,0.24859497,0.33547178,0.44784856,0.3566867
36.350075,0.24855672,0.33679423,0.447599,0.3566951
36.360077,0.24858096,0.336647,0.44985965,0.35732478
36.370075,0.24886519,0.33663994,0.4472769,0.3571558
36.380077,0.24928446,0.33594355,0.44931856,0.35722342
36.390076,0.24833043,0.3362664,0.45032716,0.35752404
36.400074,0.24920256,0.33582327,0.44703928,0.3566353
36.410076,0.24836186,0.33554873,0.44835988,0.35735792
36.420074,0.24917513,0.33675447,0.4491369,0.35839996
36.430077,0.24964039,0.3360537,0.44790587,0.35644078
36.440075,0.24939112,0.33619756,0.448132,0.35746711
36.450077,0.24949393,0.33670422,0.44907954,0.35684958
36.460075,0.24933916,0.33642927,0.4488361,0.3569311
36.470074,0.2490438,0.33496523,0.44815466,0.3569605
36.480076,0.24830131,0.33580983,0.4487668,0.3570073
36.490074,0.24870367,0.33603626,0.44911975,0.3576194
36.500076,0.25006098,0.33684433,0.44867218,0.3572621
36.510075,0.24963064,0.3357684,0.44852117,0.35692027
36.520077,0.24962148,0.3370859,0.44832715,0.35676748
36.530075,0.24886885,0.3360577,0.4482689,0.35721236
36.540073,0.24935418,0.33596447,0.44852164,0.35666135
36.550076,0.24866538,0.33621597,0.44805855,0.35705674
36.560074,0.24884133,0.33651832,0.44803974,0.35762107
36.57008,0.24886015,0.33604744,0.44782075,0.35721406
36.580074,0.24907789,0.3353771,0.448138,0.3570606
36.590076,0.24893165,0.33615252,0.44823208,0.35774451
36.600075,0.2482956,0.33594653,0.4479516,0.3574103
36.610073,0.24876264,0.3358719,0.44788986,0.35727125
36.620075,0.24857712,0.33555207,0.44779497,0.35731432
36.630077,0.24873453,0.3359939,0.44798627,0.35770282
36.64025,0.24694802,0.33570608,0.44810253,0.35726854
36.650093,0.24883163,0.3358133,0.44825894,0.35778117
36.66008,0.24762626,0.33551574,0.44797036,0.35816756
36.670074,0.2493851,0.33550283,0.44805914,0.3579967
36.680073,0.24847996,0.3356473,0.44743547,0.35825297
36.690075,0.24854124,0.33555993,0.44788462,0.3579144
36.700073,0.24828638,0.33531007,0.44753477,0.35738218
36.710075,0.24862456,0.3361901,0.44824255,0.3579925
36.720074,0.24870843,0.33565673,0.44811895,0.3581057
36.730076,0.24814299,0.3354861,0.4477771,0.35770768
36.740074,0.24832274,0.33578923,0.44771883,0.35738674
36.750072,0.24897034,0.3356815,0.44741535,0.3576621
36.760136,0.24729176,0.33568203,0.4473258,0.35752666
36.770084,0.24844345,0.33476764,0.44804817,0.35783246
36.780075,0.24839716,0.33601815,0.44845355,0.35792202
36.790077,0.24870954,0.3346159,0.44786203,0.3582686
36.800076,0.24882655,0.335948,0.4486137,0.35844946
36.810074,0.24910375,0.33594674,0.44777018,0.35792047
36.820076,0.24865197,0.33599544,0.4479445,0.35813087
36.830074,0.248859,0.3350483,0.44755813,0.3583238
36.840076,0.24879949,0.3349075,0.44778097,0.35821083
36.850075,0.24927433,0.33568126,0.44785252,0.3575264
36.86007,0.24903452,0.33583382,0.44794202,0.35774687
36.870075,0.24875303,0.33518288,0.44758344,0.35754243
36.880077,0.24842602,0.3349769,0.44849622,0.35835963
36.890076,0.24855384,0.33564752,0.4479228,0.3580791
36.900074,0.24880025,0.33525988,0.44746503,0.35797378
36.910076,0.24898233,0.33530095,0.4478418,0.35817865
36.92008,0.24908328,0.3353231,0.4469009,0.35798004
36.930073,0.24983037,0.33501443,0.4480974,0.35788226
36.940075,0.24960501,0.33560148,0.44778275,0.3586351
36.950077,0.24956137,0.33547014,0.44819507,0.357853
36.96007,0.24914865,0.33587945,0.44805682,0.35877076
36.970078,0.24918044,0.33571538,0.4479969,0.35895765
36.980072,0.24903718,0.33487752,0.44725144,0.3581243
36.990074,0.24929844,0.3346941,0.44803527,0.35815337
37.00008,0.2481058,0.33561295,0.44741386,0.35872677
37.01008,0.24864033,0.33545303,0.4476741,0.3581269
37.020077,0.24865158,0.33466005,0.44742307,0.3582546
37.030075,0.24884236,0.33532548,0.44808653,0.3587855
37.040077,0.24823102,0.3352179,0.44754198,0.35807192
37.05007,0.24848217,0.3347251,0.44695133,0.35800594
37.060078,0.24886733,0.3349581,0.44787425,0.3585052
37.070076,0.24859026,0.3349781,0.4474296,0.35883236
37.080074,0.24889009,0.3344225,0.44786334,0.35843986
37.09009,0.2487248,0.33561456,0.44736695,0.35877725
37.10007,0.24920772,0.33469883,0.44728515,0.35842347
37.110077,0.24851224,0.3354532,0.44798732,0.35856122
37.120075,0.24884179,0.3355555,0.44749346,0.35889074
37.130074,0.24830973,0.33480218,0.44732663,0.3577906
37.140076,0.24888654,0.33530518,0.44790378,0.35914788
37.150078,0.24852479,0.33504832,0.4470212,0.35855916
37.160076,0.24875093,0.3358402,0.44797644,0.35930637
37.170074,0.24835418,0.33450803,0.44746104,0.35892507
37.180077,0.24901363,0.33518964,0.44723678,0.3592357
37.19009,0.24856839,0.33502284,0.44704965,0.35867321
37.200073,0.24896836,0.33523297,0.44672793,0.36006573
37.210075,0.2488111,0.33536506,0.4469289,0.3596502
37.220078,0.247444,0.33434817,0.44764337,0.35890868
37.230076,0.2488919,0.33440855,0.4478837,0.35946736
37.240074,0.24794556,0.33451995,0.4478163,0.3590359
37.250076,0.24877417,0.33518088,0.44725055,0.35884383
37.26009,0.24618588,0.3329095,0.44747174,0.35914654
37.270084,0.24829066,0.33478978,0.44759008,0.3594416
37.280075,0.24810743,0.33492783,0.44775698,0.3587822
37.290073,0.24888244,0.33519173,0.44824436,0.35949212
37.300076,0.24879785,0.33520082,0.4468414,0.3591218
37.31007,0.24817932,0.3349345,0.44750717,0.35902068
37.320076,0.2489211,0.3351755,0.44688076,0.35951295
37.330074,0.24897414,0.3351889,0.44777042,0.35965878
37.340073,0.24844235,0.33464634,0.44691467,0.35983044
37.35009,0.24698193,0.33446214,0.44738317,0.35964575
37.36009,0.24827424,0.33456507,0.44749883,0.3597944
37.370075,0.24869756,0.33472723,0.44729015,0.36006534
37.380074,0.24846452,0.3343298,0.4472944,0.35929435
37.390076,0.24775164,0.33428702,0.44758648,0.35984504
37.400074,0.24891655,0.33452478,0.44771394,0.35939676
37.410072,0.24839668,0.33465728,0.44698685,0.35978225
37.420074,0.24876145,0.3349989,0.44762397,0.35974777
37.430077,0.24876098,0.3346573,0.44802362,0.35978746
37.440075,0.24981125,0.33314353,0.44721898,0.35971165
37.450077,0.2488397,0.33314306,0.44723576,0.35943043
37.46007,0.2492017,0.33387962,0.44696012,0.35976666
37.470074,0.2485572,0.33414808,0.44702804,0.3599988
37.480076,0.24914819,0.3322956,0.44700304,0.3606638
37.490074,0.2467668,0.332171,0.4472755,0.35917062
37.500072,0.2467507,0.33493084,0.44710156,0.3583408
37.510075,0.2474283,0.3358753,0.44681257,0.35966757
37.520073,0.24724753,0.3345323,0.44742322,0.35994363
37.530075,0.2482269,0.33367994,0.446883,0.36021724
37.540077,0.24775566,0.33369583,0.4474414,0.36060795
37.550076,0.24881254,0.33438402,0.44670984,0.36014557
37.560074,0.24898976,0.33473873,0.44664094,0.3600041
37.570076,0.24854496,0.33401647,0.44725648,0.3602378
37.580074,0.24867572,0.334685,0.44758648,0.3603489
37.590076,0.24871723,0.3347974,0.44769865,0.36016592
37.600075,0.24864195,0.3347248,0.44756335,0.3609388
37.610073,0.24959648,0.33458814,0.44721815,0.36022377
37.620075,0.24818547,0.33458537,0.4475408,0.36062986
37.630074,0.24845521,0.33435503,0.44744354,0.36093825
37.640106,0.24750102,0.33418882,0.4473903,0.36051485
37.65009,0.2480332,0.33414572,0.44724524,0.3610348
37.660076,0.24799284,0.33515713,0.4466597,0.36143574
37.670082,0.24805892,0.33407006,0.44777533,0.3599059
37.680077,0.24831992,0.33387607,0.4473716,0.36103362
37.690075,0.24822734,0.33497065,0.44738117,0.36020064
37.700073,0.2484566,0.33447862,0.4472547,0.36096138
37.710075,0.24921976,0.33480945,0.44742924,0.36106098
37.720078,0.2485634,0.33443782,0.4477828,0.36078587
37.730072,0.24753365,0.33425328,0.44715756,0.3604948
37.74007,0.24846597,0.3337786,0.447675,0.36106595
37.750076,0.24864009,0.33371764,0.4458095,0.36174396
37.760086,0.24602066,0.33237594,0.44702053,0.3608404
37.77008,0.24840562,0.3338568,0.44739956,0.36121872
37.780075,0.2489233,0.3345359,0.4466061,0.36082822
37.790077,0.24813296,0.3349609,0.4467381,0.3609101
37.800076,0.24834524,0.33460245,0.44718525,0.36176655
37.810074,0.24911292,0.33446038,0.4466294,0.36135006
37.820072,0.2486186,0.33460853,0.4473458,0.36135763
37.830074,0.248647,0.3335173,0.44729155,0.36164653
37.840076,0.24815163,0.3338943,0.44703922,0.3618221
37.850075,0.24796352,0.33424774,0.44644666,0.36177614
37.860077,0.24873437,0.33450425,0.4468216,0.36129344
37.870075,0.24863236,0.33444276,0.4472177,0.36255085
37.880074,0.2477765,0.33312568,0.44701037,0.3620293
37.89007,0.2480766,0.33389637,0.44740245,0.3620904
37.90007,0.24822864,0.3341185,0.4471602,0.3617212
37.910076,0.24921256,0.33458012,0.4471594,0.3617444
37.920074,0.24824302,0.33350185,0.4465298,0.36160693
37.930077,0.24922122,0.3345758,0.44674233,0.3615784
37.94007,0.2483937,0.33392403,0.44631422,0.3617315
37.950077,0.2489685,0.33391228,0.44716445,0.36205083
37.960075,0.24866228,0.3342612,0.44722226,0.36172453
37.970074,0.24826814,0.33371907,0.446845,0.36214432
37.980076,0.24793701,0.33365542,0.44644493,0.36200073
37.990074,0.24779642,0.33394736,0.44696498,0.36226526
38.00008,0.248439,0.33321232,0.44621494,0.3620937
38.010075,0.24867605,0.33386743,0.44640908,0.36192352
38.020077,0.24806122,0.33355507,0.44666645,0.3620568
38.030075,0.24853118,0.33402708,0.44652325,0.36242765
38.040077,0.24923706,0.33370343,0.44674426,0.36195186
38.050076,0.24835366,0.33274537,0.44644094,0.36172682
38.060074,0.24960312,0.3341526,0.4469958,0.36177102
38.070076,0.2485695,0.3339257,0.4465777,0.36209878
38.080074,0.24915296,0.33481738,0.44699273,0.36273316
38.090073,0.24834426,0.33373287,0.44642198,0.36188877
38.10009,0.24865326,0.33409995,0.44719344,0.36284173
38.110073,0.2494774,0.33399704,0.44658902,0.36263168
38.120075,0.24807076,0.3335918,0.4468921,0.36271498
38.130074,0.24851315,0.33413652,0.44692814,0.36327082
38.140076,0.24810396,0.33408272,0.446676,0.3625979
38.150078,0.2475387,0.33391002,0.44643766,0.36245152
38.16008,0.24852619,0.33383256,0.4467597,0.3624862
38.170074,0.2480287,0.33320218,0.4464106,0.36307663
38.180073,0.24825938,0.3338079,0.4457038,0.36314684
38.190075,0.24885915,0.33399013,0.44647324,0.3628969
38.200092,0.24826683,0.33392388,0.4468406,0.36307022
38.210075,0.24905603,0.33400646,0.4464079,0.36305097
38.220078,0.2473563,0.33372164,0.44644445,0.36333647
38.230076,0.2480314,0.3338997,0.44644308,0.36312672
38.240074,0.24709813,0.3333355,0.44662863,0.36290655
38.250107,0.24769744,0.33364162,0.44616845,0.36366206
38.26009,0.2487891,0.33082917,0.44534063,0.36261982
38.27008,0.24780802,0.3328149,0.44654122,0.3643537
38.280075,0.24884598,0.3335623,0.44602573,0.3633714
38.290077,0.24816181,0.33319628,0.44613418,0.36324784
38.300076,0.24790753,0.33338124,0.44626257,0.3637078
38.310074,0.24813867,0.33285773,0.44656277,0.36389086
38.320076,0.24854311,0.33300295,0.4455392,0.36341953
38.33008,0.248562,0.3335965,0.4459411,0.36329535
38.340073,0.24866778,0.33321157,0.44661623,0.3633003
38.350075,0.24838054,0.33336493,0.4467013,0.36365908
38.360077,0.2483353,0.3336143,0.4458517,0.36370078
38.370075,0.24781375,0.33343032,0.44610226,0.3641063
38.380074,0.24879244,0.33316323,0.44635105,0.364427
38.390076,0.24744797,0.3338357,0.44656596,0.36388305
38.400074,0.24809591,0.33377624,0.44635567,0.36423987
38.410076,0.2483555,0.33291468,0.44573185,0.3635165
38.420074,0.24812147,0.33309138,0.446079,0.36424217
38.430077,0.2478877,0.33342847,0.4461031,0.36414185
38.440075,0.24849273,0.33347562,0.44588727,0.36413977
38.450077,0.24868654,0.33248165,0.44588116,0.36434582
38.460075,0.24848628,0.33380726,0.44624126,0.36487016
38.470074,0.24771145,0.3340106,0.44596335,0.36469343
38.480076,0.2484507,0.33288535,0.44560257,0.36453262
38.490074,0.24875978,0.33266062,0.44616503,0.36443207
38.500076,0.24815094,0.33320844,0.44548178,0.3640969
38.510075,0.24922596,0.33339164,0.4464488,0.36432037
38.520077,0.24819668,0.3337883,0.44574627,0.3643931
38.530075,0.24861339,0.3337101,0.44587627,0.36489943
38.540073,0.24839854,0.33391738,0.4458624,0.3648426
38.550076,0.24924007,0.33377168,0.44608176,0.36450753
38.56007,0.24844968,0.3337231,0.44528693,0.36447346
38.570076,0.24847919,0.33339748,0.44632187,0.36443666
38.580074,0.24897756,0.33357218,0.44620255,0.36480942
38.590076,0.24879488,0.33314475,0.4459623,0.36445367
38.600075,0.24818961,0.33310136,0.44568333,0.36457774
38.610073,0.24805419,0.333453,0.44629568,0.3643828
38.620075,0.24778451,0.33329475,0.44564795,0.36496314
38.630077,0.24856761,0.33326808,0.44538566,0.36483088
38.640095,0.24655175,0.33301145,0.44567937,0.3644628
38.650085,0.24807712,0.33256996,0.44610196,0.36481318
38.660076,0.24775401,0.33247158,0.44570705,0.3660244
38.67008,0.2479178,0.33287516,0.4452042,0.36520654
38.680077,0.24928778,0.33302677,0.44630963,0.36538973
38.69008,0.24844576,0.33329955,0.4456752,0.36548287
38.700077,0.24765466,0.3327702,0.4451235,0.36568588
38.710075,0.2477794,0.33217555,0.44539535,0.3654703
38.720078,0.24907306,0.33302835,0.44567516,0.3656527
38.730076,0.24829291,0.33268574,0.44598404,0.3650408
38.740074,0.24776809,0.33180115,0.4458991,0.3657804
38.750076,0.24824691,0.33321223,0.4456267,0.36554828
38.760082,0.24819222,0.33099717,0.44497785,0.36517188
38.77008,0.24743861,0.33257654,0.44573393,0.36595258
38.780075,0.24741171,0.33257607,0.44562745,0.36585873
38.790073,0.24857305,0.33275312,0.44520324,0.3656498
38.800076,0.24850446,0.33281058,0.4453229,0.36539882
38.810078,0.24834758,0.33274642,0.44542015,0.3654945
38.820076,0.24763852,0.33270603,0.44457778,0.36594555
38.830074,0.24775335,0.3338007,0.44536617,0.36633456
38.840076,0.24808998,0.3333182,0.44433612,0.3658229
38.85008,0.24928826,0.3327393,0.4450592,0.36588737
38.860073,0.24843842,0.33332825,0.44454974,0.36619264
38.870075,0.2482923,0.33380562,0.44525388,0.3662875
38.880074,0.24875751,0.33215517,0.44454846,0.36598048
38.890076,0.24818434,0.3332267,0.44597918,0.36663705
38.900074,0.24828468,0.33301714,0.44542083,0.36656162
38.910076,0.24817581,0.33234522,0.44466832,0.3658647
38.92008,0.24871476,0.33263338,0.4451002,0.36592945
38.930077,0.24767976,0.33332318,0.4447014,0.3667483
38.940075,0.24830605,0.33349103,0.44478908,0.36691743
38.950073,0.2483478,0.33252546,0.445123,0.3664551
38.960075,0.2489102,0.3324856,0.44521722,0.36764756
38.970074,0.24813949,0.3323893,0.44430873,0.36733842
38.980076,0.24853775,0.3331563,0.44437963,0.36613572
38.990074,0.24863604,0.3326919,0.4445788,0.36686724
39.00008,0.24865203,0.3324768,0.4441267,0.3671072
39.010075,0.2485202,0.33214027,0.44410598,0.3660717
39.020077,0.24848959,0.3324328,0.44446012,0.3667412
39.030075,0.24811873,0.33335572,0.44440034,0.3665583
39.040077,0.24813466,0.3337664,0.44457766,0.3668071
39.050076,0.24815272,0.33252934,0.44406688,0.36722967
39.060074,0.2479591,0.33251905,0.44378674,0.36696747
39.070072,0.24826625,0.33321467,0.44434062,0.3668033
39.080074,0.24892981,0.33262622,0.4437962,0.36701244
39.090076,0.2484746,0.332213,0.44414663,0.36702612
39.100075,0.24795058,0.33256426,0.4443038,0.3667105
39.110077,0.2483442,0.33309335,0.4440644,0.36686867
39.12007,0.2480578,0.3323312,0.4440998,0.36700583
39.130074,0.24916196,0.33280677,0.44465137,0.36717713
39.14007,0.24795353,0.332337,0.44379494,0.36725065
39.150078,0.24852127,0.33307,0.44387016,0.3670755
39.160076,0.24798515,0.3324458,0.4432252,0.36735144
39.170074,0.24817955,0.33325362,0.44435754,0.36753932
39.180077,0.24791092,0.3324612,0.44368908,0.36761877
39.19007,0.24783827,0.3332063,0.44361815,0.3675866
39.200077,0.24794178,0.33288097,0.44368365,0.3672795
39.21009,0.24763714,0.3325451,0.44312513,0.36767006
39.220074,0.24765317,0.3320579,0.44286412,0.36784357
39.23008,0.24826388,0.3322167,0.44371697,0.36795074
39.240074,0.24831246,0.3326809,0.44371694,0.36781093
39.250072,0.24919043,0.3328106,0.44379175,0.36694232
39.260086,0.24878985,0.33187574,0.44352204,0.3669833
39.27008,0.24783993,0.33204132,0.44303417,0.36769032
39.280075,0.24793425,0.33256456,0.44335723,0.36824453
39.290077,0.24785444,0.33266422,0.44389024,0.36810723
39.300076,0.2490093,0.33221653,0.44334492,0.3676357
39.310074,0.24697042,0.33043113,0.44286132,0.36744934
39.320076,0.24876684,0.33178958,0.44294256,0.36826897
39.330074,0.24833298,0.33204883,0.44293413,0.36822063
39.340076,0.24778177,0.3326747,0.44270566,0.3681047
39.350075,0.24841696,0.3317395,0.44264752,0.3681963
39.360073,0.24798611,0.3326059,0.44341764,0.36818832
39.370075,0.24834569,0.33262095,0.44240984,0.36802188
39.380074,0.24877007,0.33246377,0.44295618,0.3678869
39.390076,0.24808896,0.33256158,0.4427856,0.36863294
39.400074,0.24736974,0.3321426,0.44216892,0.36817247
39.410076,0.2488636,0.33237013,0.4420246,0.36826822
39.42008,0.24796897,0.33211628,0.44258454,0.36863425
39.430073,0.24811034,0.33225125,0.4428236,0.36835155
39.440075,0.24877268,0.33276808,0.44263095,0.36860612
39.450073,0.24840131,0.33375025,0.44302157,0.36848357
39.460075,0.24855465,0.3322566,0.44283053,0.36855435
39.470074,0.24735446,0.33227116,0.44256887,0.36882105
39.480072,0.24844965,0.3318953,0.44216636,0.3689098
39.490074,0.24932416,0.33191633,0.442837,0.36929587
39.50007,0.24806398,0.3313297,0.44165164,0.3692084
39.51007,0.24839105,0.33250916,0.44222668,0.36893964
39.520073,0.24789727,0.33157748,0.44202432,0.3688486
39.530075,0.24762507,0.33276394,0.44152308,0.36847603
39.540077,0.24804418,0.33262157,0.44196698,0.36920756
39.550076,0.24853787,0.3321144,0.44187307,0.36905634
39.560074,0.24787785,0.33195677,0.44180572,0.3691472
39.570076,0.247812,0.3315201,0.44222134,0.36954615
39.58007,0.24810755,0.3326656,0.4421745,0.36886886
39.590076,0.24813145,0.33186975,0.44114247,0.36879867
39.600075,0.2484655,0.3323752,0.44206554,0.3692872
39.610077,0.24796131,0.33207312,0.44147715,0.36940303
39.620075,0.24885465,0.33235252,0.44139987,0.36889198
39.630077,0.24789721,0.332032,0.4406694,0.36976564
39.640106,0.24680547,0.33158705,0.44183597,0.36954066
39.650085,0.24769995,0.3315101,0.44070402,0.36917934
39.660076,0.24807638,0.33237803,0.4416592,0.36953413
39.67008,0.24852441,0.33189055,0.44150004,0.3691655
39.680073,0.24750265,0.3322136,0.4414737,0.36945176
39.690075,0.24858885,0.33203012,0.44185385,0.36960217
39.700077,0.24815038,0.3318664,0.44126076,0.36977077
39.710075,0.24877003,0.33245367,0.44091278,0.369007
39.720074,0.24738741,0.3327779,0.44089174,0.3696194
39.730076,0.24831167,0.33223966,0.44144982,0.37021583
39.740074,0.24853729,0.3318933,0.4404953,0.37025785
39.750072,0.24923956,0.33201817,0.44103557,0.36989936
39.760086,0.24849656,0.33229938,0.44138762,0.36904246
39.770084,0.247646,0.3324096,0.44045648,0.3709899
39.78008,0.2480348,0.3314612,0.44071066,0.37037426
39.79008,0.24894175,0.33234677,0.4401521,0.36996624
39.800076,0.2478713,0.33171996,0.4405872,0.37016046
39.810074,0.24802975,0.33192748,0.44028273,0.37023574
39.820076,0.24796385,0.33170187,0.440531,0.36999318
39.83008,0.24780306,0.33208054,0.4412382,0.37010807
39.840076,0.24817024,0.33241254,0.4404511,0.3696855
39.850075,0.24792907,0.33154857,0.44085044,0.37007463
39.860077,0.24817131,0.3316528,0.44040626,0.37011117
39.870075,0.24823923,0.33110607,0.43989235,0.3702556
39.880077,0.24825864,0.33256736,0.4399885,0.37037283
39.890076,0.24825539,0.33190775,0.44029537,0.3706262
39.900074,0.24689274,0.33158845,0.44118497,0.36996967
39.910076,0.24847385,0.33091825,0.43916333,0.37055027
39.920074,0.24878784,0.33207232,0.44038206,0.37067562
39.930077,0.24802855,0.3307796,0.44018763,0.3710063
39.940075,0.24837998,0.33260003,0.44068137,0.3711472
39.950073,0.24856864,0.33160993,0.4395079,0.37035537
39.960075,0.24795029,0.33143538,0.43940416,0.37095046
39.970074,0.2475191,0.33141854,0.439458,0.3702446
39.980076,0.24755958,0.33144438,0.4396691,0.3703296
39.990074,0.247979,0.332666,0.43988943,0.3706348
40.000076,0.24732478,0.33115602,0.43947506,0.37135547
40.010082,0.24745038,0.33177462,0.43963882,0.3706476
40.020077,0.2483746,0.3316826,0.43898737,0.3713847
40.030075,0.24812806,0.33111203,0.43930987,0.37091836
40.040073,0.2483875,0.3317685,0.4392586,0.37041906
40.050076,0.24890499,0.33168465,0.43916067,0.37112477
40.060074,0.24888541,0.33192027,0.43943796,0.37048635
40.070076,0.24872328,0.33203787,0.43913537,0.37087056
40.080074,0.24760777,0.33196774,0.43845016,0.37136084
40.090073,0.24847901,0.3327656,0.4386344,0.37098455
40.100136,0.24740209,0.33171374,0.43921876,0.37082636
40.110073,0.24796827,0.33231762,0.43886802,0.37057886
40.12008,0.24799179,0.3325082,0.43879896,0.3711021
40.130077,0.24846607,0.33219102,0.4390122,0.37142947
40.140076,0.24749309,0.33140004,0.43854365,0.3711904
40.150078,0.24838215,0.33182415,0.43812698,0.37105662
40.160076,0.24826102,0.33144456,0.43901664,0.37130365
40.170074,0.2480058,0.3316471,0.4386739,0.37150112
40.180073,0.24789765,0.33178127,0.43852726,0.3717972
40.190075,0.24841838,0.33217058,0.4384719,0.37119523
40.200073,0.24870634,0.33153662,0.43855432,0.37132493
40.21008,0.2471718,0.33057994,0.4384109,0.3711155
40.220078,0.24701847,0.3308703,0.43845978,0.37169236
40.230076,0.24685724,0.3305333,0.43743291,0.3714708
40.240074,0.24702406,0.33165085,0.43761325,0.37096617
40.250076,0.24707308,0.33026963,0.4380234,0.3716531
40.260086,0.24732867,0.33113787,0.43755105,0.37135658
40.270092,0.2463006,0.33022365,0.43743935,0.371948
40.280075,0.24695766,0.33130825,0.43801585,0.37132365
40.290073,0.24819107,0.33195272,0.437564,0.37119836
40.300076,0.24738532,0.33117154,0.4373519,0.37136546
40.310078,0.24675041,0.33116305,0.43747535,0.37100407
40.32008,0.2483229,0.3313721,0.43714696,0.37192705
40.33008,0.24800245,0.33134744,0.43735477,0.37177017
40.340073,0.24832359,0.3316682,0.43740737,0.37131885
40.350075,0.24761789,0.33146665,0.43780565,0.37195304
40.360077,0.24762687,0.33090618,0.43728215,0.37206304
40.370075,0.24821611,0.33188602,0.43774036,0.37157178
40.380077,0.24795169,0.33127293,0.43710822,0.37198037
40.390076,0.24916705,0.33190775,0.43704194,0.37248093
40.400074,0.24815875,0.33128056,0.43715692,0.3717411
40.410076,0.24872193,0.33162132,0.43761742,0.37203825
40.42007,0.24780844,0.3314018,0.43700427,0.37241024
40.430077,0.2483871,0.3316227,0.43653607,0.37185153
40.440075,0.24867676,0.33115727,0.43712294,0.37197042
40.450073,0.2486782,0.33116838,0.43630275,0.37209356
40.460075,0.24913995,0.33149698,0.4365548,0.3715891
40.470074,0.2486393,0.33108273,0.4371583,0.37200895
40.480076,0.24833556,0.33221677,0.4367934,0.37249267
40.490074,0.24889827,0.3317478,0.43677863,0.37227112
40.500072,0.24839883,0.33199966,0.4369285,0.37176797
40.510075,0.24827819,0.33162957,0.43618104,0.37282842
40.520073,0.24816674,0.3315829,0.43676892,0.3726657
40.530075,0.24820001,0.33137366,0.43615618,0.3723836
40.540073,0.2487529,0.33265656,0.4361788,0.37216276
40.550076,0.24797013,0.33201596,0.4359985,0.3721515
40.560078,0.24908753,0.3314666,0.43681037,0.37272432
40.570076,0.24848802,0.33046213,0.43631512,0.37282035
40.580074,0.24828841,0.33133364,0.43616685,0.37257797
40.590073,0.24841543,0.33186412,0.43643674,0.3727003
40.600075,0.24787664,0.33206686,0.43601382,0.37313643
40.610073,0.248107,0.33152288,0.43579137,0.3727583
40.620075,0.24831748,0.3307305,0.4359246,0.37206
40.630077,0.2478233,0.33175272,0.43548924,0.372963
40.6401,0.24700405,0.3307297,0.43611383,0.37220538
40.650085,0.24791633,0.3311025,0.43566892,0.37268588
40.660076,0.24833839,0.33114982,0.43556532,0.37265885
40.67008,0.24811766,0.3322786,0.43608633,0.37280947
40.680077,0.24802713,0.33116463,0.43536207,0.3725447
40.690075,0.24804664,0.331748,0.4357011,0.37336606
40.70017,0.24831878,0.3303769,0.43563414,0.37302262
40.710094,0.24794395,0.3312323,0.43575782,0.37291467
40.720078,0.24826007,0.33074653,0.4353805,0.37261426
40.730076,0.2480675,0.33104607,0.43566716,0.37261766
40.740074,0.24853177,0.33145386,0.43518054,0.37290427
40.750076,0.24803841,0.33163098,0.43561473,0.37329358
40.76009,0.2471995,0.33127394,0.4351199,0.3727359
40.770084,0.24782632,0.33118108,0.4349395,0.3734743
40.780075,0.24798809,0.33159745,0.4347213,0.37297687
40.790077,0.24860981,0.33080834,0.43476534,0.3725777
40.80007,0.24750264,0.33129707,0.43442994,0.37316537
40.810074,0.24824946,0.3310444,0.4344955,0.37267628
40.8201,0.24835944,0.331125,0.43462652,0.3732508
40.830074,0.24762869,0.33155015,0.43536967,0.37312022
40.840076,0.24856801,0.33174077,0.43483067,0.373829
40.850075,0.24713592,0.3303961,0.43470594,0.37331238
40.860077,0.24862027,0.3323214,0.434368,0.37318525
40.870075,0.2480971,0.33171073,0.43443224,0.37306407
40.880074,0.24901852,0.33256885,0.43484223,0.37312832
40.890076,0.24831952,0.33144167,0.43432298,0.37330008
40.900078,0.24802558,0.3310323,0.43422985,0.37352243
40.910076,0.24866045,0.33122426,0.43419644,0.3731537
40.920097,0.24811675,0.33089793,0.43391085,0.37345675
40.930077,0.2483471,0.33062997,0.4344581,0.37319547
40.940075,0.24863325,0.33157438,0.4343281,0.37362072
40.950073,0.24843952,0.33110094,0.4339771,0.37314773
40.96008,0.24834442,0.33099765,0.43359455,0.37303627
40.970078,0.24851978,0.33206335,0.43378752,0.3736933
40.980076,0.24841608,0.3306791,0.43401772,0.37292707
40.990074,0.24884313,0.331569,0.43497816,0.3742443
41.00008,0.24807177,0.33140373,0.43370134,0.37319407
41.010075,0.24858963,0.33141866,0.4332881,0.373169
41.0201,0.2485044,0.33123505,0.43407327,0.37311658
41.030075,0.24860358,0.3310733,0.43399602,0.37379813
41.040077,0.24853525,0.33185145,0.433719,0.37376007
41.050076,0.24809249,0.33084008,0.4343612,0.37333763
41.060074,0.24815607,0.33055744,0.43374294,0.37370017
41.070072,0.2478412,0.33135766,0.4331937,0.37328905
41.080074,0.24827735,0.33135733,0.43397513,0.3734098
41.090076,0.24831985,0.33149213,0.43366906,0.37415144
41.100075,0.24887425,0.33059847,0.4333523,0.37392044
41.110077,0.24829301,0.33038223,0.4333567,0.37307099
41.120075,0.24874762,0.33117998,0.43300328,0.3738028
41.130074,0.24829407,0.33050606,0.4335028,0.37362087
41.140076,0.2486797,0.33079398,0.43390965,0.37406152
41.150078,0.24817558,0.33109602,0.43304348,0.37362653
41.160076,0.24846959,0.33149663,0.43299264,0.37366095
41.170074,0.24796323,0.33074498,0.43313304,0.37339523
41.180073,0.24821317,0.33137718,0.43370056,0.3737279
41.19007,0.24790223,0.33149973,0.43251124,0.3735456
41.200077,0.24763708,0.33088717,0.43330663,0.3743594
41.210075,0.24815659,0.33077392,0.43337956,0.37342566
41.220074,0.247661,0.33077922,0.43359587,0.37413493
41.23009,0.24839617,0.33103004,0.4326987,0.37406448
41.240074,0.24832812,0.33102545,0.43292,0.3738858
41.250076,0.24800248,0.33121556,0.43268487,0.37407497
41.260094,0.24841416,0.33075172,0.43205053,0.37400916
41.270084,0.2484026,0.33104292,0.4320484,0.37440076
41.280083,0.24753827,0.33116388,0.4329287,0.37405825
41.29008,0.24855128,0.33223358,0.43222618,0.3738264
41.300076,0.24774249,0.33171684,0.4325199,0.37379876
41.310074,0.24766156,0.33035466,0.43290225,0.37431276
41.320076,0.24768722,0.33092213,0.43275234,0.37407523
41.330093,0.24847707,0.33156955,0.43266487,0.37468064
41.340076,0.24834621,0.33138198,0.43274274,0.37478313
41.350075,0.24872527,0.33143878,0.43297902,0.37480235
41.360073,0.24744514,0.33078504,0.43256646,0.37403807
41.370075,0.24829388,0.3310378,0.43245968,0.37484524
41.380074,0.2484256,0.33201995,0.43243548,0.37426072
41.390076,0.24843347,0.33162624,0.4321256,0.37446156
41.400074,0.24784496,0.3311907,0.43225512,0.37447885
41.410076,0.24812223,0.33118653,0.4319994,0.37454012
41.42008,0.24885829,0.3313375,0.43206933,0.37398365
41.430073,0.24811806,0.33139417,0.43208528,0.37433174
41.440075,0.2479971,0.33102685,0.43230724,0.37432766
41.450073,0.24763854,0.3305704,0.4320528,0.37498462
41.460075,0.24827996,0.33178303,0.43153974,0.37474307
41.47007,0.24833634,0.33167854,0.43197265,0.37422213
41.480072,0.24824737,0.331799,0.43188596,0.37470725
41.490074,0.24826232,0.33115143,0.4314197,0.37467045
41.500072,0.24763897,0.33142528,0.43149483,0.37449625
41.510075,0.24809822,0.3304424,0.43127924,0.37471935
41.520077,0.24778028,0.33083463,0.43276617,0.37489706
41.530075,0.24744691,0.33126947,0.43111017,0.374557
41.540073,0.24828663,0.3318412,0.43111777,0.3744523
41.550076,0.2478667,0.33051142,0.4315255,0.37427065
41.560078,0.24811062,0.33135885,0.43132514,0.37435636
41.570076,0.24841072,0.3306347,0.43075624,0.3747066
41.580074,0.24796209,0.33067125,0.43190095,0.37539297
41.590076,0.24830121,0.33128533,0.4308848,0.37503666
41.600075,0.2481767,0.3309939,0.4313199,0.37461206
41.610073,0.24840252,0.33120102,0.43168738,0.374806
41.62007,0.24826728,0.33100963,0.43020746,0.37472618
41.630074,0.24829677,0.33082622,0.4314685,0.3747037
41.640102,0.24707483,0.32901004,0.4314353,0.37416026
41.650085,0.24801272,0.33142295,0.4313735,0.3752877
41.66008,0.24765757,0.3313679,0.43120003,0.3752011
41.670074,0.24843141,0.33140814,0.43099964,0.3746174
41.680077,0.24859776,0.33093598,0.431017,0.3752787
41.690075,0.24823865,0.33169854,0.43027866,0.3755091
