elapsed_time_sec,ss1_lp_ma,ss2_lp_ma,ss3_lp_ma,ss4_lp_ma
5.685e-06,0.27047,0.363571,0.478029,0.390683
0.0100809,0.270468,0.363573,0.477976,0.390671
0.0200823,0.270465,0.363573,0.477923,0.390658
0.0300862,0.270463,0.363574,0.47787,0.390646
0.0400831,0.270462,0.363574,0.477817,0.390633
0.0500798,0.27046,0.363575,0.477764,0.390621
0.0600834,0.270459,0.363577,0.477711,0.390608
0.0700805,0.270458,0.363579,0.477659,0.390595
0.0800826,0.270457,0.363582,0.477607,0.390583
0.0900837,0.270456,0.363584,0.477555,0.390571
0.100083,0.270457,0.363587,0.477503,0.390559
0.110082,0.270459,0.363592,0.477451,0.390545
0.120083,0.27046,0.363596,0.4774,0.390532
0.130074,0.270461,0.3636,0.477349,0.390519
0.140081,0.270462,0.363604,0.477299,0.390507
0.150075,0.270464,0.363608,0.477249,0.390494
0.160076,0.270467,0.363613,0.477198,0.390483
0.170074,0.270467,0.363618,0.477149,0.390471
0.180076,0.270468,0.363623,0.477098,0.390459
0.190074,0.270468,0.363628,0.477047,0.390447
0.200076,0.27047,0.363632,0.476996,0.390434
0.210074,0.270472,0.363637,0.476945,0.39042
0.220092,0.270473,0.363642,0.476895,0.390409
0.230076,0.270475,0.363647,0.476844,0.390397
0.240072,0.270475,0.363651,0.476795,0.390385
0.250072,0.270476,0.363655,0.476744,0.390372
0.260074,0.270477,0.363658,0.476695,0.390359
0.270073,0.270478,0.363661,0.476644,0.390346
0.280074,0.270479,0.363665,0.476595,0.390333
0.290076,0.27048,0.363668,0.476546,0.390319
0.300075,0.27048,0.363671,0.476497,0.390307
0.310075,0.270483,0.363674,0.476447,0.390294
0.320094,0.270483,0.363678,0.476398,0.390281
0.330077,0.270485,0.363683,0.47635,0.390268
0.340073,0.270486,0.363687,0.4763,0.390255
0.350074,0.270486,0.363692,0.476252,0.390242
0.360076,0.270488,0.363695,0.476203,0.390229
0.370076,0.270489,0.3637,0.476155,0.390216
0.380076,0.27049,0.363703,0.476106,0.390203
0.390073,0.270491,0.363707,0.476058,0.39019
0.400075,0.270492,0.363711,0.47601,0.390177
0.410073,0.270493,0.363715,0.475961,0.390163
0.420135,0.270491,0.363718,0.475912,0.39015
0.430091,0.270488,0.36372,0.475864,0.390136
0.440092,0.270485,0.363721,0.475815,0.390123
0.450103,0.270483,0.363722,0.475767,0.390109
0.460083,0.270481,0.363716,0.475717,0.390093
0.47009,0.270478,0.363718,0.47567,0.390079
0.480078,0.270478,0.363721,0.475623,0.390065
0.490078,0.270479,0.363726,0.475576,0.390052
0.500078,0.27048,0.363731,0.475529,0.390039
0.510077,0.270481,0.363734,0.475481,0.390026
0.520078,0.270482,0.363739,0.475436,0.390013
0.530071,0.270483,0.363743,0.475389,0.389999
0.540076,0.270485,0.363748,0.475342,0.389986
0.550076,0.270486,0.363752,0.475296,0.389973
0.560076,0.270487,0.363756,0.47525,0.38996
0.570074,0.270487,0.36376,0.475203,0.389946
0.580073,0.270488,0.363764,0.475157,0.389932
0.590076,0.27049,0.363769,0.475112,0.389918
0.600074,0.270491,0.363774,0.475067,0.389906
0.610079,0.270493,0.363778,0.475021,0.389892
0.620082,0.270493,0.363783,0.474976,0.389879
0.630076,0.270494,0.363787,0.474931,0.389865
0.640077,0.270494,0.363791,0.474886,0.389852
0.650077,0.270495,0.363796,0.474841,0.389838
0.660074,0.270496,0.3638,0.474796,0.389825
0.670075,0.270498,0.363804,0.474752,0.389812
0.680075,0.270498,0.363808,0.474707,0.389799
0.690075,0.270498,0.363812,0.474662,0.389785
0.700073,0.270498,0.363816,0.474618,0.38977
0.710077,0.270499,0.363821,0.474573,0.389755
0.720083,0.2705,0.363826,0.474529,0.389741
0.730078,0.270501,0.36383,0.474485,0.389729
0.740077,0.270501,0.363834,0.474441,0.389715
0.750074,0.270502,0.363839,0.474397,0.389701
0.760076,0.270503,0.363843,0.474353,0.389688
0.770074,0.270503,0.363847,0.474309,0.389674
0.780076,0.270504,0.363851,0.474265,0.38966
0.790074,0.270504,0.363856,0.474222,0.389646
0.800076,0.270505,0.36386,0.474179,0.389632
0.810072,0.270506,0.363865,0.474136,0.389619
0.820077,0.270506,0.363869,0.474093,0.389606
0.830099,0.270507,0.363873,0.474051,0.389593
0.840076,0.270507,0.363878,0.474008,0.389579
0.850076,0.270508,0.363882,0.473966,0.389565
0.860076,0.270509,0.363887,0.473923,0.389551
0.870074,0.270509,0.363891,0.47388,0.389537
0.880076,0.27051,0.363896,0.473837,0.389524
0.890074,0.270511,0.3639,0.473794,0.38951
0.900075,0.270512,0.363905,0.473753,0.389496
0.910074,0.270514,0.363909,0.473711,0.389483
0.920118,0.270514,0.363911,0.473668,0.389469
0.93013,0.270509,0.363914,0.473626,0.389455
0.940093,0.270504,0.363914,0.473584,0.38944
0.9501,0.270501,0.363914,0.473542,0.389427
0.960101,0.2705,0.363917,0.473499,0.389414
0.970103,0.2705,0.36392,0.473457,0.389401
0.980091,0.270498,0.363921,0.473415,0.389386
0.990094,0.270495,0.363922,0.473375,0.389371
1.00035,0.270492,0.363923,0.473333,0.389357
1.01012,0.270492,0.363927,0.473292,0.389343
1.02296,0.270492,0.36393,0.473251,0.389329
1.03009,0.270492,0.363933,0.473211,0.389316
1.04009,0.270492,0.363936,0.47317,0.389302
1.05008,0.270492,0.363939,0.47313,0.389288
1.06007,0.270491,0.363942,0.473089,0.389274
1.07007,0.270491,0.363945,0.473048,0.38926
1.08007,0.270491,0.363948,0.473008,0.389247
1.09007,0.27049,0.363951,0.472968,0.389233
1.10007,0.27049,0.363954,0.472928,0.38922
1.11007,0.270489,0.363958,0.472889,0.389206
1.12007,0.270491,0.363963,0.472851,0.389192
1.13007,0.270492,0.363967,0.472813,0.389178
1.14007,0.270493,0.363972,0.472775,0.389164
1.15008,0.270493,0.363976,0.472735,0.38915
1.16008,0.270494,0.36398,0.472697,0.389135
1.17008,0.270495,0.363984,0.472658,0.389121
1.18007,0.270495,0.363989,0.47262,0.389106
1.19007,0.270496,0.363991,0.47258,0.389092
1.20008,0.270497,0.363995,0.472543,0.389078
1.21008,0.270498,0.363999,0.472506,0.389064
1.22007,0.270498,0.364002,0.472468,0.389049
1.23008,0.270499,0.364007,0.47243,0.389035
1.24008,0.2705,0.364011,0.472393,0.389021
1.25007,0.270502,0.364015,0.472356,0.389006
1.26007,0.270503,0.36402,0.472319,0.388991
1.27007,0.270504,0.364024,0.472282,0.388976
1.28008,0.270505,0.364029,0.472244,0.388962
1.29007,0.270507,0.364034,0.472208,0.388949
1.30008,0.270508,0.364039,0.472172,0.388934
1.31007,0.270509,0.364043,0.472136,0.388921
1.32008,0.27051,0.364047,0.472099,0.388907
1.33008,0.270512,0.364051,0.472062,0.388892
1.34008,0.270512,0.364056,0.472025,0.388878
1.35007,0.270513,0.36406,0.471988,0.388864
1.36007,0.270514,0.364065,0.471952,0.388849
1.37008,0.270515,0.36407,0.471916,0.388835
1.38007,0.270515,0.364074,0.47188,0.388821
1.39007,0.270516,0.364079,0.471845,0.388806
1.40007,0.270518,0.364084,0.47181,0.388791
1.41007,0.270519,0.36409,0.471775,0.388777
1.42097,0.270518,0.364094,0.47174,0.388762
1.4301,0.270515,0.364095,0.471704,0.388747
1.44009,0.270514,0.364097,0.471669,0.388733
1.45009,0.270511,0.364098,0.471633,0.388718
1.46009,0.270511,0.364103,0.471598,0.388704
1.47008,0.270511,0.364107,0.471562,0.388689
1.48008,0.270512,0.36411,0.471528,0.388674
1.49008,0.270512,0.364114,0.471494,0.388659
1.50007,0.270513,0.364118,0.471458,0.388644
1.51007,0.270514,0.364122,0.471426,0.388629
1.52008,0.270515,0.364125,0.471393,0.388615
1.53007,0.270516,0.364128,0.471361,0.3886
1.5401,0.270516,0.364134,0.471326,0.388585
1.55007,0.270517,0.364139,0.471293,0.388568
1.56008,0.270519,0.364146,0.47126,0.388552
1.57008,0.27052,0.364152,0.471228,0.388538
1.58007,0.27052,0.364157,0.471195,0.388523
1.59008,0.270523,0.364162,0.471162,0.388508
1.60008,0.270522,0.364166,0.47113,0.388493
1.61007,0.270521,0.36417,0.471098,0.388478
1.62007,0.27052,0.364175,0.471066,0.388463
1.63008,0.27052,0.364179,0.471033,0.388448
1.64007,0.270521,0.364183,0.471001,0.388433
1.65008,0.270522,0.364187,0.470969,0.388418
1.66008,0.270524,0.364192,0.470937,0.388404
1.67007,0.270525,0.364196,0.470905,0.388388
1.68007,0.270526,0.364201,0.470874,0.388374
1.69008,0.270527,0.364205,0.470843,0.388359
1.70008,0.270528,0.36421,0.470813,0.388345
1.71007,0.270528,0.364215,0.470784,0.38833
1.72008,0.270528,0.364219,0.470754,0.388316
1.73008,0.270528,0.364223,0.470724,0.388302
1.74007,0.27053,0.364229,0.470694,0.388287
1.75007,0.270531,0.364233,0.470665,0.388272
1.76007,0.270531,0.364238,0.470636,0.388257
1.77007,0.270532,0.364242,0.470606,0.388242
1.78008,0.270533,0.364246,0.470576,0.388227
1.79007,0.270534,0.364251,0.470547,0.388211
1.80008,0.270535,0.364254,0.470517,0.388197
1.81007,0.270537,0.364259,0.470487,0.388182
1.82007,0.270538,0.364263,0.470458,0.388168
1.83008,0.270539,0.364269,0.470429,0.388153
1.84008,0.270541,0.364274,0.4704,0.388139
1.85008,0.270542,0.364279,0.470372,0.388123
1.86007,0.270543,0.364284,0.470344,0.388108
1.87008,0.270544,0.364289,0.470316,0.388093
1.88008,0.270545,0.364293,0.470289,0.388078
1.89007,0.270546,0.364298,0.470261,0.388063
1.90008,0.270546,0.364302,0.470233,0.388049
1.91007,0.270547,0.364306,0.470205,0.388034
1.92009,0.270547,0.364309,0.470177,0.388018
1.93009,0.270545,0.364312,0.47015,0.388002
1.9401,0.270541,0.364314,0.470122,0.387988
1.9501,0.270539,0.364315,0.470094,0.387973
1.96009,0.270536,0.36431,0.470064,0.387958
1.97016,0.270536,0.36431,0.470037,0.387943
1.98008,0.270533,0.364311,0.47001,0.387928
1.9901,0.27053,0.364311,0.469982,0.387913
2.00009,0.270528,0.364312,0.469956,0.387898
2.01009,0.270524,0.364314,0.469929,0.387883
2.02008,0.270522,0.364317,0.469903,0.387868
2.03008,0.270518,0.364318,0.469875,0.387853
2.04007,0.270514,0.364317,0.469848,0.387838
2.05013,0.270512,0.364319,0.469822,0.387824
2.06007,0.270511,0.364322,0.469796,0.387809
2.07007,0.270511,0.364326,0.46977,0.387794
2.08007,0.270512,0.364328,0.469744,0.387778
2.09007,0.270512,0.364332,0.469719,0.387763
2.10007,0.270512,0.364336,0.469693,0.387748
2.11007,0.270511,0.36434,0.469668,0.387733
2.12007,0.270511,0.364345,0.469644,0.387719
2.13007,0.270512,0.364349,0.46962,0.387704
2.14007,0.270513,0.364355,0.469596,0.387689
2.15007,0.270514,0.36436,0.469572,0.387674
2.16008,0.270515,0.364364,0.469548,0.387659
2.17008,0.270517,0.364369,0.469525,0.387644
2.18007,0.270518,0.364374,0.469501,0.387628
2.19007,0.270519,0.36438,0.469478,0.387612
2.20007,0.27052,0.364384,0.469454,0.387598
2.21007,0.270522,0.364388,0.469431,0.387582
2.22008,0.270523,0.364392,0.469407,0.387568
2.23008,0.270524,0.364396,0.469385,0.387552
2.24007,0.270525,0.364401,0.469362,0.387537
2.25007,0.270526,0.364406,0.469339,0.387522
2.26008,0.270527,0.36441,0.469317,0.387507
2.27007,0.270527,0.364415,0.469293,0.387491
2.28007,0.270528,0.36442,0.46927,0.387475
2.29007,0.270529,0.364425,0.469249,0.38746
2.30008,0.27053,0.36443,0.469226,0.387445
2.31007,0.270531,0.364434,0.469206,0.387431
2.32007,0.270532,0.364438,0.469184,0.387417
2.33008,0.270533,0.364443,0.469162,0.387401
2.34008,0.270534,0.36445,0.469142,0.387386
2.35007,0.270535,0.364455,0.469121,0.387371
2.36007,0.270536,0.36446,0.469099,0.387355
2.37007,0.270536,0.364465,0.469078,0.38734
2.38008,0.270537,0.364469,0.469057,0.387325
2.39008,0.270538,0.364474,0.469037,0.387309
2.40007,0.270539,0.364478,0.469017,0.387294
2.41007,0.27054,0.364482,0.468997,0.387278
2.42009,0.27054,0.364486,0.468976,0.387263
2.43009,0.270539,0.364489,0.468957,0.387247
2.44009,0.270539,0.364491,0.468936,0.387232
2.45009,0.270538,0.364493,0.468916,0.387217
2.46009,0.270532,0.364497,0.468896,0.387201
2.47008,0.270531,0.364502,0.468877,0.387186
2.48007,0.270531,0.364505,0.468857,0.38717
2.49007,0.270533,0.364509,0.468838,0.387154
2.50008,0.270534,0.364514,0.46882,0.387138
2.51007,0.270535,0.364519,0.468802,0.387123
2.52007,0.270536,0.364523,0.468783,0.387108
2.53007,0.270537,0.364528,0.468766,0.387092
2.54008,0.270538,0.364532,0.468748,0.387077
2.55008,0.270538,0.364537,0.46873,0.387062
2.5601,0.270538,0.364542,0.468712,0.387046
2.57007,0.270538,0.364546,0.468695,0.387031
2.58007,0.270539,0.364551,0.468678,0.387017
2.59007,0.270539,0.364556,0.46866,0.387002
2.60008,0.27054,0.364561,0.468643,0.386987
2.61008,0.270541,0.364565,0.468625,0.386972
2.62007,0.270541,0.364569,0.468608,0.386957
2.63008,0.270542,0.364574,0.468592,0.386942
2.64007,0.270544,0.364579,0.468575,0.386926
2.65007,0.270545,0.364584,0.468559,0.386911
2.66009,0.270545,0.36459,0.468542,0.386896
2.67007,0.270545,0.364594,0.468525,0.38688
2.68008,0.270547,0.364598,0.468508,0.386865
2.69007,0.270548,0.364602,0.468492,0.386849
2.70008,0.270548,0.364607,0.468477,0.386833
2.71007,0.270549,0.364612,0.468462,0.386817
2.72008,0.27055,0.364617,0.468446,0.386802
2.73007,0.270551,0.364622,0.468431,0.386786
2.74008,0.270552,0.364627,0.468416,0.386771
2.75007,0.270553,0.364632,0.468401,0.386756
2.76009,0.270553,0.364635,0.468385,0.38674
2.77007,0.270552,0.364639,0.46837,0.386724
2.78008,0.270551,0.364642,0.468355,0.386708
2.79007,0.270551,0.364646,0.468339,0.386692
2.80008,0.27055,0.364649,0.468324,0.386677
2.81007,0.270548,0.364651,0.46831,0.38666
2.82008,0.270547,0.364653,0.468295,0.386645
2.83008,0.270546,0.364655,0.468281,0.386629
2.84008,0.270547,0.364659,0.468265,0.386614
2.85008,0.270547,0.364662,0.468251,0.386599
2.86009,0.270548,0.364666,0.468237,0.386583
2.87008,0.270547,0.364671,0.468223,0.386568
2.88007,0.270548,0.364675,0.468209,0.386552
2.89008,0.27055,0.364679,0.468195,0.386536
2.90007,0.270552,0.364684,0.468182,0.386521
2.91007,0.270554,0.36469,0.468168,0.386505
2.92009,0.270554,0.364695,0.468155,0.38649
2.93009,0.270553,0.364699,0.468143,0.386474
2.9401,0.270551,0.3647,0.468129,0.386458
2.9501,0.270548,0.364702,0.468116,0.386443
2.96011,0.270539,0.364698,0.468103,0.386426
2.97012,0.270537,0.364701,0.468091,0.386411
2.98009,0.270536,0.364703,0.468077,0.386396
2.9901,0.270534,0.364705,0.468064,0.386381
3.00009,0.270533,0.364707,0.468051,0.386365
3.01008,0.270533,0.36471,0.468038,0.386349
3.02008,0.270533,0.364714,0.468026,0.386333
3.03008,0.270534,0.364718,0.468014,0.386318
3.04008,0.270535,0.364722,0.468002,0.386303
3.05007,0.270535,0.364726,0.467991,0.386287
3.06008,0.270535,0.36473,0.467979,0.386272
3.07007,0.270536,0.364734,0.467968,0.386257
3.08008,0.270536,0.364738,0.467956,0.386242
3.09007,0.270536,0.364742,0.467945,0.386227
3.10007,0.270536,0.364746,0.467934,0.386211
3.11007,0.270536,0.36475,0.467922,0.386197
3.12008,0.270536,0.364754,0.467912,0.386182
3.13008,0.270537,0.364758,0.467901,0.386167
3.14008,0.270537,0.364762,0.467891,0.386152
3.15008,0.270538,0.364767,0.46788,0.386136
3.16008,0.270539,0.364772,0.46787,0.386121
3.17007,0.270539,0.364776,0.46786,0.386106
3.18007,0.27054,0.364781,0.46785,0.38609
3.19007,0.270541,0.364785,0.46784,0.386074
3.20007,0.270542,0.36479,0.467829,0.386059
3.21008,0.270542,0.364793,0.46782,0.386043
3.22008,0.270543,0.364798,0.46781,0.386027
3.23008,0.270544,0.364802,0.467801,0.386011
3.24007,0.270545,0.364807,0.467792,0.385996
3.25007,0.270546,0.364811,0.467783,0.385981
3.26008,0.270546,0.364816,0.467773,0.385966
3.27007,0.270547,0.36482,0.467764,0.385951
3.28008,0.270547,0.364825,0.467755,0.385936
3.29007,0.270547,0.36483,0.467746,0.385921
3.30007,0.270548,0.364834,0.467737,0.385905
3.31007,0.270549,0.364838,0.467729,0.38589
3.32008,0.270549,0.364843,0.46772,0.385874
3.33007,0.27055,0.364848,0.467712,0.385858
3.34008,0.270552,0.364852,0.467703,0.385842
3.35008,0.270553,0.364857,0.467695,0.385826
3.36007,0.270554,0.364861,0.467688,0.38581
3.37009,0.270556,0.364866,0.46768,0.385794
3.38007,0.270557,0.364871,0.467672,0.385779
3.39007,0.270558,0.364877,0.467665,0.385763
3.40007,0.270559,0.364881,0.467657,0.385748
3.41007,0.270559,0.364887,0.467651,0.385732
3.42009,0.270561,0.364891,0.467643,0.385716
3.43009,0.27056,0.364894,0.467636,0.3857
3.44009,0.270558,0.364897,0.467629,0.385685
3.45009,0.270556,0.364899,0.467622,0.385669
3.46009,0.270555,0.364897,0.467612,0.385653
3.47011,0.270556,0.3649,0.467604,0.385637
3.48007,0.270557,0.364904,0.467598,0.385621
3.49008,0.270557,0.364908,0.467593,0.385606
3.50008,0.270558,0.364912,0.467584,0.38559
3.51007,0.270558,0.364917,0.467579,0.385574
3.52008,0.270559,0.364922,0.467574,0.385558
3.53007,0.27056,0.364926,0.467566,0.385544
3.54008,0.270561,0.364931,0.467559,0.385528
3.55007,0.270562,0.364935,0.467554,0.385513
3.56008,0.270563,0.364939,0.467548,0.385498
3.57008,0.270564,0.364942,0.467542,0.385483
3.58008,0.270565,0.364948,0.467536,0.385467
3.59007,0.270566,0.364953,0.46753,0.385452
3.60007,0.270567,0.364958,0.467524,0.385436
3.61007,0.270569,0.364962,0.467519,0.38542
3.62008,0.270569,0.364966,0.467514,0.385405
3.63007,0.27057,0.364971,0.467508,0.385389
3.64008,0.270571,0.364975,0.467503,0.385374
3.65007,0.270572,0.36498,0.467498,0.385358
3.66007,0.270572,0.364985,0.467493,0.385342
3.67007,0.270573,0.36499,0.467489,0.385326
3.68008,0.270574,0.364994,0.467484,0.38531
3.69008,0.270574,0.364999,0.46748,0.385295
3.70008,0.270574,0.365004,0.467476,0.385279
3.71007,0.270575,0.365007,0.467471,0.385263
3.72007,0.270576,0.365012,0.467466,0.385247
3.73008,0.270577,0.365017,0.467462,0.385231
3.74008,0.270577,0.365022,0.467457,0.385216
3.75008,0.270578,0.365026,0.467454,0.3852
3.76007,0.270579,0.365031,0.46745,0.385185
3.77007,0.270581,0.365035,0.467446,0.385169
3.78008,0.270582,0.36504,0.467442,0.385153
3.79007,0.270583,0.365044,0.467439,0.385137
3.80008,0.270584,0.365048,0.467435,0.385122
3.81007,0.270584,0.365052,0.46743,0.385106
3.82007,0.270586,0.365057,0.467427,0.385091
3.83008,0.270586,0.365061,0.467423,0.385075
3.84007,0.270587,0.365066,0.46742,0.385059
3.85008,0.270588,0.365071,0.467416,0.385043
3.86007,0.27059,0.365076,0.467413,0.385028
3.87007,0.27059,0.365081,0.46741,0.385012
3.88007,0.270591,0.365086,0.467408,0.384996
3.89007,0.270592,0.36509,0.467405,0.384981
3.90007,0.270593,0.365095,0.467402,0.384966
3.91007,0.270593,0.3651,0.467399,0.38495
3.92009,0.270594,0.365105,0.467396,0.384934
3.93009,0.270593,0.365108,0.467393,0.384918
3.9401,0.27059,0.36511,0.46739,0.384901
3.9501,0.270587,0.365112,0.467387,0.384885
3.96008,0.270587,0.365116,0.467383,0.384869
3.9701,0.270587,0.365119,0.467381,0.384852
3.9801,0.270585,0.365121,0.467378,0.384837
3.9901,0.270584,0.365123,0.467376,0.384821
4.0001,0.270582,0.365126,0.467374,0.384804
4.01008,0.270582,0.365129,0.467372,0.384788
4.02008,0.270582,0.365133,0.46737,0.384772
4.03007,0.270582,0.365138,0.467369,0.384757
4.04008,0.270583,0.365142,0.467367,0.384741
4.05008,0.270584,0.365147,0.467365,0.384725
4.06008,0.270584,0.365151,0.467364,0.38471
4.07007,0.270585,0.365155,0.467362,0.384694
4.08008,0.270586,0.365159,0.467361,0.384678
4.09007,0.270586,0.365162,0.46736,0.384663
4.10007,0.270586,0.365167,0.467358,0.384647
4.11007,0.270587,0.365171,0.467357,0.384631
4.12008,0.270588,0.365175,0.467355,0.384615
4.13007,0.270588,0.36518,0.467354,0.3846
4.14007,0.27059,0.365185,0.467352,0.384584
4.15008,0.27059,0.365189,0.467352,0.384567
4.16008,0.270592,0.365194,0.467351,0.384551
4.17007,0.270593,0.365199,0.467351,0.384535
4.18008,0.270593,0.365204,0.46735,0.384519
4.19007,0.270594,0.365209,0.46735,0.384504
4.20007,0.270595,0.365214,0.46735,0.384488
4.21008,0.270595,0.365218,0.46735,0.384473
4.22008,0.270596,0.365223,0.46735,0.384457
4.23008,0.270596,0.365227,0.46735,0.384441
4.24008,0.270597,0.365231,0.467349,0.384425
4.25007,0.270598,0.365237,0.46735,0.384409
4.26007,0.270599,0.365242,0.46735,0.384394
4.27007,0.2706,0.365247,0.467351,0.384378
4.28009,0.270601,0.365252,0.467351,0.384363
4.29008,0.270602,0.365257,0.467352,0.384348
4.30008,0.270603,0.365262,0.467352,0.384332
4.31007,0.270604,0.365266,0.467353,0.384317
4.32008,0.270604,0.365271,0.467354,0.384301
4.33008,0.270606,0.365276,0.467355,0.384286
4.34008,0.270607,0.365282,0.467356,0.38427
4.35008,0.270607,0.365286,0.467356,0.384254
4.36007,0.270607,0.365291,0.467358,0.384239
4.37008,0.270608,0.365295,0.467359,0.384223
4.38007,0.270607,0.3653,0.46736,0.384208
4.39007,0.270607,0.365304,0.467362,0.384192
4.40008,0.270608,0.365309,0.467364,0.384177
4.41007,0.270609,0.365313,0.467365,0.384161
4.42009,0.27061,0.365318,0.467367,0.384145
4.43009,0.270609,0.365321,0.467368,0.38413
4.44009,0.270608,0.365325,0.46737,0.384114
4.4501,0.270606,0.365328,0.467371,0.384098
4.46009,0.270606,0.365332,0.467372,0.384081
4.47009,0.270606,0.365336,0.467374,0.384064
4.48008,0.270606,0.365341,0.467376,0.384048
4.49007,0.270607,0.365345,0.467378,0.384033
4.50007,0.270608,0.365349,0.46738,0.384017
4.51007,0.270608,0.365354,0.467382,0.384001
4.52007,0.270609,0.365359,0.467384,0.383986
4.53007,0.27061,0.365364,0.467385,0.38397
4.54007,0.270611,0.365368,0.467388,0.383955
4.55007,0.270612,0.365374,0.467391,0.38394
4.56007,0.270613,0.365379,0.467393,0.383924
4.57007,0.270614,0.365384,0.467396,0.383908
4.58007,0.270615,0.365388,0.467399,0.383893
4.5901,0.270616,0.365393,0.467402,0.383878
4.60008,0.270617,0.365398,0.467405,0.383863
4.61008,0.270618,0.365403,0.467408,0.383847
4.62008,0.270618,0.365407,0.467411,0.383832
4.63008,0.270619,0.365413,0.467414,0.383817
4.64007,0.27062,0.365418,0.467417,0.383802
4.65007,0.270621,0.365423,0.467421,0.383787
4.66007,0.270622,0.365428,0.467424,0.383771
4.67007,0.270623,0.365432,0.467428,0.383756
4.68008,0.270624,0.365436,0.467431,0.383741
4.69009,0.270625,0.365441,0.467435,0.383726
4.70008,0.270626,0.365446,0.467439,0.383711
4.71008,0.270626,0.365451,0.467444,0.383696
4.72008,0.270627,0.365456,0.467448,0.383681
4.73008,0.270628,0.36546,0.467452,0.383666
4.74008,0.270629,0.365465,0.467457,0.383651
4.75008,0.270629,0.36547,0.467461,0.383636
4.76008,0.27063,0.365475,0.467465,0.383621
4.77008,0.270631,0.365479,0.46747,0.383606
4.78008,0.270631,0.365484,0.467474,0.383591
4.79007,0.270632,0.365489,0.467479,0.383577
4.80008,0.270632,0.365494,0.467485,0.383562
4.81008,0.270632,0.365498,0.46749,0.383547
4.82009,0.270633,0.365503,0.467496,0.383532
4.83008,0.270634,0.365508,0.467501,0.383517
4.84007,0.270635,0.365512,0.467507,0.383503
4.85007,0.270636,0.365516,0.467512,0.383489
4.86008,0.270636,0.365521,0.467517,0.383474
4.87008,0.270637,0.365525,0.467523,0.383459
4.88008,0.270637,0.36553,0.467528,0.383444
4.89007,0.270637,0.365535,0.467534,0.383429
4.90009,0.270638,0.36554,0.467539,0.383415
4.91008,0.270638,0.365545,0.467545,0.3834
4.9201,0.270639,0.36555,0.467552,0.383385
4.9301,0.270639,0.365552,0.467559,0.38337
4.9401,0.270639,0.365555,0.467565,0.383354
4.95009,0.270638,0.365558,0.467571,0.38334
4.9601,0.270636,0.36556,0.467577,0.383325
4.9701,0.270636,0.365563,0.467583,0.38331
4.98009,0.270635,0.365565,0.46759,0.383295
4.99011,0.270633,0.365567,0.467596,0.38328
5.0001,0.270631,0.365584,0.467565,0.383289
5.01008,0.270633,0.365598,0.467534,0.383281
5.02008,0.270633,0.365608,0.467501,0.383264
5.03008,0.270634,0.365617,0.467469,0.383244
5.04007,0.270635,0.365624,0.467438,0.383223
5.05007,0.270635,0.365631,0.467404,0.383202
5.06007,0.270635,0.365638,0.46737,0.383179
5.07007,0.270635,0.365645,0.467338,0.383157
5.08007,0.270635,0.365652,0.467306,0.383135
5.09007,0.270635,0.365659,0.467274,0.383113
5.10008,0.270635,0.365666,0.467242,0.38309
5.11008,0.270635,0.365673,0.46721,0.383068
5.12008,0.270636,0.36568,0.467178,0.383046
5.13007,0.270636,0.365688,0.467147,0.383024
5.14008,0.270636,0.365696,0.467115,0.383001
5.15007,0.270637,0.365702,0.467084,0.382978
5.16008,0.270638,0.36571,0.467052,0.382954
5.17008,0.27064,0.365718,0.467021,0.382931
5.18008,0.27064,0.365726,0.46699,0.382908
5.19007,0.27064,0.365734,0.466959,0.382885
5.20007,0.270641,0.365742,0.466929,0.382862
5.21008,0.270641,0.365749,0.466899,0.382839
5.22008,0.270642,0.365756,0.466869,0.382815
5.23008,0.270644,0.365763,0.466839,0.382791
5.24009,0.270644,0.365771,0.466809,0.382768
5.25008,0.270645,0.365779,0.46678,0.382746
5.26008,0.270646,0.365787,0.466751,0.382722
5.27007,0.270647,0.365796,0.466721,0.382699
5.28008,0.270647,0.365804,0.466692,0.382676
5.29008,0.270648,0.365811,0.466663,0.382652
5.30008,0.270648,0.365819,0.466634,0.382629
5.31008,0.270649,0.365826,0.466604,0.382605
5.32008,0.270649,0.365834,0.466576,0.382582
5.33008,0.270651,0.365841,0.466547,0.382558
5.34008,0.270652,0.365848,0.466518,0.382534
5.35007,0.270652,0.365855,0.466491,0.38251
5.36008,0.270653,0.365863,0.466463,0.382487
5.37007,0.270655,0.36587,0.466435,0.382465
5.38007,0.270656,0.365878,0.466407,0.382441
5.39007,0.270657,0.365886,0.466379,0.382417
5.40008,0.270658,0.365895,0.466352,0.382393
5.41008,0.270659,0.365903,0.466324,0.382369
5.4201,0.270661,0.365912,0.466298,0.382346
5.43016,0.270661,0.36592,0.466271,0.382322
5.44009,0.270662,0.365929,0.466243,0.382298
5.45009,0.270664,0.365936,0.466216,0.382275
5.4601,0.270665,0.365945,0.466188,0.382251
5.47019,0.270666,0.365953,0.466161,0.382228
5.48008,0.270667,0.365961,0.466133,0.382205
5.49008,0.270668,0.365969,0.466107,0.382182
5.50007,0.270668,0.365977,0.466081,0.382158
5.51007,0.270669,0.365985,0.466054,0.382135
5.52008,0.27067,0.365993,0.466028,0.382112
5.53007,0.27067,0.366001,0.466002,0.382088
5.54008,0.270671,0.366008,0.465975,0.382065
5.55007,0.270671,0.366015,0.46595,0.382041
5.56008,0.27067,0.366022,0.465925,0.382018
5.57007,0.27067,0.36603,0.4659,0.381995
5.58008,0.270669,0.366037,0.465875,0.381971
5.59008,0.270666,0.366044,0.465849,0.381947
5.60007,0.270664,0.366052,0.465824,0.381922
5.61007,0.270664,0.36606,0.465799,0.381898
5.62008,0.270664,0.366067,0.465775,0.381874
5.63007,0.270665,0.366075,0.46575,0.38185
5.64008,0.270666,0.366083,0.465726,0.381828
5.65007,0.270666,0.366091,0.465701,0.381804
5.66007,0.270666,0.366098,0.465676,0.381782
5.67007,0.270667,0.366106,0.465651,0.381759
5.68007,0.270668,0.366114,0.465627,0.381735
5.69008,0.270669,0.366121,0.465603,0.381712
5.70008,0.27067,0.366129,0.46558,0.381689
5.71007,0.270671,0.366138,0.465556,0.381665
5.72008,0.270673,0.366146,0.465534,0.381641
5.73007,0.270673,0.366154,0.465511,0.381618
5.74007,0.270674,0.366162,0.465488,0.381594
5.75008,0.270675,0.366169,0.465465,0.381571
5.76007,0.270675,0.366177,0.465443,0.381546
5.77007,0.270676,0.366186,0.465421,0.381523
5.78008,0.270677,0.366193,0.465399,0.381499
5.79008,0.270677,0.366201,0.465377,0.381476
5.80007,0.270679,0.366209,0.465355,0.381453
5.81007,0.270679,0.366217,0.465333,0.381431
5.82008,0.270679,0.366226,0.465312,0.381408
5.83008,0.27068,0.366234,0.465292,0.381385
5.84008,0.27068,0.366242,0.465271,0.381361
5.85007,0.270681,0.36625,0.465251,0.381339
5.86007,0.270681,0.366258,0.465232,0.381316
5.87007,0.270682,0.366267,0.465212,0.381293
5.88008,0.270683,0.366275,0.465192,0.38127
5.89008,0.270684,0.366284,0.465173,0.381247
5.90007,0.270685,0.366292,0.465153,0.381224
5.91007,0.270686,0.3663,0.465134,0.381202
5.92008,0.270688,0.366309,0.465116,0.381179
5.93011,0.270688,0.366316,0.465099,0.381156
5.9401,0.270688,0.366323,0.465082,0.381132
5.9501,0.270688,0.36633,0.465063,0.381109
5.96013,0.270686,0.366336,0.465045,0.381086
5.97009,0.270685,0.366342,0.465026,0.381064
5.98009,0.270686,0.36635,0.465011,0.381041
5.9901,0.270687,0.366358,0.464993,0.381019
6.00009,0.270687,0.366367,0.464976,0.380996
6.01015,0.270688,0.366377,0.464959,0.380975
6.02008,0.270691,0.366387,0.464945,0.380952
6.03007,0.270693,0.366398,0.464929,0.38093
6.04007,0.270694,0.366407,0.464915,0.380908
6.05007,0.270695,0.366415,0.464901,0.380886
6.06007,0.270696,0.366423,0.464887,0.380863
6.07007,0.270697,0.366431,0.464872,0.380841
6.08007,0.270698,0.366439,0.464858,0.380819
6.09007,0.270699,0.366447,0.464845,0.380798
6.10007,0.2707,0.366455,0.464832,0.380776
6.11007,0.2707,0.366462,0.46482,0.380753
6.12008,0.270701,0.366471,0.464808,0.380732
6.13008,0.270703,0.366479,0.464796,0.38071
6.14008,0.270704,0.366487,0.464785,0.380688
6.15008,0.270705,0.366494,0.464775,0.380666
6.16008,0.270705,0.366502,0.464763,0.380645
6.17007,0.270705,0.36651,0.464751,0.380623
6.18008,0.270706,0.366518,0.46474,0.380601
6.19007,0.270707,0.366526,0.46473,0.38058
6.20008,0.270707,0.366534,0.46472,0.38056
6.21008,0.270707,0.366542,0.46471,0.38054
6.22009,0.270708,0.366551,0.4647,0.380518
6.23008,0.270709,0.36656,0.464691,0.380497
6.24007,0.27071,0.366569,0.464683,0.380476
6.25008,0.270711,0.366578,0.464674,0.380454
6.26008,0.270713,0.366586,0.464665,0.380434
6.27007,0.270714,0.366595,0.464659,0.380414
6.28008,0.270715,0.366603,0.464651,0.380393
6.29007,0.270716,0.366611,0.464644,0.380372
6.30008,0.270717,0.366619,0.464637,0.380352
6.31007,0.270718,0.366627,0.464631,0.380331
6.32008,0.270719,0.366635,0.464625,0.38031
6.33007,0.27072,0.366643,0.464619,0.380288
6.34008,0.27072,0.366651,0.464613,0.380267
6.35007,0.270721,0.366658,0.464607,0.380246
6.36007,0.270722,0.366667,0.464602,0.380226
6.37007,0.270723,0.366675,0.464597,0.380205
6.38007,0.270724,0.366682,0.464592,0.380184
6.39008,0.270724,0.36669,0.464588,0.380165
6.40007,0.270725,0.366698,0.464584,0.380145
6.41007,0.270725,0.366706,0.46458,0.380124
6.42008,0.270726,0.366714,0.464577,0.380104
6.43009,0.270726,0.366721,0.464574,0.380084
6.4401,0.270727,0.366728,0.464571,0.380064
6.4501,0.270728,0.366738,0.464568,0.380044
6.4601,0.270727,0.366744,0.464566,0.380024
6.4701,0.270726,0.36675,0.464563,0.380003
6.48008,0.270727,0.366757,0.464561,0.379984
6.49008,0.270727,0.366764,0.464559,0.379965
6.50008,0.270726,0.366772,0.464558,0.379945
6.51008,0.270726,0.36678,0.464556,0.379925
6.52008,0.270727,0.366787,0.464555,0.379905
6.53008,0.270727,0.366795,0.464554,0.379886
6.54008,0.270729,0.366802,0.464553,0.379867
6.55008,0.270731,0.36681,0.464552,0.379848
6.56008,0.270732,0.366819,0.464552,0.379828
6.57008,0.270733,0.366828,0.464551,0.379809
6.58007,0.270734,0.366835,0.464551,0.37979
6.59008,0.270735,0.366843,0.464552,0.379771
6.60008,0.270736,0.366851,0.464553,0.379753
6.61008,0.270738,0.366859,0.464554,0.379734
6.62008,0.270738,0.366868,0.464555,0.379715
6.63007,0.270739,0.366876,0.464555,0.379696
6.64007,0.27074,0.366884,0.464556,0.379677
6.65007,0.270741,0.366891,0.464557,0.379659
6.66008,0.270742,0.3669,0.464559,0.379641
6.67008,0.270744,0.366908,0.46456,0.379622
6.68008,0.270744,0.366916,0.464562,0.379603
6.69008,0.270744,0.366924,0.464564,0.379585
6.70007,0.270745,0.366933,0.464565,0.379567
6.71008,0.270746,0.366941,0.464568,0.379548
6.72008,0.270747,0.366949,0.46457,0.37953
6.73008,0.270746,0.366957,0.464572,0.379512
6.74008,0.270746,0.366965,0.464574,0.379494
6.75007,0.270746,0.366974,0.464577,0.379476
6.76008,0.270747,0.366982,0.46458,0.379458
6.77007,0.270748,0.366989,0.464583,0.379441
6.78008,0.270748,0.366997,0.464586,0.379423
6.79007,0.270748,0.367005,0.46459,0.379405
6.80008,0.270749,0.367013,0.464593,0.379387
6.81008,0.27075,0.367021,0.464597,0.37937
6.82008,0.270749,0.367029,0.4646,0.379353
6.83008,0.27075,0.367036,0.464604,0.379335
6.84008,0.27075,0.367044,0.464608,0.379317
6.85008,0.270751,0.367052,0.464612,0.3793
6.86008,0.270751,0.36706,0.464617,0.379283
6.87007,0.270752,0.367068,0.464621,0.379267
6.88007,0.270752,0.367075,0.464627,0.37925
6.89007,0.270752,0.367083,0.464632,0.379233
6.90007,0.270753,0.367091,0.464636,0.379216
6.91008,0.270753,0.367099,0.464639,0.379199
6.92008,0.270756,0.367109,0.464644,0.379184
6.93009,0.270759,0.367118,0.464649,0.379166
6.9401,0.27076,0.367125,0.464654,0.379151
6.9501,0.270761,0.367133,0.464659,0.379134
6.9601,0.270761,0.36714,0.464663,0.379118
6.97009,0.27076,0.367147,0.464667,0.379102
6.98083,0.27076,0.367155,0.464672,0.379086
6.99009,0.270761,0.367162,0.464677,0.379069
7.0001,0.270764,0.36717,0.464682,0.379053
7.0101,0.270766,0.367178,0.464688,0.379037
7.02008,0.270766,0.367187,0.464694,0.379021
7.03009,0.270766,0.367195,0.464699,0.379005
7.04009,0.270766,0.367203,0.464705,0.378989
7.05008,0.270768,0.367212,0.464711,0.378972
7.06007,0.270768,0.367222,0.464716,0.378956
7.07007,0.270768,0.36723,0.464722,0.37894
7.08007,0.270769,0.367238,0.464728,0.378924
7.09007,0.270769,0.367247,0.464733,0.378908
7.10007,0.27077,0.367255,0.46474,0.378893
7.11007,0.270771,0.367264,0.464745,0.378877
7.12007,0.270773,0.367272,0.464751,0.378861
7.13007,0.270774,0.36728,0.464757,0.378846
7.14008,0.270776,0.367288,0.464764,0.37883
7.15008,0.270777,0.367296,0.464772,0.378814
7.16007,0.270777,0.367304,0.464777,0.378799
7.17007,0.270778,0.367312,0.464783,0.378784
7.18007,0.270778,0.36732,0.46479,0.378769
7.19007,0.270779,0.367328,0.464796,0.378754
7.20007,0.27078,0.367336,0.464802,0.378739
7.21008,0.27078,0.367346,0.464808,0.378724
7.22009,0.270781,0.367355,0.464815,0.37871
7.23008,0.270781,0.367363,0.464821,0.378695
7.24008,0.270784,0.367372,0.464828,0.378681
7.25008,0.270786,0.367382,0.464834,0.378667
7.26008,0.270787,0.367392,0.464841,0.378653
7.27008,0.270789,0.367399,0.464848,0.378641
7.28007,0.27079,0.367407,0.464855,0.378629
7.29007,0.270791,0.367416,0.464861,0.378615
7.30007,0.270793,0.367424,0.464865,0.3786
7.31008,0.270793,0.367433,0.464871,0.378585
7.32008,0.270794,0.36744,0.464878,0.37857
7.33008,0.270794,0.367448,0.464885,0.378555
7.34008,0.270794,0.367456,0.464892,0.378541
7.35007,0.270796,0.367465,0.464898,0.378527
7.36008,0.270797,0.367474,0.464904,0.378514
7.37007,0.270798,0.367482,0.464911,0.378501
7.38007,0.270798,0.36749,0.464918,0.378487
7.39008,0.270798,0.367498,0.464924,0.378474
7.40007,0.270799,0.367507,0.464931,0.37846
7.41008,0.270801,0.367515,0.464938,0.378447
7.42008,0.270803,0.367525,0.464945,0.378434
7.43009,0.270805,0.367535,0.464952,0.378421
7.44009,0.270806,0.367544,0.464959,0.378407
7.45009,0.270807,0.367553,0.464966,0.378396
7.46011,0.270809,0.367562,0.464972,0.378384
7.47009,0.270808,0.36757,0.464979,0.37837
7.48008,0.270809,0.367577,0.464986,0.378357
7.49007,0.27081,0.367587,0.464993,0.378344
7.50007,0.270811,0.367596,0.465,0.378331
7.51007,0.270812,0.367604,0.465007,0.378318
7.52013,0.270812,0.367613,0.465014,0.378306
7.53007,0.270813,0.367621,0.465021,0.378293
7.54007,0.270814,0.367628,0.465028,0.37828
7.55007,0.270814,0.367637,0.465035,0.378267
7.56007,0.270814,0.367645,0.465041,0.378254
7.57007,0.270815,0.367653,0.465048,0.378241
7.58007,0.270815,0.367662,0.465054,0.378228
7.59007,0.270815,0.36767,0.46506,0.378215
7.60007,0.270816,0.367679,0.465067,0.378203
7.61007,0.270816,0.367687,0.465073,0.37819
7.6201,0.270815,0.367694,0.465081,0.378177
7.63008,0.270815,0.367703,0.465087,0.378164
7.64008,0.270815,0.36771,0.465092,0.378152
7.65008,0.270815,0.367718,0.465099,0.378139
7.66007,0.270816,0.367726,0.465106,0.378127
7.67007,0.270817,0.367735,0.465113,0.378115
7.68008,0.270817,0.367745,0.46512,0.378103
7.69007,0.270818,0.367753,0.465126,0.37809
7.70007,0.270819,0.367762,0.465132,0.378077
7.71007,0.27082,0.36777,0.465138,0.378065
7.72009,0.270819,0.367779,0.465144,0.378052
7.73008,0.27082,0.367786,0.465149,0.378039
7.74008,0.27082,0.367794,0.465154,0.378026
7.75008,0.270821,0.367804,0.465161,0.378014
7.76007,0.270821,0.367814,0.465168,0.378002
7.77007,0.270822,0.367821,0.465174,0.37799
7.78007,0.270822,0.36783,0.46518,0.377978
7.79007,0.270823,0.367839,0.465186,0.377966
7.80008,0.270824,0.367848,0.465192,0.377955
7.81008,0.270824,0.367856,0.465198,0.377944
7.82011,0.270826,0.367866,0.465204,0.377932
7.83007,0.270826,0.367874,0.46521,0.37792
7.84007,0.270827,0.367882,0.465215,0.377908
7.85007,0.270828,0.367891,0.46522,0.377896
7.86008,0.270829,0.367899,0.465226,0.377884
7.87007,0.27083,0.367908,0.465231,0.377872
7.88007,0.270831,0.367916,0.465236,0.37786
7.89008,0.270833,0.367924,0.465242,0.377848
7.90007,0.270834,0.367933,0.465247,0.377836
7.91007,0.270834,0.367941,0.465252,0.377824
7.92008,0.270835,0.36795,0.465258,0.377813
7.93009,0.270837,0.367959,0.465263,0.377801
7.9401,0.270838,0.367968,0.465268,0.37779
7.95009,0.27084,0.367977,0.465273,0.377778
7.9601,0.270839,0.367985,0.465278,0.377766
7.97008,0.270839,0.367993,0.465284,0.377754
7.98013,0.270839,0.368002,0.465289,0.377742
7.99009,0.270839,0.368009,0.465294,0.377731
8.00009,0.27084,0.368016,0.465297,0.37772
8.01009,0.27084,0.368023,0.465301,0.377708
8.02008,0.270838,0.368029,0.465305,0.377696
8.03008,0.270835,0.368034,0.465309,0.377685
8.04007,0.270834,0.368041,0.465314,0.377674
8.05007,0.270835,0.368048,0.465318,0.377663
8.06007,0.270835,0.368057,0.465323,0.377653
8.07007,0.270835,0.368064,0.465327,0.377641
8.08007,0.270835,0.368072,0.465331,0.37763
8.09007,0.270834,0.36808,0.465335,0.377619
8.10007,0.270835,0.368088,0.46534,0.377607
8.11007,0.270835,0.368096,0.465343,0.377596
8.12007,0.270836,0.368104,0.465348,0.377585
8.13008,0.270836,0.368112,0.465351,0.377574
8.14008,0.270837,0.36812,0.465356,0.377563
8.15007,0.270838,0.368128,0.465359,0.377552
8.16008,0.270838,0.368136,0.465363,0.377542
8.17007,0.270838,0.368143,0.465367,0.377531
8.18008,0.270838,0.368152,0.465371,0.377521
8.19007,0.270839,0.36816,0.465376,0.377509
8.20007,0.27084,0.368169,0.46538,0.377499
8.21008,0.27084,0.368178,0.465384,0.377489
8.22008,0.270841,0.368186,0.465388,0.377478
8.23007,0.270841,0.368194,0.465391,0.377467
8.24007,0.270842,0.368203,0.465395,0.377456
8.25008,0.270843,0.368211,0.465399,0.377445
8.26007,0.270844,0.36822,0.465403,0.377434
8.27007,0.270844,0.368228,0.465407,0.377423
8.28007,0.270846,0.368236,0.46541,0.377413
8.29007,0.270847,0.368244,0.465413,0.377403
8.30007,0.270847,0.368251,0.465417,0.377392
8.31007,0.270848,0.368258,0.46542,0.377381
8.32008,0.270847,0.368266,0.465423,0.37737
8.33007,0.270848,0.368273,0.465426,0.37736
8.34008,0.270847,0.36828,0.465428,0.377348
8.35007,0.270847,0.368287,0.465432,0.377337
8.36007,0.270846,0.368294,0.465434,0.377326
8.37007,0.270845,0.368301,0.465436,0.377315
8.38008,0.270846,0.368309,0.465438,0.377304
8.39008,0.270847,0.368317,0.465441,0.377294
8.40008,0.270848,0.368325,0.465443,0.377284
8.41007,0.270849,0.368333,0.465445,0.377274
8.42008,0.27085,0.368342,0.465448,0.377263
8.43009,0.270852,0.368353,0.465451,0.377253
8.4401,0.270853,0.368362,0.465453,0.377243
8.4501,0.270854,0.368369,0.465454,0.377232
8.4601,0.270853,0.368377,0.465455,0.377221
8.47009,0.270853,0.368385,0.465456,0.377211
8.48008,0.270854,0.368392,0.465457,0.377201
8.49007,0.270855,0.3684,0.465459,0.377191
8.50007,0.270856,0.368407,0.46546,0.37718
8.51007,0.270856,0.368415,0.465462,0.37717
8.52008,0.270856,0.368423,0.465464,0.37716
8.5301,0.270856,0.368432,0.465465,0.377149
8.54008,0.270856,0.36844,0.465466,0.377139
8.55008,0.270857,0.368448,0.465467,0.377129
8.56007,0.270858,0.368457,0.465468,0.377119
8.57008,0.270859,0.368465,0.465468,0.377109
8.58007,0.270859,0.368473,0.465469,0.377098
8.59007,0.27086,0.36848,0.46547,0.377088
8.60007,0.270861,0.368488,0.465471,0.377077
8.61008,0.270862,0.368495,0.465472,0.377066
8.62008,0.270862,0.368503,0.465472,0.377056
8.63007,0.270863,0.368511,0.465472,0.377046
8.64007,0.270864,0.368519,0.465473,0.377036
8.65007,0.270864,0.368527,0.465472,0.377026
8.66008,0.270865,0.368534,0.465473,0.377015
8.67007,0.270867,0.368542,0.465473,0.377006
8.68007,0.270868,0.36855,0.465474,0.376996
8.69007,0.270868,0.368559,0.465474,0.376986
8.70007,0.270869,0.368567,0.465473,0.376976
8.71007,0.270869,0.368575,0.465473,0.376965
8.72008,0.27087,0.368583,0.465473,0.376955
8.73008,0.27087,0.368591,0.465473,0.376945
8.74008,0.270871,0.3686,0.465473,0.376935
8.75007,0.270872,0.368608,0.465472,0.376925
8.76008,0.270872,0.368616,0.465471,0.376915
8.77007,0.270873,0.368624,0.465471,0.376905
8.78007,0.270872,0.368632,0.465471,0.376894
8.79007,0.270873,0.368641,0.465471,0.376884
8.80008,0.270875,0.368649,0.46547,0.376874
8.81007,0.270875,0.368657,0.465469,0.376863
8.82007,0.270876,0.368664,0.465468,0.376853
8.83007,0.270876,0.368672,0.465466,0.376844
8.84008,0.270877,0.368679,0.465465,0.376834
8.85007,0.270878,0.368687,0.465464,0.376824
8.86008,0.270878,0.368694,0.465463,0.376814
8.87007,0.270879,0.368702,0.465462,0.376804
8.88008,0.270879,0.36871,0.46546,0.376793
8.89007,0.27088,0.368718,0.465459,0.376783
8.90007,0.270881,0.368726,0.465457,0.376773
8.91007,0.270882,0.368733,0.465455,0.376762
8.92008,0.270883,0.368741,0.465453,0.376752
8.93009,0.270886,0.368751,0.465452,0.376743
8.9401,0.270888,0.368759,0.46545,0.376733
8.9501,0.270889,0.368767,0.465448,0.376724
8.9601,0.270887,0.368773,0.465446,0.376714
8.97008,0.27089,0.368783,0.465445,0.376704
8.9801,0.270892,0.368791,0.465442,0.376694
8.99009,0.270891,0.368797,0.465439,0.376684
9.0001,0.27089,0.368805,0.465437,0.376674
9.01009,0.270891,0.368812,0.465434,0.376664
9.02008,0.270892,0.368819,0.465431,0.376654
9.03008,0.270893,0.368826,0.465428,0.376644
9.04008,0.270893,0.368834,0.465425,0.376634
9.05008,0.270893,0.368842,0.465421,0.376625
9.06007,0.270894,0.36885,0.465418,0.376615
9.07008,0.270894,0.368858,0.465414,0.376604
9.08008,0.270895,0.368865,0.465411,0.376594
9.09007,0.270895,0.368873,0.465407,0.376584
9.10007,0.270896,0.368881,0.465403,0.376573
9.11008,0.270896,0.36889,0.4654,0.376564
9.12008,0.270896,0.368898,0.465397,0.376554
9.13008,0.270897,0.368906,0.465393,0.376544
9.14008,0.270897,0.368914,0.465389,0.376534
9.15008,0.270898,0.368921,0.465386,0.376524
9.16008,0.270899,0.36893,0.465382,0.376514
9.17007,0.270899,0.368938,0.465378,0.376503
9.18007,0.2709,0.368946,0.465374,0.376493
9.19007,0.270902,0.368953,0.46537,0.376483
9.20008,0.270902,0.368961,0.465366,0.376473
9.21008,0.270902,0.36897,0.465362,0.376463
9.22009,0.270903,0.368978,0.465357,0.376453
9.23008,0.270902,0.368986,0.465352,0.376442
9.24008,0.270903,0.368994,0.465347,0.376432
9.25008,0.270904,0.369001,0.465343,0.376422
9.26008,0.270904,0.369008,0.465338,0.376412
9.27007,0.270905,0.369017,0.465333,0.376401
9.28008,0.270905,0.369024,0.465328,0.37639
9.29007,0.270904,0.369031,0.465323,0.37638
9.30007,0.270905,0.369039,0.465318,0.37637
9.31008,0.270905,0.369046,0.465313,0.37636
9.32008,0.270905,0.369054,0.465307,0.37635
9.33008,0.270906,0.369062,0.465301,0.37634
9.34007,0.270907,0.36907,0.465296,0.376329
9.35007,0.270908,0.369078,0.46529,0.376319
9.36007,0.270909,0.369086,0.465284,0.376308
9.37008,0.270909,0.369094,0.465278,0.376297
9.38008,0.270909,0.369102,0.465271,0.376287
9.39007,0.270909,0.36911,0.465265,0.376277
9.40007,0.270909,0.369117,0.465259,0.376266
9.41007,0.27091,0.369124,0.465252,0.376255
9.42008,0.270908,0.369134,0.465246,0.376244
9.4301,0.270911,0.369144,0.46524,0.376234
9.44009,0.270913,0.369152,0.465234,0.376224
9.45009,0.270912,0.36916,0.465228,0.376213
9.4601,0.270912,0.369166,0.465221,0.376202
9.47009,0.270913,0.369174,0.465215,0.376193
9.48008,0.270914,0.369181,0.465207,0.376181
9.49007,0.270915,0.369189,0.465201,0.37617
9.50007,0.270916,0.369197,0.465194,0.376159
9.51008,0.270915,0.369205,0.465188,0.376149
9.52008,0.270916,0.369213,0.465181,0.376138
9.53008,0.270916,0.369221,0.465173,0.376128
9.54008,0.270917,0.369229,0.465166,0.376116
9.55008,0.270918,0.369237,0.465158,0.376106
9.56007,0.270919,0.369245,0.46515,0.376094
9.57008,0.270919,0.369252,0.465142,0.376084
9.58008,0.27092,0.36926,0.465135,0.376073
9.59007,0.270921,0.369267,0.465127,0.376062
9.60007,0.270921,0.369274,0.465119,0.376053
9.61008,0.270921,0.369282,0.465111,0.376042
9.62008,0.270922,0.36929,0.465102,0.376031
9.63008,0.270922,0.369298,0.465095,0.376021
9.64008,0.270923,0.369307,0.465087,0.376009
9.65008,0.270924,0.369315,0.465079,0.375998
9.66007,0.270924,0.369323,0.46507,0.375988
9.67008,0.270924,0.36933,0.465059,0.375978
9.68008,0.270925,0.369338,0.46505,0.375966
9.69007,0.270925,0.369346,0.46504,0.375956
9.70008,0.270926,0.369354,0.465031,0.375946
9.71008,0.270926,0.369361,0.465022,0.375936
9.72008,0.270926,0.369369,0.465013,0.375924
9.73008,0.270926,0.369376,0.465003,0.375913
9.74009,0.270927,0.369385,0.464995,0.375901
9.75008,0.270927,0.369393,0.464985,0.37589
9.76008,0.270927,0.369401,0.464974,0.375879
9.77007,0.270927,0.369408,0.464965,0.375868
9.78007,0.270928,0.369416,0.464955,0.375857
9.79008,0.270928,0.369424,0.464945,0.375846
9.80008,0.270929,0.369433,0.464936,0.375835
9.81008,0.27093,0.369441,0.464927,0.375824
9.82008,0.270931,0.369448,0.464917,0.375813
9.83007,0.270932,0.369456,0.464907,0.375802
9.84009,0.270933,0.369463,0.464897,0.375791
9.85008,0.270934,0.369471,0.464887,0.375778
9.86007,0.270934,0.369478,0.464877,0.375767
9.87008,0.270934,0.369485,0.464866,0.375756
9.88007,0.270935,0.369493,0.464855,0.375744
9.89007,0.270935,0.369501,0.464844,0.375733
9.90007,0.270936,0.369509,0.464834,0.375722
9.91007,0.270936,0.369517,0.464823,0.375711
9.92008,0.270937,0.369525,0.464811,0.3757
9.93009,0.270938,0.369533,0.464801,0.375689
9.94011,0.270939,0.369541,0.464789,0.375678
9.95011,0.27094,0.36955,0.464777,0.375668
9.9601,0.27094,0.36956,0.464765,0.375658
9.97009,0.270941,0.369568,0.464753,0.375646
9.9801,0.270943,0.369575,0.464741,0.375633
9.99009,0.270942,0.369582,0.464729,0.375622
10.0001,0.270944,0.36959,0.464717,0.37561
10.0101,0.270944,0.369598,0.464705,0.375597
10.0201,0.270945,0.369606,0.464693,0.375586
10.0301,0.270946,0.369615,0.464681,0.375574
10.0401,0.270947,0.369624,0.46467,0.375563
10.0501,0.270948,0.369632,0.464658,0.375551
10.0601,0.270949,0.36964,0.464645,0.375539
10.0701,0.270949,0.369649,0.464633,0.375528
10.0801,0.270951,0.369657,0.464621,0.375516
10.0901,0.270952,0.369665,0.464607,0.375504
10.1001,0.270951,0.369673,0.464594,0.375493
10.1101,0.270951,0.36968,0.464581,0.375482
10.1201,0.270951,0.369688,0.464567,0.37547
10.1301,0.270952,0.369697,0.464554,0.375457
10.1401,0.270953,0.369705,0.464539,0.375445
10.1501,0.270954,0.369713,0.464525,0.375432
10.1601,0.270954,0.36972,0.464511,0.375419
10.1701,0.270955,0.369726,0.464498,0.375406
10.1801,0.270957,0.369735,0.464483,0.375393
10.1901,0.270958,0.369742,0.46447,0.375381
10.2001,0.270958,0.36975,0.464456,0.375368
10.2101,0.270958,0.369756,0.464443,0.375356
10.2201,0.270959,0.369763,0.464429,0.375343
10.2301,0.270958,0.36977,0.464415,0.37533
10.2401,0.270959,0.369778,0.4644,0.375317
10.2501,0.27096,0.369786,0.464386,0.375305
10.2601,0.270961,0.369795,0.464371,0.375293
10.2701,0.270961,0.369803,0.464357,0.37528
10.2801,0.270961,0.369811,0.464342,0.375268
10.2901,0.270962,0.36982,0.464326,0.375255
10.3001,0.270963,0.369828,0.464311,0.375242
10.3101,0.270962,0.369837,0.464296,0.375229
10.3201,0.270963,0.369844,0.464281,0.375216
10.3301,0.270963,0.369852,0.464265,0.375203
10.3401,0.270963,0.36986,0.46425,0.37519
10.3501,0.270964,0.369867,0.464234,0.375177
10.3601,0.270964,0.369875,0.464219,0.375164
10.3701,0.270964,0.369883,0.464203,0.375151
10.3801,0.270964,0.369891,0.464188,0.375139
10.3901,0.270965,0.369899,0.464171,0.375125
10.4001,0.270966,0.369907,0.464155,0.375113
10.4101,0.270966,0.369914,0.464139,0.3751
10.4201,0.270968,0.369922,0.464123,0.375087
10.4301,0.27097,0.369929,0.464107,0.375074
10.4401,0.27097,0.369937,0.46409,0.37506
10.4501,0.27097,0.369944,0.464073,0.375047
10.4601,0.27097,0.369955,0.464057,0.375035
10.4701,0.270972,0.369964,0.46404,0.375021
10.4801,0.270974,0.369971,0.464022,0.375008
10.4901,0.270974,0.369978,0.464005,0.374995
10.5001,0.270974,0.369985,0.463987,0.37498
10.5101,0.270975,0.369993,0.46397,0.374967
10.5201,0.270975,0.369999,0.463952,0.374953
10.5301,0.270976,0.370006,0.463935,0.37494
10.5401,0.270977,0.370013,0.463917,0.374927
10.5501,0.270977,0.370021,0.463899,0.374913
10.5601,0.270978,0.370029,0.463881,0.3749
10.5701,0.270978,0.370037,0.463863,0.374886
10.5801,0.270979,0.370045,0.463845,0.374873
10.5901,0.27098,0.370052,0.463826,0.374859
10.6001,0.27098,0.37006,0.463808,0.374845
10.6101,0.27098,0.370067,0.463789,0.374831
10.6201,0.27098,0.370074,0.46377,0.374818
10.6301,0.270981,0.370082,0.463751,0.374804
10.6401,0.270982,0.370089,0.463732,0.37479
10.6501,0.270983,0.370096,0.463713,0.374776
10.6601,0.270981,0.370104,0.463694,0.374763
10.6701,0.27098,0.370112,0.463674,0.374749
10.6801,0.270981,0.37012,0.463655,0.374735
10.6901,0.270983,0.370127,0.463635,0.374721
10.7001,0.270984,0.370134,0.463616,0.374708
10.7101,0.270984,0.370142,0.463596,0.374694
10.7201,0.270985,0.370148,0.463577,0.374681
10.7301,0.270986,0.370156,0.463556,0.374666
10.7401,0.270987,0.370163,0.463536,0.374653
10.7501,0.270988,0.37017,0.463516,0.37464
10.7601,0.270988,0.370178,0.463495,0.374625
10.7701,0.270989,0.370185,0.463475,0.374611
10.7801,0.27099,0.370193,0.463455,0.374597
10.7901,0.270991,0.3702,0.463434,0.374583
10.8001,0.270991,0.370207,0.463413,0.374569
10.8101,0.270992,0.370214,0.463392,0.374555
10.8201,0.270993,0.370222,0.46337,0.37454
10.8301,0.270994,0.370229,0.463349,0.374525
10.8401,0.270995,0.370236,0.463327,0.374511
10.8501,0.270996,0.370244,0.463305,0.374497
10.8601,0.270996,0.37025,0.463284,0.374483
10.8701,0.270997,0.370257,0.463262,0.374468
10.8801,0.270998,0.370265,0.463241,0.374453
10.8901,0.270998,0.370272,0.463218,0.374439
10.9001,0.270999,0.370279,0.463196,0.374424
10.9101,0.270999,0.370287,0.463173,0.374409
10.9201,0.271001,0.370295,0.463151,0.374395
10.9301,0.271003,0.370302,0.463128,0.37438
10.9401,0.271005,0.37031,0.463105,0.374365
10.9501,0.271005,0.370318,0.463082,0.37435
10.9601,0.271005,0.370324,0.46306,0.374334
10.9701,0.271005,0.370333,0.463037,0.374318
10.9801,0.271006,0.370341,0.463014,0.374303
10.9901,0.271007,0.370347,0.462989,0.374289
11.0001,0.271007,0.370354,0.462965,0.374274
11.0101,0.271008,0.370361,0.462942,0.374259
11.0201,0.271008,0.370369,0.462918,0.374245
11.0301,0.271009,0.370377,0.462893,0.37423
11.0401,0.27101,0.370385,0.462869,0.374215
11.0501,0.271011,0.370393,0.462845,0.3742
11.0601,0.271011,0.370399,0.46282,0.374186
11.0701,0.271011,0.370406,0.462795,0.374171
11.0801,0.27101,0.370413,0.462771,0.374156
11.0901,0.27101,0.370419,0.462745,0.37414
11.1001,0.27101,0.370427,0.46272,0.374125
11.1101,0.271009,0.370433,0.462693,0.374109
11.1201,0.271008,0.370439,0.462667,0.374095
11.1301,0.271007,0.370445,0.46264,0.37408
11.1401,0.271007,0.370451,0.462614,0.374065
11.1501,0.271008,0.370458,0.462588,0.37405
11.1601,0.271008,0.370466,0.462562,0.374035
11.1701,0.271008,0.370473,0.462535,0.374021
11.1801,0.271009,0.37048,0.462509,0.374006
11.1901,0.27101,0.370488,0.462483,0.373991
11.2001,0.27101,0.370496,0.462457,0.373976
11.2101,0.271011,0.370504,0.462429,0.373961
11.2201,0.271011,0.370511,0.462402,0.373946
11.2301,0.271011,0.370518,0.462375,0.373931
11.2401,0.271011,0.370525,0.462348,0.373916
11.2501,0.271011,0.370533,0.46232,0.373901
11.2601,0.271011,0.37054,0.462292,0.373886
11.2701,0.271012,0.370547,0.462265,0.373871
11.2801,0.271012,0.370554,0.462237,0.373856
11.2901,0.271012,0.37056,0.462209,0.37384
11.3001,0.271012,0.370567,0.46218,0.373825
11.3101,0.271013,0.370574,0.462151,0.373809
11.3201,0.271013,0.370581,0.462122,0.373794
11.3301,0.271014,0.370588,0.462094,0.373779
11.3401,0.271015,0.370595,0.462066,0.373764
11.3501,0.271016,0.370602,0.462036,0.373748
11.3601,0.271016,0.37061,0.462007,0.373733
11.3701,0.271017,0.370618,0.461978,0.373717
11.3801,0.271017,0.370626,0.461947,0.373702
11.3901,0.271018,0.370633,0.461917,0.373688
11.4001,0.271019,0.370638,0.461887,0.373672
11.4101,0.271019,0.370643,0.461857,0.373658
11.4201,0.271021,0.370652,0.461827,0.373643
11.4301,0.271024,0.37066,0.461797,0.373629
11.4401,0.271025,0.370668,0.461766,0.373613
11.4501,0.271025,0.370675,0.461736,0.373597
11.4601,0.271026,0.370681,0.461706,0.373581
11.4701,0.27102,0.370684,0.461673,0.373565
11.4801,0.27102,0.37069,0.461642,0.37355
11.4901,0.27102,0.370697,0.46161,0.373534
11.5001,0.27102,0.370704,0.46158,0.373519
11.5101,0.27102,0.370711,0.461548,0.373504
11.5201,0.27102,0.370719,0.461515,0.373488
11.5301,0.27102,0.370726,0.461483,0.373472
11.5401,0.271021,0.370732,0.461452,0.373457
11.5501,0.271021,0.370738,0.461421,0.373443
11.5601,0.271021,0.370744,0.461387,0.373428
11.5701,0.271021,0.370751,0.461353,0.373411
11.5801,0.271021,0.370757,0.461319,0.373396
11.5901,0.271021,0.370763,0.461286,0.373381
11.6001,0.271022,0.370771,0.461252,0.373367
11.6101,0.271024,0.370778,0.461219,0.373351
11.6201,0.271026,0.370784,0.461185,0.373335
11.6301,0.271026,0.370791,0.461152,0.373321
11.6401,0.271026,0.370798,0.461118,0.373305
11.6501,0.271028,0.370805,0.461085,0.373289
11.6601,0.271029,0.370812,0.461051,0.373274
11.6701,0.271029,0.370819,0.461017,0.373258
11.6801,0.271029,0.370826,0.460983,0.373242
11.6901,0.271029,0.370833,0.460949,0.373226
11.7001,0.271029,0.37084,0.460914,0.37321
11.7101,0.271031,0.370847,0.460878,0.373194
11.7201,0.271032,0.370853,0.460842,0.373178
11.7301,0.271033,0.37086,0.460806,0.373162
11.7401,0.271033,0.370866,0.460769,0.373146
11.7501,0.271034,0.370873,0.460733,0.37313
11.7601,0.271035,0.37088,0.460696,0.373115
11.7701,0.271036,0.370886,0.46066,0.373099
11.7801,0.271037,0.370894,0.460625,0.373084
11.7901,0.271037,0.370901,0.460589,0.373068
11.8001,0.271038,0.370909,0.460553,0.373052
11.8101,0.271038,0.370916,0.460517,0.373037
11.8201,0.271038,0.370923,0.46048,0.373021
11.8301,0.271039,0.370928,0.460443,0.373005
11.8401,0.271039,0.370935,0.460405,0.372989
11.8501,0.271039,0.370941,0.460367,0.372974
11.8601,0.27104,0.370947,0.460329,0.372959
11.8701,0.271041,0.370953,0.460291,0.372943
11.8801,0.271041,0.37096,0.460252,0.372927
11.8901,0.271042,0.370967,0.460214,0.372912
11.9001,0.271042,0.370974,0.460175,0.372895
11.9101,0.271043,0.370981,0.460138,0.37288
11.9201,0.271044,0.370989,0.4601,0.372864
11.9301,0.271047,0.370998,0.460061,0.372849
11.9401,0.271048,0.371005,0.460022,0.372832
11.9501,0.27105,0.371012,0.459983,0.372816
11.9601,0.27105,0.371023,0.459944,0.3728
11.9701,0.27105,0.37103,0.459905,0.372783
11.9801,0.271049,0.371037,0.459865,0.372767
11.9901,0.271051,0.371045,0.459825,0.372751
12.0001,0.271052,0.371051,0.459784,0.372734
12.0101,0.271055,0.371059,0.459744,0.372717
12.0201,0.271057,0.371066,0.459704,0.372701
12.0301,0.27106,0.371075,0.459664,0.372685
12.0401,0.271062,0.371084,0.459624,0.372669
12.0501,0.271063,0.371092,0.459583,0.372652
12.0601,0.271065,0.371099,0.459542,0.372636
12.0701,0.271065,0.371106,0.459501,0.372621
12.0801,0.271066,0.371113,0.459459,0.372605
12.0901,0.271066,0.37112,0.459418,0.372589
12.1001,0.271067,0.371127,0.459376,0.372572
12.1101,0.271069,0.371134,0.459334,0.372555
12.1201,0.27107,0.37114,0.459291,0.372539
12.1301,0.271071,0.371148,0.459249,0.372523
12.1401,0.271071,0.371154,0.459206,0.372506
12.1501,0.271072,0.371161,0.459163,0.372489
12.1601,0.271073,0.371167,0.459119,0.372473
12.1701,0.271073,0.371174,0.459075,0.372456
12.1801,0.271074,0.37118,0.459031,0.37244
12.1901,0.271074,0.371187,0.458987,0.372424
12.2001,0.271074,0.371193,0.458943,0.372409
12.2101,0.271073,0.3712,0.458899,0.372393
12.2201,0.271073,0.371207,0.458855,0.372375
12.2301,0.271074,0.371213,0.45881,0.372359
12.2401,0.271074,0.37122,0.458765,0.372342
12.2501,0.271074,0.371227,0.45872,0.372325
12.2601,0.271074,0.371235,0.458675,0.372308
12.2701,0.271076,0.37124,0.45863,0.372292
12.2801,0.271076,0.371246,0.458585,0.372276
12.2901,0.271077,0.371253,0.45854,0.372261
12.3001,0.271077,0.371259,0.458495,0.372245
12.3101,0.271078,0.371265,0.458448,0.372227
12.3201,0.271078,0.371272,0.458402,0.37221
12.3301,0.271078,0.371279,0.458356,0.372194
12.3401,0.271078,0.371284,0.458309,0.372178
12.3501,0.271079,0.37129,0.458263,0.372162
12.3601,0.27108,0.371297,0.458216,0.372145
12.3701,0.27108,0.371303,0.458169,0.372129
12.3801,0.271081,0.37131,0.458122,0.372112
12.3901,0.27108,0.371316,0.458074,0.372096
12.4001,0.27108,0.371323,0.458025,0.37208
12.4101,0.27108,0.37133,0.457978,0.372064
12.4201,0.271081,0.371337,0.45793,0.372048
12.4301,0.271083,0.371345,0.457882,0.372032
12.4401,0.271083,0.371352,0.457834,0.372016
12.4501,0.271084,0.371359,0.457785,0.371999
12.4601,0.271087,0.371364,0.457736,0.371983
12.4701,0.271085,0.371369,0.457687,0.371966
12.4801,0.271084,0.371376,0.457637,0.371949
12.4901,0.271083,0.371382,0.457587,0.371933
12.5001,0.271083,0.371388,0.457537,0.371917
12.5101,0.271084,0.371394,0.457487,0.3719
12.5201,0.271084,0.3714,0.457436,0.371883
12.5301,0.271084,0.371406,0.457385,0.371866
12.5401,0.271085,0.371412,0.457334,0.37185
12.5501,0.271086,0.37142,0.457283,0.371832
12.5601,0.271088,0.371426,0.457231,0.371816
12.5701,0.271089,0.371434,0.45718,0.371799
12.5801,0.27109,0.371441,0.457128,0.371782
12.5901,0.271091,0.371448,0.457077,0.371765
12.6001,0.271092,0.371454,0.457026,0.371748
12.6101,0.271092,0.371461,0.456974,0.371731
12.6201,0.271093,0.371468,0.456922,0.371714
12.6301,0.271093,0.371474,0.456869,0.371696
12.6401,0.271091,0.371479,0.456816,0.371679
12.6501,0.271092,0.371485,0.456763,0.371663
12.6601,0.271092,0.371491,0.45671,0.371646
12.6701,0.271093,0.371497,0.456657,0.37163
12.6801,0.271093,0.371505,0.456604,0.371613
12.6901,0.271094,0.371511,0.456551,0.371596
12.7001,0.271094,0.371518,0.456497,0.37158
12.7101,0.271094,0.371524,0.456441,0.371564
12.7201,0.271094,0.371531,0.456386,0.371547
12.7301,0.271094,0.371536,0.456331,0.37153
12.7401,0.271095,0.371544,0.456276,0.371513
12.7501,0.271095,0.371551,0.456221,0.371497
12.7601,0.271096,0.371558,0.456166,0.371481
12.7701,0.271098,0.371565,0.45611,0.371464
12.7801,0.2711,0.371573,0.456055,0.371448
12.7901,0.2711,0.371579,0.456,0.371432
12.8001,0.2711,0.371586,0.455944,0.371415
12.8101,0.271103,0.371595,0.455888,0.371399
12.8201,0.271104,0.371602,0.455832,0.371383
12.8301,0.271106,0.371611,0.455776,0.371367
12.8401,0.271106,0.371618,0.455721,0.37135
12.8501,0.271106,0.371625,0.455665,0.371333
12.8601,0.271107,0.371632,0.455608,0.371316
12.8701,0.271108,0.371638,0.455551,0.3713
12.8801,0.271108,0.371644,0.455494,0.371283
12.8901,0.271108,0.371651,0.455436,0.371267
12.9001,0.271107,0.371657,0.455379,0.371251
12.9101,0.271107,0.371662,0.455322,0.371234
12.9201,0.271108,0.371667,0.455263,0.371218
12.9301,0.27111,0.371675,0.455205,0.371201
12.9401,0.271111,0.371682,0.455145,0.371185
12.9501,0.271112,0.371689,0.455086,0.371168
12.9601,0.271119,0.371699,0.455026,0.371151
12.9701,0.271121,0.371701,0.454965,0.371135
12.9801,0.271122,0.371706,0.454905,0.371118
12.9901,0.271122,0.371712,0.454846,0.371101
13.0001,0.271122,0.371719,0.454786,0.371084
13.0101,0.271123,0.371727,0.454727,0.371068
13.0201,0.271123,0.371734,0.454668,0.371051
13.0301,0.271124,0.37174,0.454607,0.371034
13.0401,0.271124,0.371747,0.454547,0.371017
13.0501,0.271126,0.371753,0.454487,0.371001
13.0601,0.271127,0.37176,0.454426,0.370984
13.0701,0.271128,0.371766,0.454365,0.370966
13.0801,0.271129,0.371773,0.454304,0.37095
13.0901,0.27113,0.371779,0.454243,0.370933
13.1001,0.271131,0.371786,0.454182,0.370916
13.1101,0.271132,0.371793,0.45412,0.370899
13.1201,0.271132,0.3718,0.454057,0.370882
13.1301,0.271134,0.371807,0.453996,0.370864
13.1401,0.271134,0.371813,0.453934,0.370847
13.1501,0.271134,0.371819,0.453872,0.370829
13.1601,0.271135,0.371826,0.453809,0.370812
13.1701,0.271136,0.371833,0.453746,0.370795
13.1801,0.271136,0.371839,0.453683,0.370779
13.1901,0.271136,0.371846,0.45362,0.370762
13.2001,0.271136,0.371852,0.453557,0.370745
13.2101,0.271137,0.37186,0.453493,0.370728
13.2201,0.271137,0.371867,0.453429,0.370712
13.2301,0.271137,0.371873,0.453364,0.370695
13.2401,0.271137,0.371879,0.4533,0.370678
13.2501,0.271137,0.371885,0.453236,0.37066
13.2601,0.271138,0.371892,0.453171,0.370643
13.2701,0.271139,0.371897,0.453107,0.370626
13.2801,0.271141,0.371903,0.453042,0.370608
13.2901,0.271142,0.371909,0.452977,0.370591
13.3001,0.271142,0.371915,0.452912,0.370574
13.3101,0.271143,0.371922,0.452846,0.370557
13.3201,0.271144,0.371929,0.45278,0.370541
13.3301,0.271145,0.371934,0.452714,0.370524
13.3401,0.271145,0.371942,0.452648,0.370508
13.3501,0.271145,0.371947,0.452581,0.370491
13.3601,0.271146,0.371954,0.452515,0.370474
13.3701,0.271147,0.371958,0.452448,0.370457
13.3801,0.271147,0.371964,0.452381,0.370441
13.3901,0.271147,0.371969,0.452313,0.370424
13.4001,0.271148,0.371975,0.452246,0.370407
13.4101,0.271149,0.371981,0.452177,0.37039
13.4201,0.271149,0.371988,0.45211,0.370373
13.4301,0.271152,0.371995,0.452041,0.370357
13.4401,0.271153,0.372002,0.451973,0.370339
13.4501,0.271154,0.372008,0.451904,0.370322
13.4601,0.271155,0.372018,0.451837,0.370305
13.4701,0.271155,0.372027,0.451769,0.370287
13.4801,0.271155,0.372034,0.4517,0.370271
13.4901,0.271156,0.37204,0.45163,0.370254
13.5001,0.271157,0.372046,0.451562,0.370237
13.5101,0.271158,0.372052,0.451492,0.370221
13.5201,0.271158,0.372057,0.451421,0.370204
13.5301,0.271158,0.372064,0.451352,0.370186
13.5401,0.271158,0.372069,0.451283,0.370169
13.5501,0.271158,0.372076,0.451212,0.370151
13.5601,0.271158,0.372083,0.451141,0.370134
13.5701,0.271159,0.37209,0.451071,0.370116
13.5801,0.271159,0.372096,0.451,0.370099
13.5901,0.27116,0.372102,0.450929,0.370082
13.6001,0.27116,0.372109,0.450859,0.370065
13.6101,0.27116,0.372114,0.450788,0.370049
13.6201,0.271161,0.372121,0.450717,0.370031
13.6301,0.271162,0.372126,0.450646,0.370014
13.6401,0.271163,0.372132,0.450574,0.369998
13.6501,0.271162,0.372138,0.450502,0.369982
13.6601,0.271164,0.372144,0.45043,0.369966
13.6701,0.271165,0.372149,0.450357,0.369949
13.6801,0.271165,0.372155,0.450285,0.369932
13.6901,0.271166,0.37216,0.450212,0.369915
13.7001,0.271167,0.372166,0.45014,0.369898
13.7101,0.271168,0.372173,0.450067,0.369881
13.7201,0.271168,0.372179,0.449994,0.369865
13.7301,0.27117,0.372185,0.44992,0.369848
13.7401,0.27117,0.37219,0.449847,0.369831
13.7501,0.271171,0.372197,0.449773,0.369814
13.7601,0.271171,0.372203,0.449698,0.369797
13.7701,0.271171,0.372209,0.449624,0.36978
13.7801,0.271171,0.372216,0.449549,0.369763
13.7901,0.271172,0.372222,0.449475,0.369746
13.8001,0.271171,0.372229,0.449401,0.369729
13.8101,0.271172,0.372236,0.449326,0.369713
13.8201,0.271172,0.372242,0.449251,0.369696
13.8301,0.271172,0.372247,0.449176,0.369679
13.8401,0.271171,0.372252,0.449101,0.369662
13.8501,0.271171,0.372257,0.449025,0.369645
13.8601,0.27117,0.372262,0.448948,0.369627
13.8701,0.27117,0.372267,0.448872,0.369611
13.8801,0.271169,0.372272,0.448795,0.369594
13.8901,0.271169,0.372277,0.448719,0.369576
13.9001,0.271168,0.372281,0.448642,0.369559
13.9101,0.271168,0.372285,0.448566,0.369541
13.9201,0.271168,0.372291,0.44849,0.369525
13.9301,0.271169,0.372298,0.448414,0.369509
13.9401,0.271171,0.372304,0.448337,0.369493
13.9503,0.271173,0.37231,0.448259,0.369477
13.9601,0.271172,0.372314,0.448182,0.369461
13.9701,0.271172,0.372318,0.448103,0.369443
13.9801,0.271172,0.372325,0.448025,0.369427
13.9901,0.271172,0.37233,0.447947,0.36941
14.0001,0.271172,0.372335,0.447867,0.369393
14.0101,0.271173,0.372341,0.447788,0.369377
14.0201,0.271173,0.372346,0.447709,0.36936
14.0301,0.271171,0.37235,0.447629,0.369344
14.0401,0.271169,0.372354,0.447549,0.369327
14.0501,0.271168,0.372358,0.44747,0.36931
14.0601,0.271168,0.372364,0.44739,0.369293
14.0701,0.271167,0.372369,0.44731,0.369277
14.0801,0.271167,0.372374,0.447231,0.369261
14.0901,0.271167,0.37238,0.447151,0.369244
14.1001,0.271167,0.372385,0.44707,0.369227
14.1101,0.271168,0.372391,0.44699,0.369211
14.1201,0.271168,0.372396,0.44691,0.369195
14.1301,0.271169,0.372401,0.44683,0.369178
14.1401,0.271169,0.372406,0.44675,0.369162
14.1501,0.27117,0.372412,0.446669,0.369146
14.1601,0.271169,0.372418,0.446587,0.369131
14.1701,0.271169,0.372423,0.446505,0.369115
14.1801,0.27117,0.372428,0.446423,0.369099
14.1901,0.27117,0.372433,0.446341,0.369082
14.2001,0.27117,0.372439,0.446259,0.369065
14.2101,0.271171,0.372445,0.446177,0.369049
14.2201,0.271172,0.37245,0.446094,0.369032
14.2301,0.271172,0.372457,0.446012,0.369016
14.2401,0.271173,0.372464,0.445929,0.369
14.2501,0.271174,0.37247,0.445846,0.368982
14.2601,0.271175,0.372476,0.445764,0.368966
14.2701,0.271174,0.372481,0.445681,0.368949
14.2801,0.271175,0.372487,0.445597,0.368933
14.2901,0.271174,0.372492,0.445513,0.368916
14.3001,0.271175,0.372497,0.445429,0.3689
14.3101,0.271176,0.372503,0.445345,0.368883
14.3201,0.271176,0.372508,0.445261,0.368866
14.3301,0.271175,0.372513,0.445176,0.368849
14.3401,0.271176,0.372518,0.445091,0.368833
14.3501,0.271177,0.372524,0.445007,0.368816
14.3601,0.271178,0.37253,0.444921,0.368799
14.3701,0.27118,0.372536,0.444836,0.368783
14.3801,0.271181,0.372542,0.44475,0.368766
14.3901,0.271182,0.372548,0.444664,0.36875
14.4001,0.271183,0.372554,0.444578,0.368734
14.4101,0.271183,0.37256,0.444493,0.368718
14.4201,0.271182,0.372566,0.444406,0.368702
14.4305,0.271184,0.372573,0.44432,0.368685
14.4402,0.271184,0.372579,0.444233,0.368668
14.4501,0.271185,0.372584,0.444146,0.368651
14.4601,0.271184,0.372587,0.44406,0.368636
14.4701,0.271184,0.372592,0.443973,0.368618
14.4801,0.271184,0.372598,0.443886,0.368601
14.4901,0.271184,0.372602,0.443798,0.368585
14.5001,0.271185,0.372609,0.44371,0.368568
14.5101,0.271186,0.372614,0.443623,0.368551
14.5201,0.271186,0.37262,0.443535,0.368535
14.5301,0.271187,0.372627,0.443448,0.368518
14.5401,0.271188,0.372633,0.44336,0.368501
14.5501,0.271188,0.372638,0.44327,0.368484
14.5601,0.271188,0.372644,0.443183,0.368468
14.5701,0.271189,0.372649,0.443093,0.368452
14.5801,0.271189,0.372655,0.443004,0.368435
14.5901,0.27119,0.37266,0.442915,0.368418
14.6001,0.271191,0.372666,0.442825,0.368402
14.6101,0.271192,0.372672,0.442735,0.368385
14.6201,0.271193,0.372677,0.442647,0.368368
14.6301,0.271194,0.372683,0.442557,0.368351
14.6401,0.271194,0.372688,0.442467,0.368335
14.6501,0.271194,0.372693,0.442376,0.368319
14.6601,0.271195,0.372698,0.442285,0.368302
14.6701,0.271194,0.372705,0.442194,0.368286
14.6801,0.271194,0.372711,0.442104,0.368269
14.6901,0.271194,0.372716,0.442013,0.368252
14.7001,0.271194,0.372721,0.441921,0.368235
14.7101,0.271196,0.372726,0.441829,0.368218
14.7201,0.271196,0.372732,0.441736,0.368201
14.7301,0.271197,0.372737,0.441644,0.368184
14.7401,0.271197,0.372743,0.441551,0.368168
14.7501,0.271198,0.372748,0.441459,0.368151
14.7601,0.271198,0.372754,0.441367,0.368135
14.7701,0.271199,0.372759,0.441273,0.368118
14.7801,0.2712,0.372764,0.44118,0.368101
14.7901,0.2712,0.372769,0.441086,0.368084
14.8001,0.271201,0.372774,0.440992,0.368067
14.8101,0.271202,0.37278,0.440898,0.36805
14.8201,0.271202,0.372785,0.440803,0.368034
14.8301,0.271203,0.372789,0.44071,0.368016
14.8401,0.271203,0.372796,0.440615,0.367998
14.8501,0.271203,0.372801,0.44052,0.367979
14.8601,0.271205,0.372807,0.440426,0.367962
14.8701,0.271206,0.372812,0.44033,0.367945
14.8801,0.271208,0.372818,0.440236,0.367929
14.8901,0.271209,0.372822,0.440141,0.367912
14.9001,0.27121,0.372827,0.440045,0.367894
14.9101,0.271211,0.372833,0.439949,0.367877
14.9201,0.271211,0.372838,0.439852,0.367861
14.9301,0.271214,0.372847,0.439755,0.367844
14.9402,0.271212,0.372852,0.439659,0.367828
14.9501,0.271212,0.372857,0.439562,0.36781
14.9601,0.271212,0.372863,0.439465,0.367794
14.9701,0.271211,0.372868,0.439368,0.367777
14.9801,0.271212,0.372875,0.439272,0.367758
14.9901,0.271213,0.372883,0.439175,0.36774
15.0002,0.271214,0.372887,0.439079,0.367722
15.0101,0.271215,0.372893,0.438981,0.367705
15.0201,0.271215,0.372898,0.438882,0.367687
15.0301,0.271215,0.372904,0.438783,0.36767
15.0401,0.271215,0.37291,0.438683,0.367652
15.0501,0.271215,0.372915,0.438585,0.367634
15.0601,0.271215,0.37292,0.438487,0.367617
15.0701,0.271215,0.372925,0.438388,0.3676
15.0801,0.271214,0.372931,0.438288,0.367583
15.0901,0.271214,0.372937,0.438189,0.367566
15.1001,0.271214,0.372943,0.438089,0.367549
15.1101,0.271215,0.372949,0.437989,0.367531
15.1201,0.271215,0.372954,0.437889,0.367513
15.1301,0.271215,0.372959,0.437788,0.367495
15.1401,0.271216,0.372964,0.437687,0.367478
15.1501,0.271216,0.372971,0.437586,0.36746
15.1601,0.271216,0.372977,0.437486,0.367443
15.1701,0.271216,0.372982,0.437385,0.367425
15.1801,0.271216,0.372988,0.437284,0.367408
15.1901,0.271217,0.372994,0.437182,0.36739
15.2001,0.271218,0.372999,0.437081,0.367372
15.2101,0.271219,0.373005,0.436978,0.367355
15.2201,0.271219,0.373011,0.436876,0.367337
15.2301,0.271218,0.373016,0.436774,0.36732
15.2401,0.271219,0.373022,0.436671,0.367303
15.2501,0.271219,0.373028,0.436568,0.367285
15.2601,0.27122,0.373033,0.436465,0.367267
15.2701,0.27122,0.373037,0.436361,0.367249
15.2801,0.27122,0.373042,0.436258,0.367232
15.2901,0.271221,0.373048,0.436154,0.367214
15.3001,0.271221,0.373053,0.43605,0.367196
15.3101,0.271222,0.373059,0.435946,0.367178
15.3201,0.271222,0.373064,0.435841,0.36716
15.3301,0.271223,0.373069,0.435737,0.367142
15.3401,0.271223,0.373074,0.435634,0.367125
15.3501,0.271224,0.37308,0.435528,0.367108
15.3601,0.271224,0.373085,0.435423,0.36709
15.3701,0.271224,0.373092,0.435318,0.367071
15.3801,0.271224,0.373097,0.435212,0.367052
15.3901,0.271224,0.373103,0.435105,0.367035
15.4001,0.271225,0.373109,0.434999,0.367017
15.4101,0.271225,0.373115,0.434893,0.366999
15.4201,0.271225,0.37312,0.434786,0.36698
15.4301,0.271228,0.373127,0.434679,0.366962
15.4401,0.271229,0.373133,0.434573,0.366943
15.4501,0.27123,0.373138,0.434466,0.366925
15.4601,0.271228,0.373142,0.434358,0.366907
15.4701,0.271226,0.373145,0.43425,0.366888
15.4801,0.271227,0.37315,0.434143,0.36687
15.4901,0.271227,0.373156,0.434035,0.366852
15.5001,0.271227,0.373162,0.433928,0.366833
15.5101,0.271226,0.373167,0.43382,0.366815
15.5201,0.271226,0.373172,0.433711,0.366797
15.5301,0.271226,0.373178,0.433603,0.366778
15.5401,0.271228,0.373184,0.433495,0.36676
15.5501,0.271229,0.37319,0.433386,0.366741
15.5601,0.271232,0.373197,0.433276,0.366722
15.5701,0.271233,0.373204,0.433166,0.366703
15.5801,0.271236,0.373211,0.433056,0.366685
15.5901,0.27124,0.373218,0.432947,0.366666
15.6001,0.271243,0.373224,0.432837,0.366647
15.6101,0.271244,0.37323,0.432726,0.366629
15.6201,0.271244,0.373235,0.432616,0.36661
15.6301,0.271245,0.373241,0.432505,0.366591
15.6401,0.271245,0.373247,0.432393,0.366571
15.6501,0.271246,0.373252,0.432283,0.366552
15.6601,0.271247,0.373258,0.432173,0.366533
15.6701,0.271246,0.373263,0.432062,0.366513
15.6801,0.271247,0.373268,0.43195,0.366494
15.6901,0.271248,0.373274,0.431837,0.366475
15.7001,0.271248,0.373279,0.431725,0.366456
15.7101,0.271249,0.373285,0.431613,0.366437
15.7201,0.271249,0.373291,0.4315,0.366418
15.7301,0.271249,0.373297,0.431387,0.366399
15.7401,0.27125,0.373303,0.431275,0.36638
15.7501,0.27125,0.373308,0.431162,0.36636
15.7601,0.271251,0.373313,0.431049,0.366342
15.7701,0.271251,0.373318,0.430936,0.366322
15.7801,0.271251,0.373324,0.430822,0.366303
15.7901,0.27125,0.373329,0.430709,0.366283
15.8001,0.271251,0.373335,0.430595,0.366263
15.8101,0.271252,0.37334,0.430481,0.366242
15.8201,0.271252,0.373345,0.430366,0.366222
15.8301,0.271253,0.37335,0.430251,0.366203
15.8401,0.271254,0.373356,0.430136,0.366183
15.8501,0.271255,0.373362,0.43002,0.366162
15.8601,0.271255,0.373367,0.429905,0.366142
15.8701,0.271256,0.373372,0.429791,0.366122
15.8801,0.271256,0.373377,0.429675,0.366102
15.8901,0.271257,0.373382,0.429559,0.366082
15.9001,0.271258,0.373387,0.429444,0.366062
15.9101,0.271258,0.373392,0.429328,0.366042
15.9201,0.271258,0.373397,0.429212,0.366021
15.9301,0.271262,0.373405,0.429094,0.366
15.9401,0.271264,0.373411,0.428977,0.36598
15.9501,0.271266,0.373416,0.428861,0.365959
15.9601,0.271266,0.37342,0.428744,0.365938
15.9701,0.271268,0.373427,0.428628,0.365916
15.9801,0.271268,0.373433,0.428509,0.365895
15.9901,0.271269,0.373439,0.428392,0.365874
16.0001,0.271268,0.373443,0.428275,0.365852
16.0101,0.271269,0.373447,0.428156,0.36583
16.0201,0.27127,0.373451,0.428038,0.365807
16.0301,0.27127,0.373456,0.42792,0.365786
16.0401,0.271271,0.373462,0.427802,0.365764
16.0501,0.271272,0.373466,0.427683,0.365743
16.0601,0.271272,0.373471,0.427565,0.365722
16.0701,0.271272,0.373474,0.427446,0.3657
16.0801,0.271272,0.37348,0.427327,0.365679
16.0901,0.271273,0.373485,0.427207,0.365656
16.1001,0.271273,0.373491,0.427088,0.365634
16.1101,0.271274,0.373496,0.426967,0.365613
16.1201,0.271274,0.373501,0.426848,0.36559
16.1301,0.271274,0.373506,0.426727,0.365568
16.1401,0.271274,0.373512,0.426607,0.365546
16.1501,0.271274,0.373518,0.426486,0.365524
16.1601,0.271276,0.373523,0.426366,0.365502
16.1701,0.271277,0.373529,0.426245,0.365479
16.1801,0.271277,0.373534,0.426125,0.365457
16.1901,0.271279,0.373539,0.426004,0.365434
16.2001,0.27128,0.373545,0.425883,0.365411
16.2101,0.271282,0.373551,0.425762,0.365388
16.2201,0.271283,0.373557,0.425641,0.365365
16.2301,0.271284,0.373562,0.425519,0.365342
16.2401,0.271285,0.373567,0.425397,0.365319
16.2501,0.271285,0.373573,0.425276,0.365296
16.2601,0.271285,0.373578,0.425154,0.365273
16.2701,0.271286,0.373584,0.425031,0.36525
16.2801,0.271286,0.37359,0.424908,0.365226
16.2901,0.271287,0.373595,0.424785,0.365202
16.3001,0.271287,0.373601,0.424662,0.365179
16.3101,0.271287,0.373606,0.424538,0.365155
16.3201,0.271287,0.373611,0.424415,0.365131
16.3301,0.271289,0.373617,0.424291,0.365108
16.3401,0.27129,0.373622,0.424168,0.365084
16.3501,0.27129,0.373628,0.424044,0.36506
16.3601,0.271291,0.373634,0.42392,0.365036
16.3701,0.271291,0.373639,0.423797,0.365012
16.3801,0.271292,0.373644,0.423673,0.364988
16.3901,0.271293,0.37365,0.423548,0.364964
16.4001,0.271294,0.373655,0.423423,0.364939
16.4101,0.271294,0.37366,0.423298,0.364915
16.4201,0.271294,0.373666,0.423174,0.36489
16.4301,0.271297,0.373674,0.423049,0.364866
16.4401,0.2713,0.373681,0.422924,0.364841
16.4501,0.2713,0.373687,0.422799,0.364817
16.4601,0.271301,0.373692,0.422674,0.364793
16.4701,0.271301,0.373697,0.422548,0.364768
16.4801,0.2713,0.373702,0.422422,0.364742
16.4901,0.271302,0.373707,0.422297,0.364717
16.5001,0.271303,0.373713,0.422172,0.364693
16.5101,0.271304,0.373718,0.422046,0.364667
16.5201,0.271305,0.373723,0.42192,0.364643
16.5301,0.271306,0.37373,0.421795,0.364617
16.5401,0.271306,0.373735,0.421669,0.364591
16.5501,0.271307,0.373741,0.421543,0.364566
16.5601,0.271307,0.373745,0.421416,0.36454
16.5701,0.271308,0.37375,0.42129,0.364515
16.5801,0.271308,0.373755,0.421164,0.364489
16.5901,0.271309,0.373762,0.421038,0.364462
16.6001,0.271309,0.373766,0.420912,0.364436
16.6101,0.271308,0.373771,0.420785,0.364409
16.6201,0.271308,0.373775,0.420657,0.364383
16.6301,0.271307,0.37378,0.420531,0.364357
16.6401,0.271307,0.373784,0.420404,0.364331
16.6501,0.271306,0.373788,0.420276,0.364304
16.6601,0.271305,0.373792,0.420149,0.364277
16.6701,0.271304,0.373797,0.420022,0.364251
16.6801,0.271305,0.373801,0.419894,0.364224
16.6901,0.271306,0.373807,0.419768,0.364197
16.7001,0.271307,0.373812,0.419642,0.364171
16.7101,0.271307,0.373817,0.419515,0.364145
16.7201,0.271308,0.373823,0.419388,0.364118
16.7301,0.271308,0.373828,0.419261,0.364091
16.7401,0.271309,0.373833,0.419133,0.364064
16.7501,0.27131,0.373838,0.419006,0.364037
16.7601,0.27131,0.373844,0.418878,0.36401
16.7701,0.27131,0.373849,0.41875,0.363982
16.7801,0.271311,0.373856,0.418623,0.363955
16.7901,0.271311,0.37386,0.418495,0.363928
16.8001,0.271311,0.373866,0.418367,0.363901
16.8101,0.271312,0.373872,0.41824,0.363873
16.8201,0.271313,0.373878,0.418113,0.363845
16.8301,0.271314,0.373883,0.417985,0.363818
16.8401,0.271315,0.373888,0.417858,0.363789
16.8501,0.271316,0.373894,0.41773,0.363761
16.8601,0.271317,0.373898,0.4176,0.363733
16.8701,0.271318,0.373903,0.417472,0.363704
16.8801,0.271319,0.373909,0.417343,0.363676
16.8901,0.27132,0.373915,0.417215,0.363648
16.9001,0.271321,0.37392,0.417087,0.36362
16.9101,0.271322,0.373926,0.416959,0.363592
16.9201,0.271323,0.373931,0.416832,0.363563
16.9301,0.271324,0.373937,0.416703,0.363534
16.9401,0.271327,0.373945,0.416574,0.363505
16.9501,0.271328,0.373951,0.416446,0.363477
16.9601,0.271329,0.373956,0.416318,0.363447
16.9701,0.27133,0.373963,0.41619,0.363417
16.9801,0.271333,0.37397,0.416061,0.363388
16.9901,0.271333,0.373977,0.415933,0.363359
17.0002,0.271332,0.373981,0.415804,0.36333
17.0102,0.271331,0.373984,0.415675,0.363301
17.0201,0.271331,0.373989,0.415546,0.363272
17.0301,0.271333,0.373994,0.415418,0.363242
17.0401,0.271334,0.373999,0.41529,0.363213
17.0501,0.271334,0.374004,0.415161,0.363183
17.0601,0.271335,0.374009,0.415033,0.363154
17.0701,0.271335,0.374014,0.414905,0.363123
17.0801,0.271334,0.374017,0.414776,0.363092
17.0901,0.271333,0.37402,0.414647,0.363061
17.1001,0.271333,0.374024,0.414518,0.363031
17.1101,0.271333,0.374029,0.41439,0.363001
17.1201,0.271333,0.374034,0.414262,0.362971
17.1301,0.271334,0.37404,0.414133,0.362941
17.1401,0.271334,0.374046,0.414003,0.362911
17.1501,0.271335,0.374052,0.413874,0.362881
17.1601,0.271336,0.374058,0.413747,0.362851
17.1701,0.271337,0.374063,0.413619,0.362821
17.1801,0.271337,0.374069,0.41349,0.36279
17.1901,0.271338,0.374075,0.413361,0.36276
17.2001,0.271339,0.37408,0.413233,0.362729
17.2101,0.271339,0.374087,0.413105,0.362698
17.2201,0.27134,0.374092,0.412977,0.362666
17.2301,0.271341,0.374097,0.412849,0.362635
17.2401,0.271341,0.374103,0.412721,0.362603
17.2501,0.271341,0.374108,0.412593,0.362572
17.2601,0.271341,0.374114,0.412464,0.362541
17.2701,0.271342,0.37412,0.412336,0.362509
17.2801,0.271343,0.374126,0.412209,0.362477
17.2901,0.271343,0.374132,0.412081,0.362446
17.3001,0.271344,0.374138,0.411954,0.362414
17.3101,0.271345,0.374143,0.411826,0.362384
17.3201,0.271346,0.374149,0.411699,0.362354
17.3301,0.271347,0.374155,0.411571,0.362322
17.3401,0.271349,0.374161,0.411443,0.362291
17.3501,0.27135,0.374166,0.411315,0.362259
17.3601,0.27135,0.374171,0.411188,0.362227
17.3701,0.271351,0.374176,0.41106,0.362194
17.3801,0.271351,0.374182,0.410933,0.362163
17.3901,0.271352,0.374188,0.410806,0.362131
17.4001,0.271353,0.374193,0.410679,0.362098
17.4101,0.271352,0.374198,0.410552,0.362066
17.4201,0.271352,0.374203,0.410424,0.362034
17.4301,0.271353,0.374208,0.410297,0.362002
17.4401,0.271355,0.374215,0.41017,0.361969
17.4501,0.271356,0.374221,0.410043,0.361937
17.4601,0.271356,0.374226,0.409916,0.361905
17.4701,0.271358,0.374232,0.409789,0.361872
17.4801,0.271356,0.374234,0.40966,0.361839
17.4901,0.271356,0.374239,0.409533,0.361807
17.5001,0.271356,0.374243,0.409405,0.361774
17.5101,0.271355,0.374249,0.409278,0.361742
17.5201,0.271356,0.374253,0.409151,0.361709
17.5301,0.271356,0.374258,0.409024,0.361677
17.5401,0.271357,0.374264,0.408897,0.361645
17.5501,0.271357,0.374269,0.408771,0.361613
17.5601,0.271358,0.374274,0.408644,0.36158
17.5701,0.271359,0.374279,0.408518,0.361548
17.5801,0.27136,0.374284,0.408392,0.361515
17.5901,0.271361,0.374289,0.408267,0.361482
17.6001,0.271362,0.374294,0.40814,0.361449
17.6101,0.271363,0.3743,0.408014,0.361416
17.6201,0.271363,0.374306,0.407887,0.361383
17.6301,0.271364,0.374312,0.407761,0.361351
17.6401,0.271364,0.374318,0.407637,0.361319
17.6501,0.271365,0.374323,0.40751,0.361286
17.6601,0.271365,0.374329,0.407384,0.361253
17.6701,0.271366,0.374335,0.407258,0.36122
17.6801,0.271367,0.374339,0.407132,0.361186
17.6901,0.271368,0.374345,0.407006,0.361153
17.7001,0.271368,0.374349,0.40688,0.361121
17.7101,0.271369,0.374354,0.406755,0.361088
17.7201,0.27137,0.374358,0.40663,0.361055
17.7301,0.271371,0.374365,0.406505,0.361023
17.7401,0.271371,0.374371,0.406381,0.360989
17.7501,0.271371,0.374375,0.406256,0.360955
17.7601,0.271371,0.374382,0.40613,0.360922
17.7701,0.271372,0.374388,0.406006,0.360889
17.7801,0.271373,0.374393,0.405881,0.360856
17.7901,0.271374,0.374398,0.405756,0.360822
17.8001,0.271374,0.374403,0.405631,0.360787
17.8101,0.271376,0.374409,0.405507,0.360753
17.8201,0.271376,0.374414,0.405382,0.36072
17.8301,0.271377,0.374419,0.405257,0.360687
17.8401,0.271378,0.374424,0.405133,0.360654
17.8501,0.271378,0.37443,0.405008,0.360621
17.8601,0.271379,0.374436,0.404884,0.360588
17.8701,0.27138,0.374442,0.404761,0.360555
17.8801,0.271381,0.374447,0.404637,0.360521
17.8901,0.271381,0.374453,0.404513,0.360488
17.9001,0.271381,0.374457,0.40439,0.360455
17.9101,0.271381,0.374463,0.404266,0.360421
17.9201,0.271382,0.374468,0.404143,0.360387
17.9301,0.271383,0.374474,0.404019,0.360353
17.9401,0.271386,0.374481,0.403896,0.36032
17.9501,0.271386,0.374487,0.403773,0.360286
17.9601,0.271387,0.374492,0.403649,0.360252
17.9701,0.271387,0.374498,0.403526,0.360218
17.9801,0.271388,0.374503,0.403403,0.360184
17.9901,0.271388,0.374509,0.40328,0.36015
18.0001,0.271386,0.374514,0.403157,0.360116
18.0101,0.271387,0.374519,0.403034,0.360082
18.0201,0.27139,0.374526,0.402912,0.360049
18.0301,0.271392,0.374534,0.40279,0.360014
18.0401,0.271394,0.37454,0.402667,0.35998
18.0501,0.271394,0.374546,0.402545,0.359946
18.0601,0.271395,0.374552,0.402422,0.359912
18.0701,0.271396,0.374558,0.402301,0.359879
18.0801,0.271397,0.374563,0.402179,0.359846
18.0901,0.271398,0.374569,0.402057,0.359812
18.1001,0.271399,0.374575,0.401934,0.359778
18.1101,0.2714,0.374581,0.401813,0.359744
18.1201,0.271401,0.374588,0.401692,0.35971
18.1301,0.271402,0.374593,0.401571,0.359676
18.1401,0.271403,0.374599,0.401449,0.359643
18.1501,0.271403,0.374604,0.401327,0.359608
18.1601,0.271404,0.37461,0.401206,0.359573
18.1701,0.271405,0.374616,0.401084,0.359539
18.1801,0.271407,0.374621,0.400963,0.359505
18.1901,0.271407,0.374626,0.400842,0.359471
18.2001,0.271408,0.374631,0.400721,0.359436
18.2101,0.271409,0.374636,0.4006,0.359402
18.2201,0.271411,0.374642,0.40048,0.359368
18.2301,0.271411,0.374647,0.400359,0.359334
18.2401,0.271412,0.374653,0.400239,0.3593
18.2501,0.271412,0.374658,0.400118,0.359266
18.2601,0.271413,0.374663,0.399998,0.359232
18.2701,0.271414,0.374669,0.399877,0.359199
18.2801,0.271414,0.374675,0.399758,0.359164
18.2901,0.271415,0.374681,0.399637,0.359131
18.3001,0.271415,0.374687,0.399517,0.359097
18.3101,0.271417,0.374693,0.399397,0.359062
18.3201,0.271419,0.374699,0.399277,0.359028
18.3301,0.27142,0.374705,0.399157,0.358995
18.3401,0.271421,0.374712,0.399038,0.358962
18.3501,0.271423,0.374719,0.398918,0.358928
18.3601,0.271425,0.374725,0.398798,0.358894
18.3701,0.271427,0.374732,0.398679,0.35886
18.3801,0.271428,0.374738,0.398561,0.358826
18.3901,0.271429,0.374744,0.398442,0.358791
18.4001,0.271429,0.374749,0.398322,0.358756
18.4101,0.271429,0.374755,0.398204,0.358722
18.4201,0.271429,0.37476,0.398086,0.358687
18.4301,0.271429,0.374766,0.397966,0.358654
18.4401,0.271431,0.374773,0.397848,0.35862
18.4501,0.271431,0.37478,0.39773,0.358586
18.4601,0.271432,0.374786,0.397613,0.358551
18.4701,0.271432,0.374791,0.397495,0.358517
18.4801,0.271427,0.374796,0.397375,0.358482
18.4901,0.271426,0.374802,0.397256,0.358448
18.5001,0.271426,0.374808,0.397138,0.358414
18.5101,0.271427,0.374813,0.397021,0.35838
18.5201,0.271428,0.37482,0.396903,0.358346
18.5301,0.271427,0.374825,0.396785,0.358312
18.5401,0.271429,0.374831,0.396668,0.358278
18.5501,0.271429,0.374835,0.396551,0.358244
18.5601,0.271429,0.374841,0.396433,0.35821
18.5701,0.271429,0.374847,0.396316,0.358176
18.5801,0.27143,0.374852,0.396199,0.358143
18.5901,0.271431,0.374858,0.396081,0.358109
18.6001,0.271431,0.374863,0.395964,0.358076
18.6101,0.271432,0.374869,0.395848,0.358042
18.6201,0.271433,0.374876,0.395731,0.358008
18.6301,0.271435,0.374881,0.395615,0.357972
18.6401,0.271435,0.374886,0.395499,0.357938
18.6501,0.271436,0.374892,0.395383,0.357903
18.6601,0.271437,0.374898,0.395266,0.357869
18.6701,0.271437,0.374904,0.39515,0.357835
18.6801,0.271437,0.37491,0.395034,0.357802
18.6901,0.271438,0.374916,0.394919,0.357768
18.7001,0.271438,0.37492,0.394804,0.357734
18.7101,0.271439,0.374926,0.394689,0.3577
18.7201,0.271441,0.374932,0.394573,0.357666
18.7301,0.271441,0.374937,0.394458,0.357633
18.7401,0.271442,0.374943,0.394342,0.357599
18.7501,0.271442,0.374949,0.394228,0.357565
18.7601,0.271443,0.374955,0.394114,0.357532
18.7701,0.271444,0.374962,0.393998,0.357498
18.7801,0.271445,0.374968,0.393883,0.357465
18.7901,0.271446,0.374973,0.393767,0.357431
18.8001,0.271447,0.374979,0.393652,0.357397
18.8101,0.271448,0.374985,0.393538,0.357364
18.8201,0.271449,0.374992,0.393423,0.357331
18.8301,0.271449,0.374997,0.393309,0.357297
18.8401,0.27145,0.375004,0.393195,0.357263
18.8501,0.271451,0.375009,0.39308,0.357229
18.8601,0.271454,0.375015,0.392966,0.357196
18.8701,0.271455,0.375021,0.392852,0.357163
18.8801,0.271455,0.375027,0.392738,0.35713
18.8901,0.271457,0.375033,0.392623,0.357097
18.9001,0.271457,0.37504,0.39251,0.357063
18.9101,0.271458,0.375046,0.392396,0.357029
18.9201,0.271459,0.375052,0.392283,0.356996
18.9301,0.271459,0.375057,0.392169,0.356962
18.9401,0.271462,0.375064,0.392056,0.356929
18.9501,0.271464,0.37507,0.391943,0.356895
18.9601,0.271465,0.375076,0.39183,0.356861
18.9701,0.271465,0.375079,0.391716,0.356826
18.9801,0.271461,0.37508,0.391603,0.356794
18.9901,0.27146,0.375085,0.39149,0.35676
19.0001,0.271461,0.375089,0.391377,0.356727
19.0101,0.271461,0.375094,0.391264,0.356693
19.0201,0.271453,0.375101,0.391152,0.356659
19.0301,0.271452,0.375106,0.391041,0.356625
19.0401,0.271453,0.375112,0.390929,0.356592
19.0501,0.271454,0.375119,0.390816,0.356558
19.0601,0.271456,0.375125,0.390705,0.356525
19.0701,0.271458,0.375131,0.390594,0.356492
19.0801,0.271458,0.375137,0.390483,0.356459
19.0901,0.271459,0.375143,0.390371,0.356426
19.1001,0.271459,0.375149,0.390259,0.356393
19.1101,0.27146,0.375154,0.390147,0.35636
19.1201,0.271462,0.37516,0.390036,0.356327
19.1301,0.271463,0.375166,0.389925,0.356293
19.1401,0.271464,0.375172,0.389814,0.35626
19.1501,0.271464,0.375178,0.389703,0.356227
19.1601,0.271465,0.375183,0.389592,0.356194
19.1701,0.271466,0.375189,0.389481,0.356162
19.1801,0.271467,0.375196,0.38937,0.356129
19.1901,0.271468,0.375202,0.389259,0.356096
19.2001,0.271468,0.375209,0.389148,0.356063
19.2101,0.271468,0.375214,0.389038,0.35603
19.2201,0.271469,0.37522,0.388927,0.355996
19.2301,0.271471,0.375225,0.388817,0.355964
19.2401,0.271472,0.375231,0.388707,0.355931
19.2501,0.271473,0.375237,0.388597,0.355899
19.2601,0.271474,0.375243,0.388487,0.355866
19.2701,0.271475,0.375249,0.388378,0.355833
19.2801,0.271476,0.375255,0.388269,0.355801
19.2901,0.271477,0.375261,0.388159,0.355768
19.3001,0.271478,0.375268,0.38805,0.355736
19.3101,0.271479,0.375275,0.387941,0.355704
19.3201,0.27148,0.375281,0.387831,0.355671
19.3301,0.271481,0.375287,0.387722,0.355639
19.3401,0.271481,0.375293,0.387613,0.355606
19.3501,0.271481,0.375299,0.387505,0.355574
19.3601,0.271482,0.375305,0.387398,0.355542
19.3701,0.271482,0.375311,0.387289,0.35551
19.3801,0.271482,0.375316,0.38718,0.355477
19.3901,0.271482,0.375321,0.387072,0.355445
19.4001,0.271482,0.375327,0.386964,0.355413
19.4101,0.271482,0.375332,0.386855,0.35538
19.4201,0.271483,0.375337,0.386747,0.355348
19.4301,0.271483,0.375342,0.386639,0.355315
19.4401,0.271485,0.375348,0.386531,0.355282
19.4501,0.271485,0.375354,0.386423,0.35525
19.4601,0.271485,0.37536,0.386315,0.355217
19.4701,0.271484,0.375364,0.386208,0.355185
19.4801,0.271485,0.375371,0.386101,0.355153
19.4901,0.271486,0.375377,0.385994,0.355121
19.5001,0.271487,0.375382,0.385886,0.35509
19.5101,0.271487,0.375389,0.385779,0.355058
19.5201,0.271488,0.375395,0.385672,0.355025
19.5301,0.271489,0.375401,0.385564,0.354992
19.5401,0.271489,0.375406,0.385457,0.35496
19.5501,0.27149,0.375411,0.38535,0.354928
19.5601,0.271491,0.375417,0.385243,0.354896
19.5701,0.271493,0.375425,0.385137,0.354865
19.5801,0.271493,0.375431,0.385031,0.354832
19.5901,0.271494,0.375439,0.384924,0.3548
19.6001,0.271494,0.375445,0.384817,0.354769
19.6101,0.271495,0.375451,0.384712,0.354736
19.6201,0.271496,0.375457,0.384605,0.354705
19.6301,0.271497,0.375463,0.384499,0.354673
19.6401,0.271497,0.375469,0.384393,0.354642
19.6501,0.271498,0.375474,0.384287,0.354611
19.6601,0.2715,0.37548,0.384182,0.354579
19.6701,0.271501,0.375486,0.384079,0.354547
19.6801,0.271502,0.375492,0.383975,0.354516
19.6901,0.271503,0.375497,0.383869,0.354484
19.7001,0.271504,0.375504,0.383764,0.35445
19.7101,0.271505,0.37551,0.383659,0.354419
19.7201,0.271505,0.375517,0.383555,0.354388
19.7301,0.271506,0.375523,0.38345,0.354357
19.7401,0.271506,0.375529,0.383345,0.354325
19.7501,0.271506,0.375534,0.38324,0.354294
19.7601,0.271507,0.37554,0.383136,0.354263
19.7701,0.271508,0.375546,0.383031,0.354232
19.7801,0.271509,0.375552,0.382927,0.354201
19.7901,0.27151,0.375557,0.382822,0.35417
19.8001,0.27151,0.375563,0.382719,0.354139
19.8101,0.271511,0.37557,0.382614,0.354108
19.8201,0.271512,0.375576,0.38251,0.354077
19.8301,0.271511,0.375583,0.382406,0.354045
19.8401,0.271512,0.375589,0.382302,0.354014
19.8501,0.271512,0.375595,0.382198,0.353984
19.8601,0.271513,0.3756,0.382094,0.353953
19.8701,0.271514,0.375607,0.381991,0.353922
19.8801,0.271515,0.375612,0.381887,0.353892
19.8901,0.271516,0.375619,0.381784,0.353861
19.9001,0.271516,0.375624,0.381681,0.353831
19.9101,0.271517,0.37563,0.381578,0.3538
19.9201,0.271518,0.375636,0.381476,0.353769
19.9301,0.27152,0.375643,0.381372,0.353739
19.9401,0.271522,0.37565,0.38127,0.353708
19.9501,0.271524,0.375655,0.381168,0.353677
19.9631,0.271525,0.37566,0.381065,0.353646
19.9701,0.271526,0.375666,0.380962,0.353616
19.9807,0.27152,0.375674,0.38086,0.353587
19.9901,0.271521,0.375681,0.380758,0.353557
20.0001,0.271521,0.375686,0.380656,0.353527
20.0101,0.271521,0.375692,0.380554,0.353497
20.0201,0.271522,0.375699,0.380452,0.353467
20.0301,0.271523,0.375705,0.380349,0.353437
20.0401,0.271525,0.375712,0.380247,0.353408
20.0501,0.271526,0.375718,0.380145,0.353378
20.0601,0.271527,0.375725,0.380044,0.353348
20.0701,0.271528,0.37573,0.379942,0.353318
20.0801,0.271529,0.375737,0.37984,0.353289
20.0901,0.271529,0.375744,0.379739,0.353259
20.1001,0.271531,0.37575,0.379638,0.35323
20.1101,0.271531,0.375756,0.379538,0.3532
20.1201,0.271532,0.375761,0.379437,0.353171
20.1301,0.271533,0.375765,0.379337,0.353141
20.1401,0.271533,0.375771,0.379236,0.353112
20.1501,0.271534,0.375777,0.379136,0.353083
20.1601,0.271535,0.375783,0.379035,0.353055
20.1701,0.271536,0.37579,0.378935,0.353026
20.1801,0.271536,0.375795,0.378835,0.352998
20.1901,0.271537,0.375801,0.378735,0.352969
20.2001,0.271538,0.375807,0.378634,0.35294
20.2101,0.271539,0.375814,0.378533,0.352911
20.2201,0.27154,0.37582,0.378433,0.352882
20.2301,0.271542,0.375826,0.378334,0.352853
20.2401,0.271542,0.375832,0.378234,0.352825
20.2501,0.271543,0.375838,0.378134,0.352796
20.2601,0.271543,0.375843,0.378035,0.352767
20.2701,0.271544,0.375849,0.377935,0.352739
20.2801,0.271545,0.375855,0.377836,0.352711
20.2901,0.271545,0.37586,0.377736,0.352683
20.3001,0.271547,0.375866,0.377636,0.352655
20.3101,0.271548,0.375872,0.377537,0.352626
20.3201,0.271548,0.375879,0.377437,0.352598
20.3301,0.27155,0.375884,0.377339,0.35257
20.3401,0.271551,0.375891,0.37724,0.352542
20.3501,0.271552,0.375896,0.37714,0.352514
20.3601,0.271553,0.375902,0.377041,0.352487
20.3701,0.271554,0.375908,0.376943,0.352458
20.3801,0.271555,0.375914,0.376844,0.35243
20.3901,0.271556,0.375919,0.376746,0.352402
20.4001,0.271557,0.375926,0.376648,0.352375
20.4101,0.271557,0.375932,0.376549,0.352347
20.4201,0.271558,0.375939,0.376451,0.352319
20.4301,0.271559,0.375947,0.376354,0.352292
20.4401,0.271562,0.375954,0.376256,0.352264
20.4501,0.271564,0.375959,0.376159,0.352237
20.4601,0.271566,0.375965,0.376061,0.352209
20.4701,0.271566,0.375971,0.375963,0.352182
20.4801,0.271566,0.375977,0.375866,0.352154
20.4901,0.271567,0.375983,0.375768,0.352127
20.5001,0.271568,0.37599,0.375671,0.3521
20.5101,0.271569,0.375996,0.375574,0.352073
20.5201,0.271569,0.376002,0.375477,0.352045
20.5301,0.271569,0.376009,0.37538,0.352019
20.5401,0.27157,0.376015,0.375283,0.351991
20.5501,0.271571,0.376021,0.375187,0.351964
20.5601,0.271571,0.376027,0.37509,0.351937
20.5701,0.271571,0.376033,0.374993,0.35191
20.5801,0.271572,0.376039,0.374896,0.351884
20.5901,0.271573,0.376045,0.374799,0.351857
20.6001,0.271574,0.376051,0.374702,0.35183
20.6101,0.271575,0.376058,0.374606,0.351803
20.6201,0.271576,0.376064,0.37451,0.351777
20.6301,0.271575,0.37607,0.374413,0.35175
20.6401,0.271576,0.376077,0.374317,0.351724
20.6501,0.271577,0.376082,0.37422,0.351698
20.6601,0.27158,0.376088,0.374124,0.351671
20.6701,0.271581,0.376094,0.374028,0.351644
20.6801,0.271582,0.3761,0.373933,0.351618
20.6901,0.271582,0.376107,0.373837,0.351592
20.7001,0.271583,0.376113,0.373741,0.351566
20.7101,0.271584,0.376119,0.373646,0.35154
20.7201,0.271584,0.376127,0.37355,0.351514
20.7301,0.271584,0.376133,0.373454,0.351487
20.7401,0.271584,0.37614,0.373358,0.351461
20.7501,0.271584,0.376145,0.373263,0.351434
20.7601,0.271585,0.376151,0.373168,0.351409
20.7701,0.271586,0.376159,0.373074,0.351383
20.7801,0.271586,0.376164,0.372979,0.351357
20.7901,0.271587,0.376171,0.372884,0.351332
20.8001,0.271587,0.376177,0.372789,0.351306
20.8101,0.271588,0.376183,0.372694,0.35128
20.8201,0.271589,0.376189,0.372599,0.351254
20.8301,0.27159,0.376195,0.372504,0.351229
20.8401,0.27159,0.376201,0.372409,0.351204
20.8501,0.271591,0.376208,0.372315,0.351179
20.8601,0.271591,0.376214,0.372221,0.351154
20.8701,0.271592,0.376221,0.372126,0.351129
20.8801,0.271592,0.376227,0.372032,0.351104
20.8901,0.271592,0.376234,0.371939,0.351079
20.9001,0.271594,0.376241,0.371845,0.351053
20.9101,0.271594,0.376247,0.371751,0.351028
20.9201,0.271595,0.376254,0.371658,0.351003
20.9301,0.271597,0.376261,0.371565,0.350978
20.9401,0.2716,0.376269,0.371471,0.350954
20.9501,0.271601,0.376276,0.371377,0.35093
20.9601,0.271603,0.376282,0.371283,0.350906
20.9701,0.271602,0.376286,0.37119,0.350882
20.9801,0.271604,0.376294,0.371096,0.350858
20.9901,0.271605,0.376301,0.371002,0.350834
21.0001,0.271605,0.376308,0.370909,0.35081
21.0101,0.271605,0.376314,0.370814,0.350784
21.0201,0.271604,0.376319,0.370721,0.350759
21.0301,0.271604,0.376325,0.370628,0.350733
21.0401,0.271605,0.376331,0.370535,0.350709
21.0501,0.271606,0.376339,0.370443,0.350684
21.0601,0.271608,0.376346,0.370351,0.35066
21.0701,0.271609,0.376354,0.370259,0.350635
21.0801,0.271612,0.376361,0.370166,0.35061
21.0901,0.271614,0.376369,0.370074,0.350586
21.1001,0.271617,0.376376,0.369983,0.350563
21.1101,0.27162,0.376383,0.369891,0.350539
21.1201,0.271622,0.376391,0.369799,0.350515
21.1301,0.271624,0.376398,0.369708,0.350491
21.1401,0.271626,0.376406,0.369616,0.350468
21.1501,0.271627,0.376413,0.369524,0.350444
21.1601,0.271628,0.376419,0.369433,0.35042
21.1701,0.271629,0.376426,0.369341,0.350396
21.1801,0.27163,0.376432,0.36925,0.350372
21.1901,0.27163,0.376439,0.369159,0.350348
21.2001,0.271631,0.376446,0.369066,0.350324
21.2101,0.271632,0.376452,0.368975,0.3503
21.2201,0.271633,0.376459,0.368884,0.350277
21.2301,0.271634,0.376465,0.368793,0.350253
21.2401,0.271637,0.376471,0.368702,0.35023
21.2501,0.271638,0.376478,0.368611,0.350207
21.2601,0.27164,0.376484,0.36852,0.350184
21.2701,0.271641,0.376491,0.368429,0.350161
21.2801,0.271642,0.376498,0.368339,0.350137
21.2901,0.271643,0.376505,0.368248,0.350113
21.3001,0.271643,0.376513,0.368158,0.35009
21.3101,0.271644,0.376519,0.368068,0.350067
21.3201,0.271645,0.376526,0.367978,0.350044
21.3301,0.271645,0.376532,0.367887,0.35002
21.3401,0.271645,0.376538,0.367797,0.349997
21.3501,0.271646,0.376544,0.367708,0.349974
21.3601,0.271647,0.376551,0.367617,0.349951
21.3701,0.271648,0.376556,0.367528,0.349929
21.3801,0.271649,0.376562,0.367439,0.349905
21.3901,0.27165,0.37657,0.36735,0.349882
21.4001,0.271651,0.376579,0.367261,0.349859
21.4101,0.271651,0.376588,0.367171,0.349835
21.4201,0.271652,0.376594,0.367082,0.349811
21.4301,0.271653,0.376603,0.366993,0.349789
21.4401,0.271655,0.37661,0.366905,0.349768
21.4501,0.271656,0.376618,0.366817,0.349747
21.4601,0.271657,0.376624,0.366726,0.349724
21.4702,0.271661,0.376633,0.366639,0.349702
21.4801,0.271661,0.376639,0.36655,0.349679
21.4901,0.271662,0.376646,0.366461,0.349656
21.5001,0.271663,0.376652,0.366372,0.349633
21.5101,0.271664,0.376659,0.366283,0.349611
21.5201,0.271665,0.376665,0.366194,0.349588
21.5301,0.271667,0.376672,0.366105,0.349565
21.5401,0.271668,0.376678,0.366016,0.349543
21.5501,0.271669,0.376685,0.365927,0.349521
21.5601,0.27167,0.376691,0.36584,0.349498
21.5701,0.27167,0.376696,0.365752,0.349477
21.5801,0.271671,0.376702,0.365665,0.349455
21.5901,0.271672,0.376709,0.365577,0.349432
21.6001,0.271674,0.376715,0.36549,0.349409
21.6101,0.271675,0.376722,0.365401,0.349386
21.6201,0.271675,0.376729,0.365313,0.349365
21.6301,0.271676,0.376734,0.365226,0.349342
21.6401,0.271677,0.37674,0.365139,0.34932
21.6501,0.271678,0.376746,0.365051,0.349298
21.6601,0.271678,0.376753,0.364964,0.349276
21.6701,0.271679,0.37676,0.364876,0.349253
21.6801,0.271681,0.376767,0.364788,0.349232
21.6901,0.271682,0.376773,0.364701,0.34921
21.7001,0.271684,0.376779,0.364613,0.349189
21.7101,0.271684,0.376787,0.364526,0.349168
21.7201,0.271684,0.376794,0.364439,0.349147
21.7301,0.271685,0.376801,0.364353,0.349125
21.7401,0.271685,0.376807,0.364267,0.349103
21.7501,0.271687,0.376814,0.364181,0.349082
21.7601,0.271687,0.376821,0.364094,0.34906
21.7701,0.271687,0.376828,0.364007,0.349038
21.7801,0.271688,0.376834,0.363921,0.349016
21.7901,0.271689,0.376841,0.363834,0.348995
21.8001,0.27169,0.376847,0.363747,0.348973
21.8101,0.27169,0.376853,0.363661,0.348952
21.8201,0.271692,0.37686,0.363574,0.34893
21.8301,0.271692,0.376867,0.363489,0.348909
21.8401,0.271692,0.376874,0.363403,0.348887
21.8501,0.271693,0.376881,0.363317,0.348866
21.8601,0.271694,0.376888,0.363232,0.348844
21.8701,0.271694,0.376895,0.363147,0.348823
21.8801,0.271695,0.376902,0.363061,0.348802
21.8901,0.271696,0.376908,0.362974,0.348781
21.9001,0.271697,0.376915,0.362888,0.34876
21.9101,0.271698,0.37692,0.362802,0.348739
21.9201,0.271699,0.376927,0.362716,0.348718
21.9301,0.271699,0.376933,0.362631,0.348697
21.9401,0.271701,0.37694,0.362546,0.348677
21.9501,0.271702,0.376947,0.362461,0.348656
21.9601,0.271703,0.376954,0.362377,0.348635
21.9701,0.271704,0.376961,0.36229,0.348614
21.9801,0.271707,0.376969,0.362205,0.348593
21.9901,0.271706,0.376977,0.36213,0.348565
22.0001,0.271707,0.376985,0.362052,0.348539
22.0101,0.271707,0.37699,0.361969,0.348516
22.0201,0.271708,0.376996,0.361885,0.348494
22.0301,0.27171,0.377003,0.361801,0.348473
22.0401,0.271711,0.37701,0.361716,0.348452
22.0501,0.271712,0.377017,0.361632,0.348432
22.0601,0.271713,0.377023,0.361547,0.348411
22.0701,0.271713,0.377031,0.361462,0.348391
22.0801,0.271714,0.377038,0.361378,0.348371
22.0901,0.271714,0.377044,0.361293,0.34835
22.1001,0.271715,0.37705,0.361209,0.348331
22.1101,0.271715,0.377056,0.361125,0.348311
22.1201,0.271716,0.377062,0.361041,0.348291
22.1301,0.271715,0.377067,0.360957,0.348271
22.1401,0.271714,0.377073,0.360873,0.348251
22.1501,0.271714,0.377079,0.360789,0.34823
22.1601,0.271714,0.377085,0.360706,0.348211
22.1701,0.271713,0.37709,0.360622,0.348191
22.1801,0.271712,0.377096,0.360539,0.348171
22.1901,0.271711,0.377102,0.360455,0.348151
22.2001,0.271711,0.377108,0.360372,0.348129
22.2101,0.271713,0.377115,0.360287,0.34811
22.2201,0.271714,0.377123,0.360204,0.34809
22.2301,0.271714,0.377129,0.360121,0.348071
22.2401,0.271715,0.377135,0.360038,0.348052
22.2501,0.271715,0.377141,0.359955,0.348032
22.2601,0.271716,0.377147,0.359872,0.348013
22.2701,0.271716,0.377154,0.35979,0.347994
22.2801,0.271716,0.37716,0.359707,0.347974
22.2901,0.271717,0.377168,0.359625,0.347953
22.3001,0.271717,0.377174,0.359543,0.347933
22.3101,0.271718,0.377182,0.35946,0.347913
22.3201,0.27172,0.377189,0.359378,0.347893
22.3301,0.271721,0.377195,0.359296,0.347873
22.3401,0.271721,0.377201,0.359214,0.347853
22.3501,0.271722,0.377208,0.359132,0.347834
22.3601,0.271722,0.377213,0.35905,0.347814
22.3701,0.271723,0.377219,0.358968,0.347794
22.3801,0.271724,0.377226,0.358887,0.347775
22.3901,0.271724,0.377234,0.358805,0.347756
22.4001,0.271726,0.37724,0.358724,0.347737
22.4101,0.271727,0.377247,0.358642,0.347717
22.4201,0.271728,0.377253,0.35856,0.347698
22.4301,0.271729,0.37726,0.358479,0.347678
22.4401,0.27173,0.377268,0.358397,0.347659
22.4501,0.271733,0.377275,0.358316,0.347639
22.4601,0.271736,0.377283,0.358235,0.347621
22.4701,0.27174,0.377291,0.358153,0.347601
22.4801,0.271741,0.377296,0.358071,0.347582
22.4901,0.271742,0.377303,0.357991,0.347562
22.5001,0.271743,0.37731,0.35791,0.347543
22.5101,0.271744,0.377318,0.357829,0.347524
22.5201,0.271744,0.377325,0.357749,0.347506
22.5301,0.271745,0.377333,0.357668,0.347487
22.5401,0.271745,0.37734,0.357587,0.347468
22.5501,0.271745,0.377346,0.357507,0.34745
22.5601,0.271744,0.377352,0.357427,0.34743
22.5701,0.271745,0.377358,0.357347,0.347411
22.5801,0.271744,0.377363,0.357266,0.347393
22.5901,0.271744,0.377369,0.357186,0.347373
22.6001,0.271745,0.377375,0.357105,0.347355
22.6101,0.271745,0.377382,0.357025,0.347337
22.6201,0.271745,0.377389,0.356945,0.347319
22.6301,0.271746,0.377396,0.356865,0.3473
22.6401,0.271747,0.377403,0.356785,0.347282
22.6501,0.271748,0.37741,0.356705,0.347264
22.6601,0.271748,0.377416,0.356625,0.347246
22.6701,0.271749,0.377424,0.356546,0.347228
22.6801,0.271749,0.377431,0.356467,0.347209
22.6901,0.27175,0.377437,0.356387,0.34719
22.7001,0.27175,0.377444,0.356308,0.347172
22.7101,0.271751,0.377451,0.35623,0.347153
22.7201,0.271752,0.377457,0.356152,0.347135
22.7301,0.271752,0.377464,0.356073,0.347118
22.7401,0.271753,0.37747,0.355993,0.347099
22.7501,0.271753,0.377476,0.355915,0.347079
22.7601,0.271754,0.377483,0.355837,0.347061
22.7701,0.271755,0.37749,0.355758,0.347043
22.7801,0.271757,0.377497,0.355679,0.347025
22.7901,0.271759,0.377505,0.3556,0.347006
22.8001,0.271762,0.377512,0.355522,0.346988
22.8101,0.271763,0.377519,0.355443,0.34697
22.8201,0.271764,0.377526,0.355365,0.346952
22.8301,0.271766,0.377533,0.355286,0.346933
22.8401,0.271768,0.37754,0.355208,0.346915
22.8501,0.27177,0.377546,0.35513,0.346896
22.8601,0.271771,0.377552,0.355052,0.346878
22.8701,0.271772,0.377559,0.354974,0.34686
22.8801,0.271773,0.377567,0.354897,0.346842
22.8901,0.271774,0.377574,0.354819,0.346824
22.9001,0.271775,0.377582,0.354741,0.346806
22.9101,0.271775,0.377589,0.354664,0.346788
22.9201,0.271775,0.377597,0.354586,0.34677
22.9301,0.271776,0.377604,0.354509,0.346752
22.9401,0.271778,0.377613,0.354432,0.346735
22.9501,0.271779,0.37762,0.354355,0.346716
22.9601,0.271779,0.377627,0.354278,0.346699
22.9701,0.271779,0.377639,0.354202,0.34668
22.9802,0.27178,0.377648,0.354126,0.346662
22.9901,0.271782,0.377656,0.354049,0.346644
23.0001,0.271782,0.377662,0.353972,0.346625
23.0101,0.27178,0.377667,0.353894,0.346607
23.0201,0.27178,0.377673,0.353817,0.346589
23.0301,0.271779,0.377679,0.353739,0.346571
23.0401,0.271779,0.377686,0.353662,0.346553
23.0501,0.271779,0.377692,0.353585,0.346534
23.0601,0.27178,0.377698,0.353509,0.346516
23.0701,0.271779,0.377705,0.353433,0.346498
23.0801,0.271779,0.377712,0.353356,0.34648
23.0901,0.271779,0.377719,0.35328,0.346462
23.1001,0.271779,0.377726,0.353203,0.346444
23.1101,0.27178,0.377732,0.353127,0.346427
23.1201,0.27178,0.377739,0.353051,0.34641
23.1301,0.271779,0.377745,0.352974,0.346393
23.1401,0.271779,0.377752,0.352897,0.346377
23.1501,0.271779,0.377758,0.35282,0.34636
23.1601,0.27178,0.377764,0.352743,0.346343
23.1701,0.27178,0.37777,0.352668,0.346325
23.1801,0.271781,0.377777,0.352592,0.346308
23.1901,0.271783,0.377784,0.352516,0.34629
23.2001,0.271784,0.377791,0.352441,0.346272
23.2101,0.271785,0.377798,0.352366,0.346255
23.2201,0.271787,0.377804,0.352291,0.346239
23.2301,0.271788,0.377811,0.352216,0.346222
23.2401,0.271789,0.377818,0.352141,0.346205
23.2501,0.27179,0.377825,0.352066,0.346188
23.2601,0.271791,0.377833,0.35199,0.34617
23.2701,0.271792,0.377841,0.351915,0.346153
23.2801,0.271792,0.377849,0.35184,0.346136
23.2901,0.271793,0.377855,0.351765,0.346118
23.3001,0.271794,0.377863,0.351691,0.346101
23.3101,0.271794,0.377869,0.351616,0.346084
23.3201,0.271795,0.377876,0.351542,0.346066
23.3301,0.271795,0.377883,0.351467,0.346049
23.3401,0.271796,0.37789,0.351393,0.346032
23.3501,0.271797,0.377897,0.351318,0.346015
23.3601,0.271797,0.377904,0.351243,0.345999
23.3701,0.271798,0.377912,0.35117,0.345982
23.3801,0.271799,0.377921,0.351096,0.345965
23.3901,0.271799,0.377929,0.351021,0.345948
23.4001,0.2718,0.377936,0.350948,0.345931
23.4101,0.271801,0.377942,0.350873,0.345914
23.4201,0.271801,0.377949,0.350799,0.345897
23.4301,0.271802,0.377956,0.350726,0.34588
23.4401,0.271804,0.377965,0.350652,0.345864
23.4501,0.271806,0.377974,0.35058,0.345847
23.4601,0.271807,0.377982,0.350505,0.34583
23.4701,0.271805,0.377986,0.350432,0.345814
23.4801,0.271803,0.377993,0.350358,0.345798
23.4902,0.271803,0.378,0.350284,0.34578
23.5001,0.271802,0.378007,0.35021,0.345763
23.5101,0.271801,0.378014,0.350137,0.345745
23.5201,0.271802,0.37802,0.350064,0.345728
23.5301,0.271802,0.378027,0.34999,0.345712
23.5401,0.271803,0.378033,0.349917,0.345695
23.5501,0.271803,0.37804,0.349844,0.345679
23.5601,0.271804,0.378047,0.349771,0.345662
23.5701,0.271805,0.378054,0.349698,0.345645
23.5801,0.271805,0.378061,0.349625,0.34563
23.5901,0.271805,0.378068,0.349552,0.345613
23.6001,0.271805,0.378074,0.349478,0.345596
23.6101,0.271806,0.378082,0.349405,0.345579
23.6201,0.271806,0.378089,0.349331,0.345563
23.6301,0.271807,0.378097,0.349259,0.345547
23.6401,0.271807,0.378103,0.349186,0.345529
23.6501,0.271807,0.378111,0.349114,0.345512
23.6601,0.271807,0.378118,0.349041,0.345495
23.6701,0.271808,0.378126,0.348969,0.345478
23.6801,0.27181,0.378134,0.348896,0.345461
23.6901,0.271811,0.378142,0.348824,0.345446
23.7001,0.271812,0.37815,0.348751,0.34543
23.7101,0.271812,0.378157,0.348678,0.345413
23.7201,0.271814,0.378165,0.348606,0.345397
23.7301,0.271814,0.378173,0.348534,0.34538
23.7401,0.271816,0.378181,0.348463,0.345364
23.7501,0.271816,0.378187,0.348391,0.345348
23.7601,0.271817,0.378194,0.348319,0.345332
23.7701,0.271818,0.378201,0.348248,0.345315
23.7801,0.271818,0.378208,0.348177,0.345299
23.7901,0.27182,0.378215,0.348105,0.345281
23.8001,0.271822,0.378222,0.348034,0.345265
23.8101,0.271823,0.378228,0.347963,0.345248
23.8201,0.271823,0.378236,0.347891,0.345232
23.8301,0.271826,0.378244,0.34782,0.345216
23.8401,0.271827,0.378252,0.34775,0.345199
23.8501,0.271829,0.37826,0.347679,0.345184
23.8601,0.271831,0.378267,0.347609,0.345168
23.8701,0.271834,0.378276,0.347538,0.345152
23.8801,0.271834,0.378284,0.347468,0.345136
23.8901,0.271837,0.378292,0.347396,0.34512
23.9001,0.271839,0.378301,0.347325,0.345104
23.9101,0.271839,0.378309,0.347254,0.345088
23.9201,0.27184,0.378315,0.347183,0.345071
23.9301,0.271841,0.378322,0.347111,0.345054
23.9401,0.271843,0.378331,0.347041,0.345038
23.9509,0.271843,0.378338,0.34697,0.345022
23.9601,0.271845,0.378347,0.3469,0.345006
23.9701,0.271844,0.378355,0.346829,0.34499
23.9801,0.271846,0.378364,0.34676,0.344975
23.9905,0.271846,0.378372,0.346689,0.344959
24.0002,0.271848,0.378381,0.346619,0.344943
24.0101,0.271847,0.378387,0.346549,0.344927
24.0201,0.271847,0.378395,0.346479,0.344911
24.0301,0.27185,0.378404,0.346411,0.344895
24.0401,0.271854,0.378413,0.346341,0.344879
24.0501,0.271856,0.378422,0.346272,0.344862
24.0601,0.271857,0.37843,0.346202,0.344846
24.0701,0.27186,0.378438,0.346133,0.344829
24.0801,0.271861,0.378446,0.346063,0.344813
24.0901,0.271864,0.378455,0.345994,0.344797
24.1001,0.271865,0.378463,0.345925,0.344781
24.1101,0.271866,0.37847,0.345855,0.344765
24.1201,0.271867,0.378478,0.345786,0.344748
24.1301,0.271868,0.378487,0.345717,0.344732
24.1401,0.271869,0.378494,0.345648,0.344716
24.1501,0.271871,0.378502,0.345578,0.344699
24.1601,0.271872,0.378509,0.34551,0.344682
24.1701,0.271873,0.378517,0.345441,0.344666
24.1801,0.271875,0.378524,0.345372,0.34465
24.1901,0.271876,0.378532,0.345303,0.344634
24.2001,0.271877,0.378539,0.345234,0.344618
24.2101,0.271877,0.378547,0.345166,0.344601
24.2201,0.271878,0.378554,0.345097,0.344585
24.2301,0.271879,0.378561,0.345028,0.344569
24.2401,0.271881,0.378567,0.34496,0.344553
24.2501,0.271881,0.378574,0.344891,0.344538
24.2601,0.271882,0.378581,0.344821,0.344522
24.2701,0.271883,0.378588,0.344752,0.344506
24.2801,0.271884,0.378595,0.344684,0.34449
24.2901,0.271885,0.378603,0.344617,0.344474
24.3001,0.271885,0.378611,0.344548,0.344457
24.3101,0.271885,0.378618,0.344479,0.344441
24.3201,0.271887,0.378626,0.344411,0.344425
24.3301,0.271888,0.378634,0.344343,0.34441
24.3401,0.271889,0.378642,0.344275,0.344394
24.3501,0.27189,0.378648,0.344207,0.344378
24.3601,0.27189,0.378655,0.34414,0.344363
24.3701,0.27189,0.378661,0.344071,0.344347
24.3801,0.271891,0.378668,0.344004,0.344331
24.3901,0.271891,0.378673,0.343937,0.344314
24.4001,0.271891,0.37868,0.34387,0.344298
24.4101,0.271892,0.378685,0.343802,0.344281
24.4201,0.271894,0.378692,0.343735,0.344265
24.4301,0.271896,0.378699,0.343668,0.34425
24.4401,0.271899,0.378708,0.343601,0.344235
24.4501,0.271902,0.378717,0.343534,0.34422
24.4601,0.271903,0.378725,0.343467,0.344204
24.4701,0.271903,0.378731,0.343399,0.34419
24.4801,0.271903,0.378737,0.343331,0.344174
24.4901,0.271903,0.378744,0.343264,0.344158
24.5001,0.271904,0.378751,0.343197,0.344143
24.5101,0.271904,0.378758,0.343129,0.344128
24.5201,0.271905,0.378764,0.343061,0.344112
24.5301,0.271905,0.37877,0.342994,0.344096
24.5401,0.271905,0.378777,0.342928,0.34408
24.5501,0.271905,0.378783,0.342861,0.344064
24.5601,0.271906,0.37879,0.342794,0.344048
24.5701,0.271907,0.378798,0.342728,0.344032
24.5801,0.271908,0.378805,0.342662,0.344016
24.5901,0.271909,0.378814,0.342595,0.344
24.6001,0.271909,0.378821,0.342529,0.343984
24.6101,0.271909,0.378828,0.342463,0.343969
24.6201,0.271909,0.378835,0.342396,0.343952
24.6301,0.27191,0.378842,0.342329,0.343936
24.6401,0.271911,0.378849,0.342263,0.34392
24.6501,0.271912,0.378857,0.342197,0.343904
24.6601,0.271912,0.378865,0.342132,0.343888
24.6701,0.271913,0.378873,0.342066,0.343871
24.6801,0.271914,0.37888,0.342,0.343856
24.6901,0.271914,0.378887,0.341934,0.34384
24.7001,0.271915,0.378895,0.341869,0.343825
24.7101,0.271915,0.378903,0.341803,0.34381
24.7201,0.271916,0.37891,0.341738,0.343794
24.7301,0.271916,0.378917,0.341672,0.343778
24.7401,0.271917,0.378924,0.341607,0.343762
24.7501,0.271917,0.378931,0.341541,0.343746
24.7601,0.271917,0.378938,0.341476,0.343731
24.7701,0.271918,0.378947,0.341411,0.343715
24.7801,0.271919,0.378955,0.341346,0.343699
24.7901,0.271921,0.378963,0.341281,0.343683
24.8001,0.271922,0.37897,0.341216,0.343667
24.8101,0.271923,0.378977,0.341151,0.343651
24.8201,0.271924,0.378984,0.341086,0.343634
24.8301,0.271925,0.378992,0.34102,0.343619
24.8401,0.271925,0.378998,0.340956,0.343603
24.8501,0.271925,0.379006,0.340892,0.343589
24.8601,0.271926,0.379013,0.340828,0.343573
24.8701,0.271927,0.379022,0.340763,0.343558
24.8801,0.271927,0.37903,0.340698,0.343542
24.8901,0.271928,0.379038,0.340634,0.343526
24.9001,0.271927,0.379047,0.34057,0.34351
24.9101,0.271927,0.379054,0.340506,0.343494
24.9201,0.271927,0.37906,0.340442,0.343478
24.9301,0.271926,0.379067,0.340377,0.343462
24.9401,0.271928,0.379075,0.340312,0.343446
24.9501,0.271928,0.379082,0.340247,0.34343
24.9601,0.271928,0.379089,0.340183,0.343413
24.9701,0.271928,0.379095,0.340118,0.343397
24.9801,0.271927,0.379101,0.340051,0.343383
24.9902,0.271927,0.379108,0.339986,0.343369
25.0001,0.271928,0.379115,0.339921,0.343353
25.0102,0.271927,0.37912,0.339856,0.343337
25.0201,0.271928,0.379127,0.339792,0.343322
25.0301,0.271927,0.379135,0.339728,0.343305
25.0401,0.271927,0.379143,0.339664,0.343289
25.0501,0.271927,0.37915,0.339601,0.343272
25.0601,0.271928,0.379159,0.339538,0.343256
25.0701,0.27193,0.379166,0.339475,0.343239
25.0801,0.271932,0.379173,0.339412,0.343223
25.0901,0.271933,0.379179,0.339349,0.343207
25.1001,0.271934,0.379187,0.339286,0.34319
25.1101,0.271936,0.379194,0.339223,0.343174
25.1201,0.271937,0.379202,0.33916,0.343158
25.1301,0.271939,0.37921,0.339098,0.343143
25.1401,0.271939,0.379219,0.339035,0.343128
25.1501,0.27194,0.379226,0.338973,0.343112
25.1601,0.271941,0.379233,0.33891,0.343096
25.1701,0.271942,0.37924,0.338848,0.34308
25.1801,0.271943,0.379247,0.338785,0.343063
25.1901,0.271943,0.379254,0.338722,0.343047
25.2001,0.271943,0.379262,0.338659,0.343031
25.2101,0.271944,0.379269,0.338597,0.343014
25.2201,0.271945,0.379276,0.338535,0.342998
25.2301,0.271946,0.379284,0.338472,0.342982
25.2401,0.271946,0.37929,0.338409,0.342965
25.2501,0.271946,0.379297,0.338347,0.342949
25.2601,0.271947,0.379304,0.338286,0.342933
25.2701,0.271948,0.379312,0.338223,0.342917
25.2801,0.271948,0.37932,0.338162,0.342901
25.2901,0.271949,0.379328,0.338099,0.342885
25.3001,0.271951,0.379336,0.338037,0.342869
25.3101,0.271952,0.379344,0.337975,0.342852
25.3201,0.271953,0.379352,0.337913,0.342836
25.3301,0.271954,0.379361,0.337852,0.342819
25.3401,0.271954,0.379369,0.33779,0.342803
25.3501,0.271954,0.379377,0.33773,0.342786
25.3601,0.271955,0.379384,0.337668,0.342771
25.3701,0.271956,0.379391,0.337606,0.342755
25.3801,0.271957,0.379398,0.337545,0.34274
25.3901,0.271957,0.379404,0.337484,0.342723
25.4001,0.271958,0.379411,0.337423,0.342707
25.4101,0.271959,0.379418,0.337362,0.342692
25.4201,0.271959,0.379425,0.337301,0.342677
25.4301,0.27196,0.379433,0.33724,0.342661
25.4401,0.271962,0.379441,0.337179,0.342646
25.4501,0.271965,0.379451,0.337118,0.34263
25.4601,0.271967,0.379459,0.337057,0.342614
25.4701,0.271968,0.379466,0.336997,0.342597
25.4801,0.271967,0.379473,0.336935,0.342581
25.4901,0.271967,0.379479,0.336874,0.342565
25.5001,0.271969,0.379486,0.336813,0.342548
25.5101,0.271971,0.379494,0.336752,0.342532
25.5201,0.271972,0.379502,0.336691,0.342515
25.5301,0.271973,0.37951,0.33663,0.342499
25.5401,0.271974,0.379518,0.336569,0.342483
25.5501,0.271974,0.379526,0.336508,0.342467
25.5601,0.271974,0.379533,0.336448,0.342451
25.5701,0.271975,0.379539,0.336388,0.342435
25.5801,0.271975,0.379546,0.336328,0.342419
25.5901,0.271975,0.379553,0.336268,0.342403
25.6001,0.271976,0.37956,0.336208,0.342387
25.6101,0.271977,0.379566,0.336148,0.34237
25.6201,0.271978,0.379573,0.336088,0.342354
25.6301,0.271978,0.379581,0.336028,0.342337
25.6401,0.271979,0.379588,0.335968,0.342321
25.6501,0.271979,0.379596,0.335908,0.342305
25.6601,0.271979,0.379603,0.335847,0.342288
25.6701,0.27198,0.37961,0.335787,0.342272
25.6801,0.27198,0.379617,0.335727,0.342256
25.6901,0.271981,0.379624,0.335668,0.342239
25.7001,0.271982,0.379631,0.335609,0.342222
25.7101,0.271982,0.379639,0.335549,0.342206
25.7201,0.271983,0.379647,0.335489,0.34219
25.7301,0.271984,0.379654,0.33543,0.342173
25.7401,0.271985,0.379659,0.335371,0.342158
25.7501,0.271985,0.379665,0.335311,0.342141
25.7601,0.271986,0.379673,0.335251,0.342123
25.7701,0.271986,0.379681,0.335192,0.342106
25.7801,0.271987,0.379689,0.335132,0.342091
25.7901,0.271989,0.379696,0.335073,0.342074
25.8001,0.27199,0.379703,0.335013,0.342057
25.8101,0.27199,0.379711,0.334954,0.34204
25.8201,0.271991,0.379719,0.334895,0.342023
25.8301,0.271993,0.379727,0.334836,0.342006
25.8401,0.271994,0.379734,0.334777,0.34199
25.8501,0.271995,0.379741,0.334719,0.341973
25.8601,0.271996,0.379749,0.334659,0.341957
25.8701,0.271996,0.379757,0.3346,0.341941
25.8801,0.271998,0.379766,0.334541,0.341924
25.8901,0.271998,0.379774,0.334483,0.341908
25.9001,0.271998,0.379781,0.334424,0.341891
25.9101,0.271999,0.379788,0.334366,0.341875
25.9201,0.271999,0.379796,0.334307,0.341859
25.9301,0.272,0.379803,0.334248,0.341843
25.9401,0.272,0.379812,0.33419,0.341827
25.9501,0.272001,0.379821,0.334132,0.341811
25.9601,0.272003,0.379829,0.334074,0.341794
25.9701,0.272004,0.379835,0.334015,0.341778
25.9801,0.272006,0.379844,0.333957,0.341762
25.9901,0.272007,0.379851,0.333899,0.341746
26.0001,0.272008,0.379858,0.333841,0.34173
26.0101,0.272008,0.379865,0.333784,0.341713
26.0201,0.272009,0.379872,0.333726,0.341696
26.0301,0.272008,0.379878,0.333667,0.34168
26.0401,0.272006,0.379883,0.333607,0.341664
26.0501,0.272005,0.379889,0.333547,0.341648
26.0601,0.272005,0.379897,0.333487,0.341632
26.0701,0.272006,0.379906,0.333429,0.341616
26.0801,0.272006,0.379913,0.333371,0.341599
26.0901,0.272006,0.379921,0.333313,0.341582
26.1001,0.272008,0.379927,0.333256,0.341566
26.1101,0.272009,0.379935,0.333198,0.34155
26.1201,0.27201,0.379943,0.333141,0.341533
26.1301,0.272012,0.37995,0.333083,0.341516
26.1401,0.272013,0.379958,0.333026,0.3415
26.1501,0.272014,0.379965,0.33297,0.341483
26.1601,0.272014,0.379973,0.332913,0.341466
26.1701,0.272014,0.379981,0.332855,0.34145
26.1801,0.272015,0.379989,0.332797,0.341433
26.1901,0.272015,0.379996,0.33274,0.341417
26.2001,0.272015,0.380004,0.332682,0.3414
26.2101,0.272015,0.380009,0.332625,0.341384
26.2201,0.272015,0.380016,0.332567,0.341368
26.2301,0.272015,0.380025,0.332511,0.341351
26.2401,0.272016,0.380033,0.332454,0.341335
26.2501,0.272016,0.38004,0.332398,0.341319
26.2601,0.272017,0.380047,0.332341,0.341303
26.2701,0.272018,0.380055,0.332284,0.341286
26.2801,0.272019,0.380063,0.332227,0.34127
26.2901,0.272019,0.38007,0.332171,0.341253
26.3001,0.272019,0.380077,0.332115,0.341237
26.3101,0.27202,0.380085,0.332059,0.341221
26.3201,0.272021,0.380092,0.332003,0.341205
26.3301,0.272021,0.3801,0.331947,0.341189
26.3401,0.272022,0.380107,0.331891,0.341173
26.3501,0.272023,0.380115,0.331834,0.341157
26.3601,0.272024,0.380123,0.331778,0.341141
26.3701,0.272024,0.380129,0.331721,0.341124
26.3801,0.272025,0.380137,0.331665,0.341108
26.3901,0.272025,0.380145,0.331608,0.341092
26.4001,0.272026,0.380152,0.331553,0.341076
26.4101,0.272027,0.38016,0.331497,0.34106
26.4201,0.272028,0.380167,0.33144,0.341044
26.4301,0.272029,0.380174,0.331385,0.341028
26.4401,0.272028,0.380182,0.331329,0.341013
26.4501,0.272029,0.380191,0.331274,0.340997
26.4601,0.272031,0.3802,0.331218,0.340981
26.4701,0.27203,0.380208,0.331161,0.340965
26.4801,0.272031,0.380215,0.331105,0.340949
26.4901,0.272031,0.380222,0.331049,0.340933
26.5001,0.272032,0.380229,0.330993,0.340916
26.5101,0.272033,0.380237,0.330937,0.340901
26.5201,0.272033,0.380245,0.330881,0.340884
26.5301,0.272034,0.380252,0.330825,0.340868
26.5401,0.272033,0.380259,0.330769,0.340852
26.5501,0.272034,0.380266,0.330713,0.340836
26.5601,0.272034,0.380274,0.330657,0.340821
26.5701,0.272033,0.380281,0.330602,0.340806
26.5801,0.272034,0.380288,0.330547,0.340789
26.5901,0.272034,0.380295,0.330491,0.340774
26.6001,0.272036,0.380303,0.330434,0.340759
26.6101,0.272038,0.380311,0.330379,0.340744
26.6201,0.27204,0.38032,0.330324,0.340728
26.6301,0.272042,0.380328,0.330268,0.340713
26.6401,0.272044,0.380336,0.330214,0.340697
26.6501,0.272046,0.380345,0.33016,0.340682
26.6601,0.272048,0.380354,0.330105,0.340666
26.6701,0.27205,0.380363,0.33005,0.340651
26.6801,0.272051,0.380371,0.329994,0.340635
26.6901,0.272051,0.380378,0.329938,0.340619
26.7001,0.272052,0.380385,0.329881,0.340603
26.7101,0.272053,0.380393,0.329826,0.340586
26.7201,0.272054,0.380402,0.329771,0.340571
26.7301,0.272055,0.380409,0.329717,0.340555
26.7401,0.272055,0.380417,0.329662,0.340539
26.7501,0.272056,0.380424,0.329607,0.340523
26.7601,0.272058,0.380431,0.329553,0.340508
26.7701,0.272059,0.380438,0.329498,0.340492
26.7801,0.27206,0.380445,0.329443,0.340477
26.7901,0.272061,0.380454,0.329389,0.340461
26.8001,0.272061,0.380461,0.329334,0.340445
26.8101,0.272062,0.380468,0.329279,0.340429
26.8201,0.272063,0.380475,0.329224,0.340414
26.8301,0.272064,0.380483,0.329169,0.340398
26.8401,0.272064,0.38049,0.329115,0.340382
26.8501,0.272065,0.380497,0.32906,0.340367
26.8601,0.272066,0.380505,0.329006,0.340351
26.8701,0.272068,0.380513,0.328953,0.340336
26.8801,0.272068,0.38052,0.328898,0.340321
26.8901,0.272068,0.380527,0.328843,0.340305
26.9001,0.272068,0.380534,0.328789,0.34029
26.9101,0.272069,0.380542,0.328735,0.340274
26.9201,0.27207,0.380549,0.328681,0.340258
26.9301,0.272071,0.380557,0.328627,0.340243
26.9401,0.272072,0.380565,0.328573,0.340227
26.9501,0.272072,0.380573,0.32852,0.340211
26.9601,0.272072,0.380578,0.328465,0.340196
26.9701,0.272073,0.380585,0.328411,0.34018
26.9801,0.272074,0.380593,0.328357,0.340165
26.9901,0.272073,0.380599,0.328303,0.340149
27.0001,0.272074,0.380606,0.328249,0.340133
27.0101,0.272074,0.380613,0.328196,0.340118
27.0201,0.272074,0.38062,0.328142,0.340103
27.0301,0.272074,0.380627,0.328088,0.340087
27.0401,0.272074,0.380634,0.328034,0.340072
27.0501,0.272074,0.38064,0.32798,0.340056
27.0601,0.272075,0.380648,0.327926,0.340042
27.0701,0.272076,0.380656,0.327872,0.340028
27.0801,0.272078,0.380665,0.32782,0.340014
27.0901,0.27208,0.380675,0.327765,0.34
27.1001,0.272081,0.380682,0.327712,0.339985
27.1101,0.272082,0.38069,0.327658,0.339971
27.1201,0.272082,0.380697,0.327605,0.339956
27.1301,0.272082,0.380704,0.327551,0.339941
27.1401,0.272082,0.380711,0.327499,0.339925
27.1501,0.272082,0.380718,0.327446,0.33991
27.1601,0.272083,0.380726,0.327393,0.339894
27.1701,0.272083,0.380733,0.32734,0.339879
27.1801,0.272084,0.380739,0.327286,0.339863
27.1901,0.272085,0.380746,0.327234,0.339848
27.2001,0.272085,0.380754,0.327181,0.339833
27.2101,0.272087,0.380761,0.327128,0.339819
27.2201,0.272087,0.380768,0.327076,0.339805
27.2301,0.272087,0.380775,0.327023,0.33979
27.2401,0.272088,0.380783,0.326971,0.339775
27.2501,0.272089,0.38079,0.326918,0.33976
27.2601,0.27209,0.380798,0.326866,0.339745
27.2701,0.272091,0.380805,0.326813,0.339729
27.2801,0.272091,0.380812,0.32676,0.339714
27.2901,0.272092,0.380819,0.326707,0.339699
27.3001,0.272093,0.380826,0.326655,0.339684
27.3101,0.272094,0.380832,0.326602,0.339669
27.3201,0.272094,0.380839,0.326549,0.339654
27.3301,0.272095,0.380846,0.326497,0.339639
27.3401,0.272096,0.380852,0.326444,0.339624
27.3501,0.272096,0.38086,0.326391,0.339609
27.3601,0.272098,0.380867,0.326338,0.339593
27.3701,0.272098,0.380875,0.326286,0.339579
27.3801,0.272099,0.380882,0.326233,0.339564
27.3901,0.2721,0.380889,0.326181,0.339549
27.4001,0.2721,0.380896,0.326129,0.339535
27.4101,0.272102,0.380904,0.326077,0.33952
27.4201,0.272104,0.380911,0.326024,0.339504
27.4301,0.272105,0.380919,0.325972,0.33949
27.4401,0.272105,0.380927,0.325921,0.339476
27.4501,0.272107,0.380935,0.325869,0.339461
27.4629,0.272106,0.380943,0.325817,0.339446
27.4701,0.272107,0.380949,0.325765,0.339432
27.4801,0.272109,0.380958,0.325714,0.339417
27.4901,0.272103,0.380962,0.325663,0.339402
27.5001,0.272101,0.380967,0.325611,0.339387
27.5101,0.272102,0.380974,0.325558,0.339372
27.5201,0.272103,0.380981,0.325507,0.339358
27.5301,0.272104,0.380988,0.325456,0.339343
27.5401,0.272105,0.380995,0.325404,0.339328
27.5501,0.272106,0.381003,0.325352,0.339313
27.5601,0.272106,0.381011,0.3253,0.339298
27.5701,0.272107,0.381019,0.325248,0.339284
27.5801,0.272107,0.381027,0.325197,0.339269
27.5901,0.272107,0.381034,0.325145,0.339254
27.6001,0.272107,0.381041,0.325093,0.339239
27.6101,0.272108,0.381049,0.325042,0.339225
27.6201,0.272106,0.381056,0.32499,0.339211
27.6301,0.272106,0.381062,0.324938,0.339196
27.6401,0.272106,0.38107,0.324886,0.33918
27.6501,0.272107,0.381077,0.324835,0.339165
27.6601,0.272108,0.381084,0.324784,0.33915
27.6701,0.272107,0.38109,0.324732,0.339135
27.6801,0.272106,0.381097,0.32468,0.33912
27.6901,0.272105,0.381103,0.324629,0.339105
27.7001,0.272105,0.381109,0.324577,0.33909
27.7101,0.272105,0.381116,0.324526,0.339076
27.7201,0.272104,0.381122,0.324474,0.339062
27.7301,0.272104,0.381128,0.324423,0.339047
27.7401,0.272103,0.381134,0.324371,0.339032
27.7501,0.272103,0.38114,0.32432,0.339017
27.7601,0.272104,0.381146,0.324269,0.339003
27.7701,0.272104,0.381154,0.324218,0.338989
27.7801,0.272105,0.381161,0.324167,0.338974
27.7901,0.272105,0.381168,0.324116,0.338959
27.8001,0.272106,0.381176,0.324065,0.338945
27.8101,0.272106,0.381183,0.324015,0.338931
27.8201,0.272107,0.38119,0.323964,0.338916
27.8301,0.272108,0.381198,0.323914,0.338902
27.8401,0.272108,0.381205,0.323863,0.338887
27.8501,0.272109,0.381212,0.323813,0.338873
27.8601,0.272109,0.381219,0.323762,0.338858
27.8701,0.272109,0.381225,0.323711,0.338844
27.8801,0.27211,0.381232,0.323661,0.338831
27.8901,0.27211,0.381239,0.323611,0.338816
27.9001,0.27211,0.381246,0.32356,0.338802
27.9101,0.272111,0.381253,0.323509,0.338789
27.9201,0.272112,0.38126,0.323458,0.338775
27.9301,0.272112,0.381267,0.323408,0.338761
27.9401,0.272112,0.381274,0.323358,0.338747
27.9501,0.272113,0.381284,0.323308,0.338734
27.9601,0.272113,0.381292,0.323258,0.33872
27.9701,0.272115,0.3813,0.323208,0.338706
27.9801,0.272118,0.38131,0.323157,0.338693
27.9901,0.27212,0.381318,0.323107,0.338679
28.0001,0.272122,0.381326,0.323057,0.338666
28.0101,0.272122,0.381333,0.323006,0.338651
28.0201,0.272123,0.38134,0.322955,0.338637
28.0301,0.272123,0.381347,0.322905,0.338624
28.0401,0.272123,0.381354,0.322855,0.338609
28.0501,0.272124,0.38136,0.322806,0.338595
28.0601,0.272124,0.381367,0.322755,0.338581
28.0701,0.272124,0.381373,0.322705,0.338566
28.0801,0.272124,0.38138,0.322654,0.338552
28.0901,0.272124,0.381386,0.322604,0.338538
28.1001,0.272124,0.381392,0.322554,0.338525
28.1101,0.272124,0.381398,0.322504,0.338511
28.1201,0.272123,0.381404,0.322453,0.338497
28.1301,0.272124,0.381411,0.322403,0.338483
28.1401,0.272124,0.381419,0.322355,0.338469
28.1501,0.272125,0.381427,0.322305,0.338455
28.1601,0.272126,0.381434,0.322255,0.338442
28.1701,0.272126,0.381442,0.322206,0.338428
28.1801,0.272127,0.381449,0.322157,0.338413
28.1901,0.272127,0.381456,0.322108,0.3384
28.2001,0.272127,0.381463,0.322059,0.338386
28.2101,0.272127,0.381471,0.32201,0.338372
28.2201,0.272127,0.381478,0.32196,0.338359
28.2301,0.272128,0.381485,0.321911,0.338346
28.2401,0.272129,0.381493,0.321862,0.338332
28.2501,0.27213,0.381501,0.321812,0.338318
28.2601,0.272131,0.381508,0.321763,0.338304
28.2701,0.272132,0.381514,0.321714,0.33829
28.2801,0.272132,0.381522,0.321665,0.338276
28.2901,0.272133,0.381528,0.321616,0.338262
28.3001,0.272134,0.381536,0.321567,0.338249
28.3101,0.272135,0.381544,0.321519,0.338236
28.3201,0.272136,0.381551,0.321471,0.338222
28.3301,0.272136,0.381559,0.321422,0.338208
28.3401,0.272137,0.381566,0.321373,0.338195
28.3501,0.272137,0.381572,0.321324,0.338182
28.3601,0.272137,0.381579,0.321276,0.338168
28.3701,0.272138,0.381586,0.321227,0.338155
28.3801,0.272138,0.381594,0.321178,0.338142
28.3901,0.272139,0.381601,0.321129,0.338128
28.4001,0.27214,0.381608,0.32108,0.338116
28.4101,0.272141,0.381615,0.321031,0.338103
28.4201,0.272142,0.381622,0.320982,0.33809
28.4301,0.272143,0.381629,0.320933,0.338076
28.4401,0.272145,0.381636,0.320886,0.338063
28.4501,0.272146,0.381644,0.320837,0.338049
28.4602,0.272146,0.38165,0.320789,0.338035
28.4701,0.272146,0.381657,0.320741,0.338022
28.4805,0.272151,0.381663,0.320694,0.33801
28.4901,0.272152,0.38167,0.320646,0.337997
28.5001,0.272153,0.381677,0.320598,0.337983
28.5101,0.272153,0.381684,0.320549,0.33797
28.5201,0.272153,0.38169,0.3205,0.337957
28.5301,0.272154,0.381697,0.320453,0.337944
28.5401,0.272154,0.381704,0.320404,0.33793
28.5501,0.272156,0.381711,0.320356,0.337917
28.5601,0.272157,0.381718,0.320308,0.337903
28.5701,0.272158,0.381725,0.32026,0.33789
28.5801,0.272159,0.381733,0.320212,0.337876
28.5901,0.27216,0.38174,0.320164,0.337863
28.6001,0.272161,0.381748,0.320116,0.33785
28.6101,0.272162,0.381755,0.320068,0.337837
28.6201,0.272163,0.381762,0.320021,0.337824
28.6301,0.272164,0.381769,0.319972,0.337812
28.6401,0.272164,0.381777,0.319925,0.3378
28.6501,0.272165,0.381784,0.319876,0.337788
28.6601,0.272166,0.381791,0.319829,0.337775
28.6701,0.272166,0.381798,0.319781,0.337762
28.6801,0.272167,0.381805,0.319733,0.337748
28.6901,0.272168,0.381812,0.319684,0.337735
28.7001,0.272169,0.38182,0.319636,0.337722
28.7101,0.272171,0.381828,0.319588,0.337709
28.7201,0.272171,0.381835,0.31954,0.337696
28.7301,0.272172,0.381842,0.319493,0.337683
28.7401,0.272172,0.38185,0.319446,0.337672
28.7501,0.272173,0.381859,0.319398,0.337659
28.7601,0.272174,0.381868,0.319351,0.337644
28.7701,0.272174,0.381874,0.319304,0.337631
28.7801,0.272174,0.381881,0.319258,0.337618
28.7901,0.272174,0.381889,0.319209,0.337605
28.8001,0.272173,0.381896,0.319161,0.337594
28.8101,0.272173,0.381902,0.319114,0.337582
28.8201,0.272173,0.381909,0.319068,0.337569
28.8301,0.272174,0.381916,0.319021,0.337556
28.8401,0.272174,0.381922,0.318973,0.337543
28.8501,0.272174,0.38193,0.318927,0.33753
28.8601,0.272173,0.381937,0.318879,0.337516
28.8701,0.272173,0.381944,0.318832,0.337503
28.8801,0.272174,0.381951,0.318785,0.33749
28.8901,0.272174,0.381959,0.318738,0.337478
28.9001,0.272176,0.381966,0.31869,0.337466
28.9101,0.272175,0.381974,0.318643,0.337454
28.9201,0.272175,0.38198,0.318596,0.337441
28.9301,0.272176,0.381987,0.318548,0.337429
28.9401,0.272176,0.381995,0.318501,0.337416
28.9501,0.272174,0.382002,0.318453,0.337403
28.9601,0.272175,0.382008,0.318407,0.33739
28.9701,0.272172,0.382015,0.31836,0.337378
28.9801,0.272179,0.382028,0.318313,0.337366
28.9901,0.272182,0.382037,0.318266,0.337353
29.0001,0.272184,0.382044,0.318219,0.33734
29.0101,0.272184,0.382052,0.318172,0.337329
29.0201,0.272192,0.382058,0.318125,0.337317
29.0301,0.272195,0.382065,0.318077,0.337304
29.0401,0.272197,0.382072,0.318031,0.337291
29.0501,0.272195,0.382077,0.317984,0.337278
29.0601,0.272192,0.38208,0.317936,0.337266
29.0701,0.272189,0.382085,0.317887,0.337253
29.0801,0.272186,0.382089,0.317839,0.337241
29.0901,0.272183,0.382093,0.317792,0.337229
29.1001,0.272179,0.382097,0.317744,0.337217
29.1101,0.272176,0.382101,0.317696,0.337206
29.1201,0.272172,0.382104,0.317649,0.337194
29.1301,0.272169,0.382107,0.317601,0.337182
29.1401,0.272165,0.382111,0.317553,0.33717
29.1501,0.272162,0.382115,0.317505,0.337159
29.1601,0.272159,0.382118,0.317458,0.337146
29.1701,0.272156,0.382121,0.317409,0.337134
29.1801,0.272152,0.382125,0.317362,0.337122
29.1901,0.272149,0.382129,0.317315,0.33711
29.2001,0.272146,0.382132,0.317268,0.337099
29.2101,0.272144,0.382137,0.31722,0.337087
29.2201,0.27214,0.382141,0.317172,0.337075
29.2301,0.272137,0.382145,0.317125,0.337063
29.2401,0.272134,0.382149,0.317077,0.337051
29.2501,0.27213,0.382153,0.31703,0.337039
29.2601,0.272127,0.382157,0.316982,0.337028
29.2701,0.272124,0.382161,0.316934,0.337016
29.2801,0.27212,0.382164,0.316886,0.337004
29.2901,0.272117,0.382168,0.316838,0.336992
29.3001,0.272114,0.382172,0.316791,0.336979
29.3101,0.272111,0.382175,0.316744,0.336967
29.3201,0.272108,0.382178,0.316696,0.336955
29.3301,0.272104,0.382182,0.316648,0.336943
29.3401,0.272101,0.382186,0.3166,0.336932
29.3501,0.272097,0.382189,0.316552,0.33692
29.3601,0.272094,0.382193,0.316505,0.336907
29.3701,0.272092,0.382197,0.316458,0.336896
29.3801,0.27209,0.382202,0.316411,0.336884
29.3901,0.272089,0.382207,0.316365,0.336873
29.4001,0.272087,0.382211,0.316319,0.336861
29.4101,0.272085,0.382216,0.316272,0.33685
29.4201,0.272082,0.38222,0.316225,0.336839
29.4301,0.27208,0.382225,0.316178,0.336828
29.4401,0.272079,0.38223,0.316131,0.336817
29.4501,0.272079,0.382235,0.316085,0.336806
29.4601,0.272075,0.382237,0.316036,0.336794
29.4701,0.272073,0.382241,0.31599,0.336782
29.4801,0.27207,0.382245,0.315943,0.336771
29.4901,0.272067,0.382249,0.315896,0.33676
29.5001,0.272064,0.382253,0.315849,0.336748
29.5101,0.272063,0.382257,0.315802,0.336737
29.5201,0.27206,0.382261,0.315755,0.336727
29.5301,0.272058,0.382264,0.31571,0.336717
29.5401,0.272056,0.382269,0.315663,0.336707
29.5501,0.272052,0.382273,0.315617,0.336695
29.5601,0.272049,0.382276,0.315571,0.336684
29.5701,0.272045,0.382279,0.315524,0.336673
29.5801,0.272042,0.382282,0.315477,0.336662
29.5901,0.272038,0.382285,0.31543,0.336651
29.6001,0.272035,0.382288,0.315384,0.336639
29.6101,0.272032,0.382292,0.315337,0.336628
29.6201,0.272026,0.382296,0.315291,0.336617
29.6301,0.272023,0.3823,0.315244,0.336605
29.6401,0.27202,0.382304,0.315198,0.336594
29.6501,0.272017,0.382308,0.315151,0.336583
29.6601,0.272013,0.382311,0.315104,0.336572
29.6701,0.27201,0.382315,0.315058,0.336561
29.6801,0.272006,0.382319,0.315011,0.33655
29.6901,0.272003,0.382324,0.314966,0.33654
29.7001,0.272,0.382328,0.314919,0.336529
29.7101,0.271996,0.382331,0.314872,0.336518
29.7201,0.271992,0.382334,0.314826,0.336507
29.7301,0.271989,0.382337,0.314779,0.336496
29.7401,0.271986,0.38234,0.314732,0.336485
29.7501,0.271983,0.382344,0.314685,0.336473
29.7601,0.27198,0.382347,0.314639,0.336462
29.7701,0.271977,0.382351,0.314593,0.336452
29.7801,0.271974,0.382354,0.314548,0.336441
29.7901,0.271971,0.382358,0.314502,0.33643
29.8001,0.271968,0.382361,0.314455,0.336419
29.8101,0.271964,0.382365,0.314409,0.336408
29.8201,0.271961,0.382369,0.314363,0.336397
29.8301,0.271958,0.382372,0.314318,0.336387
29.8401,0.271955,0.382376,0.314273,0.336378
29.8501,0.271952,0.38238,0.314227,0.336367
29.8601,0.271949,0.382385,0.314182,0.336357
29.8701,0.271945,0.382389,0.314136,0.336346
29.8801,0.271943,0.382392,0.31409,0.336336
29.8901,0.271941,0.382396,0.314045,0.336325
29.9001,0.271937,0.382399,0.314,0.336314
29.9101,0.271934,0.382402,0.313954,0.336304
29.9201,0.271931,0.382406,0.313908,0.336293
29.9301,0.271928,0.38241,0.313862,0.336282
29.9401,0.271925,0.382413,0.313815,0.336272
29.9501,0.27192,0.382414,0.313767,0.336261
29.9601,0.271913,0.382415,0.313721,0.33625
29.9701,0.271911,0.38242,0.313676,0.336239
29.9801,0.271913,0.382423,0.31363,0.336228
29.9901,0.271909,0.382425,0.313583,0.336217
30.0001,0.271907,0.382429,0.313537,0.336207
30.0101,0.271906,0.382435,0.313492,0.336197
30.0201,0.271904,0.382439,0.313447,0.336186
30.0301,0.271901,0.382443,0.313401,0.336176
30.0401,0.271898,0.382447,0.313356,0.336166
30.0501,0.271895,0.382451,0.31331,0.336156
30.0601,0.271892,0.382455,0.313265,0.336145
30.0701,0.271889,0.382459,0.313219,0.336134
30.0801,0.271887,0.382462,0.313175,0.336123
30.0901,0.271884,0.382465,0.31313,0.336113
30.1001,0.271881,0.382468,0.313085,0.336103
30.1101,0.271878,0.382473,0.313039,0.336094
30.1201,0.271875,0.382477,0.312993,0.336084
30.1301,0.271871,0.382482,0.312948,0.336074
30.1401,0.271868,0.382486,0.312903,0.336063
30.1501,0.271865,0.38249,0.312858,0.336053
30.1601,0.271862,0.382494,0.312813,0.336043
30.1701,0.271858,0.382497,0.312767,0.336032
30.1801,0.271854,0.382501,0.312721,0.336022
30.1901,0.271851,0.382502,0.312676,0.336012
30.2001,0.271847,0.382506,0.312631,0.336001
30.2101,0.271844,0.38251,0.312586,0.335991
30.2201,0.271841,0.382514,0.312541,0.335982
30.2301,0.271837,0.382518,0.312496,0.335972
30.2401,0.271834,0.382521,0.312451,0.335962
30.2501,0.271832,0.382526,0.312406,0.335952
30.2601,0.271829,0.382529,0.312361,0.335942
30.2701,0.271826,0.382534,0.312316,0.335932
30.2801,0.271823,0.382538,0.312272,0.335922
30.2901,0.271819,0.382542,0.312227,0.335912
30.3001,0.271816,0.382546,0.312183,0.335902
30.3101,0.271813,0.382549,0.312138,0.335892
30.3201,0.271809,0.382553,0.312093,0.335883
30.3301,0.271805,0.382556,0.312048,0.335873
30.3401,0.271802,0.38256,0.312003,0.335864
30.3501,0.271799,0.382564,0.311958,0.335854
30.3601,0.271795,0.382567,0.311913,0.335844
30.3701,0.271791,0.38257,0.311868,0.335835
30.3801,0.271788,0.382573,0.311823,0.335826
30.3901,0.271784,0.382576,0.311778,0.335816
30.4001,0.271781,0.382579,0.311734,0.335807
30.4101,0.271778,0.382584,0.311689,0.335798
30.4201,0.271775,0.382589,0.311644,0.335789
30.4301,0.271772,0.382592,0.311598,0.335781
30.4401,0.271768,0.382595,0.311553,0.335772
30.4501,0.271765,0.3826,0.311509,0.335761
30.4601,0.271758,0.382601,0.311463,0.335752
30.4701,0.27175,0.382602,0.311418,0.335742
30.4801,0.271744,0.382603,0.311372,0.335732
30.4901,0.271739,0.382605,0.311327,0.335722
30.5001,0.271734,0.382607,0.311282,0.335713
30.5101,0.27173,0.38261,0.311236,0.335704
30.5201,0.271726,0.382613,0.311192,0.335694
30.5301,0.271723,0.382616,0.311147,0.335684
30.5401,0.271719,0.382619,0.311103,0.335675
30.5501,0.271715,0.382623,0.311057,0.335666
30.5601,0.271713,0.382626,0.311012,0.335656
30.5701,0.27171,0.38263,0.310968,0.335646
30.5801,0.271707,0.382633,0.310924,0.335637
30.5901,0.271704,0.382636,0.31088,0.335628
30.6001,0.271701,0.38264,0.310836,0.335619
30.6101,0.271698,0.382644,0.310791,0.33561
30.6201,0.271695,0.382648,0.310747,0.3356
30.6301,0.271691,0.382652,0.310703,0.335591
30.6401,0.271688,0.382655,0.310659,0.335581
30.6501,0.271685,0.382659,0.310615,0.335572
30.6601,0.271682,0.382663,0.31057,0.335562
30.6701,0.271679,0.382667,0.310525,0.335554
30.6801,0.271676,0.38267,0.310481,0.335544
30.6901,0.271674,0.382674,0.310437,0.335534
30.7001,0.271671,0.382677,0.310393,0.335524
30.7101,0.271667,0.382681,0.310349,0.335514
30.7201,0.271664,0.382684,0.310306,0.335505
30.7301,0.271661,0.382687,0.310263,0.335495
30.7401,0.271658,0.382691,0.31022,0.335486
30.7501,0.271654,0.382695,0.310176,0.335477
30.7601,0.271651,0.382699,0.310131,0.335467
30.7701,0.271647,0.382702,0.310087,0.335458
30.7801,0.271645,0.382706,0.310043,0.335449
30.7901,0.271643,0.38271,0.309999,0.33544
30.8001,0.27164,0.382713,0.309954,0.335431
30.8101,0.271636,0.382716,0.309911,0.335422
30.8201,0.271632,0.38272,0.309868,0.335413
30.8301,0.271629,0.382723,0.309823,0.335403
30.8401,0.271625,0.382727,0.30978,0.335393
30.8501,0.271622,0.382731,0.309737,0.335384
30.8601,0.271618,0.382734,0.309694,0.335375
30.8701,0.271615,0.382738,0.30965,0.335366
30.8801,0.271611,0.382741,0.309606,0.335356
30.8901,0.271608,0.382745,0.309562,0.335347
30.9001,0.271604,0.382747,0.309518,0.335338
30.9101,0.271601,0.382751,0.309474,0.335329
30.9201,0.271597,0.382755,0.309431,0.33532
30.9301,0.271594,0.382758,0.309387,0.335311
30.9401,0.27159,0.382761,0.309342,0.335301
30.9501,0.271582,0.382762,0.309298,0.335291
30.9601,0.271576,0.382763,0.309255,0.335281
30.9701,0.271573,0.382768,0.309213,0.335272
30.9801,0.271568,0.382769,0.309169,0.335262
30.9901,0.271562,0.382771,0.309125,0.335252
31.0001,0.271561,0.382774,0.309082,0.335241
31.0101,0.271559,0.382779,0.30904,0.335232
31.0201,0.271557,0.382783,0.308997,0.335223
31.0301,0.271555,0.382787,0.308954,0.335214
31.0401,0.271552,0.382791,0.308911,0.335206
31.0501,0.271549,0.382794,0.308868,0.335197
31.0601,0.271547,0.382799,0.308825,0.335188
31.0701,0.271544,0.382802,0.308783,0.33518
31.0801,0.271541,0.382807,0.30874,0.335171
31.0901,0.271538,0.38281,0.308697,0.335162
31.1001,0.271534,0.382814,0.308654,0.335153
31.1101,0.271531,0.382818,0.308611,0.335144
31.1201,0.271527,0.382821,0.308568,0.335135
31.1301,0.271524,0.382824,0.308525,0.335125
31.1401,0.271521,0.382827,0.308482,0.335116
31.1501,0.271517,0.382831,0.308439,0.335107
31.1601,0.271515,0.382835,0.308396,0.335098
31.1701,0.271511,0.382838,0.308353,0.335089
31.1801,0.271508,0.38284,0.30831,0.335079
31.1901,0.271505,0.382843,0.308268,0.33507
31.2001,0.271502,0.382846,0.308226,0.33506
31.2101,0.271497,0.382848,0.308183,0.33505
31.2201,0.271494,0.38285,0.30814,0.33504
31.2301,0.27149,0.382854,0.308097,0.335032
31.2401,0.271484,0.382858,0.308055,0.335024
31.2501,0.271478,0.382861,0.308011,0.335015
31.2601,0.271474,0.382864,0.307968,0.335006
31.2701,0.27147,0.382867,0.307925,0.334998
31.2801,0.271465,0.382869,0.307883,0.334989
31.2901,0.271462,0.382872,0.30784,0.334981
31.3001,0.271458,0.382875,0.307797,0.334972
31.3101,0.271453,0.382878,0.307755,0.334963
31.3201,0.271448,0.382881,0.307713,0.334954
31.3301,0.271445,0.382885,0.30767,0.334945
31.3401,0.271442,0.382889,0.307628,0.334936
31.3501,0.271438,0.382893,0.307586,0.334927
31.3601,0.271435,0.382896,0.307544,0.334919
31.3701,0.271431,0.382898,0.307501,0.33491
31.3801,0.271428,0.382901,0.307459,0.334902
31.3901,0.271424,0.382905,0.307417,0.334892
31.4001,0.27142,0.382908,0.307374,0.334883
31.4101,0.271417,0.382912,0.307331,0.334874
31.4201,0.271414,0.382915,0.307289,0.334864
31.4301,0.271411,0.382917,0.307246,0.334853
31.4401,0.271409,0.38292,0.307203,0.334843
31.4501,0.271407,0.382924,0.307162,0.334832
31.4601,0.271401,0.382927,0.307119,0.334823
31.4701,0.271397,0.382929,0.307075,0.334813
31.4801,0.271395,0.382932,0.307031,0.334803
31.4901,0.271393,0.382937,0.306988,0.334795
31.5001,0.271391,0.38294,0.306946,0.334786
31.5101,0.271388,0.382944,0.306904,0.334778
31.5201,0.271385,0.382948,0.306861,0.334769
31.5301,0.271382,0.382952,0.306819,0.33476
31.5401,0.271379,0.382956,0.306777,0.334751
31.5501,0.271376,0.382959,0.306735,0.334743
31.5601,0.271374,0.382962,0.306693,0.334733
31.5701,0.271371,0.382966,0.306651,0.334724
31.5801,0.271368,0.382969,0.306609,0.334715
31.5901,0.271364,0.382973,0.306567,0.334707
31.6001,0.27136,0.382977,0.306525,0.334699
31.6101,0.271356,0.382981,0.306484,0.33469
31.6201,0.271353,0.382986,0.306443,0.334681
31.6301,0.27135,0.38299,0.306401,0.334673
31.6401,0.271346,0.382995,0.306358,0.334664
31.6501,0.271341,0.382999,0.306317,0.334656
31.6601,0.271338,0.383004,0.306275,0.334648
31.6701,0.271335,0.383008,0.306233,0.33464
31.6801,0.271331,0.383012,0.306192,0.334632
31.6901,0.271328,0.383014,0.306151,0.334624
31.7001,0.271325,0.383018,0.30611,0.334616
31.7101,0.271323,0.383021,0.306069,0.334607
31.7201,0.27132,0.383024,0.306028,0.334597
31.7301,0.271317,0.383029,0.305985,0.334589
31.7401,0.271314,0.383032,0.305942,0.33458
31.7501,0.27131,0.383035,0.305899,0.334571
31.7601,0.271307,0.383038,0.305857,0.334563
31.7701,0.271304,0.383041,0.305815,0.334555
31.7801,0.2713,0.383044,0.305773,0.334547
31.7901,0.271297,0.383047,0.305731,0.334538
31.8001,0.271293,0.383051,0.305689,0.334529
31.8101,0.271291,0.383054,0.305648,0.33452
31.8201,0.271287,0.383057,0.305606,0.334511
31.8301,0.271284,0.383061,0.305564,0.334503
31.8401,0.271281,0.383065,0.305523,0.334494
31.8501,0.271277,0.383068,0.305481,0.334485
31.8601,0.271274,0.383072,0.30544,0.334477
31.8701,0.271271,0.383075,0.305398,0.334468
31.8801,0.271267,0.383079,0.305357,0.334459
31.8901,0.271264,0.383083,0.305316,0.334451
31.9001,0.27126,0.383087,0.305275,0.334442
31.9101,0.271257,0.383091,0.305235,0.334433
31.9201,0.271253,0.383095,0.305193,0.334424
31.9301,0.271251,0.383098,0.305152,0.334415
31.9401,0.271247,0.3831,0.30511,0.334406
31.9501,0.271242,0.383103,0.305067,0.334396
31.9601,0.271237,0.383104,0.305025,0.334387
31.9701,0.271234,0.383109,0.304984,0.334379
31.9801,0.271229,0.383111,0.304943,0.334371
31.9901,0.271224,0.383113,0.304891,0.334369
32.0002,0.271218,0.383116,0.304843,0.334367
32.0102,0.271215,0.38312,0.304799,0.334361
32.0201,0.271212,0.383124,0.304756,0.334353
32.0301,0.271205,0.383125,0.304713,0.334343
32.0401,0.271202,0.383128,0.304672,0.334336
32.0501,0.271199,0.383131,0.304631,0.334327
32.0601,0.271196,0.383134,0.304591,0.334318
32.0701,0.271192,0.383138,0.30455,0.334309
32.0801,0.271188,0.383141,0.30451,0.3343
32.0901,0.271186,0.383143,0.304469,0.33429
32.1001,0.271182,0.383148,0.304428,0.334282
32.1101,0.271179,0.383152,0.304387,0.334275
32.1201,0.271177,0.383156,0.304348,0.334265
32.1301,0.271175,0.38316,0.304308,0.334255
32.1401,0.271173,0.383163,0.304266,0.334246
32.1501,0.271171,0.383167,0.304224,0.334238
32.1601,0.271169,0.38317,0.304183,0.334229
32.1701,0.271166,0.383175,0.304142,0.334221
32.1801,0.271163,0.383179,0.304101,0.334213
32.1901,0.271161,0.383182,0.30406,0.334204
32.2001,0.271159,0.383186,0.304018,0.334196
32.2101,0.271156,0.383189,0.303978,0.334187
32.2201,0.271154,0.383192,0.303937,0.334179
32.2301,0.271151,0.383196,0.303897,0.334171
32.2401,0.271149,0.3832,0.303856,0.334162
32.2501,0.271146,0.383204,0.303816,0.334154
32.2601,0.271143,0.383208,0.303776,0.334146
32.2701,0.27114,0.383212,0.303736,0.334138
32.2801,0.271137,0.383216,0.303695,0.33413
32.2901,0.271134,0.38322,0.303654,0.334122
32.3001,0.271131,0.383224,0.303614,0.334114
32.3101,0.271128,0.383227,0.303573,0.334107
32.3201,0.271125,0.383231,0.303533,0.334099
32.3301,0.271121,0.383234,0.303492,0.334091
32.3401,0.271118,0.383239,0.303451,0.334084
32.3501,0.271115,0.383241,0.30341,0.334076
32.3601,0.271112,0.383245,0.30337,0.334068
32.3701,0.27111,0.383249,0.303329,0.334061
32.3801,0.271107,0.383252,0.303288,0.334053
32.3901,0.271104,0.383256,0.303248,0.334044
32.4001,0.2711,0.38326,0.303207,0.334035
32.4101,0.271097,0.383263,0.303167,0.334027
32.4201,0.271095,0.383267,0.303127,0.334019
32.4301,0.271092,0.383271,0.303088,0.334011
32.4401,0.271089,0.383274,0.303047,0.334003
32.4501,0.271086,0.383279,0.303008,0.333995
32.4601,0.27108,0.383281,0.302967,0.333984
32.4701,0.271073,0.383281,0.302925,0.333975
32.4801,0.27107,0.383284,0.302885,0.333967
32.4901,0.271067,0.383287,0.302844,0.33396
32.5001,0.271063,0.38329,0.302804,0.333951
32.5101,0.27106,0.383293,0.302764,0.333943
32.5201,0.271057,0.383296,0.302724,0.333935
32.5301,0.271054,0.383299,0.302683,0.333927
32.5401,0.271051,0.383302,0.302644,0.333919
32.5501,0.271048,0.383305,0.302604,0.333911
32.5601,0.271046,0.383308,0.302564,0.333903
32.5701,0.271044,0.383312,0.302523,0.333894
32.5801,0.271042,0.383317,0.302483,0.333886
32.5901,0.271038,0.383321,0.302443,0.333877
32.6001,0.271035,0.383324,0.302404,0.333869
32.6101,0.271031,0.383328,0.302364,0.33386
32.6201,0.27103,0.383331,0.302324,0.333852
32.6301,0.271027,0.383333,0.302285,0.333844
32.6401,0.271024,0.383336,0.302245,0.333836
32.6501,0.271022,0.383339,0.302205,0.333827
32.6601,0.271019,0.383344,0.302166,0.333819
32.6701,0.271017,0.383347,0.302126,0.333811
32.6801,0.271013,0.38335,0.302086,0.333802
32.6901,0.27101,0.383354,0.302047,0.333794
32.7001,0.271007,0.383358,0.302007,0.333786
32.7101,0.271004,0.383361,0.301967,0.333778
32.7201,0.271001,0.383364,0.301927,0.33377
32.7301,0.270999,0.383367,0.301888,0.333762
32.7401,0.270995,0.38337,0.301848,0.333755
32.7501,0.270992,0.383374,0.301808,0.333747
32.7601,0.270988,0.383377,0.301768,0.333739
32.7701,0.270985,0.383382,0.30173,0.333731
32.7801,0.270981,0.383386,0.301691,0.333723
32.7901,0.270977,0.383389,0.301651,0.333716
32.8001,0.270973,0.383392,0.301612,0.333708
32.8101,0.270969,0.383395,0.301572,0.3337
32.8201,0.270966,0.383398,0.301532,0.333693
32.8301,0.270962,0.3834,0.301493,0.333685
32.8401,0.270958,0.383404,0.301453,0.333678
32.8501,0.270954,0.383409,0.301414,0.333671
32.8601,0.270951,0.383413,0.301374,0.333663
32.8701,0.270948,0.383416,0.301335,0.333655
32.8801,0.270945,0.383418,0.301295,0.333647
32.8901,0.270942,0.383421,0.301256,0.333639
32.9001,0.270939,0.383424,0.301216,0.333631
32.9101,0.270936,0.383426,0.301177,0.333623
32.9201,0.270933,0.383429,0.301138,0.333615
32.9301,0.270929,0.383433,0.301098,0.333607
32.9401,0.270926,0.383435,0.301059,0.333598
32.9501,0.270918,0.383437,0.30102,0.333589
32.9601,0.270912,0.383438,0.300982,0.333581
32.9701,0.270909,0.383442,0.300942,0.333574
32.9801,0.270905,0.383444,0.300902,0.333565
32.9901,0.270899,0.383445,0.300861,0.333556
33.0002,0.270898,0.38345,0.300821,0.333549
33.0101,0.270896,0.383455,0.300783,0.333541
33.0202,0.270895,0.383458,0.300743,0.333533
33.0301,0.270894,0.383463,0.300705,0.333525
33.0401,0.270892,0.383466,0.300666,0.333518
33.0501,0.270889,0.383471,0.300627,0.333511
33.0601,0.270886,0.383475,0.300587,0.333504
33.0701,0.270884,0.383479,0.300548,0.333497
33.0801,0.270881,0.383483,0.300509,0.333489
33.0901,0.270879,0.383488,0.30047,0.333482
33.1001,0.270875,0.383491,0.300431,0.333474
33.1101,0.270873,0.383495,0.300393,0.333466
33.1201,0.270871,0.383498,0.300354,0.333457
33.1301,0.270868,0.383502,0.300316,0.333449
33.1401,0.270866,0.383505,0.300278,0.333441
33.1501,0.270864,0.383509,0.300239,0.333433
33.1601,0.270862,0.383513,0.300201,0.333425
33.1701,0.270859,0.383516,0.300162,0.333418
33.1801,0.270856,0.38352,0.300124,0.33341
33.1901,0.270852,0.383523,0.300085,0.333403
33.2001,0.270849,0.383526,0.300047,0.333396
33.2101,0.270844,0.383529,0.300007,0.333388
33.2201,0.270837,0.383532,0.299968,0.33338
33.2301,0.270832,0.383534,0.299928,0.333371
33.2401,0.270829,0.383536,0.299889,0.333363
33.2501,0.270826,0.383538,0.299848,0.333356
33.2601,0.270823,0.38354,0.299808,0.333349
33.2701,0.270817,0.383543,0.299768,0.333341
33.2801,0.270813,0.383544,0.299728,0.333334
33.2901,0.270809,0.383548,0.29969,0.333326
33.3001,0.270805,0.383551,0.299652,0.333318
33.3101,0.270802,0.383554,0.299613,0.333311
33.3201,0.270798,0.383557,0.299575,0.333303
33.3301,0.270795,0.38356,0.299536,0.333295
33.3401,0.270792,0.383563,0.299498,0.333288
33.3501,0.270788,0.383567,0.29946,0.33328
33.3601,0.270785,0.38357,0.299422,0.333273
33.3701,0.270782,0.383574,0.299384,0.333265
33.3801,0.270778,0.383577,0.299345,0.333258
33.3901,0.270775,0.383579,0.299308,0.333251
33.4001,0.270772,0.383582,0.299269,0.333243
33.4101,0.270768,0.383585,0.299232,0.333236
33.4201,0.270766,0.383588,0.299194,0.333229
33.4301,0.270762,0.383591,0.299156,0.333222
33.4401,0.270758,0.383593,0.299118,0.333215
33.4501,0.270756,0.383597,0.299079,0.333208
33.4601,0.270751,0.3836,0.29904,0.3332
33.4701,0.270747,0.383602,0.298999,0.333192
33.4801,0.270745,0.383605,0.298961,0.333183
33.4901,0.270743,0.383609,0.298924,0.333176
33.5001,0.270742,0.383613,0.298886,0.33317
33.5101,0.270739,0.383618,0.298849,0.333163
33.5201,0.270737,0.383623,0.298811,0.333156
33.5301,0.270734,0.383627,0.298772,0.333149
33.5401,0.270731,0.383631,0.298735,0.333142
33.5501,0.270728,0.383634,0.298698,0.333135
33.5601,0.270725,0.383637,0.29866,0.333129
33.5701,0.270721,0.38364,0.298622,0.333121
33.5801,0.270718,0.383643,0.298585,0.333114
33.5901,0.270715,0.383646,0.298547,0.333106
33.6001,0.270712,0.383649,0.29851,0.333099
33.6101,0.270709,0.383653,0.298472,0.333092
33.6201,0.270706,0.383656,0.298434,0.333085
33.6301,0.270703,0.383659,0.298397,0.333078
33.6401,0.2707,0.383662,0.29836,0.333071
33.6501,0.270697,0.383665,0.298322,0.333065
33.6601,0.270694,0.383667,0.298285,0.333058
33.6701,0.27069,0.383671,0.298247,0.333051
33.6801,0.270686,0.383673,0.298209,0.333044
33.6901,0.270682,0.383676,0.298171,0.333037
33.7001,0.270678,0.383679,0.298134,0.33303
33.7101,0.270674,0.383681,0.298097,0.333022
33.7201,0.270671,0.383684,0.298059,0.333015
33.7301,0.270666,0.383686,0.298022,0.333008
33.7401,0.270662,0.383689,0.297984,0.333001
33.7501,0.270658,0.383692,0.297947,0.332995
33.7601,0.270654,0.383695,0.29791,0.332987
33.7701,0.270651,0.383698,0.297872,0.33298
33.7801,0.270647,0.383701,0.297834,0.332974
33.7901,0.270642,0.383704,0.297797,0.332967
33.8001,0.270638,0.383708,0.29776,0.33296
33.8101,0.270634,0.383711,0.297722,0.332953
33.8201,0.270631,0.383714,0.297685,0.332946
33.8301,0.270628,0.383716,0.297648,0.332938
33.8401,0.270624,0.38372,0.297611,0.332932
33.8501,0.270621,0.383724,0.297574,0.332924
33.8601,0.270617,0.383727,0.297537,0.332916
33.8701,0.270613,0.38373,0.2975,0.33291
33.8801,0.27061,0.383734,0.297463,0.332902
33.8901,0.270607,0.383737,0.297426,0.332895
33.9001,0.270603,0.38374,0.29739,0.332889
33.9101,0.270601,0.383744,0.297353,0.332882
33.9201,0.270599,0.383748,0.297316,0.332875
33.9301,0.270596,0.383751,0.297279,0.332868
33.9401,0.270592,0.383753,0.297242,0.332861
33.9501,0.270585,0.383755,0.297203,0.332853
33.9601,0.270579,0.383755,0.297165,0.332845
33.9701,0.270576,0.383759,0.297129,0.332838
33.9801,0.270572,0.38376,0.297092,0.332831
33.9901,0.270567,0.383762,0.297055,0.332823
34.0001,0.270564,0.383767,0.297019,0.332816
34.0101,0.27056,0.383771,0.296982,0.332808
34.0201,0.270557,0.383774,0.296945,0.332801
34.0301,0.270553,0.383777,0.296909,0.332794
34.0401,0.270549,0.38378,0.296872,0.332787
34.0501,0.270549,0.383785,0.296837,0.332781
34.0601,0.270549,0.383791,0.296802,0.332774
34.0701,0.270548,0.383798,0.296767,0.332767
34.0801,0.270548,0.383804,0.296732,0.33276
34.0901,0.270547,0.38381,0.296697,0.332754
34.1001,0.270548,0.383817,0.296663,0.332747
34.1101,0.270548,0.383823,0.296629,0.33274
34.1201,0.270548,0.383831,0.296594,0.332733
34.1301,0.270548,0.383836,0.296559,0.332726
34.1401,0.270548,0.383842,0.296525,0.33272
34.1501,0.270548,0.383849,0.296491,0.332714
34.1601,0.270548,0.383855,0.296456,0.332707
34.1701,0.270548,0.383862,0.296422,0.3327
34.1801,0.270548,0.383868,0.296388,0.332693
34.1901,0.270549,0.383874,0.296353,0.332687
34.2001,0.270549,0.383881,0.29632,0.33268
34.2101,0.270549,0.383887,0.296285,0.332674
34.2201,0.270549,0.383893,0.296251,0.332667
34.2301,0.270549,0.3839,0.296217,0.332661
34.2401,0.270549,0.383906,0.296183,0.332653
34.2501,0.270549,0.383911,0.296149,0.332646
34.2601,0.270549,0.383918,0.296115,0.33264
34.2701,0.27055,0.383925,0.296081,0.332633
34.2801,0.27055,0.383931,0.296047,0.332627
34.2901,0.270551,0.383938,0.296013,0.33262
34.3001,0.270552,0.383944,0.29598,0.332614
34.3101,0.270553,0.38395,0.295947,0.332608
34.3201,0.270553,0.383956,0.295914,0.332601
34.3301,0.270553,0.383962,0.295881,0.332595
34.3401,0.270552,0.383968,0.295847,0.332588
34.3501,0.270553,0.383976,0.295815,0.332582
34.3601,0.270553,0.383983,0.295782,0.332575
34.3701,0.270555,0.38399,0.295749,0.33257
34.3801,0.270555,0.383997,0.295716,0.332564
34.3901,0.270556,0.384005,0.295683,0.332558
34.4001,0.270558,0.384012,0.29565,0.332552
34.4101,0.270558,0.38402,0.295617,0.332545
34.4201,0.270559,0.384027,0.295584,0.332539
34.4301,0.270559,0.384033,0.29555,0.332532
34.4401,0.27056,0.384039,0.295518,0.332526
34.4501,0.27056,0.384046,0.295486,0.33252
34.4601,0.270561,0.384053,0.295453,0.332514
34.4701,0.270562,0.38406,0.295421,0.332508
34.4801,0.270562,0.384067,0.295389,0.332502
34.4901,0.270561,0.384073,0.295356,0.332494
34.5001,0.27056,0.38408,0.295325,0.332487
34.5101,0.27056,0.384085,0.295293,0.33248
34.5201,0.27056,0.384092,0.295262,0.332473
34.5301,0.27056,0.384098,0.29523,0.332467
34.5401,0.27056,0.384104,0.295198,0.332461
34.5501,0.27056,0.384112,0.295167,0.332455
34.5601,0.270561,0.384118,0.295136,0.33245
34.5701,0.270561,0.384125,0.295104,0.332444
34.5801,0.27056,0.38413,0.295073,0.332438
34.5901,0.27056,0.384136,0.295042,0.332432
34.6001,0.27056,0.384142,0.29501,0.332426
34.6101,0.270561,0.384149,0.29498,0.33242
34.6201,0.270561,0.384155,0.294948,0.332414
34.6301,0.270561,0.384161,0.294917,0.332409
34.6401,0.270559,0.384167,0.294886,0.332403
34.6501,0.270559,0.384173,0.294855,0.332397
34.6601,0.27056,0.384178,0.294823,0.332391
34.6701,0.270562,0.384184,0.294792,0.332385
34.6801,0.270562,0.384191,0.294762,0.332379
34.6901,0.270563,0.384198,0.294731,0.332373
34.7001,0.270563,0.384204,0.2947,0.332367
34.7101,0.270564,0.384211,0.29467,0.33236
34.7201,0.270565,0.384218,0.294641,0.332354
34.7301,0.270565,0.384225,0.294612,0.332348
34.7401,0.270567,0.384231,0.294582,0.332343
34.7501,0.270567,0.384238,0.294552,0.332337
34.7601,0.270568,0.384244,0.294522,0.332331
34.7701,0.270569,0.38425,0.294492,0.332326
34.7801,0.270568,0.384256,0.294463,0.332321
34.7901,0.270568,0.384262,0.294433,0.332315
34.8001,0.270568,0.384269,0.294404,0.332309
34.8101,0.270568,0.384277,0.294374,0.332303
34.8201,0.270568,0.384283,0.294345,0.332297
34.8301,0.270569,0.384289,0.294316,0.332292
34.8401,0.270569,0.384296,0.294287,0.332286
34.8501,0.270571,0.384304,0.294258,0.33228
34.8601,0.270571,0.38431,0.29423,0.332274
34.8701,0.270572,0.384316,0.294201,0.332269
34.8801,0.270571,0.384322,0.294172,0.332262
34.8901,0.270571,0.384328,0.294143,0.332257
34.9001,0.270573,0.384334,0.294115,0.332252
34.9101,0.270574,0.384341,0.294087,0.332246
34.9201,0.270575,0.384348,0.294058,0.332241
34.9301,0.270577,0.384355,0.294031,0.332236
34.9401,0.270577,0.384361,0.294003,0.332231
34.9502,0.27058,0.384368,0.293975,0.332226
34.9601,0.270581,0.384375,0.293947,0.332221
34.9701,0.270582,0.384382,0.293919,0.332216
34.9801,0.270584,0.384389,0.293892,0.33221
34.9901,0.270586,0.384395,0.293864,0.332204
35.0001,0.270586,0.384402,0.293837,0.3322
35.0101,0.270587,0.384409,0.293809,0.332195
35.0201,0.270587,0.384413,0.293782,0.33219
35.0301,0.270588,0.384417,0.293755,0.332185
35.0401,0.27059,0.384423,0.293729,0.33218
35.0501,0.270591,0.384428,0.293702,0.332174
35.0601,0.270592,0.384435,0.293675,0.332169
35.0701,0.270592,0.384441,0.293649,0.332164
35.0801,0.270593,0.384448,0.293623,0.332159
35.0901,0.270593,0.384456,0.293597,0.332154
35.1001,0.270594,0.384462,0.293571,0.332149
35.1101,0.270594,0.384468,0.293545,0.332144
35.1201,0.270594,0.384475,0.29352,0.332139
35.1301,0.270594,0.38448,0.293494,0.332134
35.1401,0.270595,0.384485,0.293469,0.332128
35.1501,0.270596,0.384491,0.293443,0.332123
35.1601,0.270596,0.384497,0.293418,0.332117
35.1701,0.270596,0.384504,0.293393,0.332112
35.1801,0.270596,0.38451,0.293368,0.332107
35.1901,0.270597,0.384517,0.293343,0.332103
35.2001,0.270598,0.384524,0.293319,0.332098
35.2101,0.270598,0.38453,0.293294,0.332094
35.2201,0.270597,0.384536,0.293269,0.332088
35.2301,0.270597,0.384543,0.293245,0.332084
35.2401,0.270598,0.38455,0.293222,0.332079
35.2501,0.2706,0.384557,0.293198,0.332075
35.2601,0.270601,0.384563,0.293174,0.33207
35.2701,0.270601,0.384569,0.29315,0.332066
35.2801,0.270601,0.384575,0.293127,0.332061
35.2901,0.270601,0.384582,0.293104,0.332057
35.3001,0.270601,0.384588,0.293081,0.332052
35.3101,0.270601,0.384593,0.293058,0.332048
35.3201,0.270602,0.384599,0.293035,0.332042
35.3301,0.270602,0.384605,0.293012,0.332038
35.3401,0.270602,0.384611,0.292989,0.332034
35.3501,0.270603,0.384617,0.292966,0.33203
35.3601,0.270604,0.384623,0.292944,0.332025
35.3701,0.270604,0.384629,0.292922,0.33202
35.3801,0.270604,0.384636,0.292899,0.332016
35.3901,0.270604,0.384643,0.292878,0.332011
35.4001,0.270604,0.38465,0.292857,0.332006
35.4101,0.270605,0.384657,0.292835,0.332001
35.4201,0.270605,0.384662,0.292814,0.331996
35.4301,0.270605,0.384667,0.292793,0.331992
35.4401,0.270605,0.384673,0.292772,0.331987
35.4501,0.270606,0.384678,0.292752,0.331982
35.4601,0.270607,0.384684,0.29273,0.331977
35.4701,0.270608,0.384691,0.292709,0.331972
35.4801,0.270609,0.384698,0.292688,0.331966
35.4901,0.270609,0.384704,0.292669,0.331961
35.5001,0.270609,0.38471,0.292648,0.331957
35.5101,0.270609,0.384715,0.292628,0.331952
35.5201,0.270609,0.384721,0.292608,0.331948
35.5301,0.27061,0.384727,0.292589,0.331944
35.5401,0.27061,0.384733,0.29257,0.331939
35.5501,0.27061,0.384739,0.292551,0.331935
35.5601,0.270611,0.384746,0.292533,0.33193
35.5701,0.270612,0.384753,0.292514,0.331925
35.5801,0.270612,0.384759,0.292495,0.331921
35.5901,0.270613,0.384766,0.292477,0.331917
35.6001,0.270614,0.384772,0.292459,0.331913
35.6101,0.270615,0.384779,0.292441,0.331909
35.6201,0.270616,0.384786,0.292423,0.331905
35.6301,0.270615,0.384792,0.292406,0.331901
35.6401,0.270616,0.384799,0.292388,0.331898
35.6501,0.270617,0.384805,0.292371,0.331893
35.6601,0.270618,0.384811,0.292354,0.331888
35.6701,0.270618,0.384817,0.292337,0.331883
35.6801,0.270619,0.384824,0.29232,0.33188
35.6901,0.270618,0.384831,0.292303,0.331876
35.7001,0.270618,0.384838,0.292287,0.331873
35.7101,0.270618,0.384843,0.292271,0.331868
35.7201,0.270619,0.384848,0.292255,0.331864
35.7301,0.270619,0.384855,0.29224,0.33186
35.7401,0.27062,0.384863,0.292224,0.331855
35.7501,0.27062,0.384871,0.292209,0.331851
35.7601,0.27062,0.384876,0.292194,0.331848
35.7701,0.270621,0.384881,0.29218,0.331844
35.7801,0.270621,0.384887,0.292166,0.331839
35.7901,0.27062,0.384893,0.292153,0.331836
35.8001,0.270621,0.384899,0.29214,0.331831
35.8101,0.270622,0.384905,0.292126,0.331828
35.8201,0.270622,0.38491,0.292112,0.331824
35.8301,0.270622,0.384916,0.292099,0.33182
35.8401,0.270622,0.384923,0.292086,0.331816
35.8501,0.270623,0.384929,0.292073,0.331813
35.8601,0.270623,0.384935,0.29206,0.331809
35.8701,0.270624,0.384941,0.292047,0.331805
35.8801,0.270623,0.384947,0.292035,0.3318
35.8901,0.270624,0.384953,0.292023,0.331796
35.9001,0.270625,0.38496,0.292011,0.331792
35.9101,0.270626,0.384967,0.291999,0.331788
35.9201,0.270627,0.384973,0.291987,0.331784
35.9301,0.270627,0.384979,0.291976,0.33178
35.9401,0.270628,0.384985,0.291965,0.331777
35.9501,0.270628,0.38499,0.291953,0.331773
35.9601,0.270628,0.384997,0.291943,0.33177
35.9701,0.27063,0.385003,0.291933,0.331766
35.9801,0.27063,0.385009,0.291922,0.331762
35.9901,0.27063,0.385014,0.291913,0.331758
36.0001,0.27063,0.385019,0.291902,0.331754
36.0101,0.270627,0.385024,0.291893,0.331751
36.0201,0.270626,0.38503,0.291885,0.331747
36.0301,0.270626,0.385036,0.291877,0.331744
36.0401,0.270627,0.385042,0.291869,0.331739
36.0501,0.270628,0.385049,0.291862,0.331735
36.0601,0.270629,0.385055,0.291855,0.331731
36.0701,0.270631,0.385062,0.291846,0.331727
36.0801,0.270632,0.385069,0.291839,0.331724
36.0901,0.270633,0.385075,0.291832,0.331721
36.1001,0.270633,0.385082,0.291826,0.331717
36.1101,0.270634,0.385089,0.291819,0.331714
36.1201,0.270634,0.385095,0.291812,0.331711
36.1301,0.270634,0.385101,0.291806,0.331708
36.1401,0.270634,0.385107,0.291799,0.331705
36.1501,0.270635,0.385113,0.291793,0.331701
36.1601,0.270635,0.385119,0.291787,0.331699
36.1701,0.270636,0.385125,0.291782,0.331696
36.1801,0.270636,0.38513,0.291777,0.331693
36.1901,0.270636,0.385136,0.291772,0.33169
36.2001,0.270637,0.385142,0.291768,0.331688
36.2101,0.270637,0.385149,0.291763,0.331686
36.2201,0.270637,0.385155,0.291759,0.331683
36.2301,0.270637,0.38516,0.291754,0.33168
36.2401,0.270637,0.385167,0.29175,0.331677
36.2501,0.270637,0.385173,0.291746,0.331675
36.2601,0.270638,0.385179,0.291744,0.331672
36.2701,0.270638,0.385185,0.291741,0.33167
36.2801,0.270639,0.385191,0.291739,0.331668
36.2901,0.27064,0.385197,0.291736,0.331665
36.3001,0.270641,0.385204,0.291733,0.331663
36.3101,0.270642,0.38521,0.291731,0.33166
36.3201,0.270642,0.385217,0.291729,0.331658
36.3301,0.270642,0.385223,0.291727,0.331656
36.3401,0.270643,0.38523,0.291726,0.331654
36.3501,0.270643,0.385236,0.291725,0.331652
36.3601,0.270644,0.385242,0.291726,0.331649
36.3701,0.270645,0.385249,0.291726,0.331648
36.3801,0.270644,0.385255,0.291726,0.331646
36.3901,0.270644,0.385262,0.291726,0.331644
36.4001,0.270644,0.385268,0.291727,0.331642
36.4101,0.270645,0.385274,0.291727,0.33164
36.4201,0.270646,0.38528,0.291728,0.331639
36.4301,0.270646,0.385287,0.29173,0.331637
36.4401,0.270647,0.385293,0.291731,0.331635
36.4501,0.270649,0.385299,0.291733,0.331633
36.4601,0.270648,0.385304,0.291735,0.33163
36.4701,0.270649,0.385311,0.291738,0.331629
36.4801,0.270649,0.385317,0.29174,0.331629
36.4901,0.270647,0.385324,0.291743,0.331628
36.5001,0.270647,0.38533,0.291746,0.331626
36.5101,0.270646,0.385336,0.29175,0.331625
36.5201,0.270647,0.385342,0.291753,0.331625
36.5301,0.270647,0.385347,0.291757,0.331623
36.5401,0.270648,0.385354,0.291761,0.331622
36.5501,0.270648,0.38536,0.291766,0.331619
36.5601,0.270649,0.385366,0.291771,0.331617
36.5701,0.270649,0.385372,0.291775,0.331616
36.5801,0.27065,0.385379,0.291781,0.331614
36.5901,0.27065,0.385385,0.291787,0.331613
36.6001,0.27065,0.385391,0.291793,0.331611
36.6101,0.27065,0.385397,0.2918,0.33161
36.6201,0.270649,0.385403,0.291806,0.33161
36.6301,0.270649,0.385409,0.291813,0.331609
36.6401,0.270649,0.385415,0.291819,0.331607
36.6501,0.27065,0.385421,0.291826,0.331606
36.6601,0.270651,0.385426,0.291834,0.331605
36.6701,0.270651,0.385432,0.291842,0.331604
36.6801,0.270651,0.385438,0.291852,0.331604
36.6901,0.270652,0.385445,0.291861,0.331603
36.7001,0.270652,0.38545,0.291871,0.331603
36.7101,0.270653,0.385457,0.29188,0.331603
36.7201,0.270654,0.385462,0.291889,0.331603
36.7301,0.270655,0.385469,0.291899,0.331602
36.7401,0.270656,0.385475,0.291909,0.331601
36.7501,0.270656,0.385482,0.291919,0.331601
36.7601,0.270655,0.385488,0.29193,0.3316
36.7701,0.270655,0.385494,0.291941,0.3316
36.7801,0.270656,0.3855,0.291951,0.331599
36.7901,0.270656,0.385506,0.291962,0.331599
36.8001,0.270657,0.385512,0.291974,0.331599
36.8101,0.270657,0.385518,0.291986,0.331599
36.8201,0.270657,0.385524,0.291999,0.331599
36.8301,0.270657,0.385531,0.292011,0.331599
36.8401,0.270658,0.385538,0.292024,0.331599
36.8501,0.270658,0.385545,0.292038,0.3316
36.8601,0.270658,0.385551,0.292051,0.3316
36.8701,0.270657,0.385557,0.292064,0.331601
36.8801,0.270658,0.385563,0.292078,0.331601
36.8901,0.270658,0.385567,0.292092,0.331601
36.9001,0.270659,0.385574,0.292107,0.331601
36.9101,0.270658,0.385579,0.292121,0.331601
36.9201,0.270657,0.385585,0.292137,0.331602
36.9301,0.270657,0.385592,0.292152,0.331603
36.9401,0.270657,0.385597,0.292167,0.331604
36.9501,0.270657,0.385603,0.292182,0.331605
36.9601,0.270659,0.385613,0.2922,0.331606
36.9701,0.270662,0.38562,0.292216,0.331598
36.9801,0.27067,0.385627,0.292234,0.33159
36.9901,0.270675,0.385634,0.292252,0.331587
37.0002,0.270677,0.38564,0.29227,0.331586
37.0101,0.270678,0.385647,0.292288,0.331587
37.0201,0.270677,0.385653,0.292306,0.331587
37.0301,0.270678,0.385661,0.292324,0.331588
37.0401,0.270678,0.385668,0.292343,0.331589
37.0501,0.27068,0.385674,0.292362,0.33159
37.0601,0.27068,0.38568,0.292382,0.331591
37.0701,0.270681,0.385687,0.292402,0.331591
37.0801,0.270682,0.385694,0.292422,0.331592
37.0901,0.270682,0.385699,0.292444,0.331594
37.1001,0.270683,0.385707,0.292465,0.331595
37.1101,0.270683,0.385713,0.292486,0.331596
37.1201,0.270684,0.38572,0.292508,0.331598
37.1301,0.270685,0.385727,0.292529,0.331599
37.1401,0.270685,0.385733,0.292551,0.331601
37.1501,0.270686,0.38574,0.292574,0.331603
37.1601,0.270687,0.385746,0.292596,0.331606
37.1701,0.270688,0.385753,0.292618,0.331609
37.1801,0.270688,0.38576,0.292642,0.331612
37.1901,0.270689,0.385766,0.292665,0.331614
37.2001,0.270689,0.385772,0.292689,0.331616
37.2101,0.270689,0.385779,0.292712,0.331617
37.2201,0.27069,0.385787,0.292736,0.331619
37.2301,0.27069,0.385793,0.29276,0.331622
37.2401,0.27069,0.3858,0.292784,0.331625
37.2501,0.270691,0.385806,0.292809,0.331627
37.2601,0.270691,0.385812,0.292834,0.331631
37.2701,0.270691,0.385818,0.29286,0.331633
37.2801,0.270691,0.385825,0.292886,0.331636
37.2901,0.27069,0.385831,0.292913,0.331639
37.3001,0.270689,0.385838,0.292939,0.331641
37.3101,0.270689,0.385845,0.292965,0.331644
37.3201,0.270689,0.385851,0.292992,0.331647
37.3301,0.270689,0.385859,0.29302,0.33165
37.3401,0.270688,0.385865,0.293047,0.331653
37.3501,0.270688,0.385872,0.293076,0.331656
37.3601,0.270687,0.385878,0.293104,0.331659
37.3701,0.270688,0.385884,0.293133,0.331661
37.3801,0.270688,0.385891,0.293162,0.331665
37.3901,0.270688,0.385896,0.293191,0.331668
37.4001,0.270688,0.385902,0.293221,0.331671
37.4101,0.270687,0.385909,0.29325,0.331675
37.4201,0.270687,0.385915,0.29328,0.331679
37.4301,0.270687,0.385921,0.293311,0.331682
37.4401,0.270688,0.385926,0.293341,0.331685
37.4501,0.270689,0.385934,0.293372,0.331688
37.4602,0.270692,0.38594,0.293404,0.331692
37.4701,0.270692,0.385945,0.293436,0.331695
37.4801,0.270692,0.385952,0.293468,0.331699
37.4901,0.270697,0.385962,0.2935,0.331703
37.5001,0.2707,0.38597,0.293533,0.331708
37.5101,0.270701,0.385976,0.293566,0.331712
37.5201,0.270701,0.385983,0.293599,0.331715
37.5301,0.270702,0.38599,0.293632,0.331719
37.5401,0.270702,0.385996,0.293665,0.331723
37.5501,0.270702,0.386002,0.293699,0.331727
37.5601,0.270703,0.386008,0.293735,0.331731
37.5701,0.270703,0.386015,0.293769,0.331734
37.5801,0.270703,0.386022,0.293804,0.331738
37.5901,0.270704,0.386027,0.29384,0.331742
37.6001,0.270705,0.386033,0.293877,0.331746
37.6101,0.270707,0.386038,0.293912,0.33175
37.6201,0.270709,0.386045,0.293948,0.331755
37.6301,0.270711,0.386053,0.293986,0.331761
37.6401,0.270712,0.386059,0.294024,0.331765
37.6501,0.270713,0.386065,0.294062,0.331771
37.6601,0.270714,0.386071,0.294099,0.331775
37.6701,0.270715,0.386079,0.294138,0.33178
37.6801,0.270717,0.386087,0.294177,0.331785
37.6901,0.270719,0.386094,0.294216,0.331789
37.7001,0.27072,0.386101,0.294255,0.331794
37.7101,0.270721,0.386108,0.294295,0.331798
37.7201,0.270722,0.386116,0.294335,0.331802
37.7301,0.270724,0.386124,0.294375,0.331806
37.7401,0.270725,0.38613,0.294416,0.331811
37.7501,0.270726,0.386138,0.294456,0.331815
37.7601,0.270727,0.386144,0.294498,0.33182
37.7701,0.270727,0.38615,0.294539,0.331825
37.7801,0.270728,0.386158,0.294581,0.33183
37.7901,0.270728,0.386165,0.294623,0.331836
37.8001,0.270728,0.38617,0.294665,0.331841
37.8101,0.270727,0.386177,0.294708,0.331847
37.8201,0.270727,0.386184,0.29475,0.331852
37.8301,0.270727,0.38619,0.294793,0.331858
37.8401,0.270728,0.386195,0.294836,0.331862
37.8501,0.270729,0.386202,0.294881,0.331866
37.8601,0.270728,0.386208,0.294925,0.331871
37.8701,0.270728,0.386215,0.294969,0.331876
37.8801,0.270728,0.386221,0.295013,0.331882
37.8901,0.270729,0.386228,0.295058,0.331887
37.9001,0.27073,0.386235,0.295103,0.331892
37.9101,0.27073,0.386241,0.29515,0.331897
37.9201,0.27073,0.386247,0.295196,0.331903
37.9301,0.270731,0.386253,0.295242,0.331907
37.9401,0.270733,0.38626,0.295288,0.331913
37.9501,0.270734,0.386264,0.295334,0.331917
37.9601,0.270735,0.38627,0.295382,0.331923
37.9701,0.270735,0.386275,0.295429,0.331928
37.9801,0.270736,0.38628,0.295478,0.331933
37.9901,0.270736,0.386286,0.295526,0.331939
38.0001,0.270735,0.386291,0.295574,0.331944
38.0101,0.270735,0.386297,0.295624,0.33195
38.0201,0.270736,0.386303,0.295674,0.331955
38.0301,0.270736,0.38631,0.295724,0.331961
38.0401,0.270738,0.386316,0.295774,0.331967
38.0501,0.270738,0.386322,0.295825,0.331973
38.0601,0.270739,0.386329,0.295876,0.331978
38.0701,0.27074,0.386336,0.295927,0.331984
38.0801,0.270742,0.386343,0.295978,0.331989
38.0901,0.270743,0.386349,0.29603,0.331995
38.1001,0.270745,0.386357,0.296083,0.332001
38.1101,0.270745,0.386363,0.296135,0.332006
38.1201,0.270746,0.38637,0.296189,0.332012
38.1301,0.270747,0.386376,0.296241,0.332019
38.1401,0.270747,0.386382,0.296294,0.332024
38.1501,0.270747,0.386387,0.296348,0.332031
38.1601,0.270747,0.386393,0.296402,0.332037
38.1701,0.270747,0.386398,0.296455,0.332044
38.1801,0.270747,0.386404,0.296509,0.33205
38.1901,0.270747,0.386409,0.296563,0.332056
38.2001,0.270747,0.386415,0.296618,0.332062
38.2101,0.270747,0.386421,0.296673,0.332069
38.2201,0.270747,0.386427,0.296729,0.332075
38.2301,0.270747,0.386433,0.296785,0.332081
38.2401,0.270746,0.386438,0.29684,0.332087
38.2501,0.270746,0.386443,0.296897,0.332094
38.2601,0.270746,0.386449,0.296954,0.332101
38.2701,0.270747,0.386454,0.297011,0.332107
38.2801,0.270747,0.38646,0.297069,0.332114
38.2901,0.270748,0.386467,0.297127,0.33212
38.3001,0.270748,0.386473,0.297185,0.332127
38.3101,0.270748,0.386479,0.297243,0.332133
38.3201,0.270748,0.386485,0.297301,0.332139
38.3301,0.270749,0.386491,0.29736,0.332146
38.3401,0.27075,0.386497,0.29742,0.332152
38.3501,0.270751,0.386503,0.29748,0.332159
38.3601,0.270752,0.38651,0.29754,0.332165
38.3701,0.270752,0.386516,0.297601,0.332173
38.3801,0.270753,0.386522,0.297662,0.33218
38.3901,0.270753,0.386528,0.297722,0.332187
38.4001,0.270754,0.386534,0.297783,0.332194
38.4101,0.270753,0.386541,0.297845,0.3322
38.4201,0.270754,0.386548,0.297908,0.332207
38.4301,0.270754,0.386554,0.29797,0.332215
38.4401,0.270755,0.38656,0.298033,0.332222
38.4501,0.270756,0.386566,0.298097,0.332229
38.4601,0.270759,0.386575,0.298159,0.332236
38.4701,0.270759,0.386581,0.298222,0.332243
38.4801,0.270759,0.386587,0.298286,0.332251
38.4901,0.270758,0.386592,0.298351,0.332257
38.5001,0.270758,0.386598,0.298415,0.332264
38.5101,0.270759,0.386604,0.29848,0.332271
38.5201,0.270759,0.38661,0.298545,0.332278
38.5301,0.270759,0.386616,0.29861,0.332285
38.5401,0.270759,0.386622,0.298676,0.332293
38.5501,0.270759,0.386628,0.298742,0.3323
38.5601,0.270758,0.386634,0.298808,0.332308
38.5701,0.270758,0.38664,0.298874,0.332315
38.5801,0.270758,0.386646,0.298941,0.332323
38.5901,0.270757,0.386652,0.299008,0.332331
38.6001,0.270756,0.386657,0.299075,0.332338
38.6101,0.270755,0.386663,0.299143,0.332345
38.6201,0.270755,0.386669,0.29921,0.332352
38.6301,0.270754,0.386675,0.299279,0.332359
38.6401,0.270755,0.38668,0.299348,0.332366
38.6501,0.270755,0.386686,0.299418,0.332374
38.6601,0.270755,0.386692,0.299487,0.332381
38.6701,0.270755,0.386698,0.299557,0.332389
38.6801,0.270755,0.386704,0.299628,0.332397
38.6901,0.270755,0.386709,0.299698,0.332404
38.7001,0.270756,0.386715,0.299768,0.332412
38.7101,0.270755,0.386719,0.299839,0.332421
38.7201,0.270756,0.386725,0.299911,0.332429
38.7301,0.270756,0.386732,0.299982,0.332436
38.7401,0.270756,0.386737,0.300054,0.332444
38.7501,0.270756,0.386741,0.300126,0.332452
38.7601,0.270756,0.386744,0.300198,0.332461
38.7701,0.270755,0.38675,0.30027,0.332468
38.7801,0.270756,0.386755,0.300341,0.332476
38.7901,0.270755,0.386761,0.300415,0.332483
38.8001,0.270754,0.386766,0.300489,0.332489
38.8101,0.270754,0.386771,0.300562,0.332496
38.8201,0.270754,0.386776,0.300635,0.332504
38.8301,0.270755,0.386782,0.300709,0.332513
38.8401,0.270754,0.386789,0.300784,0.332521
38.8501,0.270755,0.386795,0.300859,0.33253
38.8601,0.270756,0.386801,0.300934,0.332539
38.8701,0.270757,0.386807,0.301009,0.332547
38.8801,0.270757,0.386812,0.301085,0.332556
38.8901,0.270757,0.386818,0.301162,0.332564
38.9001,0.270757,0.386824,0.301239,0.332572
38.9101,0.270758,0.386829,0.301316,0.33258
38.9201,0.270758,0.386834,0.301393,0.332588
38.9301,0.270758,0.38684,0.301471,0.332596
38.9401,0.270758,0.386846,0.301548,0.332605
38.9501,0.270761,0.386853,0.301627,0.332614
38.9601,0.270761,0.386861,0.301705,0.332623
38.9701,0.270765,0.386868,0.301784,0.332632
38.9801,0.270764,0.386873,0.301862,0.33264
38.9901,0.270764,0.38688,0.301942,0.332649
39.0001,0.270764,0.386887,0.302021,0.332658
39.0101,0.270764,0.386891,0.302101,0.332666
39.0201,0.270762,0.386896,0.302181,0.332675
39.0301,0.270762,0.386901,0.30226,0.332684
39.0401,0.270761,0.386906,0.30234,0.332693
39.0501,0.270763,0.386914,0.302421,0.332701
39.0601,0.270766,0.386922,0.302503,0.33271
39.0701,0.27077,0.38693,0.302585,0.332719
39.0801,0.270774,0.386939,0.302668,0.332728
39.0901,0.270777,0.386946,0.302751,0.332736
39.1001,0.270781,0.386956,0.302834,0.332744
39.1101,0.270785,0.386965,0.302918,0.332752
39.1201,0.270789,0.386975,0.303001,0.332759
39.1301,0.270794,0.386985,0.303086,0.332768
39.1401,0.270799,0.386994,0.30317,0.332778
39.1501,0.270802,0.387003,0.303255,0.332787
39.1601,0.270805,0.387012,0.303339,0.332796
39.1701,0.27081,0.387022,0.303425,0.332806
39.1801,0.270814,0.387031,0.30351,0.332814
39.1901,0.270818,0.38704,0.303595,0.332823
39.2001,0.270822,0.387049,0.303681,0.332831
39.2101,0.270826,0.387059,0.303767,0.33284
39.2201,0.27083,0.387068,0.303854,0.332849
39.2301,0.270834,0.387077,0.303941,0.332859
39.2401,0.270839,0.387086,0.304029,0.332868
39.2501,0.270843,0.387095,0.304116,0.332877
39.2601,0.270847,0.387104,0.304204,0.332887
39.2701,0.270852,0.387113,0.304292,0.332896
39.2801,0.270856,0.387122,0.304381,0.332906
39.2901,0.27086,0.387131,0.30447,0.332915
39.3001,0.270864,0.38714,0.304558,0.332924
39.3101,0.270868,0.387148,0.304646,0.332933
39.3201,0.270873,0.387157,0.304736,0.332942
39.3301,0.270877,0.387166,0.304826,0.332952
39.3401,0.270881,0.387174,0.304917,0.332961
39.3501,0.270885,0.387183,0.305007,0.332971
39.3601,0.270889,0.387193,0.305097,0.332982
39.3701,0.270893,0.387203,0.305187,0.332991
39.3801,0.270897,0.387212,0.305278,0.333001
39.3901,0.2709,0.387221,0.305368,0.33301
39.4001,0.270903,0.387231,0.30546,0.33302
39.4101,0.270906,0.38724,0.305551,0.33303
39.4201,0.270911,0.387249,0.305643,0.333039
39.4301,0.270916,0.387259,0.305735,0.333049
39.4401,0.270919,0.387268,0.305827,0.333059
39.4501,0.270923,0.387279,0.30592,0.333068
39.4601,0.270929,0.387291,0.306015,0.333079
39.4701,0.270932,0.3873,0.306108,0.333089
39.4801,0.270934,0.387307,0.306202,0.333099
39.4901,0.270936,0.387315,0.306295,0.333109
39.5001,0.270939,0.387323,0.306389,0.333119
39.5101,0.270942,0.387331,0.306483,0.333128
39.5201,0.270945,0.38734,0.306577,0.333138
39.5301,0.270949,0.387349,0.306671,0.333147
39.5401,0.270953,0.387358,0.306765,0.333157
39.5501,0.270957,0.387367,0.306861,0.333168
39.5601,0.270961,0.387376,0.306956,0.333177
39.5701,0.270966,0.387386,0.307053,0.333187
39.5801,0.27097,0.387396,0.307149,0.333197
39.5901,0.270975,0.387405,0.307246,0.333208
39.6001,0.270979,0.387414,0.307342,0.333219
39.6101,0.270982,0.387424,0.307439,0.333229
39.6201,0.27099,0.387433,0.307536,0.333239
39.6301,0.270994,0.387442,0.307633,0.333249
39.6401,0.270997,0.387451,0.307731,0.333261
39.6501,0.271001,0.387461,0.307829,0.333271
39.6601,0.271006,0.38747,0.307927,0.333282
39.6701,0.27101,0.387479,0.308026,0.333292
39.6801,0.271014,0.387488,0.308125,0.333303
39.6901,0.271018,0.387496,0.308223,0.333314
39.7001,0.271022,0.387505,0.308322,0.333324
39.7101,0.271026,0.387515,0.308422,0.333335
39.7201,0.271031,0.387525,0.308522,0.333346
39.7301,0.271035,0.387535,0.308622,0.333358
39.7401,0.271039,0.387543,0.308723,0.333369
39.7501,0.271043,0.387553,0.308823,0.33338
39.7601,0.271047,0.387562,0.308924,0.333391
39.7701,0.27105,0.387571,0.309025,0.333403
39.7801,0.271055,0.387581,0.309125,0.333414
39.7901,0.271059,0.38759,0.309227,0.333425
39.8001,0.271062,0.387598,0.309329,0.333436
39.8101,0.271066,0.387608,0.309432,0.333447
39.8201,0.271071,0.387617,0.309534,0.333459
39.8301,0.271075,0.387626,0.309636,0.33347
39.8401,0.271078,0.387634,0.309738,0.333481
39.8501,0.271082,0.387643,0.309841,0.333493
39.8601,0.271086,0.387651,0.309943,0.333505
39.8701,0.27109,0.387661,0.310046,0.333516
39.8801,0.271093,0.38767,0.310149,0.333528
39.8901,0.271095,0.38768,0.310252,0.333539
39.9001,0.2711,0.387689,0.310356,0.333551
39.9101,0.271104,0.387699,0.31046,0.333562
39.9201,0.271109,0.387708,0.310565,0.333574
39.9301,0.271113,0.387717,0.31067,0.333586
39.9401,0.271118,0.387727,0.310777,0.333597
39.9501,0.271124,0.387738,0.310884,0.333609
39.9601,0.271132,0.38775,0.310991,0.33362
39.9701,0.271135,0.387759,0.311096,0.333632
39.9801,0.27114,0.387769,0.311204,0.333645
39.9901,0.271146,0.38778,0.311312,0.333658
40.0001,0.271149,0.387788,0.311418,0.333669
40.0101,0.271152,0.387796,0.311525,0.33368
40.0201,0.271156,0.387804,0.311632,0.333692
40.0301,0.27116,0.387813,0.31174,0.333703
40.0401,0.271164,0.387821,0.311848,0.333714
40.0501,0.271169,0.38783,0.311956,0.333727
40.0601,0.271173,0.38784,0.312064,0.333739
40.0701,0.271177,0.387851,0.312172,0.333751
40.0801,0.271182,0.387859,0.312281,0.333763
40.0901,0.271186,0.387869,0.312391,0.333775
40.1001,0.27119,0.387878,0.3125,0.333786
40.1101,0.271194,0.387888,0.312611,0.333798
40.1201,0.271198,0.387896,0.312721,0.333809
40.1301,0.271203,0.387906,0.31283,0.333821
40.1401,0.271206,0.387915,0.31294,0.333833
40.1501,0.27121,0.387924,0.313051,0.333846
40.1601,0.271213,0.387933,0.313162,0.333858
40.1701,0.271217,0.387941,0.313273,0.33387
40.1801,0.271222,0.38795,0.313385,0.333883
40.1901,0.271226,0.38796,0.313497,0.333895
40.2001,0.271229,0.38797,0.313609,0.333908
40.2101,0.271233,0.38798,0.313722,0.333921
40.2201,0.271238,0.387989,0.313834,0.333934
40.2301,0.271242,0.387997,0.313946,0.333946
40.2401,0.271245,0.388006,0.314058,0.333959
40.2501,0.271249,0.388014,0.314171,0.333972
40.2601,0.271253,0.388023,0.314284,0.333985
40.2701,0.271256,0.388032,0.314397,0.333997
40.2801,0.27126,0.38804,0.314511,0.33401
40.2901,0.271265,0.388048,0.314624,0.334022
40.3001,0.27127,0.388057,0.314739,0.334035
40.3101,0.271274,0.388066,0.314853,0.334048
40.3201,0.271279,0.388075,0.314968,0.33406
40.3301,0.271283,0.388083,0.315083,0.334073
40.3401,0.271288,0.388093,0.315198,0.334086
40.3501,0.271293,0.388102,0.315314,0.334099
40.3601,0.271297,0.388112,0.31543,0.334112
40.3701,0.271302,0.388122,0.315546,0.334126
40.3801,0.271306,0.388131,0.315662,0.334139
40.3901,0.271311,0.388142,0.315778,0.334152
40.4001,0.271315,0.388151,0.315894,0.334165
40.4101,0.27132,0.38816,0.316012,0.334178
40.4201,0.271323,0.388167,0.316128,0.334191
40.4301,0.271328,0.388177,0.316246,0.334203
40.4401,0.271332,0.388187,0.316364,0.334217
40.4501,0.271338,0.388197,0.316482,0.334231
40.4601,0.271346,0.388209,0.316601,0.334245
40.4701,0.271353,0.38822,0.316719,0.334259
40.4801,0.271359,0.388231,0.316838,0.334273
40.4901,0.271363,0.38824,0.316957,0.334287
40.5001,0.271368,0.38825,0.317076,0.3343
40.5101,0.271373,0.38826,0.317195,0.334315
40.5201,0.271378,0.388269,0.317314,0.334328
40.5301,0.271382,0.388278,0.317433,0.334342
40.5401,0.271386,0.388287,0.317553,0.334355
40.5501,0.271391,0.388295,0.317673,0.33437
40.5601,0.271395,0.388305,0.317794,0.334384
40.5701,0.271399,0.388314,0.317914,0.334399
40.5801,0.271402,0.388324,0.318034,0.334413
40.5901,0.271406,0.388332,0.318154,0.334426
40.6001,0.27141,0.38834,0.318276,0.33444
40.6101,0.271413,0.388348,0.318397,0.334455
40.6201,0.271417,0.388355,0.318518,0.334469
40.6301,0.271422,0.388364,0.31864,0.334484
40.6401,0.271426,0.388372,0.318762,0.334498
40.6501,0.27143,0.388381,0.318884,0.334513
40.6601,0.271434,0.38839,0.319007,0.334527
40.6701,0.271438,0.388399,0.31913,0.334541
40.6801,0.271441,0.388409,0.319253,0.334556
40.6901,0.271444,0.388418,0.319376,0.33457
40.7001,0.271448,0.388427,0.319499,0.334585
40.7101,0.271453,0.388436,0.319622,0.3346
40.7201,0.271458,0.388444,0.319744,0.334615
40.7301,0.271463,0.388453,0.319868,0.33463
40.7401,0.271467,0.38846,0.319991,0.334643
40.7501,0.271472,0.388468,0.320115,0.334658
40.7601,0.271476,0.388477,0.320241,0.334672
40.7701,0.27148,0.388485,0.320365,0.334686
40.7801,0.271484,0.388494,0.32049,0.334701
40.7901,0.271488,0.388503,0.320615,0.334715
40.8001,0.271493,0.388513,0.320741,0.33473
40.8101,0.271498,0.388522,0.320866,0.334745
40.8201,0.271503,0.388531,0.320992,0.33476
40.8301,0.271507,0.388541,0.321119,0.334775
40.8401,0.271512,0.38855,0.321244,0.33479
40.8501,0.271516,0.388558,0.32137,0.334805
40.8601,0.271521,0.388568,0.321496,0.33482
40.8701,0.271526,0.388576,0.321623,0.334836
40.8801,0.27153,0.388585,0.321751,0.334852
40.8901,0.271535,0.388594,0.321878,0.334866
40.9001,0.271539,0.388603,0.322005,0.334881
40.9101,0.271543,0.388611,0.322133,0.334896
40.9201,0.271548,0.38862,0.32226,0.334912
40.9301,0.271552,0.388629,0.322388,0.334927
40.9401,0.271557,0.388638,0.322518,0.334942
40.9501,0.271564,0.388649,0.322647,0.334957
40.9601,0.27157,0.388658,0.322775,0.334973
40.9701,0.271573,0.388665,0.322903,0.334989
40.9801,0.271578,0.388675,0.323033,0.335005
40.9901,0.271586,0.388686,0.323164,0.335021
41.0002,0.271589,0.388695,0.323293,0.335038
41.0101,0.271592,0.388702,0.323423,0.335055
41.0201,0.271593,0.388708,0.323553,0.33507
41.0301,0.271596,0.388717,0.323683,0.335086
41.0401,0.2716,0.388725,0.323813,0.335101
41.0501,0.271604,0.388734,0.323944,0.335117
41.0601,0.271607,0.388742,0.324074,0.335131
41.0701,0.27161,0.388751,0.324205,0.335146
41.0801,0.271615,0.388759,0.324336,0.335161
41.0901,0.271619,0.388767,0.324468,0.335176
41.1001,0.271623,0.388776,0.324599,0.335191
41.1101,0.271627,0.388784,0.324731,0.335206
41.1201,0.271631,0.388793,0.324863,0.335222
41.1301,0.271635,0.388802,0.324995,0.335238
41.1401,0.271639,0.388811,0.325127,0.335254
41.1501,0.271643,0.388819,0.32526,0.335269
41.1601,0.271647,0.388828,0.325393,0.335285
41.1701,0.271651,0.388837,0.325525,0.335301
41.1801,0.271655,0.388847,0.325659,0.335318
41.1901,0.271658,0.388856,0.325791,0.335334
41.2001,0.271663,0.388864,0.325924,0.335351
41.2101,0.271668,0.388874,0.326059,0.335368
41.2201,0.271671,0.388883,0.326192,0.335385
41.2301,0.271677,0.388891,0.326327,0.3354
41.2401,0.271682,0.3889,0.32646,0.335414
41.2501,0.271689,0.388909,0.326595,0.33543
41.2601,0.271694,0.388918,0.32673,0.335446
41.2701,0.271699,0.388927,0.326865,0.335461
41.2801,0.271704,0.388936,0.327,0.335477
41.2901,0.271708,0.388945,0.327136,0.335493
41.3001,0.271713,0.388954,0.327271,0.335509
41.3101,0.27172,0.388963,0.327407,0.335526
41.3201,0.271726,0.388972,0.327542,0.335542
41.3301,0.271731,0.38898,0.327678,0.335558
41.3401,0.271734,0.38899,0.327814,0.335573
41.3501,0.271738,0.388999,0.327949,0.33559
41.3601,0.271742,0.389008,0.328085,0.335606
41.3701,0.271745,0.389018,0.328221,0.335622
41.3801,0.271748,0.389026,0.328358,0.335638
41.3901,0.271752,0.389033,0.328495,0.335655
41.4001,0.271756,0.38904,0.328633,0.335671
41.4101,0.27176,0.389048,0.32877,0.335689
41.4201,0.271763,0.389055,0.328907,0.335706
41.4301,0.271767,0.389063,0.329044,0.335723
41.4401,0.27177,0.389072,0.329182,0.33574
41.4501,0.271773,0.389081,0.329319,0.335757
41.4601,0.271781,0.389092,0.329458,0.335774
41.4701,0.271787,0.3891,0.329598,0.335792
41.4801,0.27179,0.389108,0.329738,0.33581
41.4901,0.271791,0.389115,0.329877,0.335827
41.5001,0.271794,0.389123,0.330015,0.335844
41.5101,0.271797,0.389131,0.330154,0.33586
41.5201,0.271799,0.389138,0.330293,0.335876
41.5301,0.271801,0.389146,0.330433,0.335893
41.5401,0.271804,0.389153,0.330572,0.33591
41.5501,0.271808,0.389161,0.330712,0.335926
41.5601,0.271811,0.389171,0.330852,0.335944
41.5701,0.271814,0.389178,0.330991,0.335962
41.5801,0.271817,0.389185,0.331131,0.335979
41.5901,0.271821,0.389192,0.331272,0.335996
41.6001,0.271826,0.3892,0.331412,0.336013
41.6101,0.27183,0.389209,0.331554,0.33603
41.6201,0.271834,0.389217,0.331693,0.336046
41.6301,0.271838,0.389226,0.331834,0.336063
41.6401,0.271843,0.389234,0.331975,0.336079
41.6501,0.271848,0.389242,0.332116,0.336096
41.6601,0.271851,0.389249,0.332257,0.336112
41.6701,0.271854,0.389256,0.332399,0.336129
41.6801,0.271858,0.389264,0.33254,0.336146
41.6901,0.271863,0.389273,0.332681,0.336162
41.7001,0.271867,0.389281,0.332822,0.336177
41.7101,0.27187,0.38929,0.332963,0.336195
41.7201,0.271873,0.389299,0.333106,0.336212
41.7301,0.271877,0.389307,0.33325,0.336229
41.7401,0.271881,0.389315,0.333394,0.336246
41.7501,0.271885,0.389324,0.333537,0.336264
41.7601,0.271889,0.389333,0.33368,0.336281
41.7701,0.271893,0.389342,0.333822,0.336298
41.7801,0.271898,0.389351,0.333966,0.336316
41.7901,0.271901,0.389359,0.334109,0.336333
41.8001,0.271905,0.389368,0.334253,0.336351
41.8101,0.271909,0.389376,0.334396,0.336368
41.8201,0.271913,0.389385,0.33454,0.336385
41.8301,0.271918,0.389393,0.334684,0.336403
41.8401,0.271922,0.389401,0.334828,0.336421
41.8501,0.271926,0.389409,0.334971,0.336438
41.8601,0.27193,0.389417,0.335115,0.336455
41.8701,0.271934,0.389425,0.335259,0.336472
41.8801,0.271938,0.389433,0.335404,0.33649
41.8901,0.271942,0.38944,0.335549,0.336508
41.9001,0.271947,0.389449,0.335694,0.336525
41.9101,0.271951,0.389458,0.335839,0.336543
41.9201,0.271955,0.389466,0.335984,0.33656
41.9301,0.271959,0.389475,0.336128,0.336578
41.9401,0.271964,0.389485,0.336274,0.336596
41.951,0.27197,0.389494,0.33642,0.336614
41.9629,0.271975,0.389504,0.336566,0.336631
41.9701,0.271978,0.389511,0.336712,0.336649
41.9801,0.271984,0.389521,0.336859,0.336667
41.9901,0.271992,0.389532,0.337006,0.336686
42.0001,0.271998,0.38954,0.337153,0.336704
42.0101,0.272001,0.389547,0.3373,0.336722
42.0201,0.272003,0.389556,0.337446,0.336738
42.0301,0.27201,0.389566,0.337594,0.336756
42.0401,0.272015,0.389575,0.337741,0.336773
42.0501,0.272019,0.389585,0.337888,0.336792
42.0601,0.272023,0.389594,0.338035,0.33681
42.0701,0.272029,0.389602,0.338182,0.336828
42.0801,0.272034,0.389611,0.33833,0.336847
42.0901,0.272038,0.389622,0.338477,0.336865
42.1001,0.272042,0.389629,0.338625,0.336883
42.1101,0.272046,0.389639,0.338773,0.336899
42.1201,0.27205,0.389648,0.33892,0.336918
42.1301,0.272054,0.389656,0.339067,0.336936
42.1401,0.272056,0.389665,0.339216,0.336955
42.1501,0.272059,0.389674,0.339365,0.336974
42.1601,0.272063,0.389683,0.339514,0.336992
42.1701,0.272067,0.389691,0.339662,0.337009
42.1801,0.272072,0.3897,0.339811,0.337027
42.1901,0.272077,0.389709,0.339961,0.337045
42.2001,0.272081,0.389718,0.340111,0.337064
42.2101,0.272085,0.389727,0.34026,0.337082
42.2201,0.272088,0.389735,0.340411,0.3371
42.2301,0.272091,0.389744,0.340559,0.337118
42.2401,0.272095,0.389752,0.340709,0.337136
42.2501,0.272099,0.38976,0.340857,0.337154
42.2601,0.272103,0.389768,0.341006,0.337172
42.2701,0.272107,0.389775,0.341155,0.33719
42.2801,0.27211,0.389783,0.341305,0.337208
42.2901,0.272114,0.389792,0.341455,0.337226
42.3001,0.272118,0.3898,0.341604,0.337245
42.3101,0.272122,0.389808,0.341753,0.337263
42.3201,0.272125,0.389816,0.341903,0.33728
42.3301,0.27213,0.389823,0.342054,0.337299
42.3401,0.272134,0.389832,0.342204,0.337317
42.3501,0.272138,0.389841,0.342354,0.337335
42.3601,0.272142,0.38985,0.342505,0.337353
42.3701,0.272146,0.389859,0.342656,0.337371
42.3801,0.27215,0.389867,0.342806,0.337389
42.3901,0.272155,0.389875,0.342957,0.337407
42.4001,0.272159,0.389884,0.343108,0.337426
42.4101,0.272163,0.389892,0.343259,0.337444
42.4201,0.272167,0.3899,0.343409,0.337464
42.4301,0.27217,0.389909,0.34356,0.337482
42.4401,0.272174,0.389917,0.343712,0.337501
42.4501,0.272178,0.389926,0.343863,0.33752
42.4601,0.272184,0.389936,0.344016,0.33754
42.4701,0.272191,0.389947,0.34417,0.33756
42.4801,0.272194,0.389956,0.344321,0.337578
42.4901,0.272197,0.389963,0.344473,0.337597
42.5001,0.272201,0.389971,0.344623,0.337615
42.5101,0.272206,0.389979,0.344775,0.337633
42.5201,0.272209,0.389988,0.344928,0.337651
42.5301,0.272213,0.389997,0.345081,0.33767
42.5401,0.272217,0.390005,0.345233,0.337688
42.5501,0.272222,0.390014,0.345386,0.337707
42.5601,0.272226,0.390023,0.345539,0.337725
42.5701,0.272229,0.390031,0.345692,0.337744
42.5801,0.272233,0.390038,0.345844,0.337762
42.5901,0.272237,0.390047,0.345998,0.337782
42.6001,0.272241,0.390055,0.34615,0.337801
42.6101,0.272245,0.390063,0.346303,0.33782
42.6201,0.272249,0.390071,0.346456,0.337838
42.6301,0.272253,0.39008,0.34661,0.337857
42.6401,0.272257,0.390089,0.346763,0.337876
42.6501,0.272261,0.390098,0.346917,0.337895
42.6601,0.272266,0.390106,0.347071,0.337914
42.6701,0.272269,0.390113,0.347225,0.337932
42.6801,0.272274,0.390122,0.347379,0.337951
42.6901,0.272278,0.390131,0.347533,0.33797
42.7001,0.272283,0.390139,0.347688,0.337989
42.7101,0.272287,0.390148,0.347842,0.338008
42.7201,0.27229,0.390155,0.347997,0.338027
42.7301,0.272293,0.390163,0.348152,0.338045
42.7401,0.272297,0.390171,0.348307,0.338064
42.7501,0.272302,0.390178,0.348462,0.338082
42.7601,0.272306,0.390186,0.348617,0.338101
42.7701,0.272311,0.390193,0.348772,0.33812
42.7801,0.272315,0.390201,0.348926,0.338139
42.7901,0.272319,0.390209,0.349081,0.338157
42.8001,0.272324,0.390217,0.349237,0.338175
42.8101,0.272329,0.390227,0.349393,0.338194
42.8201,0.272333,0.390236,0.349549,0.338212
42.8301,0.272338,0.390245,0.349704,0.338232
42.8401,0.272342,0.390253,0.349859,0.33825
42.8501,0.272346,0.390262,0.350015,0.338269
42.8601,0.272351,0.39027,0.350171,0.338288
42.8701,0.272354,0.390278,0.350327,0.338308
42.8801,0.272358,0.390287,0.350482,0.338326
42.8901,0.272361,0.390296,0.350639,0.338346
42.9001,0.272365,0.390304,0.350795,0.338364
42.9101,0.272369,0.390313,0.35095,0.338383
42.9201,0.272373,0.390322,0.351106,0.338402
42.9301,0.272378,0.39033,0.351263,0.338421
42.943,0.272383,0.390339,0.35142,0.338441
42.9501,0.272391,0.390348,0.351577,0.338461
42.9601,0.272398,0.390359,0.351733,0.338479
42.9701,0.272401,0.390365,0.35189,0.338497
42.9801,0.272406,0.390375,0.352048,0.338518
42.9901,0.272413,0.390384,0.352206,0.338539
43.0001,0.272416,0.390391,0.352364,0.338559
43.0101,0.272418,0.390398,0.352522,0.338578
43.0201,0.272414,0.390401,0.352679,0.338598
43.0301,0.272415,0.390408,0.352837,0.338617
43.0401,0.272417,0.390415,0.352994,0.338636
43.0501,0.27242,0.390423,0.353152,0.338655
43.0601,0.272423,0.39043,0.35331,0.338675
43.0701,0.272426,0.390437,0.353467,0.338694
43.0801,0.27243,0.390444,0.353626,0.338713
43.0901,0.272434,0.390451,0.353784,0.338732
43.1001,0.272438,0.390459,0.353942,0.338752
43.1101,0.272441,0.390467,0.3541,0.338772
43.1201,0.272444,0.390475,0.354257,0.338791
43.1301,0.272448,0.390483,0.354414,0.338811
43.1401,0.272452,0.390491,0.354572,0.338831
43.1501,0.272454,0.390499,0.354731,0.33885
43.1601,0.272458,0.390507,0.354889,0.33887
43.1701,0.272462,0.390515,0.355048,0.338889
43.1801,0.272466,0.390523,0.355206,0.338909
43.1901,0.272471,0.390532,0.355366,0.338928
43.2001,0.272475,0.39054,0.355524,0.338948
43.2101,0.272481,0.390547,0.355685,0.338968
43.2201,0.272488,0.390556,0.355844,0.338987
43.2301,0.272494,0.390564,0.356004,0.339008
43.2401,0.272498,0.390573,0.356165,0.339028
43.2501,0.272502,0.390582,0.356326,0.339047
43.2601,0.272505,0.390591,0.356487,0.339067
43.2701,0.272512,0.3906,0.35665,0.339087
43.2801,0.272517,0.390609,0.356811,0.339106
43.2901,0.272523,0.390618,0.356971,0.339127
43.3001,0.272528,0.390626,0.35713,0.339147
43.3101,0.272532,0.390634,0.35729,0.339168
43.3201,0.272536,0.390642,0.35745,0.339188
43.3301,0.27254,0.390651,0.35761,0.339208
43.3401,0.272545,0.390658,0.35777,0.339228
43.3501,0.272549,0.390665,0.35793,0.339247
43.3601,0.272553,0.390673,0.35809,0.339267
43.3701,0.272557,0.39068,0.358251,0.339286
43.3801,0.272561,0.390689,0.358411,0.339306
43.3901,0.272565,0.390696,0.358571,0.339325
43.4001,0.272569,0.390704,0.358732,0.339345
43.4101,0.272573,0.390712,0.358893,0.339364
43.4201,0.272577,0.390721,0.359053,0.339384
43.4301,0.27258,0.390729,0.359215,0.339404
43.4401,0.272585,0.390737,0.359376,0.339424
43.4501,0.272589,0.390745,0.359538,0.339444
43.4601,0.272597,0.390754,0.359702,0.339465
43.4701,0.272603,0.390764,0.359865,0.339486
43.4801,0.272606,0.390771,0.360027,0.339507
43.4901,0.272608,0.390777,0.360188,0.339527
43.5001,0.272611,0.39078,0.36035,0.339546
43.5101,0.272615,0.390786,0.360512,0.339566
43.5201,0.272619,0.390793,0.360674,0.339586
43.5301,0.272622,0.3908,0.360837,0.339605
43.5401,0.272626,0.390808,0.360998,0.339625
43.5501,0.27263,0.390815,0.36116,0.339645
43.5601,0.272634,0.390824,0.361322,0.339665
43.5701,0.272639,0.390832,0.361484,0.339685
43.5801,0.272643,0.390839,0.361648,0.339706
43.5901,0.272648,0.390847,0.361811,0.339726
43.6001,0.272652,0.390856,0.361973,0.339747
43.6101,0.272656,0.390864,0.362137,0.339766
43.6201,0.27266,0.390872,0.3623,0.339786
43.6301,0.272664,0.390878,0.362463,0.339806
43.6401,0.272668,0.390886,0.362625,0.339826
43.6501,0.272673,0.390895,0.362787,0.339846
43.6601,0.272677,0.390903,0.36295,0.339866
43.6701,0.272681,0.390911,0.363113,0.339887
43.6801,0.272685,0.390919,0.363276,0.339906
43.6901,0.272689,0.390927,0.36344,0.339926
43.7001,0.272694,0.390935,0.363603,0.339946
43.7101,0.272698,0.390943,0.363767,0.339967
43.7201,0.272703,0.390952,0.363932,0.339988
43.7301,0.272707,0.39096,0.364096,0.340008
43.7401,0.272712,0.390968,0.36426,0.340029
43.7501,0.272717,0.390977,0.364424,0.340049
43.7601,0.272722,0.390985,0.364588,0.340069
43.7701,0.272726,0.390994,0.364753,0.34009
43.7801,0.27273,0.391002,0.364918,0.34011
43.7901,0.272735,0.39101,0.365083,0.340131
43.8001,0.272739,0.391018,0.365247,0.340151
43.8101,0.272744,0.391026,0.365411,0.340171
43.8201,0.272748,0.391034,0.365576,0.340192
43.8301,0.272751,0.391042,0.36574,0.340213
43.8401,0.272755,0.39105,0.365905,0.340234
43.8501,0.272759,0.391058,0.36607,0.340255
43.8601,0.272763,0.391065,0.366235,0.340276
43.8701,0.272767,0.391072,0.3664,0.340297
43.8801,0.272771,0.39108,0.366565,0.340318
43.8901,0.272775,0.391088,0.366731,0.340339
43.9001,0.272779,0.391096,0.366896,0.34036
43.9101,0.272783,0.391104,0.367061,0.340381
43.9201,0.272788,0.391112,0.367227,0.340402
43.9301,0.272791,0.39112,0.367392,0.340423
43.9401,0.272796,0.391129,0.367559,0.340444
43.9501,0.272803,0.391137,0.367726,0.340466
43.9601,0.272809,0.391147,0.367893,0.340486
43.9701,0.272812,0.391154,0.368059,0.340507
43.9801,0.272818,0.391163,0.368225,0.340528
43.9901,0.272824,0.391172,0.368392,0.340551
44.0004,0.272827,0.391178,0.368558,0.340572
44.0101,0.272833,0.391185,0.368726,0.340593
44.0201,0.272836,0.391191,0.368892,0.340614
44.0301,0.272839,0.391198,0.369058,0.340635
44.0401,0.272841,0.391204,0.369224,0.340656
44.0501,0.27284,0.391209,0.36939,0.340676
44.0601,0.27284,0.391214,0.369555,0.340696
44.0701,0.27284,0.391217,0.36972,0.340718
44.0801,0.27284,0.391221,0.369886,0.340739
44.0901,0.27284,0.391226,0.370051,0.340761
44.1001,0.272839,0.39123,0.370217,0.340783
44.1101,0.272839,0.391233,0.370382,0.340805
44.1201,0.272839,0.391236,0.370548,0.340826
44.1301,0.272838,0.39124,0.370713,0.340848
44.1401,0.272837,0.391244,0.370879,0.34087
44.1501,0.272837,0.391248,0.371044,0.340891
44.1601,0.272836,0.391253,0.371211,0.340913
44.1701,0.272836,0.391257,0.371377,0.340935
44.1801,0.272836,0.391262,0.371544,0.340957
44.1901,0.272836,0.391267,0.37171,0.340978
44.2001,0.272837,0.391271,0.371877,0.341
44.2101,0.272837,0.391275,0.372043,0.34102
44.2201,0.272838,0.391279,0.37221,0.341042
44.2301,0.272839,0.391282,0.372377,0.341064
44.2401,0.272839,0.391285,0.372543,0.341087
44.2501,0.272839,0.39129,0.37271,0.341108
44.2601,0.27284,0.391294,0.372877,0.341129
44.2701,0.27284,0.391298,0.373044,0.341151
44.2801,0.272839,0.391301,0.373211,0.341172
44.2901,0.272838,0.391305,0.373377,0.341193
44.3001,0.272836,0.391308,0.373544,0.341214
44.3101,0.272836,0.391312,0.37371,0.341235
44.3201,0.272835,0.391315,0.373877,0.341256
44.3301,0.272834,0.391319,0.374043,0.341278
44.3401,0.272834,0.391323,0.374211,0.341299
44.3501,0.272833,0.391326,0.374378,0.34132
44.3601,0.272832,0.39133,0.374544,0.341341
44.3701,0.272832,0.391335,0.374712,0.341362
44.3801,0.272832,0.39134,0.37488,0.341383
44.3901,0.272832,0.391344,0.375048,0.341404
44.4001,0.272832,0.391348,0.375215,0.341426
44.4101,0.272833,0.391353,0.375382,0.341448
44.4201,0.272833,0.391357,0.37555,0.34147
44.4301,0.272833,0.391361,0.375718,0.341491
44.4401,0.272834,0.391365,0.375886,0.341512
44.4501,0.272834,0.391369,0.376053,0.341534
44.4601,0.272835,0.391375,0.376222,0.341556
44.4701,0.272836,0.391381,0.376391,0.341578
44.4801,0.272837,0.391387,0.37656,0.3416
44.4901,0.272837,0.39139,0.376728,0.341623
44.5001,0.272838,0.391389,0.376895,0.341647
44.5101,0.272839,0.391393,0.377063,0.341669
44.5201,0.27284,0.391398,0.377231,0.341692
44.5301,0.272841,0.391402,0.377399,0.341714
44.5401,0.272842,0.391407,0.377568,0.341737
44.5501,0.272842,0.391411,0.377736,0.341758
44.5601,0.272841,0.391414,0.377903,0.341779
44.5701,0.272841,0.391417,0.378072,0.341802
44.5801,0.272841,0.391422,0.378239,0.341823
44.5901,0.272842,0.391426,0.378408,0.341845
44.6001,0.272842,0.39143,0.378576,0.341868
44.6101,0.272843,0.391434,0.378744,0.341891
44.6201,0.272843,0.391438,0.378913,0.341913
44.6301,0.272844,0.391442,0.379082,0.341935
44.6401,0.272846,0.391448,0.379251,0.341957
44.6501,0.272846,0.391451,0.37942,0.34198
44.6601,0.272846,0.391456,0.379589,0.342002
44.6701,0.272846,0.39146,0.379759,0.342025
44.6801,0.272846,0.391463,0.379927,0.342048
44.6901,0.272847,0.391468,0.380096,0.34207
44.7001,0.272846,0.391472,0.380265,0.342092
44.7101,0.272846,0.391476,0.380434,0.342115
44.7201,0.272846,0.39148,0.380603,0.342137
44.7301,0.272846,0.391484,0.380772,0.34216
44.7401,0.272846,0.391488,0.380941,0.342182
44.7501,0.272847,0.391493,0.38111,0.342204
44.7601,0.272847,0.391497,0.381279,0.342227
44.7701,0.272848,0.391501,0.381449,0.342248
44.7801,0.272849,0.391506,0.381618,0.34227
44.7901,0.27285,0.39151,0.381787,0.342293
44.8001,0.272851,0.391513,0.381956,0.342316
44.8101,0.272851,0.391517,0.382126,0.342339
44.8201,0.272852,0.391522,0.382295,0.342362
44.8301,0.272853,0.391527,0.382464,0.342386
44.8401,0.272853,0.391532,0.382633,0.342409
44.8501,0.272852,0.391536,0.382802,0.342433
44.8601,0.272852,0.391539,0.382971,0.342456
44.8701,0.272852,0.391543,0.383141,0.342479
44.8801,0.272852,0.391548,0.38331,0.342502
44.8901,0.272853,0.391551,0.38348,0.342525
44.9001,0.272852,0.391555,0.383649,0.342548
44.9101,0.272853,0.391558,0.383819,0.342571
44.9201,0.272853,0.391563,0.383988,0.342594
44.9301,0.272854,0.391567,0.384158,0.342617
44.9401,0.272854,0.391572,0.384328,0.34264
44.9501,0.272854,0.391577,0.384499,0.342663
44.9601,0.272855,0.391582,0.38467,0.342686
44.9701,0.272856,0.391587,0.384843,0.34271
44.9801,0.272856,0.391592,0.385013,0.342733
44.9901,0.272856,0.391596,0.385184,0.342757
45.0001,0.272856,0.3916,0.385354,0.34278
45.0101,0.272855,0.391604,0.385524,0.342802
45.0201,0.272854,0.391608,0.385693,0.342825
45.0301,0.272855,0.391612,0.385863,0.342849
45.0401,0.272854,0.391615,0.386033,0.342873
45.0501,0.272853,0.391619,0.386203,0.342896
45.0601,0.272853,0.391622,0.386373,0.34292
45.0701,0.272853,0.391627,0.386543,0.342943
45.0801,0.272853,0.391631,0.386712,0.342966
45.0901,0.272853,0.391634,0.386881,0.34299
45.1001,0.272854,0.391638,0.387051,0.343013
45.1101,0.272854,0.391642,0.38722,0.343036
45.1201,0.272855,0.391646,0.38739,0.34306
45.1301,0.272855,0.391651,0.38756,0.343083
45.1401,0.272855,0.391655,0.38773,0.343107
45.1501,0.272856,0.391659,0.387899,0.34313
45.1601,0.272856,0.391664,0.388069,0.343155
45.1701,0.272856,0.391668,0.388239,0.343178
45.1801,0.272856,0.391673,0.388408,0.343202
45.1901,0.272856,0.391676,0.388579,0.343225
45.2001,0.272856,0.391679,0.388748,0.343248
45.2101,0.272858,0.391681,0.388919,0.343272
45.2201,0.272859,0.391686,0.389089,0.343296
45.2301,0.27286,0.391691,0.389258,0.343319
45.2401,0.27286,0.391696,0.389428,0.343341
45.2501,0.27286,0.391702,0.389598,0.343365
45.2601,0.272861,0.391706,0.389767,0.343389
45.2701,0.272862,0.391711,0.389937,0.343412
45.2801,0.272863,0.391715,0.390107,0.343435
45.2901,0.272863,0.391718,0.390277,0.343459
45.3001,0.272863,0.391722,0.390447,0.343482
45.3101,0.272864,0.391725,0.390616,0.343506
45.3201,0.272864,0.39173,0.390787,0.34353
45.3301,0.272864,0.391734,0.390957,0.343554
45.3401,0.272865,0.391737,0.391126,0.343577
45.3501,0.272865,0.391742,0.391296,0.3436
45.3601,0.272865,0.391746,0.391465,0.343624
45.3701,0.272866,0.39175,0.391636,0.343647
45.3801,0.272866,0.391754,0.391805,0.343671
45.3901,0.272867,0.391758,0.391975,0.343694
45.4001,0.272868,0.391762,0.392145,0.343719
45.4101,0.272868,0.391766,0.392314,0.343743
45.4201,0.272868,0.391771,0.392484,0.343767
45.4301,0.272869,0.391777,0.392653,0.343791
45.4401,0.27287,0.391781,0.392823,0.343815
45.4501,0.272869,0.391786,0.392992,0.343839
45.4601,0.27287,0.391791,0.393163,0.343864
45.4701,0.27287,0.391796,0.393333,0.343888
45.4801,0.27287,0.391799,0.393503,0.343913
45.4901,0.272869,0.391802,0.393672,0.343938
45.5001,0.272869,0.391805,0.393842,0.343962
45.5101,0.272868,0.391808,0.394012,0.343987
45.5201,0.272869,0.391812,0.394181,0.34401
45.5301,0.272869,0.391815,0.394351,0.344034
45.5401,0.272869,0.391819,0.394521,0.344058
45.5501,0.27287,0.391823,0.39469,0.344082
45.5601,0.27287,0.391827,0.39486,0.344107
45.5701,0.27287,0.391831,0.395029,0.344131
45.5801,0.272871,0.391835,0.395199,0.344155
45.5901,0.272871,0.391839,0.395369,0.344179
45.6001,0.272871,0.391843,0.395538,0.344205
45.6101,0.272872,0.391847,0.395707,0.344229
45.6201,0.272872,0.391851,0.395877,0.344253
45.6301,0.272873,0.391855,0.396046,0.344277
45.6401,0.272874,0.391859,0.396215,0.344301
45.6501,0.272874,0.391864,0.396385,0.344326
45.6601,0.272874,0.391868,0.396554,0.34435
45.6701,0.272876,0.391872,0.396723,0.344374
45.6801,0.272876,0.391877,0.396892,0.344398
45.6901,0.272877,0.391881,0.397061,0.344423
45.7001,0.272878,0.391885,0.39723,0.344447
45.7101,0.272878,0.391889,0.397399,0.344472
45.7201,0.272879,0.391893,0.397568,0.344497
45.7301,0.27288,0.391898,0.397736,0.344521
45.7401,0.27288,0.391901,0.397905,0.344546
45.7501,0.27288,0.391905,0.398074,0.344571
45.7601,0.27288,0.39191,0.398243,0.344595
45.7701,0.272881,0.391915,0.398411,0.34462
45.7801,0.272881,0.391919,0.398579,0.344645
45.7901,0.272881,0.391924,0.398747,0.34467
45.8001,0.272881,0.391929,0.398915,0.344695
45.8101,0.272881,0.391932,0.399083,0.344719
45.8201,0.272881,0.391937,0.399251,0.344744
45.8301,0.272881,0.391939,0.399418,0.344769
45.8401,0.272881,0.391942,0.399586,0.344793
45.8501,0.27288,0.391946,0.399754,0.344819
45.8601,0.27288,0.39195,0.399922,0.344844
45.8701,0.272881,0.391953,0.400091,0.344868
45.8801,0.272881,0.391956,0.400259,0.344894
45.8901,0.272881,0.391959,0.400427,0.344919
45.9001,0.27288,0.391963,0.400594,0.344944
45.9101,0.272879,0.391966,0.400763,0.344968
45.9201,0.272879,0.39197,0.40093,0.344993
45.9301,0.272879,0.391974,0.401098,0.345018
45.9401,0.27288,0.391978,0.401266,0.345042
45.9501,0.27288,0.391982,0.401433,0.345067
45.9601,0.27288,0.391985,0.4016,0.345091
45.9701,0.272879,0.391988,0.401768,0.345116
45.9801,0.272881,0.391993,0.401936,0.345142
45.9901,0.272881,0.391998,0.402102,0.345167
46.0001,0.272882,0.392003,0.402271,0.345193
46.0101,0.272884,0.392008,0.402438,0.345218
46.0201,0.272887,0.392013,0.402604,0.345244
46.0301,0.27289,0.392018,0.40277,0.345268
46.0401,0.272892,0.392024,0.402937,0.345294
46.0501,0.272894,0.39203,0.403104,0.34532
46.0601,0.272894,0.392034,0.403271,0.345345
46.0701,0.272895,0.392038,0.403438,0.34537
46.0801,0.272896,0.392042,0.403605,0.345395
46.0901,0.272896,0.392045,0.403772,0.34542
46.1001,0.272897,0.392049,0.403938,0.345445
46.1101,0.272897,0.392053,0.404105,0.34547
46.1201,0.272899,0.392057,0.404272,0.345495
46.1301,0.272899,0.39206,0.404438,0.34552
46.1401,0.2729,0.392065,0.404604,0.345545
46.1501,0.2729,0.392069,0.404771,0.345571
46.1601,0.272901,0.392073,0.404939,0.345596
46.1701,0.272902,0.392077,0.405104,0.345621
46.1801,0.272902,0.39208,0.405268,0.345645
46.1901,0.272902,0.392085,0.405435,0.34567
46.2001,0.272902,0.392089,0.4056,0.345695
46.2101,0.272903,0.392092,0.405766,0.34572
46.2201,0.272903,0.392095,0.405932,0.345745
46.2301,0.272903,0.392099,0.406098,0.34577
46.2401,0.272903,0.392102,0.406263,0.345795
46.2501,0.272902,0.392106,0.406428,0.34582
46.2601,0.272903,0.392109,0.406593,0.345845
46.2701,0.272903,0.392113,0.406757,0.345869
46.2801,0.272904,0.392116,0.406923,0.345894
46.2901,0.272905,0.39212,0.407088,0.345919
46.3001,0.272904,0.392123,0.407252,0.345944
46.3101,0.272905,0.392126,0.407417,0.345969
46.3201,0.272905,0.39213,0.407582,0.345994
46.3301,0.272905,0.392133,0.407746,0.346018
46.3401,0.272905,0.392137,0.407911,0.346043
46.3501,0.272904,0.39214,0.408075,0.346068
46.3601,0.272904,0.392143,0.408238,0.346093
46.3701,0.272904,0.392147,0.408402,0.346118
46.3801,0.272905,0.392151,0.408566,0.346143
46.3901,0.272905,0.392154,0.408731,0.346167
46.4001,0.272905,0.392158,0.408895,0.346192
46.4101,0.272906,0.392161,0.409059,0.346216
46.4201,0.272906,0.392165,0.409224,0.34624
46.4301,0.272907,0.392168,0.409387,0.346265
46.4401,0.272907,0.392171,0.409551,0.346289
46.4501,0.272908,0.392175,0.409715,0.346314
46.4601,0.272911,0.39218,0.409879,0.34634
46.4701,0.272912,0.392185,0.410043,0.346365
46.4801,0.272913,0.392189,0.410207,0.346389
46.4901,0.272913,0.392192,0.410371,0.346414
46.5001,0.272913,0.392195,0.410534,0.346439
46.5101,0.272914,0.392199,0.410697,0.346463
46.5201,0.272914,0.392203,0.410861,0.346487
46.5301,0.272915,0.392207,0.411024,0.346512
46.5401,0.272915,0.39221,0.411188,0.346537
46.5501,0.272916,0.392214,0.411351,0.346562
46.5601,0.272917,0.392218,0.411514,0.346587
46.5701,0.272918,0.392222,0.411677,0.346611
46.5801,0.272918,0.392225,0.411839,0.346636
46.5901,0.272919,0.392229,0.412001,0.346661
46.6001,0.272919,0.392234,0.412163,0.346687
46.6101,0.272919,0.392238,0.412325,0.346711
46.6201,0.27292,0.392241,0.412488,0.346735
46.6301,0.272921,0.392245,0.412651,0.34676
46.6401,0.272921,0.392249,0.412814,0.346785
46.6501,0.272921,0.392252,0.412976,0.34681
46.6601,0.272921,0.392256,0.413138,0.346835
46.6701,0.272921,0.39226,0.413299,0.34686
46.6801,0.272921,0.392263,0.413458,0.346884
46.6901,0.272921,0.392266,0.413618,0.346908
46.7001,0.272921,0.39227,0.41378,0.346932
46.7101,0.272921,0.392273,0.413941,0.346957
46.7201,0.27292,0.392277,0.414102,0.346981
46.7301,0.27292,0.39228,0.414263,0.347006
46.7401,0.27292,0.392283,0.414424,0.347031
46.7501,0.272919,0.392286,0.414586,0.347056
46.7601,0.27292,0.392289,0.414746,0.347081
46.7701,0.27292,0.392293,0.414907,0.347105
46.7801,0.27292,0.392295,0.415069,0.34713
46.7901,0.272921,0.392298,0.41523,0.347155
46.8001,0.27292,0.392302,0.415392,0.347179
46.8101,0.272921,0.392305,0.415552,0.347204
46.8201,0.27292,0.392308,0.415712,0.347229
46.8301,0.272921,0.392311,0.415872,0.347254
46.8401,0.272921,0.392314,0.416032,0.347278
46.8501,0.272922,0.392317,0.416192,0.347302
46.8601,0.272922,0.392321,0.416353,0.347327
46.8701,0.272923,0.392325,0.416513,0.347351
46.8801,0.272923,0.392329,0.416673,0.347375
46.8901,0.272923,0.392333,0.416833,0.3474
46.9001,0.272923,0.392337,0.416993,0.347424
46.9101,0.272923,0.392341,0.417153,0.347449
46.9201,0.272925,0.392345,0.417312,0.347473
46.9301,0.272925,0.392348,0.417472,0.347497
46.9401,0.272926,0.392352,0.417632,0.347522
46.9501,0.272926,0.392355,0.417792,0.347547
46.9601,0.272924,0.392356,0.417951,0.347571
46.9701,0.272922,0.392359,0.41811,0.347605
46.9801,0.272915,0.392362,0.418269,0.347638
46.9901,0.272912,0.392365,0.418429,0.347666
47.0001,0.272911,0.392369,0.418588,0.347693
47.0101,0.27291,0.392372,0.418747,0.347718
47.0201,0.27291,0.392375,0.418905,0.347743
47.0301,0.27291,0.392378,0.419063,0.347768
47.0401,0.272909,0.39238,0.419221,0.347794
47.0501,0.272907,0.392382,0.419379,0.347818
47.0601,0.272906,0.392385,0.419536,0.347843
47.0701,0.272904,0.392387,0.419694,0.347868
47.0801,0.272902,0.392388,0.419851,0.347892
47.0901,0.272901,0.392389,0.420009,0.347916
47.1001,0.272899,0.39239,0.420167,0.347941
47.1101,0.272897,0.392392,0.420324,0.347965
47.1201,0.272896,0.392394,0.420481,0.347988
47.1301,0.272895,0.392396,0.420639,0.348013
47.1401,0.272894,0.392398,0.420796,0.348037
47.1501,0.272894,0.392401,0.420952,0.348061
47.1601,0.272894,0.392405,0.42111,0.348085
47.1701,0.272894,0.392408,0.421268,0.348109
47.1801,0.272894,0.392411,0.421424,0.348132
47.1901,0.272893,0.392415,0.421581,0.348157
47.2001,0.272893,0.392418,0.421738,0.348181
47.2101,0.272893,0.392421,0.421895,0.348205
47.2201,0.272894,0.392424,0.422052,0.34823
47.2301,0.272894,0.392427,0.422208,0.348255
47.2401,0.272894,0.392429,0.422364,0.348279
47.2501,0.272895,0.392432,0.42252,0.348303
47.2601,0.272895,0.392435,0.422676,0.348326
47.2701,0.272896,0.392439,0.422832,0.348351
47.2801,0.272896,0.392442,0.422987,0.348375
47.2901,0.272899,0.392445,0.423143,0.348399
47.3001,0.2729,0.392448,0.423299,0.348424
47.3101,0.272901,0.392452,0.423455,0.348449
47.3201,0.272902,0.392455,0.423611,0.348474
47.3301,0.272902,0.392457,0.423767,0.348498
47.3401,0.272903,0.39246,0.423922,0.348523
47.3501,0.272903,0.392463,0.424078,0.348548
47.3601,0.272904,0.392466,0.424233,0.348573
47.3701,0.272905,0.39247,0.424388,0.348598
47.3801,0.272905,0.392473,0.424543,0.348623
47.3901,0.272906,0.392476,0.424699,0.348648
47.4001,0.272906,0.39248,0.424853,0.348672
47.4101,0.272907,0.392483,0.425008,0.348697
47.4201,0.272907,0.392486,0.425163,0.348721
47.4301,0.272907,0.392489,0.425317,0.348746
47.4401,0.272907,0.392492,0.425472,0.348771
47.4501,0.272907,0.392496,0.425627,0.348796
47.4601,0.272907,0.3925,0.425781,0.348822
47.4701,0.272909,0.392505,0.425935,0.348847
47.4801,0.27291,0.392508,0.426089,0.348871
47.4901,0.27291,0.392511,0.426244,0.348895
47.5001,0.272911,0.392514,0.426398,0.34892
47.5101,0.272911,0.392518,0.426552,0.348945
47.5201,0.272912,0.392522,0.426706,0.348971
47.5301,0.272912,0.392524,0.426859,0.348996
47.5401,0.272912,0.392528,0.427013,0.349021
47.5501,0.272912,0.392531,0.427166,0.349047
47.5601,0.272912,0.392534,0.42732,0.349072
47.5701,0.272913,0.392537,0.427473,0.349097
47.5801,0.272912,0.392539,0.427625,0.349122
47.5901,0.272912,0.392543,0.427778,0.349147
47.6001,0.272912,0.392547,0.42793,0.349173
47.6101,0.272912,0.392551,0.428083,0.349198
47.6201,0.272913,0.392554,0.428237,0.349222
47.6301,0.272912,0.392556,0.428388,0.349246
47.6401,0.272912,0.392559,0.42854,0.349271
47.6501,0.272913,0.392563,0.428691,0.349297
47.6601,0.272914,0.392565,0.428843,0.349322
47.6701,0.272914,0.392568,0.428994,0.349348
47.6801,0.272914,0.39257,0.429146,0.349373
47.6901,0.272915,0.392574,0.429298,0.349399
47.7001,0.272915,0.392577,0.42945,0.349425
47.7101,0.272916,0.39258,0.429602,0.349452
47.7201,0.272917,0.392583,0.429753,0.349479
47.7301,0.272917,0.392586,0.429904,0.349505
47.7401,0.272917,0.392589,0.430056,0.349532
47.7501,0.272918,0.392593,0.430207,0.349558
47.7601,0.272918,0.392595,0.430357,0.349584
47.7701,0.272918,0.392598,0.430508,0.349611
47.7801,0.272918,0.3926,0.430658,0.349638
47.7901,0.272918,0.392601,0.43081,0.349664
47.8001,0.272919,0.392605,0.430961,0.349689
47.8101,0.272919,0.392607,0.431109,0.349715
47.8201,0.272919,0.392609,0.431259,0.34974
47.8301,0.272919,0.392615,0.431409,0.349764
47.8401,0.272919,0.392618,0.43156,0.349792
47.8501,0.272919,0.39262,0.431708,0.349821
47.8601,0.27292,0.392624,0.431857,0.349846
47.8701,0.272922,0.392627,0.432006,0.349873
47.8801,0.272921,0.392631,0.432155,0.3499
47.8901,0.272921,0.392633,0.432304,0.349928
47.9001,0.27292,0.392637,0.432452,0.349953
47.9101,0.272919,0.39264,0.4326,0.34998
47.9201,0.272918,0.392643,0.432749,0.350006
47.9301,0.272917,0.392647,0.432898,0.350033
47.9401,0.272916,0.392649,0.433047,0.35006
47.9501,0.272915,0.392652,0.433196,0.350087
47.9601,0.272915,0.392655,0.433343,0.350114
47.9701,0.272915,0.392658,0.433491,0.350141
47.9801,0.272914,0.392662,0.433639,0.350169
47.9901,0.272914,0.392666,0.433788,0.350197
48.0002,0.272914,0.392669,0.433937,0.350224
48.0101,0.272915,0.392673,0.434084,0.350252
48.0204,0.272915,0.392675,0.434231,0.35028
48.0301,0.272915,0.392678,0.434378,0.350308
48.0401,0.272914,0.392681,0.434524,0.350335
48.0501,0.272914,0.392684,0.434671,0.350363
48.0601,0.272914,0.392686,0.434818,0.350391
48.0701,0.272915,0.392689,0.434964,0.350419
48.0801,0.272913,0.392692,0.435111,0.350447
48.0901,0.272913,0.392695,0.435257,0.350474
48.1001,0.272913,0.392698,0.435403,0.350503
48.1101,0.272913,0.392702,0.435549,0.350531
48.1201,0.272914,0.392705,0.435694,0.35056
48.1301,0.272914,0.392709,0.43584,0.350589
48.1401,0.272914,0.392713,0.435986,0.350617
48.1501,0.272914,0.392717,0.43613,0.350646
48.1601,0.272915,0.392721,0.436276,0.350674
48.1701,0.272915,0.392724,0.436422,0.350703
48.1801,0.272915,0.392727,0.436567,0.350732
48.1901,0.272916,0.39273,0.436711,0.350761
48.2001,0.272917,0.392734,0.436856,0.35079
48.2101,0.272918,0.392738,0.437001,0.350819
48.2201,0.272919,0.392742,0.437145,0.350848
48.2301,0.272919,0.392745,0.437289,0.350877
48.2401,0.27292,0.392749,0.437434,0.350906
48.2501,0.272921,0.392753,0.437577,0.350935
48.2601,0.272921,0.392756,0.437721,0.350964
48.2701,0.272921,0.39276,0.437863,0.350993
48.2801,0.272921,0.392764,0.438006,0.351023
48.2901,0.272921,0.392767,0.438149,0.351052
48.3001,0.272921,0.39277,0.438291,0.351081
48.3101,0.272921,0.392773,0.438434,0.351111
48.3201,0.272922,0.392776,0.438577,0.351141
48.3301,0.272923,0.392779,0.438719,0.35117
48.3401,0.272923,0.392782,0.438862,0.3512
48.3501,0.272923,0.392786,0.439003,0.351231
48.3601,0.272923,0.392788,0.439146,0.35126
48.3701,0.272923,0.392791,0.439288,0.35129
48.3801,0.272923,0.392793,0.439429,0.35132
48.3901,0.272923,0.392796,0.439571,0.351349
48.4001,0.272923,0.392798,0.439713,0.351379
48.4101,0.272924,0.3928,0.439854,0.351409
48.4201,0.272924,0.392803,0.439995,0.351439
48.4301,0.272924,0.392806,0.440136,0.35147
48.4401,0.272924,0.392809,0.440275,0.351501
48.4501,0.272925,0.392814,0.440416,0.351532
48.4601,0.272926,0.392816,0.440558,0.351563
48.4701,0.272928,0.392821,0.440698,0.351595
48.4801,0.272929,0.392824,0.440838,0.351626
48.4901,0.27293,0.392828,0.440978,0.351658
48.5005,0.272929,0.39283,0.441117,0.351689
48.5101,0.272928,0.392832,0.441255,0.35172
48.5201,0.272929,0.392834,0.441394,0.351751
48.5301,0.272929,0.392837,0.441533,0.351783
48.5401,0.27293,0.39284,0.441672,0.351814
48.5501,0.27293,0.392843,0.441811,0.351846
48.5601,0.272931,0.392847,0.441949,0.351879
48.5701,0.272931,0.39285,0.442088,0.351911
48.5801,0.272932,0.392852,0.442226,0.351943
48.5901,0.272933,0.392855,0.442365,0.351976
48.6001,0.272934,0.39286,0.442503,0.352008
48.6101,0.272935,0.392863,0.442641,0.352041
48.6201,0.272936,0.392866,0.442779,0.352073
48.6301,0.272937,0.392869,0.442916,0.352106
48.6401,0.272937,0.392873,0.443052,0.35214
48.6501,0.272938,0.392877,0.443189,0.352173
48.6601,0.272939,0.39288,0.443326,0.352206
48.6701,0.272939,0.392883,0.443461,0.352239
48.6801,0.272939,0.392887,0.443597,0.352273
48.6901,0.27294,0.39289,0.443734,0.352306
48.7001,0.27294,0.392894,0.443869,0.35234
48.7101,0.272939,0.392898,0.444005,0.352373
48.7201,0.272939,0.392901,0.44414,0.352407
48.7301,0.272939,0.392904,0.444275,0.352441
48.7401,0.27294,0.392907,0.444409,0.352474
48.7501,0.27294,0.39291,0.444545,0.352509
48.7601,0.272941,0.392914,0.444679,0.352543
48.7701,0.272942,0.392917,0.444813,0.352578
48.7801,0.272942,0.39292,0.444948,0.352613
48.7901,0.272944,0.392923,0.445083,0.352647
48.8001,0.272945,0.392926,0.445217,0.352682
48.8101,0.272946,0.39293,0.445351,0.352717
48.8201,0.272947,0.392933,0.445485,0.352753
48.8301,0.272947,0.392937,0.445618,0.352787
48.8401,0.272947,0.392939,0.445752,0.352822
48.8501,0.272947,0.392942,0.445884,0.352857
48.8601,0.272947,0.392945,0.446017,0.352893
48.8701,0.272947,0.392948,0.446149,0.352928
48.8801,0.272947,0.392951,0.446282,0.352963
48.8901,0.272948,0.392954,0.446414,0.352998
48.9001,0.272949,0.392956,0.446545,0.353034
48.9101,0.272949,0.39296,0.446677,0.35307
48.9201,0.272949,0.392964,0.446809,0.353106
48.9301,0.27295,0.392967,0.44694,0.353143
48.9401,0.27295,0.392971,0.447071,0.353179
48.9501,0.27295,0.392972,0.447203,0.353214
48.9601,0.27295,0.392974,0.447334,0.35325
48.9701,0.27295,0.392977,0.447465,0.353286
48.9801,0.272952,0.39298,0.447597,0.353323
48.9901,0.272951,0.392982,0.447727,0.35336
49.0002,0.272951,0.392984,0.447858,0.353397
49.0101,0.272951,0.392988,0.447988,0.353434
49.0201,0.272952,0.392991,0.448119,0.353472
49.0301,0.272951,0.392995,0.448249,0.35351
49.0401,0.272951,0.392999,0.448379,0.353549
49.0501,0.272951,0.393002,0.448509,0.353587
49.0601,0.27295,0.393004,0.448639,0.353625
49.0701,0.27295,0.393007,0.448769,0.353663
49.0801,0.272949,0.393009,0.448897,0.3537
49.0901,0.272949,0.393013,0.449026,0.353739
49.1001,0.272949,0.393015,0.449155,0.353777
49.1101,0.272948,0.393016,0.449282,0.353816
49.1201,0.272948,0.393018,0.44941,0.353855
49.1301,0.272946,0.393019,0.449538,0.353893
49.1401,0.272945,0.393022,0.449666,0.353931
49.1501,0.272946,0.393025,0.449794,0.35397
49.1601,0.272947,0.393027,0.449922,0.354008
49.1701,0.272947,0.39303,0.45005,0.354046
49.1801,0.272947,0.393032,0.450178,0.354085
49.1901,0.272948,0.393035,0.450305,0.354125
49.2001,0.272948,0.393039,0.450432,0.354164
49.2101,0.272947,0.393041,0.450559,0.354204
49.2201,0.272946,0.393044,0.450686,0.354242
49.2301,0.272946,0.393046,0.450813,0.354282
49.2401,0.272946,0.393049,0.450939,0.354322
49.2501,0.272945,0.393051,0.451065,0.354362
49.2601,0.272945,0.393054,0.451192,0.354402
49.2701,0.272945,0.393057,0.451317,0.354442
49.2801,0.272945,0.39306,0.451443,0.354481
49.2901,0.272945,0.393062,0.451569,0.354521
49.3001,0.272946,0.393066,0.451695,0.354562
49.3101,0.272947,0.39307,0.451821,0.354603
49.3201,0.272947,0.393073,0.451947,0.354643
49.3301,0.272947,0.393076,0.452072,0.354685
49.3401,0.272947,0.393079,0.452197,0.354726
49.3501,0.272948,0.393082,0.452322,0.354766
49.3601,0.272948,0.393084,0.452446,0.354807
49.3701,0.272948,0.393086,0.45257,0.354848
49.3801,0.272948,0.393089,0.452694,0.354888
49.3901,0.272948,0.393091,0.452818,0.354929
49.4001,0.272949,0.393094,0.452942,0.354971
49.4101,0.272949,0.393096,0.453065,0.355011
49.4201,0.272949,0.393099,0.453189,0.355053
49.4301,0.272949,0.393102,0.453313,0.355094
49.4401,0.27295,0.393105,0.453436,0.355135
49.4501,0.272951,0.393107,0.453559,0.355177
49.4601,0.272953,0.39311,0.453682,0.355219
49.4701,0.272955,0.393115,0.453805,0.35526
49.4801,0.272954,0.393118,0.453928,0.355302
49.4901,0.272954,0.393121,0.45405,0.355344
49.5001,0.272953,0.393122,0.454173,0.355385
49.5101,0.272953,0.393125,0.454295,0.355427
49.5201,0.272953,0.393128,0.454418,0.355469
49.5301,0.272952,0.393129,0.45454,0.355511
49.5401,0.272953,0.393132,0.454663,0.355553
49.5501,0.272953,0.393134,0.454785,0.355596
49.5601,0.272953,0.393136,0.454906,0.355638
49.5701,0.272952,0.393139,0.455027,0.35568
49.5801,0.272952,0.393141,0.455147,0.355723
49.5901,0.272952,0.393144,0.455268,0.355765
49.6001,0.272951,0.393147,0.455388,0.355808
49.6101,0.272952,0.393149,0.455508,0.355851
49.6201,0.272953,0.393152,0.455628,0.355894
49.6301,0.272953,0.393154,0.455748,0.355937
49.6401,0.272954,0.393155,0.455868,0.355979
49.6501,0.272955,0.393157,0.455989,0.356021
49.6601,0.272954,0.39316,0.456109,0.356064
49.6701,0.272954,0.393163,0.456229,0.356106
49.6801,0.272954,0.393166,0.456349,0.356149
49.6901,0.272955,0.393169,0.456469,0.356192
49.7001,0.272955,0.393171,0.456589,0.356235
49.7101,0.272955,0.393173,0.456709,0.356278
49.7201,0.272956,0.393176,0.456829,0.356321
49.7301,0.272956,0.393179,0.456949,0.356365
49.7401,0.272956,0.393182,0.457068,0.356408
49.7501,0.272957,0.393184,0.457186,0.356451
49.7601,0.272958,0.393186,0.457305,0.356495
49.7701,0.272958,0.393189,0.457424,0.356537
49.7801,0.272958,0.393192,0.457542,0.35658
49.7901,0.272958,0.393194,0.45766,0.356624
49.8001,0.272958,0.393198,0.457778,0.356667
49.8101,0.272959,0.3932,0.457896,0.356711
49.8201,0.272958,0.393203,0.458013,0.356755
49.8301,0.272958,0.393204,0.458131,0.356798
49.8401,0.272958,0.393206,0.458248,0.356841
49.8501,0.272958,0.393208,0.458366,0.356884
49.8601,0.272957,0.393209,0.458483,0.356928
49.8701,0.272956,0.393211,0.4586,0.356971
49.8801,0.272955,0.393213,0.458717,0.357015
49.8901,0.272955,0.393214,0.458834,0.357059
49.9001,0.272955,0.393216,0.458951,0.357103
49.9101,0.272955,0.393219,0.459067,0.357147
49.9201,0.272956,0.393223,0.459183,0.357192
49.9301,0.272955,0.393225,0.459299,0.357237
49.9401,0.272955,0.393228,0.459415,0.357281
49.9501,0.272955,0.393231,0.459532,0.357326
49.9601,0.272955,0.393233,0.459649,0.357372
49.9701,0.272956,0.393235,0.459765,0.357417
49.9801,0.272956,0.393238,0.45988,0.357461
49.9901,0.272958,0.393242,0.459995,0.357506
50.0001,0.272958,0.393244,0.460111,0.357551
50.0101,0.272956,0.393246,0.460227,0.357595
50.0201,0.272953,0.393246,0.460342,0.357639
50.0301,0.27295,0.393243,0.460456,0.357684
50.0401,0.272947,0.393241,0.46057,0.357728
50.0501,0.272942,0.393241,0.460684,0.357772
50.0601,0.27294,0.393241,0.460799,0.357816
50.0701,0.272939,0.393241,0.460914,0.357861
50.0801,0.272938,0.393243,0.461028,0.357906
50.0901,0.272938,0.393245,0.461141,0.357951
50.1001,0.272938,0.393247,0.461255,0.357997
50.1101,0.272939,0.393249,0.461369,0.358042
50.1201,0.272938,0.393252,0.461483,0.358088
50.1301,0.272937,0.393255,0.461597,0.358134
50.1401,0.272936,0.393256,0.46171,0.358179
50.1501,0.272936,0.393259,0.461823,0.358224
50.1601,0.272936,0.393262,0.461936,0.358269
50.1701,0.272937,0.393264,0.46205,0.358314
50.1801,0.272937,0.393267,0.462163,0.358359
50.1901,0.272936,0.393269,0.462275,0.358405
50.2001,0.272936,0.393272,0.462387,0.358449
50.2101,0.272937,0.393273,0.462499,0.358494
50.2201,0.272937,0.393277,0.462611,0.358539
50.2301,0.272937,0.39328,0.462724,0.358585
50.2401,0.272937,0.393282,0.462836,0.35863
50.2501,0.272937,0.393285,0.462946,0.358675
50.2601,0.272938,0.393288,0.463058,0.35872
50.2701,0.272938,0.39329,0.46317,0.358765
50.2801,0.272938,0.393293,0.463282,0.35881
50.2901,0.272937,0.393296,0.463395,0.358856
50.3001,0.272938,0.393298,0.463506,0.358899
50.3101,0.272938,0.393299,0.463617,0.358945
50.3201,0.272938,0.393303,0.463728,0.358991
50.3301,0.272937,0.393305,0.463839,0.359038
50.3401,0.272937,0.393306,0.46395,0.359082
50.3501,0.272937,0.393308,0.46406,0.359127
50.3601,0.272937,0.393309,0.46417,0.359173
50.3701,0.272936,0.393312,0.464281,0.359218
50.3801,0.272935,0.393314,0.464391,0.359263
50.3901,0.272935,0.393317,0.464501,0.359308
50.4001,0.272936,0.393319,0.464612,0.359354
50.4101,0.272935,0.393321,0.464721,0.359398
50.4201,0.272936,0.393323,0.464831,0.359443
50.4301,0.272937,0.393325,0.46494,0.359489
50.4401,0.272937,0.393327,0.465049,0.359535
50.4501,0.272936,0.39333,0.465158,0.35958
50.4601,0.272937,0.393333,0.465267,0.359626
50.4701,0.27294,0.393337,0.465376,0.359672
50.4801,0.272941,0.393339,0.465485,0.359718
50.4901,0.272941,0.393342,0.465594,0.359764
50.5001,0.27294,0.393342,0.465702,0.359809
50.5101,0.272938,0.393342,0.465811,0.359854
50.5201,0.272938,0.393344,0.465919,0.3599
50.5301,0.272938,0.393346,0.466027,0.359946
50.5401,0.272938,0.393349,0.466135,0.359992
50.5501,0.272939,0.393352,0.466243,0.360038
50.5601,0.272938,0.393355,0.466351,0.360083
50.5701,0.272938,0.393357,0.466459,0.360129
50.5801,0.272939,0.39336,0.466566,0.360175
50.5901,0.272936,0.393363,0.466673,0.36022
50.6001,0.272936,0.393366,0.46678,0.360266
50.6101,0.272936,0.393369,0.466887,0.360312
50.6201,0.272936,0.393372,0.466993,0.360358
50.6301,0.272936,0.393375,0.467099,0.360404
50.6401,0.272936,0.393378,0.467205,0.36045
50.6501,0.272937,0.39338,0.467312,0.360495
50.6601,0.272937,0.393383,0.467418,0.360542
50.6701,0.272937,0.393385,0.467523,0.360588
50.6801,0.272938,0.393387,0.467628,0.360634
50.6901,0.272938,0.39339,0.467733,0.360681
50.7001,0.272937,0.393393,0.467838,0.360728
50.7101,0.272937,0.393394,0.467944,0.360775
50.7201,0.272936,0.393397,0.468049,0.360821
50.7301,0.272935,0.393399,0.468153,0.360868
50.7401,0.272936,0.393403,0.468258,0.360916
50.7501,0.272936,0.393405,0.468363,0.360962
50.7601,0.272934,0.393407,0.468466,0.361009
50.7701,0.272934,0.39341,0.46857,0.361055
50.7801,0.272933,0.393412,0.468675,0.361102
50.7901,0.272932,0.393413,0.468778,0.361148
50.8001,0.272933,0.393415,0.468882,0.361194
50.8101,0.272932,0.393418,0.468987,0.361241
50.8201,0.272931,0.39342,0.469089,0.361287
50.8301,0.272931,0.393422,0.469192,0.361335
50.8401,0.272931,0.393424,0.469297,0.361382
50.8501,0.272931,0.393426,0.469399,0.361428
50.8601,0.272931,0.393428,0.469501,0.361475
50.8701,0.272931,0.39343,0.469604,0.361521
50.8801,0.272932,0.393433,0.469706,0.361568
50.8901,0.272933,0.393436,0.469808,0.361616
50.9001,0.272933,0.393438,0.46991,0.361662
50.9101,0.272932,0.393441,0.470012,0.36171
50.9201,0.272932,0.393443,0.470115,0.361757
50.9301,0.272933,0.393446,0.470216,0.361804
50.9401,0.272933,0.393449,0.470317,0.361852
50.9501,0.272934,0.393451,0.470419,0.361899
50.9601,0.272936,0.393456,0.47052,0.361946
50.9701,0.272936,0.393459,0.47062,0.361993
50.9801,0.272936,0.393461,0.470721,0.362041
50.9901,0.272936,0.393464,0.470821,0.362089
51.0001,0.272936,0.393467,0.470921,0.362137
51.0101,0.272936,0.393468,0.47102,0.362184
51.0201,0.272936,0.393471,0.471119,0.362231
51.0301,0.272937,0.393474,0.471218,0.362278
51.0401,0.272936,0.393476,0.471317,0.362326
51.0501,0.272936,0.393477,0.471416,0.362374
51.0601,0.272936,0.393479,0.471516,0.362422
51.0701,0.272937,0.393482,0.471614,0.362471
51.0801,0.272937,0.393485,0.471714,0.362519
51.0901,0.272937,0.393487,0.471812,0.362567
51.1001,0.272938,0.393491,0.471911,0.362615
51.1101,0.272937,0.393495,0.472009,0.362662
51.1201,0.272937,0.393498,0.472108,0.36271
51.1301,0.272938,0.3935,0.472206,0.362757
51.1401,0.272939,0.393503,0.472304,0.362806
51.1501,0.272939,0.393505,0.472401,0.362854
51.1601,0.272939,0.393507,0.472499,0.362902
51.1701,0.27294,0.39351,0.472597,0.362951
51.1801,0.27294,0.393512,0.472694,0.362999
51.1901,0.272941,0.393514,0.472791,0.363048
51.2001,0.272941,0.393516,0.472887,0.363096
51.2101,0.27294,0.393519,0.472981,0.363143
51.2201,0.272941,0.393522,0.473077,0.363191
51.2301,0.272941,0.393525,0.473172,0.36324
51.2401,0.27294,0.393528,0.473269,0.363288
51.2501,0.27294,0.39353,0.473365,0.363335
51.2601,0.272941,0.393532,0.473461,0.363384
51.2701,0.272941,0.393534,0.473556,0.363434
51.2801,0.272942,0.393537,0.473651,0.363483
51.2901,0.272942,0.39354,0.473747,0.363533
51.3001,0.272942,0.393543,0.473842,0.363583
51.3101,0.272943,0.393546,0.473937,0.363632
51.3201,0.272944,0.393547,0.474032,0.363681
51.3301,0.272944,0.39355,0.474126,0.36373
51.3401,0.272946,0.393552,0.474221,0.36378
51.3501,0.272946,0.393554,0.474316,0.363829
51.3601,0.272946,0.393555,0.47441,0.363877
51.3701,0.272947,0.393558,0.474505,0.363927
51.3801,0.272948,0.39356,0.474598,0.363976
51.3901,0.272949,0.393561,0.474692,0.364025
51.4001,0.27295,0.393563,0.474786,0.364074
51.4101,0.27295,0.393566,0.47488,0.364123
51.4201,0.272951,0.393568,0.474973,0.364172
51.4301,0.272951,0.393571,0.475067,0.364221
51.4401,0.272953,0.393574,0.47516,0.364271
51.4501,0.272953,0.393576,0.475253,0.364321
51.4601,0.272954,0.393579,0.475345,0.36437
51.4701,0.272955,0.393585,0.475439,0.36442
51.4801,0.272955,0.393588,0.475532,0.36447
51.4901,0.272955,0.393589,0.475624,0.364519
51.5001,0.272954,0.39359,0.475717,0.364568
51.5101,0.272953,0.393593,0.47581,0.364618
51.5201,0.272954,0.393596,0.475902,0.364669
51.5301,0.272955,0.393598,0.475993,0.364718
51.5401,0.272956,0.393599,0.476085,0.364767
51.5501,0.272956,0.393602,0.476177,0.364816
51.5601,0.272957,0.393604,0.476268,0.364866
51.5701,0.272957,0.393608,0.47636,0.364915
51.5801,0.272958,0.393613,0.476452,0.364965
51.5901,0.272958,0.393617,0.476541,0.365015
51.6001,0.272957,0.393619,0.476631,0.365065
51.6101,0.272957,0.393621,0.476721,0.365115
51.6201,0.272957,0.393623,0.476813,0.365166
51.6301,0.272957,0.393625,0.476903,0.365216
51.6401,0.272958,0.393627,0.476994,0.365266
51.6501,0.272957,0.393629,0.477084,0.365316
51.6601,0.272957,0.393631,0.477173,0.365367
51.6701,0.272958,0.393633,0.477263,0.365417
51.6801,0.272959,0.393636,0.477352,0.365467
51.6901,0.272959,0.393638,0.477442,0.365517
51.7001,0.272958,0.393641,0.477531,0.365567
51.7101,0.272958,0.393642,0.47762,0.365618
51.7201,0.272958,0.393644,0.47771,0.365668
51.7301,0.272958,0.393645,0.477798,0.365718
51.7401,0.272959,0.393647,0.477887,0.365768
51.7501,0.27296,0.393648,0.477977,0.365818
51.7601,0.27296,0.393651,0.478066,0.365868
51.7701,0.27296,0.393653,0.478155,0.365919
51.7801,0.272961,0.393655,0.478244,0.365969
51.7901,0.272961,0.393657,0.478333,0.36602
51.8001,0.272961,0.393659,0.478421,0.36607
51.8101,0.272961,0.393662,0.478509,0.36612
51.8201,0.272961,0.393664,0.478598,0.36617
51.8301,0.272962,0.393666,0.478686,0.366221
51.8401,0.272961,0.393668,0.478774,0.366271
51.8501,0.272961,0.393671,0.478862,0.366321
51.8601,0.272961,0.393673,0.47895,0.366372
51.8701,0.272961,0.393675,0.479037,0.366422
51.8801,0.272961,0.393677,0.479124,0.366473
51.8901,0.272961,0.393679,0.479211,0.366523
51.9001,0.272961,0.393681,0.479299,0.366574
51.9101,0.272961,0.393683,0.479386,0.366624
51.9201,0.272961,0.393685,0.479473,0.366675
51.9301,0.272961,0.393687,0.47956,0.366726
51.9401,0.272961,0.393689,0.479647,0.366776
51.9509,0.27296,0.39369,0.479735,0.366826
51.9629,0.27296,0.393693,0.479822,0.366878
51.9702,0.27296,0.393694,0.479908,0.366928
51.9801,0.272957,0.393696,0.479995,0.366979
51.9901,0.272957,0.393697,0.480082,0.367029
52.0001,0.272957,0.393699,0.480167,0.36708
52.0101,0.272959,0.393702,0.480253,0.367131
52.0201,0.272959,0.393705,0.480339,0.367183
52.0301,0.272959,0.393708,0.480426,0.367235
52.0401,0.27296,0.393709,0.480512,0.367285
52.0501,0.27296,0.393711,0.480598,0.367335
52.0601,0.27296,0.393712,0.480683,0.367385
52.0701,0.27296,0.393714,0.480769,0.367436
52.0801,0.272961,0.393716,0.480854,0.367487
52.0901,0.272961,0.393717,0.480939,0.367537
52.1001,0.272961,0.393719,0.481024,0.367588
52.1101,0.272961,0.39372,0.481109,0.367639
52.1201,0.27296,0.393721,0.481193,0.36769
52.1301,0.27296,0.393723,0.481278,0.367741
52.1401,0.27296,0.393724,0.481363,0.367792
52.1501,0.27296,0.393726,0.481448,0.367843
52.1601,0.272961,0.393728,0.481533,0.367894
52.1701,0.272961,0.39373,0.481618,0.367945
52.1801,0.272962,0.393731,0.481702,0.367995
52.1901,0.272962,0.393733,0.481786,0.368046
52.2001,0.272962,0.393735,0.48187,0.368097
52.2101,0.272962,0.393737,0.481954,0.368148
52.2201,0.272962,0.393739,0.482036,0.368198
52.2301,0.272963,0.393741,0.482121,0.368249
52.2401,0.272963,0.393743,0.482204,0.3683
52.2501,0.272962,0.393744,0.482288,0.368351
52.2601,0.272962,0.393747,0.482372,0.368401
52.2701,0.272962,0.393749,0.482455,0.368452
52.2801,0.272963,0.393751,0.482538,0.368502
52.2901,0.272962,0.393752,0.482621,0.368553
52.3001,0.272963,0.393754,0.482704,0.368604
52.3101,0.272963,0.393757,0.482787,0.368654
52.3201,0.272964,0.39376,0.48287,0.368704
52.3301,0.272964,0.393761,0.482953,0.368754
52.3401,0.272964,0.393763,0.483035,0.368804
52.3501,0.272964,0.393764,0.483118,0.368855
52.3601,0.272964,0.393766,0.483201,0.368906
52.3701,0.272963,0.393767,0.483284,0.368956
52.3801,0.272963,0.393769,0.483367,0.369007
52.3901,0.272962,0.39377,0.483449,0.369058
52.4001,0.272961,0.393772,0.483531,0.369108
52.4101,0.272961,0.393773,0.483613,0.36916
52.4201,0.272962,0.393775,0.483696,0.36921
52.4301,0.272962,0.393776,0.483778,0.36926
52.4401,0.272962,0.393777,0.483859,0.369311
52.4501,0.272962,0.393778,0.483941,0.36936
52.4601,0.272961,0.39378,0.484023,0.369411
52.4701,0.272962,0.393783,0.484105,0.369462
52.4801,0.272963,0.393785,0.484187,0.369513
52.4901,0.272963,0.393788,0.48427,0.369563
52.5001,0.272962,0.393789,0.484352,0.369614
52.5101,0.272962,0.39379,0.484433,0.369665
52.5201,0.272962,0.393792,0.484514,0.369715
52.5301,0.272962,0.393794,0.484594,0.369766
52.5401,0.272961,0.393795,0.484675,0.369817
52.5501,0.272961,0.393796,0.484755,0.369868
52.5601,0.272961,0.393797,0.484835,0.369919
52.5701,0.272961,0.393799,0.484916,0.36997
52.5801,0.272962,0.393802,0.484997,0.37002
52.5901,0.272962,0.393803,0.485077,0.37007
52.6001,0.27296,0.393804,0.485157,0.370121
52.6101,0.272961,0.393805,0.485237,0.370171
52.6201,0.272962,0.393807,0.485318,0.370222
52.6301,0.272962,0.393808,0.485397,0.370272
52.6401,0.272961,0.393809,0.485477,0.370323
52.6501,0.272961,0.393808,0.485556,0.370373
52.6601,0.27296,0.39381,0.485635,0.370424
52.6701,0.272959,0.393812,0.485714,0.370476
52.6801,0.272959,0.393814,0.485794,0.370527
52.6901,0.272959,0.393815,0.485873,0.370578
52.7001,0.272959,0.393817,0.485952,0.370628
52.7101,0.272958,0.393818,0.486031,0.370678
52.7201,0.272959,0.39382,0.48611,0.370728
52.7301,0.27296,0.393822,0.486188,0.370779
52.7401,0.27296,0.393824,0.486267,0.37083
52.7501,0.272959,0.393826,0.486346,0.370881
52.7601,0.272959,0.393828,0.486424,0.370932
52.7701,0.272959,0.393831,0.486503,0.370982
52.7801,0.272959,0.393833,0.486583,0.371033
52.7901,0.272959,0.393834,0.48666,0.371084
52.8001,0.272959,0.393835,0.486738,0.371135
52.8101,0.272958,0.393836,0.486816,0.371186
52.8201,0.272958,0.393837,0.486894,0.371236
52.8301,0.272958,0.393838,0.486973,0.371285
52.8401,0.272958,0.393839,0.487051,0.371335
52.8501,0.272958,0.39384,0.487128,0.371385
52.8601,0.272957,0.393841,0.487206,0.371435
52.8701,0.272957,0.393842,0.487283,0.371485
52.8801,0.272958,0.393843,0.48736,0.371535
52.8901,0.272959,0.393843,0.487436,0.371585
52.9001,0.272959,0.393845,0.487513,0.371635
52.9101,0.27296,0.393846,0.487591,0.371686
52.9201,0.27296,0.393848,0.487668,0.371736
52.9301,0.27296,0.393849,0.487746,0.371787
52.9401,0.272959,0.39385,0.487822,0.371838
52.9509,0.27296,0.393852,0.487899,0.371888
52.9601,0.272961,0.393855,0.487977,0.371938
52.9701,0.27296,0.393856,0.488053,0.371988
52.9801,0.27296,0.393859,0.48813,0.372038
52.9901,0.272961,0.393863,0.488207,0.372089
53.0001,0.272961,0.393866,0.488285,0.372139
53.0101,0.272962,0.393867,0.488362,0.37219
53.0201,0.272968,0.393872,0.488437,0.37224
53.0301,0.27297,0.393875,0.488513,0.372289
53.0401,0.272971,0.393876,0.488589,0.372339
53.0501,0.272972,0.393878,0.488664,0.372388
53.0601,0.272973,0.393879,0.48874,0.372438
53.0701,0.272974,0.393882,0.488816,0.372488
53.0801,0.272975,0.393884,0.488892,0.372538
53.0901,0.272975,0.393886,0.488968,0.372588
53.1001,0.272975,0.393888,0.489043,0.372639
53.1101,0.272976,0.393889,0.489119,0.372689
53.1201,0.272976,0.39389,0.489194,0.372739
53.1301,0.272977,0.393891,0.489269,0.372789
53.1401,0.272977,0.393893,0.489344,0.372839
53.1501,0.272978,0.393895,0.48942,0.372889
53.1601,0.272977,0.393896,0.489495,0.372938
53.1701,0.272976,0.393898,0.48957,0.372988
53.1801,0.272975,0.393899,0.489645,0.373038
53.1901,0.272975,0.393899,0.489719,0.373088
53.2001,0.272975,0.3939,0.489793,0.373138
53.2101,0.272975,0.393902,0.489867,0.373188
53.2201,0.272975,0.393904,0.489941,0.373238
53.2301,0.272975,0.393907,0.490015,0.373287
53.2401,0.272975,0.393909,0.490089,0.373337
53.2501,0.272975,0.393912,0.490162,0.373387
53.2601,0.272974,0.393913,0.490237,0.373437
53.2701,0.272973,0.393914,0.49031,0.373487
53.2801,0.272973,0.393915,0.490383,0.373537
53.2901,0.272972,0.393916,0.490457,0.373586
53.3001,0.272971,0.393918,0.490532,0.373635
53.3101,0.272971,0.39392,0.490605,0.373685
53.3201,0.272971,0.393921,0.490679,0.373735
53.3301,0.27297,0.393923,0.490753,0.373785
53.3401,0.272969,0.393924,0.490826,0.373835
53.3501,0.272969,0.393926,0.490899,0.373884
53.3601,0.272969,0.393928,0.490971,0.373933
53.3701,0.272969,0.39393,0.491044,0.373983
53.3801,0.27297,0.393931,0.491117,0.374032
53.3901,0.27297,0.393933,0.491191,0.374081
53.4001,0.27297,0.393935,0.491264,0.374131
53.4101,0.272971,0.393937,0.491337,0.37418
53.4201,0.272971,0.393938,0.49141,0.374229
53.4301,0.272972,0.393939,0.491482,0.374279
53.4401,0.272972,0.39394,0.491554,0.374329
53.4501,0.272972,0.393942,0.491626,0.374378
53.4601,0.272972,0.393944,0.491698,0.374427
53.4701,0.272973,0.393949,0.491771,0.374475
53.4801,0.272974,0.393953,0.491843,0.374523
53.4901,0.272974,0.393955,0.491916,0.374572
53.5001,0.272973,0.39396,0.491986,0.374621
53.5101,0.272968,0.393959,0.492056,0.374671
53.5201,0.272965,0.393959,0.492128,0.37472
53.5301,0.272965,0.39396,0.492202,0.37477
53.5401,0.272965,0.393963,0.492273,0.374819
53.5501,0.272965,0.393963,0.492344,0.374868
53.5601,0.272965,0.393965,0.492416,0.374916
53.5701,0.272965,0.393967,0.492487,0.374964
53.5801,0.272965,0.393968,0.492558,0.375013
53.5901,0.272965,0.393969,0.492629,0.375062
53.6001,0.272965,0.393971,0.492699,0.375111
53.6101,0.272965,0.393972,0.492771,0.37516
53.6201,0.272965,0.393974,0.492842,0.37521
53.6301,0.272965,0.393976,0.492913,0.375259
53.6401,0.272964,0.393977,0.492983,0.375308
53.6501,0.272964,0.393978,0.493054,0.375357
53.6601,0.272962,0.393979,0.493125,0.375406
53.6701,0.272962,0.393982,0.493195,0.375455
53.6801,0.272962,0.393982,0.493266,0.375506
53.6901,0.272961,0.393982,0.493337,0.375554
53.7001,0.272961,0.393983,0.493407,0.375604
53.7101,0.272962,0.393986,0.493477,0.375652
53.7201,0.272962,0.393987,0.493547,0.3757
53.7301,0.272961,0.393987,0.493616,0.375749
53.7401,0.272962,0.393987,0.493686,0.375797
53.7501,0.272962,0.393987,0.493756,0.375846
53.7601,0.272961,0.393987,0.493827,0.375895
53.7701,0.272962,0.393987,0.493896,0.375944
53.7801,0.272961,0.393989,0.493965,0.375993
53.7901,0.27296,0.39399,0.494035,0.376041
53.8001,0.272959,0.393992,0.494104,0.37609
53.8101,0.27296,0.393993,0.494173,0.37614
53.8201,0.27296,0.393995,0.494243,0.376188
53.8301,0.272961,0.393996,0.494313,0.376236
53.8401,0.272961,0.393998,0.494383,0.376286
53.8501,0.272961,0.393999,0.494451,0.376334
53.8601,0.272963,0.394002,0.494521,0.376383
53.8701,0.272964,0.394003,0.49459,0.376431
53.8801,0.272964,0.394005,0.494659,0.37648
53.8901,0.272964,0.394006,0.494727,0.376527
53.9001,0.272964,0.394007,0.494796,0.376575
53.9101,0.272964,0.394009,0.494865,0.376624
53.9201,0.272964,0.394011,0.494934,0.376672
53.9301,0.272965,0.394012,0.495002,0.37672
53.9401,0.272965,0.394014,0.495072,0.376769
53.9501,0.272965,0.394016,0.495141,0.376818
53.9601,0.272965,0.394016,0.495209,0.376867
53.9701,0.272964,0.394017,0.495278,0.376915
53.9801,0.272964,0.394019,0.495347,0.376964
53.9901,0.272966,0.394021,0.495416,0.377012
54.0001,0.272967,0.394023,0.495484,0.37706
54.0101,0.272967,0.394023,0.495553,0.377109
54.0201,0.272967,0.394024,0.495621,0.377158
54.0301,0.272968,0.394025,0.49569,0.377206
54.0401,0.27297,0.394028,0.495759,0.377255
54.0501,0.272973,0.39403,0.495826,0.377304
54.0601,0.272974,0.394032,0.495894,0.377353
54.0701,0.272974,0.394034,0.495963,0.377401
54.0801,0.272975,0.394035,0.49603,0.377448
54.0901,0.272976,0.394037,0.496097,0.377495
54.1001,0.272977,0.394039,0.496165,0.377543
54.1101,0.272979,0.394042,0.496233,0.37759
54.1201,0.272979,0.394044,0.4963,0.377638
54.1301,0.27298,0.394047,0.496368,0.377686
54.1401,0.272982,0.394049,0.496436,0.377733
54.1501,0.272983,0.39405,0.496504,0.37778
54.1601,0.272984,0.394052,0.49657,0.377828
54.1701,0.272985,0.394053,0.496637,0.377875
54.1801,0.272985,0.394054,0.496704,0.377923
54.1901,0.272985,0.394055,0.496771,0.37797
54.2001,0.272986,0.394056,0.496837,0.378018
54.2101,0.272986,0.394058,0.496905,0.378066
54.2201,0.272987,0.394061,0.496972,0.378114
54.2301,0.272987,0.394063,0.497039,0.378161
54.2401,0.272986,0.394066,0.497106,0.378208
54.2501,0.272986,0.394068,0.497173,0.378256
54.2601,0.272987,0.394069,0.497241,0.378304
54.2701,0.272988,0.39407,0.497307,0.378352
54.2801,0.272989,0.394072,0.497373,0.378399
54.2901,0.27299,0.394074,0.49744,0.378447
54.3001,0.272992,0.394076,0.497507,0.378496
54.3101,0.272994,0.394078,0.497575,0.378545
54.3201,0.272995,0.39408,0.497642,0.378593
54.3301,0.272996,0.394082,0.497709,0.378641
54.3401,0.272998,0.394085,0.497776,0.378689
54.3501,0.272999,0.394087,0.497842,0.378737
54.3601,0.273001,0.39409,0.497909,0.378786
54.3701,0.273,0.39409,0.497976,0.378834
54.3801,0.273,0.394091,0.498042,0.378881
54.3901,0.273,0.394093,0.498108,0.378928
54.4001,0.272999,0.394095,0.498174,0.378976
54.4101,0.272999,0.394095,0.498241,0.379023
54.4201,0.272999,0.394097,0.498308,0.37907
54.4301,0.272999,0.394098,0.498374,0.379118
54.4401,0.272999,0.3941,0.498441,0.379166
54.4501,0.272999,0.3941,0.498508,0.379213
54.4601,0.272999,0.3941,0.498573,0.379259
54.4701,0.273,0.3941,0.498639,0.379306
54.4801,0.273,0.3941,0.498705,0.379353
54.4901,0.273002,0.394101,0.498772,0.3794
54.5001,0.273001,0.394106,0.498838,0.379447
54.5101,0.272994,0.394108,0.498905,0.379493
54.5201,0.272991,0.394107,0.49897,0.37954
54.5301,0.272989,0.394108,0.499037,0.379587
54.5401,0.272989,0.394109,0.499102,0.379633
54.5501,0.27299,0.394109,0.499169,0.379681
54.5601,0.272989,0.39411,0.499235,0.379728
54.5701,0.27299,0.394111,0.499301,0.379775
54.5801,0.272989,0.394112,0.499367,0.379822
54.5901,0.272989,0.394113,0.499433,0.379869
54.6001,0.27299,0.394113,0.4995,0.379916
54.6101,0.27299,0.394115,0.499566,0.379963
54.6201,0.27299,0.394117,0.499633,0.380009
54.6301,0.27299,0.394119,0.4997,0.380055
54.6401,0.27299,0.39412,0.499766,0.380101
54.6501,0.27299,0.394122,0.499831,0.380148
54.6601,0.272991,0.394124,0.499897,0.380195
54.6701,0.27299,0.394125,0.499963,0.380241
54.6801,0.27299,0.394126,0.500029,0.380288
54.6901,0.272989,0.394127,0.500094,0.380334
54.7001,0.272989,0.394128,0.50016,0.38038
54.7101,0.272989,0.394128,0.500226,0.380426
54.7201,0.272989,0.394129,0.500292,0.380472
54.7301,0.27299,0.39413,0.500357,0.380518
54.7401,0.27299,0.394132,0.500423,0.380565
54.7501,0.27299,0.394133,0.500489,0.380611
54.7601,0.272991,0.394135,0.500554,0.380657
54.7701,0.27299,0.394136,0.50062,0.380704
54.7801,0.27299,0.394137,0.500685,0.380751
54.7901,0.27299,0.394139,0.500751,0.380797
54.8001,0.272989,0.394141,0.500817,0.380844
54.8101,0.272989,0.394142,0.500883,0.38089
54.8201,0.272989,0.394143,0.500949,0.380936
54.8301,0.272988,0.394143,0.501015,0.380982
54.8401,0.272989,0.394144,0.501081,0.381028
54.8501,0.272989,0.394144,0.501147,0.381073
54.8601,0.272989,0.394146,0.501213,0.381119
54.8701,0.272989,0.394147,0.501278,0.381165
54.8801,0.272989,0.394148,0.501344,0.381211
54.8901,0.272989,0.39415,0.50141,0.381256
54.9001,0.272989,0.394151,0.501475,0.381302
54.9101,0.272989,0.394152,0.501541,0.381348
54.9201,0.272989,0.394152,0.501606,0.381394
54.9301,0.272989,0.394153,0.501672,0.38144
54.9401,0.272989,0.394154,0.501738,0.381485
54.9501,0.272989,0.394154,0.501805,0.38153
54.9601,0.272988,0.394155,0.501871,0.381575
54.9701,0.272987,0.394154,0.501936,0.381619
54.9801,0.272988,0.394154,0.502003,0.381665
54.9901,0.27299,0.394157,0.50207,0.38171
55.0001,0.27299,0.394158,0.502136,0.381756
55.0101,0.272991,0.394159,0.502201,0.381802
55.0201,0.272992,0.394161,0.502268,0.381847
55.0301,0.27299,0.394162,0.502335,0.381892
55.0401,0.27299,0.394164,0.5024,0.381937
55.0501,0.272991,0.394167,0.502466,0.381982
55.0601,0.272992,0.394169,0.502532,0.382027
55.0701,0.272993,0.39417,0.502597,0.382073
55.0801,0.272994,0.394171,0.502663,0.382118
55.0901,0.272994,0.394172,0.502729,0.382164
55.1001,0.272994,0.394174,0.502796,0.382209
55.1101,0.272994,0.394176,0.502862,0.382254
55.1201,0.272994,0.394177,0.502929,0.3823
55.1301,0.272995,0.394178,0.502994,0.382345
55.1401,0.272995,0.394179,0.50306,0.38239
55.1501,0.272995,0.39418,0.503126,0.382435
55.1601,0.272995,0.394181,0.503192,0.382478
55.1701,0.272996,0.394183,0.503258,0.382523
55.1801,0.272997,0.394185,0.503323,0.382568
55.1901,0.272997,0.394186,0.503389,0.382612
55.2001,0.272997,0.394188,0.503455,0.382657
55.2101,0.272997,0.394191,0.50352,0.382702
55.2201,0.272997,0.394191,0.503586,0.382747
55.2301,0.272997,0.394192,0.503653,0.382792
55.2401,0.272997,0.394192,0.503719,0.382837
55.2501,0.272996,0.394192,0.503785,0.382882
55.2601,0.272997,0.394193,0.503851,0.382927
55.2701,0.272996,0.394193,0.503918,0.382971
55.2801,0.272996,0.394194,0.503985,0.383015
55.2901,0.272996,0.394196,0.50405,0.38306
55.3001,0.272995,0.394197,0.504116,0.383104
55.3101,0.272995,0.394199,0.504183,0.383149
55.3201,0.272996,0.394199,0.504249,0.383193
55.3301,0.272995,0.3942,0.504315,0.383238
55.3401,0.272995,0.394201,0.504382,0.383282
55.3501,0.272994,0.394202,0.504447,0.383327
55.3601,0.272994,0.394202,0.504513,0.38337
55.3701,0.272994,0.394202,0.504579,0.383414
55.3801,0.272992,0.394202,0.504646,0.383458
55.3901,0.272991,0.394201,0.504711,0.383503
55.4001,0.272991,0.394201,0.504777,0.383547
55.4101,0.272989,0.3942,0.504843,0.38359
55.4201,0.272988,0.394199,0.504909,0.383634
55.4301,0.272987,0.394199,0.504975,0.383678
55.4401,0.272987,0.394201,0.505041,0.383723
55.4501,0.272988,0.394202,0.505107,0.383768
55.4601,0.272988,0.394202,0.505173,0.383811
55.4701,0.27299,0.394203,0.505239,0.383855
55.4801,0.272991,0.394205,0.505306,0.383897
55.4901,0.27299,0.394207,0.505373,0.383941
55.5001,0.272988,0.394209,0.505439,0.383986
55.5101,0.27299,0.394211,0.505506,0.384029
55.5201,0.272988,0.394212,0.505572,0.384073
55.5301,0.272988,0.394212,0.505639,0.384116
55.5401,0.272988,0.394213,0.505705,0.38416
55.5501,0.272987,0.394214,0.505771,0.384204
55.5601,0.272987,0.394216,0.505837,0.384248
55.5701,0.272987,0.394216,0.505903,0.384291
55.5801,0.272987,0.394218,0.505969,0.384335
55.5901,0.272987,0.394218,0.506035,0.384378
55.6001,0.272987,0.394219,0.506101,0.38442
55.6101,0.272987,0.39422,0.506168,0.384463
55.6201,0.272987,0.394221,0.506234,0.384507
55.6301,0.272987,0.394222,0.506302,0.38455
55.6401,0.272986,0.394222,0.506369,0.384594
55.6501,0.272987,0.394222,0.506435,0.384638
55.6601,0.272987,0.394222,0.506502,0.384682
55.6701,0.272986,0.394223,0.506568,0.384726
55.6801,0.272986,0.394223,0.506635,0.384769
55.6901,0.272986,0.394224,0.506701,0.384812
55.7001,0.272987,0.394225,0.506768,0.384855
55.7101,0.272986,0.394226,0.506835,0.384898
55.7201,0.272984,0.394226,0.506901,0.384941
55.7301,0.272984,0.394227,0.506968,0.384984
55.7401,0.272983,0.394228,0.507034,0.385027
55.7501,0.272983,0.394229,0.5071,0.38507
55.7601,0.272983,0.394229,0.507168,0.385114
55.7701,0.272982,0.394228,0.507234,0.385156
55.7801,0.272982,0.394228,0.507301,0.3852
55.7901,0.272983,0.394229,0.507367,0.385243
55.8001,0.272984,0.39423,0.507434,0.385285
55.8101,0.272984,0.394231,0.507502,0.385329
55.8201,0.272984,0.394231,0.507569,0.385371
55.8301,0.272985,0.394234,0.507636,0.385414
55.8401,0.272986,0.394235,0.507703,0.385457
55.8501,0.272986,0.394237,0.507769,0.385499
55.8601,0.272987,0.394238,0.507836,0.385541
55.8701,0.272986,0.39424,0.507903,0.385584
55.8801,0.272987,0.394241,0.50797,0.385627
55.8901,0.272988,0.394242,0.508036,0.38567
55.9001,0.272988,0.394244,0.508103,0.385712
55.9101,0.27299,0.394244,0.508168,0.385755
55.9201,0.27299,0.394245,0.508236,0.385798
55.9301,0.27299,0.394245,0.508301,0.38584
55.9401,0.27299,0.394246,0.508369,0.385883
55.9501,0.27299,0.394248,0.508435,0.385927
55.9601,0.27299,0.394247,0.508502,0.385969
55.9701,0.27299,0.394247,0.50857,0.386011
55.9801,0.272991,0.394248,0.508637,0.386052
55.9901,0.272992,0.394248,0.508704,0.386095
56.0002,0.272991,0.394247,0.508771,0.386138
56.0101,0.272992,0.394249,0.508838,0.38618
56.0201,0.27299,0.39425,0.508904,0.386221
56.0301,0.272987,0.394249,0.508971,0.386263
56.0401,0.272985,0.394247,0.509038,0.386305
56.0501,0.272981,0.394245,0.509105,0.386347
56.0601,0.27298,0.394245,0.509171,0.386388
56.0701,0.272979,0.394245,0.509237,0.38643
56.0801,0.272978,0.394245,0.509304,0.386472
56.0901,0.272978,0.394246,0.50937,0.386514
56.1001,0.272977,0.394247,0.509436,0.386555
56.1101,0.272976,0.394247,0.509503,0.386597
56.1201,0.272975,0.394248,0.509569,0.386638
56.1301,0.272975,0.394248,0.509635,0.38668
56.1401,0.272975,0.394248,0.509701,0.386722
56.1501,0.272974,0.394248,0.509767,0.386763
56.1601,0.272974,0.394249,0.509831,0.386804
56.1701,0.272974,0.394249,0.509898,0.386845
56.1801,0.272974,0.39425,0.509966,0.386887
56.1901,0.272974,0.394251,0.510032,0.38693
56.2001,0.272973,0.394252,0.510098,0.386971
56.2101,0.272973,0.394254,0.510165,0.387012
56.2201,0.272974,0.394255,0.510231,0.387054
56.2301,0.272974,0.394256,0.510297,0.387094
56.2401,0.272975,0.394257,0.510364,0.387135
56.2501,0.272976,0.394258,0.510431,0.387176
56.2601,0.272975,0.394259,0.510498,0.387218
56.2701,0.272975,0.39426,0.510565,0.387259
56.2801,0.272975,0.394261,0.510631,0.3873
56.2901,0.272975,0.394263,0.510697,0.387341
56.3001,0.272975,0.394264,0.510764,0.387381
56.3101,0.272975,0.394265,0.510831,0.387422
56.3201,0.272974,0.394266,0.510896,0.387462
56.3301,0.272973,0.394267,0.510963,0.387502
56.3401,0.272974,0.394268,0.511029,0.387542
56.3501,0.272975,0.394269,0.511096,0.387583
56.3601,0.272975,0.394271,0.511162,0.387624
56.3701,0.272976,0.39427,0.511228,0.387664
56.3801,0.272976,0.394271,0.511294,0.387704
56.3901,0.272976,0.394272,0.51136,0.387745
56.4001,0.272976,0.394273,0.511426,0.387785
56.4101,0.272976,0.394272,0.511493,0.387826
56.4201,0.272976,0.394273,0.511559,0.387867
56.4301,0.272975,0.394274,0.511625,0.387907
56.4401,0.272976,0.394277,0.511692,0.387946
56.4501,0.272977,0.394278,0.511758,0.387986
56.4601,0.272977,0.394279,0.511824,0.388025
56.4701,0.27298,0.39428,0.511891,0.388065
56.4801,0.27298,0.394281,0.511957,0.388105
56.4901,0.272982,0.394282,0.512023,0.388145
56.5001,0.272981,0.394282,0.51209,0.388185
56.5101,0.27298,0.394277,0.512156,0.388224
56.5201,0.272979,0.394275,0.512222,0.388263
56.5301,0.272979,0.394276,0.512287,0.388303
56.5401,0.272979,0.394276,0.512353,0.388342
56.5501,0.272978,0.394277,0.51242,0.388382
56.5601,0.272977,0.394277,0.512486,0.388421
56.5701,0.272977,0.394278,0.512551,0.38846
56.5801,0.272977,0.394278,0.512617,0.388499
56.5901,0.272977,0.394277,0.512683,0.388538
56.6001,0.272976,0.394277,0.512721,0.38857
56.6101,0.272976,0.394277,0.512759,0.388602
56.6201,0.272975,0.394278,0.512796,0.388635
56.6301,0.272975,0.394278,0.512833,0.388667
56.6401,0.272975,0.394279,0.51287,0.3887
56.6501,0.272974,0.394279,0.512907,0.388732
56.6601,0.272974,0.39428,0.512945,0.388765
56.6701,0.272974,0.39428,0.512982,0.388797
56.6801,0.272974,0.394281,0.513021,0.38883
56.6901,0.272974,0.394281,0.513059,0.388862
56.7001,0.272973,0.394281,0.513096,0.388895
56.7101,0.272973,0.394281,0.513133,0.388927
56.7201,0.272973,0.394282,0.51317,0.38896
56.7301,0.272973,0.394282,0.513207,0.388993
56.7401,0.272973,0.394282,0.513244,0.389026
56.7501,0.272974,0.394282,0.513279,0.389058
56.7601,0.272973,0.394283,0.513316,0.389091
56.7701,0.272973,0.394283,0.513352,0.389123
56.7801,0.272973,0.394284,0.513388,0.389156
56.7901,0.272973,0.394285,0.513424,0.389189
56.8001,0.272973,0.394285,0.51346,0.389222
56.8101,0.272973,0.394286,0.513496,0.389255
56.8201,0.272973,0.394286,0.513532,0.389287
56.8301,0.272972,0.394287,0.513568,0.38932
56.8401,0.272972,0.394287,0.513604,0.389353
56.8501,0.272971,0.394288,0.513639,0.389386
56.8601,0.27297,0.394287,0.513674,0.389419
56.8701,0.27297,0.394287,0.51371,0.389452
56.8801,0.27297,0.394287,0.513745,0.389485
56.8901,0.272969,0.394287,0.51378,0.389518
56.9001,0.272969,0.394287,0.513815,0.389551
56.9101,0.272969,0.394287,0.51385,0.389585
56.9201,0.272968,0.394287,0.513885,0.389618
56.9301,0.272967,0.394287,0.51392,0.389651
56.9401,0.272968,0.394288,0.513955,0.389685
56.9501,0.272969,0.39429,0.51399,0.389719
56.9601,0.272972,0.394292,0.514026,0.389751
56.9701,0.272974,0.394295,0.51406,0.389785
56.9801,0.272974,0.394295,0.514094,0.389819
56.9901,0.272974,0.394297,0.514129,0.389852
57.0001,0.272976,0.394299,0.514163,0.389885
57.0101,0.272978,0.394301,0.514198,0.389919
57.0201,0.27298,0.394303,0.514233,0.389953
57.0301,0.272981,0.394304,0.514267,0.389986
57.0401,0.272982,0.394305,0.514302,0.390019
57.0501,0.272983,0.394307,0.514336,0.390053
57.0601,0.272985,0.394309,0.51437,0.390087
57.07,0.272987,0.394311,0.514404,0.39012
57.0801,0.272989,0.394313,0.514438,0.390154
57.0901,0.272991,0.394316,0.514472,0.390187
57.1001,0.272993,0.394318,0.514505,0.390221
57.1101,0.272994,0.39432,0.514539,0.390255
57.1201,0.272996,0.394322,0.514572,0.390289
57.1301,0.272997,0.394324,0.514605,0.390323
57.1401,0.272997,0.394325,0.514638,0.390357
57.1501,0.272997,0.394325,0.514671,0.390391
57.1601,0.272997,0.394325,0.514703,0.390425
57.1701,0.272996,0.394325,0.514735,0.390459
57.1801,0.272996,0.394325,0.514768,0.390493
57.1901,0.272996,0.394325,0.514801,0.390528
57.2001,0.272995,0.394325,0.514833,0.390561
57.2101,0.272996,0.394325,0.514865,0.390596
57.2201,0.272995,0.394325,0.514897,0.39063
57.2301,0.272995,0.394325,0.514929,0.390663
57.2401,0.272995,0.394327,0.514961,0.390697
57.2501,0.272995,0.394327,0.514993,0.390731
57.2601,0.272994,0.394327,0.515025,0.390766
57.2701,0.272994,0.394327,0.515057,0.3908
57.2801,0.272993,0.394328,0.515089,0.390834
57.2901,0.272992,0.394328,0.515121,0.390868
57.3001,0.272992,0.394328,0.515152,0.390902
57.3101,0.272991,0.394328,0.515183,0.390936
57.3201,0.27299,0.394328,0.515213,0.39097
57.3301,0.27299,0.394329,0.515244,0.391004
57.3401,0.272989,0.39433,0.515275,0.391038
57.3501,0.272989,0.394329,0.515306,0.391072
57.3601,0.272988,0.39433,0.515336,0.391106
57.3701,0.272988,0.394329,0.515366,0.391139
57.3801,0.272988,0.39433,0.515397,0.391173
57.3901,0.272987,0.39433,0.515427,0.391206
57.4001,0.272986,0.39433,0.515457,0.39124
57.4101,0.272986,0.39433,0.515487,0.391274
57.4201,0.272986,0.39433,0.515516,0.391309
57.4301,0.272986,0.394331,0.515546,0.391343
57.4401,0.272986,0.394331,0.515576,0.391377
57.4501,0.272986,0.394331,0.515604,0.391411
57.4601,0.272986,0.394332,0.515634,0.391445
57.4704,0.272985,0.394333,0.515664,0.391479
57.4802,0.272987,0.394335,0.515693,0.391514
57.4901,0.272989,0.394337,0.515723,0.391548
57.5001,0.272989,0.394337,0.515751,0.391582
57.5101,0.272988,0.394337,0.51578,0.391616
57.5201,0.272988,0.394338,0.515809,0.39165
57.5301,0.272988,0.394338,0.515838,0.391684
57.5401,0.272988,0.394338,0.515866,0.391717
57.5501,0.272988,0.394338,0.515894,0.391751
57.5601,0.272987,0.394338,0.515922,0.391785
57.5701,0.272987,0.394339,0.51595,0.391819
57.5801,0.272988,0.394339,0.515979,0.391854
57.5901,0.272987,0.394339,0.516006,0.391888
57.6001,0.272987,0.394339,0.516034,0.391922
57.6101,0.272986,0.39434,0.516061,0.391957
57.6201,0.272986,0.39434,0.516089,0.391991
57.6301,0.272986,0.39434,0.516117,0.392025
57.6401,0.272985,0.39434,0.516144,0.392059
57.6501,0.272984,0.39434,0.516172,0.392093
57.6601,0.272983,0.39434,0.516199,0.392127
57.6701,0.272983,0.394341,0.516226,0.392161
57.6801,0.272982,0.394341,0.516253,0.392195
57.6901,0.272982,0.394341,0.516279,0.392229
57.7001,0.272981,0.394341,0.516305,0.392262
57.7101,0.27298,0.394341,0.516331,0.392296
57.7201,0.272979,0.394341,0.516357,0.39233
57.7301,0.272979,0.394341,0.516383,0.392363
57.7401,0.272979,0.394341,0.516408,0.392396
57.7501,0.272979,0.394341,0.516434,0.39243
57.7601,0.272978,0.394342,0.51646,0.392464
57.7701,0.272978,0.394342,0.516485,0.392497
57.7801,0.272977,0.394342,0.516511,0.39253
57.7901,0.272977,0.394342,0.516535,0.392564
57.8001,0.272976,0.394342,0.516559,0.392597
57.8101,0.272977,0.394344,0.516586,0.392631
57.8201,0.272978,0.394343,0.516612,0.392664
57.8301,0.272977,0.394342,0.516636,0.3927
57.8401,0.272977,0.394342,0.516661,0.392733
57.8501,0.272977,0.394343,0.516686,0.392765
57.8601,0.272976,0.394342,0.516711,0.3928
57.8701,0.272976,0.394342,0.516737,0.392832
57.8801,0.272975,0.394342,0.516762,0.392865
57.8901,0.272976,0.394343,0.516786,0.392897
57.9001,0.272976,0.394343,0.516811,0.392932
57.9101,0.272977,0.394343,0.516835,0.392966
57.9201,0.272978,0.394343,0.516859,0.393
57.9301,0.272979,0.394342,0.516882,0.393033
57.9424,0.27298,0.394344,0.516906,0.393067
57.9501,0.272982,0.394346,0.51693,0.3931
57.9601,0.272984,0.394349,0.516955,0.393135
57.9701,0.272987,0.394351,0.516979,0.393168
57.9801,0.272987,0.394351,0.517002,0.393201
57.9901,0.27299,0.394353,0.517025,0.393234
58.0001,0.272993,0.394355,0.517049,0.393267
58.0101,0.272995,0.394357,0.517072,0.3933
58.0201,0.272995,0.394359,0.517096,0.393333
58.0301,0.272996,0.39436,0.517119,0.393366
58.0401,0.272997,0.39436,0.517142,0.3934
58.0501,0.272997,0.394361,0.517164,0.393433
58.0601,0.272997,0.394362,0.517187,0.393466
58.0701,0.272996,0.394363,0.517209,0.393499
58.0801,0.272997,0.394363,0.517231,0.393532
58.0901,0.272997,0.394364,0.517253,0.393564
58.1001,0.272997,0.394363,0.517275,0.393597
58.1101,0.272996,0.394363,0.517297,0.393629
58.1201,0.272996,0.394362,0.517319,0.393662
58.1301,0.272995,0.394362,0.51734,0.393694
58.1401,0.272995,0.394361,0.517362,0.393726
58.1501,0.272995,0.39436,0.517383,0.393759
58.1601,0.272994,0.39436,0.517404,0.393791
58.1701,0.272994,0.39436,0.517425,0.393823
58.1801,0.272993,0.39436,0.517447,0.393855
58.1901,0.272993,0.39436,0.517468,0.393887
58.2001,0.272992,0.39436,0.517489,0.393919
58.2101,0.272991,0.394359,0.517509,0.393951
58.2201,0.272991,0.394359,0.51753,0.393983
58.2301,0.27299,0.394358,0.51755,0.394015
58.2401,0.27299,0.394358,0.517571,0.394048
58.2501,0.272989,0.394358,0.517591,0.39408
58.2601,0.272989,0.394358,0.517612,0.394112
58.2701,0.272989,0.394357,0.517633,0.394144
58.2801,0.272988,0.394357,0.517653,0.394176
58.2901,0.272987,0.394357,0.517674,0.394208
58.3001,0.272987,0.394357,0.517694,0.39424
58.3101,0.272987,0.394357,0.517715,0.394272
58.3201,0.272986,0.394357,0.517734,0.394303
58.3301,0.272986,0.394357,0.517754,0.394335
58.3401,0.272985,0.394357,0.517774,0.394367
58.3501,0.272985,0.394357,0.517794,0.394398
58.3601,0.272984,0.394357,0.517813,0.39443
58.3701,0.272984,0.394358,0.517832,0.394461
58.3801,0.272984,0.394358,0.517851,0.394493
58.3901,0.272983,0.394358,0.517871,0.394525
58.4001,0.272982,0.394358,0.517889,0.394556
58.4101,0.272982,0.394359,0.517908,0.394587
58.4201,0.272981,0.394358,0.517927,0.394619
58.4301,0.272981,0.394358,0.517946,0.394649
58.4401,0.27298,0.394358,0.517965,0.394679
58.4501,0.272979,0.394357,0.517983,0.39471
58.4601,0.272978,0.394357,0.518002,0.39474
58.4701,0.272978,0.394357,0.518021,0.394771
58.4801,0.27298,0.394359,0.51804,0.394802
58.4901,0.272982,0.394361,0.51806,0.394832
58.5001,0.272983,0.394363,0.518079,0.394863
58.5101,0.272985,0.394366,0.518098,0.394894
58.5201,0.272985,0.394367,0.518117,0.394925
58.5301,0.272985,0.394367,0.518136,0.394955
58.5401,0.272985,0.394368,0.518153,0.394985
58.5501,0.272984,0.394367,0.518171,0.395014
58.5601,0.272984,0.394367,0.51819,0.395043
58.5701,0.272984,0.394367,0.518208,0.395073
58.5801,0.272984,0.394367,0.518225,0.395102
58.5901,0.272984,0.394367,0.518243,0.395131
58.6001,0.272983,0.394366,0.51826,0.39516
58.6101,0.272982,0.394365,0.518278,0.395189
58.6201,0.272981,0.394365,0.518295,0.395219
58.6301,0.272981,0.394365,0.518313,0.395248
58.6401,0.27298,0.394365,0.518331,0.395276
58.6501,0.272979,0.394364,0.518348,0.395305
58.6601,0.272979,0.394364,0.518366,0.395333
58.6701,0.272979,0.394364,0.518384,0.395362
58.6801,0.272978,0.394363,0.518401,0.39539
58.6901,0.272978,0.394363,0.518418,0.395419
58.7001,0.272977,0.394362,0.518436,0.395447
58.7101,0.272977,0.394362,0.518453,0.395475
58.7201,0.272977,0.394361,0.518471,0.395503
58.7301,0.272976,0.394361,0.518489,0.395531
58.7401,0.272976,0.394361,0.518505,0.395559
58.7501,0.272976,0.394361,0.518522,0.395586
58.7601,0.272977,0.394361,0.518539,0.395614
58.7701,0.272976,0.394361,0.518556,0.395641
58.7801,0.272976,0.394362,0.518573,0.395669
58.7901,0.272976,0.394363,0.518591,0.395696
58.8001,0.272976,0.394363,0.518608,0.395724
58.8101,0.272976,0.394363,0.518624,0.395751
58.8201,0.272976,0.394363,0.518641,0.395778
58.8301,0.272975,0.394363,0.518658,0.395804
58.8401,0.272975,0.394363,0.518674,0.39583
58.8501,0.272974,0.394362,0.518692,0.395856
58.8601,0.272974,0.394363,0.518709,0.395882
58.8701,0.272973,0.394362,0.518726,0.395909
58.8801,0.272973,0.394361,0.518742,0.395935
58.8901,0.272972,0.394362,0.518759,0.395961
58.9001,0.272971,0.394361,0.518776,0.395988
58.9101,0.27297,0.394361,0.518792,0.396013
58.9201,0.272969,0.394361,0.518808,0.396038
58.9301,0.272969,0.39436,0.518825,0.396064
58.9401,0.272969,0.394361,0.518841,0.396089
58.9509,0.27297,0.394364,0.518858,0.396116
58.9601,0.272973,0.394366,0.518874,0.396142
58.9701,0.272976,0.394369,0.518891,0.396167
58.9801,0.272977,0.394369,0.518907,0.396192
58.9901,0.272979,0.394372,0.518924,0.396217
59.0002,0.272981,0.394374,0.51894,0.396242
59.0101,0.272984,0.394377,0.518956,0.396267
59.0201,0.272986,0.394378,0.518972,0.396291
59.0301,0.272987,0.394379,0.518988,0.396316
59.0401,0.272988,0.394379,0.519004,0.396339
59.0501,0.272989,0.39438,0.519019,0.396363
59.0601,0.27299,0.394381,0.519035,0.396387
59.0701,0.272991,0.394382,0.51905,0.39641
59.0801,0.272992,0.394383,0.519066,0.396433
59.0901,0.272994,0.394383,0.519082,0.396456
59.1001,0.272994,0.394385,0.519098,0.39648
59.1101,0.272995,0.394386,0.519114,0.396503
59.1201,0.272996,0.394388,0.519129,0.396526
59.1301,0.272997,0.394389,0.519145,0.396549
59.1401,0.272997,0.39439,0.51916,0.396571
59.1501,0.272997,0.394389,0.519175,0.396594
59.1601,0.272996,0.394389,0.51919,0.396617
59.1701,0.272996,0.394389,0.519205,0.396639
59.1801,0.272995,0.394389,0.51922,0.396662
59.1901,0.272994,0.394389,0.519235,0.396684
59.2001,0.272994,0.394388,0.51925,0.396706
59.2101,0.272996,0.394388,0.519265,0.396729
59.2201,0.272996,0.394388,0.51928,0.396751
59.2301,0.272996,0.394389,0.519294,0.396773
59.2401,0.272996,0.394389,0.519309,0.396794
59.2501,0.272996,0.394389,0.519323,0.396815
59.2601,0.272996,0.394389,0.519337,0.396836
59.2701,0.272996,0.394389,0.519352,0.396857
59.2801,0.272995,0.394389,0.519365,0.396879
59.2901,0.272994,0.394388,0.51938,0.396899
59.3001,0.272993,0.394388,0.519393,0.39692
59.3101,0.272992,0.394387,0.519407,0.396941
59.3201,0.272992,0.394387,0.519421,0.396961
59.3301,0.272992,0.394387,0.519434,0.396981
59.3401,0.272991,0.394386,0.519448,0.397001
59.3501,0.27299,0.394385,0.519462,0.39702
59.3601,0.27299,0.394385,0.519477,0.39704
59.3701,0.27299,0.394385,0.519492,0.39706
59.3801,0.27299,0.394384,0.519506,0.39708
59.3901,0.27299,0.394384,0.519519,0.3971
59.4001,0.272989,0.394384,0.519534,0.397119
59.4101,0.272989,0.394384,0.519547,0.397138
59.4201,0.272989,0.394384,0.519561,0.397157
59.4301,0.272989,0.394382,0.519575,0.397177
59.4401,0.272987,0.394382,0.519589,0.397196
59.4501,0.272985,0.394381,0.519602,0.397216
59.4601,0.272984,0.394381,0.519615,0.397235
59.4701,0.272984,0.394381,0.519628,0.397254
59.4801,0.272987,0.394383,0.519642,0.397272
59.4901,0.272989,0.394385,0.519655,0.397291
59.5001,0.272993,0.394388,0.519669,0.397311
59.5101,0.272994,0.394389,0.519682,0.39733
59.5201,0.272994,0.394389,0.519695,0.397349
59.5301,0.272995,0.39439,0.519707,0.397366
59.5401,0.272994,0.39439,0.51972,0.397385
59.5501,0.272994,0.39439,0.519732,0.397403
59.5601,0.272994,0.39439,0.519745,0.397421
59.5701,0.272994,0.394391,0.519759,0.397439
59.5801,0.272994,0.39439,0.519773,0.397457
59.5901,0.272994,0.39439,0.519785,0.397475
59.6001,0.272994,0.394389,0.519798,0.397492
59.6101,0.272993,0.394389,0.519812,0.39751
59.6201,0.272992,0.394389,0.519826,0.397527
59.6301,0.272991,0.394389,0.519839,0.397544
59.6401,0.27299,0.394391,0.519851,0.397562
59.6501,0.272989,0.394391,0.519862,0.39758
59.6601,0.272988,0.394391,0.519874,0.397597
59.6701,0.272989,0.39439,0.519885,0.397614
59.6801,0.272989,0.394389,0.519897,0.397631
59.6901,0.272988,0.394389,0.519908,0.397648
59.7001,0.272987,0.394388,0.51992,0.397665
59.7101,0.272987,0.394388,0.519931,0.397682
59.7201,0.272987,0.394388,0.519941,0.397698
59.7301,0.272986,0.394388,0.519952,0.397713
59.7401,0.272985,0.394388,0.519963,0.397731
59.7501,0.272984,0.394387,0.519975,0.397746
59.7601,0.272984,0.394388,0.519986,0.397762
59.7701,0.272984,0.394387,0.519997,0.397779
59.7801,0.272983,0.394386,0.520009,0.397795
59.7901,0.272982,0.394385,0.52002,0.397811
59.8001,0.272982,0.394384,0.520031,0.397826
59.8101,0.272981,0.394383,0.520041,0.397842
59.8201,0.272981,0.394384,0.520052,0.397857
59.8301,0.272982,0.394385,0.520063,0.397873
59.8401,0.272982,0.394386,0.520073,0.397889
59.8501,0.272983,0.394387,0.520084,0.397904
59.8601,0.272984,0.394388,0.520094,0.39792
59.8701,0.272985,0.394388,0.520105,0.397936
59.8801,0.272986,0.394389,0.520115,0.397951
59.8901,0.272987,0.39439,0.520126,0.397966
59.9001,0.272986,0.39439,0.520135,0.397981
59.9101,0.272985,0.394389,0.520146,0.397996
59.9201,0.272984,0.394388,0.520156,0.398009
59.9301,0.272984,0.394387,0.520166,0.398023
59.9401,0.272985,0.394388,0.520176,0.398037
59.9501,0.272987,0.39439,0.520185,0.398052
59.9601,0.272989,0.394393,0.520194,0.398066
59.9701,0.272991,0.394397,0.520204,0.39808
59.9801,0.272992,0.394397,0.520214,0.398094
59.9901,0.272993,0.394398,0.520224,0.398108
60.0001,0.272995,0.3944,0.520234,0.398122
60.0101,0.273001,0.394404,0.520243,0.398138
60.0201,0.273006,0.394407,0.520252,0.398152
60.0301,0.273011,0.394416,0.520262,0.398168
60.0401,0.273016,0.394423,0.520272,0.398182
60.0501,0.273022,0.394427,0.520281,0.398197
60.0601,0.273025,0.39443,0.520291,0.398212
60.0701,0.273026,0.394431,0.520299,0.398225
60.0801,0.273026,0.394432,0.520307,0.398238
60.0901,0.273026,0.394432,0.520315,0.398251
60.1001,0.273026,0.394433,0.520323,0.398264
60.1101,0.273025,0.394433,0.52033,0.398277
60.1201,0.273026,0.394432,0.520338,0.39829
60.1301,0.273026,0.394431,0.520346,0.398303
60.1401,0.273027,0.394431,0.520354,0.398315
60.1501,0.273028,0.394431,0.520361,0.398329
60.1601,0.273028,0.39443,0.520369,0.398342
60.1701,0.273027,0.39443,0.520376,0.398356
60.1801,0.273026,0.39443,0.520383,0.398369
60.1901,0.273027,0.39443,0.52039,0.398381
60.2001,0.273026,0.394429,0.520397,0.398395
60.2101,0.273026,0.394429,0.520405,0.398407
60.2201,0.273025,0.394428,0.520412,0.39842
60.2301,0.273025,0.394427,0.520419,0.398432
60.2401,0.273025,0.394427,0.520425,0.398445
60.2501,0.273024,0.394426,0.520434,0.398457
60.2601,0.273023,0.394425,0.520441,0.39847
60.2701,0.273023,0.394425,0.520448,0.398483
60.2801,0.273023,0.394424,0.520453,0.398495
60.2901,0.273023,0.394424,0.520458,0.398508
60.3001,0.273022,0.394425,0.520464,0.398523
60.3101,0.273022,0.394426,0.52047,0.398535
60.3201,0.273021,0.394424,0.520476,0.398546
60.3301,0.273021,0.394423,0.520482,0.398557
60.3401,0.27302,0.394425,0.520488,0.39857
60.3501,0.273019,0.394425,0.520495,0.398582
60.3601,0.273019,0.394425,0.5205,0.398594
60.3701,0.273019,0.394424,0.520505,0.398606
60.3801,0.27302,0.394424,0.520511,0.398618
60.3901,0.273018,0.394423,0.520516,0.39863
60.4001,0.273018,0.394423,0.520521,0.398642
60.4101,0.273017,0.394423,0.520527,0.398655
60.4201,0.273016,0.394422,0.520532,0.398666
60.4301,0.273015,0.394422,0.520538,0.398677
60.4401,0.273015,0.394422,0.520544,0.398688
60.4501,0.273016,0.394422,0.52055,0.398699
60.4601,0.273015,0.394422,0.520556,0.398711
60.4701,0.273014,0.394421,0.520562,0.398723
60.4801,0.273016,0.394424,0.520567,0.398734
60.4901,0.273019,0.394427,0.520572,0.398745
60.5001,0.273021,0.39443,0.520578,0.398758
60.5101,0.273024,0.394435,0.520583,0.398769
60.5201,0.273024,0.394435,0.520587,0.39878
60.5301,0.273024,0.394436,0.520592,0.398791
60.5401,0.273024,0.394435,0.520596,0.398802
60.5501,0.273023,0.394434,0.5206,0.398812
60.5601,0.273024,0.394433,0.520604,0.398822
60.5701,0.273023,0.394432,0.520609,0.398832
60.5801,0.273022,0.39443,0.520613,0.398842
60.5901,0.273027,0.39443,0.520618,0.398853
60.6001,0.273028,0.394429,0.520622,0.398863
60.6101,0.273028,0.394429,0.520626,0.398874
60.6201,0.273027,0.394429,0.520632,0.398884
60.6301,0.273027,0.394428,0.520636,0.398894
60.6401,0.273026,0.394427,0.52064,0.398904
60.6501,0.273024,0.394426,0.520644,0.398915
60.6601,0.273024,0.394425,0.520648,0.398924
60.6701,0.273023,0.394424,0.520653,0.398934
60.6801,0.273023,0.394424,0.520657,0.398943
60.6901,0.273023,0.394423,0.520662,0.398952
60.7001,0.273024,0.394422,0.520666,0.398961
60.7101,0.273024,0.394422,0.52067,0.39897
60.7201,0.273024,0.394422,0.520675,0.398978
60.7301,0.273024,0.39442,0.520678,0.398987
60.7401,0.273023,0.39442,0.520683,0.398996
60.7501,0.273023,0.394421,0.520686,0.399005
60.7601,0.273025,0.394421,0.520691,0.399015
60.7701,0.273026,0.394421,0.520695,0.399024
60.7801,0.273026,0.394421,0.520699,0.399033
60.7901,0.273026,0.394421,0.520704,0.399043
60.8001,0.273025,0.394421,0.520707,0.399052
60.8101,0.273025,0.39442,0.520709,0.399061
60.8201,0.273025,0.394419,0.520715,0.399069
60.8301,0.273024,0.394418,0.520718,0.399077
60.8401,0.273023,0.394418,0.520719,0.399084
60.8501,0.273024,0.394418,0.520725,0.399092
60.8601,0.273023,0.394417,0.52073,0.399101
60.8701,0.273022,0.394416,0.520734,0.399108
60.8801,0.273021,0.394415,0.520738,0.399116
60.8901,0.273019,0.394413,0.520742,0.399124
60.9001,0.273019,0.394413,0.520746,0.399133
60.9101,0.273018,0.394412,0.520749,0.399141
60.9201,0.273017,0.394412,0.520753,0.399148
60.9301,0.273016,0.394411,0.520757,0.399155
60.9401,0.273016,0.394411,0.520762,0.399163
60.9501,0.273018,0.394412,0.520766,0.399171
60.9601,0.273021,0.394415,0.520771,0.399178
60.9701,0.273024,0.394417,0.520777,0.399185
60.9801,0.273027,0.394418,0.520781,0.399192
60.9901,0.273027,0.394419,0.520784,0.399197
61.0001,0.273031,0.394421,0.52079,0.399203
61.0101,0.273035,0.394426,0.520797,0.39921
61.0201,0.273039,0.394429,0.520804,0.399217
61.0301,0.273039,0.394429,0.52081,0.399224
61.0401,0.273041,0.394428,0.520815,0.39923
61.0501,0.273041,0.394429,0.520821,0.399237
61.0601,0.273041,0.394429,0.520823,0.399243
61.0701,0.27304,0.394428,0.520829,0.399249
61.0801,0.273039,0.394427,0.520833,0.399256
61.0901,0.273039,0.394425,0.520837,0.399262
61.1001,0.273038,0.394422,0.520841,0.399268
61.1101,0.273038,0.394418,0.520845,0.399275
61.1201,0.273037,0.394417,0.520849,0.399281
61.1301,0.273036,0.394417,0.520853,0.399287
61.1401,0.273035,0.394416,0.520857,0.399292
61.1501,0.273034,0.394416,0.520863,0.399297
61.1601,0.273033,0.394415,0.520866,0.399302
61.1701,0.273032,0.394414,0.520869,0.399306
61.1801,0.273031,0.394413,0.520873,0.39931
61.1901,0.273031,0.394413,0.520878,0.399315
61.2001,0.27303,0.394413,0.520886,0.39932
61.2101,0.27303,0.394412,0.520894,0.399326
61.2201,0.27303,0.394411,0.5209,0.399331
61.2301,0.27303,0.394409,0.520907,0.399334
61.2401,0.27303,0.394408,0.520912,0.39934
61.2501,0.273029,0.394406,0.520917,0.399347
61.2601,0.273028,0.394405,0.520921,0.399351
61.2701,0.273027,0.394406,0.520926,0.399352
61.2801,0.273024,0.394403,0.520932,0.399356
61.2901,0.273024,0.394401,0.520936,0.399358
61.3001,0.273022,0.3944,0.520941,0.399359
61.3101,0.27302,0.394398,0.520946,0.399362
61.3201,0.273017,0.394398,0.520951,0.399366
61.3301,0.273014,0.394397,0.520957,0.399368
61.3401,0.273011,0.394396,0.520962,0.399371
61.3501,0.273012,0.394395,0.520968,0.399374
61.3601,0.273013,0.394395,0.520973,0.399377
61.3701,0.273012,0.394394,0.520978,0.39938
61.3801,0.273011,0.394393,0.520984,0.399383
61.3901,0.27301,0.394394,0.520989,0.399386
61.4001,0.273009,0.394393,0.520993,0.399389
61.4101,0.273008,0.394393,0.521,0.399391
61.4201,0.273007,0.394392,0.521005,0.399394
61.4301,0.273005,0.394391,0.521011,0.399397
61.4401,0.273003,0.394389,0.521017,0.399399
61.4501,0.273002,0.394389,0.521022,0.3994
61.4601,0.273001,0.394387,0.521029,0.399402
61.4701,0.273002,0.394386,0.521034,0.399404
61.4801,0.273005,0.394386,0.521041,0.399406
61.4901,0.273008,0.394392,0.521048,0.399409
61.5001,0.273011,0.394394,0.521054,0.399411
61.5101,0.273013,0.394393,0.52106,0.399414
61.5201,0.273013,0.394393,0.521066,0.399414
61.5301,0.273014,0.394396,0.521074,0.399416
61.5401,0.273014,0.394398,0.521079,0.399419
61.5501,0.273014,0.3944,0.521085,0.399421
61.5601,0.273014,0.394398,0.521091,0.399422
61.5701,0.273014,0.394395,0.521098,0.399422
61.5801,0.273013,0.394392,0.521104,0.399423
61.5901,0.273014,0.394392,0.521111,0.399422
