elapsed_time_sec,ss1_lp_ma,ss2_lp_ma,ss3_lp_ma,ss4_lp_ma
2.556e-06,2.81775,2.60621,2.49991,2.56277
0.0118882,2.81712,2.60501,2.4999,2.56362
0.0200897,2.81649,2.60381,2.49992,2.56449
0.0303124,2.81586,2.60262,2.49993,2.56535
0.0400853,2.81523,2.60139,2.49999,2.56623
0.0505881,2.81457,2.6002,2.50004,2.56708
0.0600932,2.81391,2.59902,2.50012,2.56793
0.0700853,2.81325,2.59783,2.50017,2.56878
0.0800756,2.8126,2.59666,2.50028,2.56963
0.0900659,2.81193,2.5955,2.50038,2.57047
0.100064,2.81127,2.59433,2.50048,2.57132
0.110063,2.81061,2.59317,2.50061,2.57214
0.120063,2.80992,2.59203,2.50076,2.57297
0.130062,2.80926,2.59087,2.50091,2.57379
0.140063,2.80862,2.58972,2.50106,2.57459
0.150061,2.80793,2.58857,2.50124,2.57538
0.160061,2.80721,2.58745,2.50145,2.57617
0.170063,2.8065,2.58629,2.50165,2.57696
0.180063,2.80578,2.58512,2.50186,2.57773
0.190061,2.80505,2.58399,2.50209,2.5785
0.200062,2.80433,2.58291,2.50231,2.57928
0.210081,2.80362,2.5818,2.50259,2.58003
0.220083,2.80292,2.58071,2.50284,2.58079
0.230082,2.8022,2.57964,2.50312,2.58152
0.240081,2.80147,2.57856,2.5034,2.58225
0.250065,2.80076,2.57749,2.50368,2.58298
0.260063,2.80001,2.57639,2.50398,2.58369
0.270064,2.79929,2.57534,2.50429,2.5844
0.280061,2.79855,2.57429,2.50461,2.5851
0.290062,2.79783,2.57324,2.50492,2.58578
0.300063,2.7971,2.5722,2.50525,2.58645
0.310062,2.79637,2.57116,2.50557,2.58712
0.320061,2.79565,2.57014,2.50593,2.58776
0.330062,2.79491,2.56911,2.50626,2.5884
0.340061,2.79415,2.56812,2.50663,2.58905
0.350193,2.79339,2.56712,2.507,2.5897
0.360087,2.79265,2.56613,2.5074,2.59034
0.370081,2.79191,2.56517,2.50777,2.59095
0.380068,2.79117,2.56418,2.50817,2.59153
0.39008,2.7904,2.56319,2.50858,2.59213
0.400088,2.78966,2.56219,2.509,2.5927
0.410079,2.78889,2.56118,2.50944,2.59328
0.42007,2.78812,2.56022,2.50988,2.59384
0.430085,2.78736,2.55928,2.51031,2.59439
0.440085,2.78662,2.55833,2.51077,2.59491
0.450075,2.78585,2.5574,2.51123,2.59542
0.460079,2.78509,2.55647,2.51171,2.59593
0.470077,2.7843,2.55554,2.51224,2.59643
0.480089,2.78352,2.55461,2.51275,2.59692
0.490082,2.78273,2.55369,2.51328,2.59741
0.500075,2.78191,2.55278,2.51379,2.59788
0.510081,2.78111,2.55187,2.51432,2.59832
0.520064,2.78032,2.55094,2.51484,2.59876
0.530082,2.77953,2.55002,2.51535,2.59922
0.540084,2.77871,2.54912,2.51588,2.59965
0.550078,2.77788,2.54823,2.51642,2.60006
0.560077,2.77708,2.54739,2.51697,2.60046
0.570065,2.77628,2.54654,2.51753,2.60083
0.580082,2.77547,2.5457,2.5181,2.60122
0.590084,2.77468,2.54486,2.51866,2.60158
0.600077,2.77387,2.54401,2.51923,2.60194
0.610086,2.77305,2.54318,2.51981,2.60227
0.620064,2.77222,2.54238,2.52042,2.6026
0.630077,2.77136,2.54158,2.52102,2.60293
0.640084,2.77055,2.54077,2.52162,2.60323
0.650078,2.76974,2.53998,2.52222,2.60353
0.660078,2.76891,2.53921,2.52282,2.6038
0.670063,2.76807,2.53846,2.52344,2.60406
0.680091,2.76722,2.53769,2.52408,2.6043
0.690084,2.76636,2.5369,2.52473,2.60454
0.700072,2.76551,2.53614,2.52536,2.60477
0.710081,2.76469,2.53539,2.52599,2.60497
0.720064,2.76383,2.53465,2.52663,2.60515
0.730082,2.76299,2.53391,2.52725,2.6053
0.740077,2.76216,2.53318,2.5279,2.60545
0.750076,2.76131,2.53247,2.52855,2.60561
0.760067,2.76044,2.53177,2.52921,2.60574
0.770064,2.75959,2.53109,2.52988,2.60587
0.780063,2.75873,2.5304,2.53056,2.60599
0.790062,2.75785,2.52971,2.53122,2.6061
0.800062,2.75696,2.52903,2.53188,2.60619
0.810065,2.75613,2.52836,2.53258,2.60625
0.820062,2.7553,2.52767,2.53325,2.60631
0.830063,2.75444,2.52703,2.53393,2.60636
0.840061,2.7536,2.52638,2.53463,2.60639
0.850076,2.75278,2.52575,2.53531,2.60643
0.860079,2.75191,2.52512,2.53598,2.60642
0.870084,2.75103,2.5245,2.53667,2.60638
0.880079,2.75013,2.52388,2.53735,2.60638
0.890068,2.74924,2.52327,2.53804,2.60636
0.900063,2.74837,2.52267,2.53875,2.60634
0.910062,2.74748,2.52209,2.53946,2.60629
0.92006,2.7466,2.52152,2.54014,2.60624
0.930063,2.74574,2.52095,2.54085,2.60616
0.940062,2.74489,2.52038,2.54155,2.60607
0.950063,2.74402,2.51981,2.54224,2.60597
0.960061,2.74315,2.51927,2.54295,2.60584
0.970062,2.74227,2.51873,2.54368,2.6057
0.980083,2.74139,2.51819,2.5444,2.60554
0.99023,2.74051,2.51766,2.54513,2.60539
1.00008,2.73963,2.51713,2.54586,2.60523
1.01009,2.73872,2.51663,2.54657,2.60505
1.02017,2.73782,2.51614,2.54728,2.60484
1.03009,2.73691,2.51564,2.54799,2.6046
1.04009,2.73602,2.51514,2.54872,2.60437
1.05008,2.73512,2.51466,2.54944,2.60414
1.06007,2.73424,2.5142,2.55015,2.60389
1.07006,2.73335,2.51373,2.55085,2.60364
1.08006,2.73245,2.51326,2.55157,2.60337
1.09006,2.73156,2.51283,2.55232,2.60308
1.10069,2.73067,2.51239,2.55307,2.60277
1.11016,2.72979,2.51196,2.55381,2.60246
1.12009,2.72887,2.51153,2.55452,2.60215
1.13009,2.72799,2.51112,2.55523,2.60182
1.14008,2.7271,2.51072,2.55595,2.60148
1.15007,2.72621,2.51032,2.55668,2.60114
1.1601,2.7253,2.50993,2.55738,2.60077
1.17009,2.7244,2.50955,2.5581,2.6004
1.18117,2.72349,2.5092,2.55882,2.60002
1.19009,2.72258,2.50887,2.55954,2.59963
1.20008,2.72167,2.50852,2.56025,2.59921
1.21008,2.72078,2.50817,2.56095,2.59878
1.22007,2.71987,2.50783,2.56163,2.59836
1.23007,2.71897,2.50748,2.56234,2.59793
1.24007,2.71806,2.50715,2.56304,2.59748
1.25007,2.71713,2.50681,2.56372,2.59701
1.26007,2.71618,2.50649,2.5644,2.59653
1.27008,2.71525,2.50618,2.5651,2.59604
1.28008,2.71433,2.50588,2.56579,2.59555
1.29006,2.71343,2.50559,2.56648,2.59503
1.30006,2.71253,2.50532,2.56716,2.59451
1.31006,2.71163,2.50503,2.56785,2.59399
1.32006,2.71072,2.50475,2.56855,2.59346
1.33006,2.7098,2.5045,2.56924,2.59291
1.34006,2.70888,2.50424,2.56991,2.59236
1.35006,2.70797,2.504,2.57057,2.59181
1.36006,2.70706,2.50377,2.57122,2.59124
1.37006,2.70615,2.50356,2.5719,2.59066
1.38006,2.70525,2.50335,2.57258,2.59008
1.39006,2.70434,2.50315,2.57322,2.5895
1.40006,2.70344,2.50295,2.57386,2.58892
1.41006,2.70251,2.50276,2.57452,2.58834
1.42006,2.7016,2.50255,2.57518,2.58775
1.43006,2.70068,2.50235,2.57582,2.58713
1.44006,2.69975,2.50218,2.57645,2.58652
1.45006,2.69884,2.50204,2.57709,2.58589
1.46006,2.69793,2.50189,2.57774,2.58522
1.47006,2.697,2.50176,2.57837,2.58455
1.48006,2.69607,2.50163,2.57898,2.58388
1.49006,2.69515,2.50148,2.57961,2.58321
1.50006,2.69422,2.50136,2.58021,2.58255
1.51006,2.69327,2.50125,2.58081,2.58189
1.52006,2.69234,2.50113,2.58141,2.58122
1.53006,2.69142,2.50103,2.582,2.58055
1.54007,2.69052,2.50094,2.58257,2.57985
1.55006,2.6896,2.50085,2.58314,2.57914
1.56006,2.68867,2.50077,2.58373,2.57845
1.57006,2.68777,2.5007,2.58432,2.57774
1.58006,2.68684,2.50066,2.58488,2.57703
1.59006,2.68591,2.50061,2.58545,2.57632
1.60006,2.68499,2.50056,2.58599,2.57558
1.61006,2.68407,2.5005,2.58654,2.57485
1.62006,2.68317,2.50046,2.5871,2.57412
1.63007,2.68226,2.50043,2.58765,2.5734
1.64007,2.68135,2.50042,2.58818,2.57267
1.65006,2.68043,2.5004,2.58872,2.57192
1.66006,2.67951,2.50038,2.58923,2.57118
1.67006,2.67862,2.50038,2.58974,2.57043
1.68006,2.6777,2.50039,2.59023,2.56966
1.69008,2.67679,2.50043,2.59075,2.56889
1.70009,2.67587,2.50046,2.59126,2.56813
1.71008,2.67494,2.5005,2.59175,2.56735
1.72006,2.67401,2.50053,2.59223,2.56658
1.73316,2.67307,2.50055,2.5927,2.56581
1.74009,2.67216,2.50061,2.59315,2.56503
1.75008,2.67124,2.50067,2.5936,2.56425
1.76008,2.67034,2.50074,2.59405,2.56347
1.77016,2.66943,2.5008,2.59449,2.56269
1.78008,2.66852,2.50085,2.59494,2.5619
1.79008,2.66759,2.50093,2.59537,2.56112
1.80015,2.66666,2.50103,2.59582,2.56032
1.81008,2.66576,2.50114,2.59624,2.55955
1.82009,2.66486,2.50124,2.59665,2.55876
1.83009,2.66395,2.50134,2.59707,2.55796
1.84008,2.66304,2.50147,2.59745,2.55717
1.85008,2.66215,2.50159,2.59785,2.55638
1.86008,2.66127,2.50173,2.59826,2.55558
1.87011,2.6604,2.50187,2.59864,2.55478
1.88008,2.6595,2.50199,2.599,2.55399
1.89009,2.6586,2.50214,2.59935,2.5532
1.90007,2.65768,2.50229,2.59968,2.5524
1.91008,2.65678,2.50246,2.60002,2.55162
1.9201,2.65586,2.50261,2.60034,2.55083
1.93009,2.65498,2.50279,2.60066,2.55003
1.94008,2.65408,2.50297,2.60096,2.54924
1.95007,2.65317,2.50315,2.60127,2.54844
1.96008,2.65226,2.50335,2.60157,2.54764
1.97008,2.65136,2.50354,2.60187,2.54685
1.98008,2.65045,2.50376,2.60214,2.54606
1.99008,2.64957,2.50396,2.60241,2.54527
2.00008,2.64868,2.50415,2.60268,2.54449
2.01008,2.6478,2.50437,2.60292,2.54372
2.0201,2.64692,2.50461,2.60317,2.54295
2.03008,2.64603,2.50483,2.60343,2.54218
2.04008,2.64514,2.50506,2.60369,2.54141
2.05006,2.64426,2.50531,2.60393,2.54064
2.06008,2.64341,2.50555,2.60416,2.53986
2.07012,2.64253,2.50579,2.60438,2.5391
2.08008,2.64165,2.50605,2.6046,2.53831
2.09009,2.64077,2.50631,2.6048,2.53755
2.10008,2.63988,2.50656,2.60498,2.53681
2.11014,2.63902,2.50683,2.60518,2.53606
2.12015,2.63813,2.5071,2.60537,2.53532
2.13008,2.63726,2.5074,2.60554,2.53458
2.14008,2.63638,2.50769,2.60568,2.53386
2.15008,2.63551,2.50799,2.60583,2.53313
2.16009,2.63464,2.50829,2.60596,2.53241
2.17014,2.63376,2.50857,2.60609,2.53169
2.18008,2.6329,2.50887,2.60619,2.53099
2.19008,2.63204,2.50917,2.60631,2.53029
2.20008,2.63118,2.50948,2.60644,2.52958
2.21009,2.63031,2.5098,2.60654,2.52888
2.22013,2.62946,2.51013,2.60663,2.52818
2.23008,2.6286,2.51048,2.60672,2.52748
2.24079,2.62774,2.51081,2.60678,2.52678
2.25008,2.62688,2.51116,2.60683,2.5261
2.26009,2.62602,2.51151,2.6069,2.52542
2.2706,2.62516,2.51185,2.60693,2.52477
2.28008,2.6243,2.5122,2.60698,2.52413
2.29122,2.62346,2.51256,2.60702,2.52349
2.30009,2.62261,2.51291,2.60703,2.52285
2.31008,2.62177,2.51327,2.60706,2.5222
2.32009,2.62091,2.51365,2.60708,2.52156
2.33008,2.62008,2.51405,2.60708,2.52095
2.34009,2.61924,2.51444,2.6071,2.52032
2.35008,2.61839,2.51482,2.60709,2.51972
2.36008,2.61756,2.51521,2.60708,2.51913
2.37008,2.61673,2.5156,2.60706,2.51856
2.38007,2.61591,2.51601,2.60702,2.518
2.39016,2.61508,2.51642,2.60697,2.51741
2.40008,2.61425,2.51682,2.6069,2.51685
2.41008,2.61341,2.51721,2.60684,2.5163
2.42007,2.61257,2.5176,2.60678,2.51574
2.43009,2.61174,2.518,2.60668,2.5152
2.44008,2.61092,2.51842,2.6066,2.51466
2.45008,2.61011,2.51885,2.60651,2.51413
2.46007,2.60931,2.51928,2.60641,2.5136
2.47006,2.6085,2.5197,2.60631,2.51307
2.48006,2.6077,2.52013,2.6062,2.51256
2.49006,2.6069,2.52058,2.60607,2.51205
2.50006,2.60611,2.52105,2.60594,2.51157
2.51006,2.6053,2.52151,2.60579,2.51109
2.52006,2.60449,2.52196,2.60565,2.51063
2.53006,2.60369,2.52244,2.6055,2.51019
2.54006,2.6029,2.5229,2.60534,2.50974
2.55006,2.60209,2.52336,2.60516,2.5093
2.56006,2.60129,2.52382,2.60498,2.50887
2.57006,2.6005,2.52427,2.60479,2.50846
2.58006,2.5997,2.52474,2.60459,2.50804
2.59006,2.59892,2.5252,2.60438,2.50762
2.60006,2.59815,2.52567,2.60416,2.50721
2.61006,2.59737,2.52615,2.60393,2.50682
2.62006,2.5966,2.52662,2.6037,2.50643
2.63006,2.59581,2.52709,2.60346,2.50607
2.64006,2.59503,2.52757,2.60321,2.50571
2.65006,2.59425,2.52805,2.60296,2.50537
2.66006,2.59349,2.52853,2.60269,2.50501
2.67006,2.59271,2.52903,2.60243,2.50465
2.68006,2.59194,2.52953,2.60217,2.50433
2.69037,2.59117,2.53003,2.60189,2.50402
2.70008,2.5904,2.53052,2.60161,2.50373
2.71008,2.58963,2.53101,2.60132,2.50342
2.72007,2.58887,2.53151,2.601,2.50313
2.73008,2.5881,2.53203,2.60069,2.50285
2.74008,2.58734,2.53254,2.60038,2.50259
2.75009,2.58659,2.53307,2.60006,2.50235
2.76008,2.58584,2.53359,2.59973,2.50211
2.77007,2.58511,2.53412,2.59938,2.50189
2.78006,2.58436,2.53463,2.59904,2.50166
2.79006,2.58361,2.53514,2.59871,2.50145
2.80006,2.58286,2.53565,2.59836,2.50125
2.81006,2.58212,2.53616,2.59799,2.50107
2.82006,2.58138,2.5367,2.59761,2.5009
2.83006,2.58067,2.53723,2.59724,2.50075
2.84006,2.57995,2.53776,2.59686,2.5006
2.85006,2.57923,2.53828,2.59645,2.50046
2.86006,2.57851,2.53881,2.59605,2.50032
2.87006,2.57779,2.53934,2.59563,2.5002
2.88007,2.57708,2.53987,2.59524,2.50009
2.89006,2.57639,2.54041,2.59482,2.49999
2.90006,2.57569,2.54093,2.59439,2.49988
2.91006,2.57498,2.54144,2.59396,2.4998
2.92006,2.5743,2.54197,2.59353,2.49972
2.93006,2.57361,2.5425,2.59309,2.49965
2.94006,2.5729,2.54303,2.59265,2.49959
2.95006,2.57222,2.54356,2.59218,2.49952
2.96006,2.57153,2.54409,2.59172,2.49946
2.97006,2.57084,2.54462,2.59123,2.49942
2.98006,2.57014,2.54515,2.59075,2.49941
2.99006,2.56945,2.54567,2.59026,2.4994
3.00006,2.56875,2.5462,2.58978,2.49941
3.01006,2.56806,2.54673,2.58929,2.49943
3.02006,2.56738,2.54726,2.58879,2.49945
3.03006,2.56672,2.54779,2.58831,2.49948
3.04006,2.56606,2.54833,2.5878,2.49953
3.05006,2.56539,2.54886,2.58729,2.49959
3.06006,2.56473,2.5494,2.5868,2.49964
3.07006,2.56408,2.54995,2.5863,2.49971
3.08006,2.56342,2.55048,2.58579,2.49977
3.09006,2.56279,2.55101,2.58527,2.49985
3.10006,2.56214,2.55156,2.58474,2.49993
3.1101,2.56151,2.55211,2.58423,2.50003
3.12008,2.56087,2.55265,2.58372,2.50014
3.13008,2.56021,2.5532,2.58316,2.50027
3.14008,2.55958,2.55373,2.58261,2.50039
3.15008,2.55893,2.55426,2.58207,2.50054
3.16008,2.55828,2.55481,2.58153,2.50068
3.17008,2.55764,2.55535,2.58098,2.50083
3.18008,2.55701,2.55588,2.58042,2.501
3.19008,2.5564,2.55641,2.57986,2.50117
3.20008,2.55578,2.55693,2.57929,2.50134
3.21014,2.55517,2.55746,2.57872,2.50155
3.22011,2.55456,2.55799,2.57815,2.50175
3.23011,2.55395,2.55854,2.57758,2.50196
3.24011,2.55333,2.55907,2.57701,2.50219
3.2501,2.55273,2.55961,2.57642,2.50243
3.26011,2.55213,2.56015,2.57583,2.50266
3.27011,2.55153,2.56068,2.57524,2.5029
3.28009,2.55093,2.56121,2.57465,2.50315
3.29009,2.55034,2.56175,2.57404,2.50341
3.30009,2.54975,2.56229,2.57344,2.50368
3.31018,2.54917,2.56282,2.57283,2.50397
3.32007,2.54859,2.56334,2.57224,2.50425
3.33007,2.54802,2.56385,2.57163,2.50454
3.34007,2.54746,2.56437,2.57103,2.50485
3.35007,2.5469,2.56489,2.57042,2.50516
3.36007,2.54634,2.56539,2.56981,2.50546
3.37007,2.54578,2.5659,2.56919,2.50575
3.38007,2.54523,2.56642,2.56858,2.50607
3.39007,2.54468,2.56693,2.56799,2.50641
3.40007,2.54411,2.56744,2.56735,2.50675
3.41007,2.54355,2.56796,2.56672,2.50709
3.42007,2.543,2.56847,2.5661,2.50743
3.43009,2.54246,2.56898,2.56548,2.50776
3.44009,2.54191,2.56948,2.56487,2.50813
3.45008,2.54137,2.56998,2.56424,2.50851
3.46008,2.54083,2.57049,2.56362,2.50888
3.4701,2.54029,2.57099,2.563,2.50927
3.48009,2.53975,2.57148,2.56237,2.50966
3.49009,2.53922,2.57196,2.56175,2.51005
3.50011,2.53871,2.57245,2.56111,2.51045
3.51009,2.53819,2.57294,2.56047,2.51087
3.52008,2.53768,2.57344,2.55983,2.51128
3.53009,2.53717,2.57393,2.5592,2.5117
3.54009,2.53668,2.57443,2.55857,2.51212
3.55009,2.53617,2.57492,2.55795,2.51254
3.56009,2.53567,2.57539,2.55732,2.51297
3.57008,2.53518,2.57587,2.55668,2.51341
3.58009,2.53469,2.57634,2.55604,2.51387
3.59009,2.53422,2.57681,2.55539,2.51434
3.60008,2.53373,2.57729,2.55474,2.5148
3.61009,2.53325,2.57776,2.55409,2.51528
3.62011,2.53276,2.57823,2.55346,2.51573
3.63011,2.53228,2.57868,2.5528,2.5162
3.6401,2.53183,2.57915,2.55215,2.51668
3.65009,2.53136,2.5796,2.5515,2.51716
3.66009,2.53088,2.58006,2.55086,2.51763
3.67009,2.53043,2.58052,2.55023,2.51812
3.68008,2.52996,2.58096,2.5496,2.5186
3.69012,2.5295,2.58141,2.54898,2.51908
3.70086,2.52903,2.58187,2.54837,2.51958
3.71014,2.52858,2.58232,2.54773,2.52007
3.72011,2.52815,2.58276,2.54709,2.52057
3.73009,2.52771,2.58319,2.54645,2.52106
3.7401,2.52727,2.58362,2.54583,2.52154
3.7501,2.52684,2.58407,2.54521,2.52202
3.76009,2.52641,2.58449,2.54458,2.52253
3.7701,2.52599,2.58491,2.54396,2.52304
3.78011,2.52558,2.58532,2.54333,2.52355
3.79008,2.52516,2.58574,2.54271,2.52406
3.80008,2.52473,2.58616,2.54209,2.52458
3.81007,2.5243,2.58658,2.5415,2.52509
3.82007,2.52389,2.58698,2.5409,2.52561
3.83007,2.52347,2.58739,2.54029,2.52612
3.84007,2.52306,2.58779,2.53969,2.52663
3.85007,2.52264,2.58818,2.53908,2.52715
3.86007,2.52224,2.58857,2.53848,2.52767
3.87007,2.52184,2.58897,2.5379,2.52817
3.88007,2.52145,2.58936,2.5373,2.52871
3.89007,2.52106,2.58975,2.53669,2.52924
3.90006,2.52069,2.59013,2.5361,2.52977
3.91007,2.5203,2.59051,2.53551,2.5303
3.92007,2.51993,2.59089,2.53493,2.53082
3.93007,2.51957,2.59126,2.53435,2.53136
3.94009,2.5192,2.59164,2.53377,2.53187
3.95009,2.51882,2.59201,2.53319,2.5324
3.96008,2.51847,2.59238,2.53262,2.5329
3.97009,2.51813,2.59275,2.53204,2.53341
3.98008,2.51778,2.59312,2.53148,2.53393
3.99008,2.51744,2.59347,2.5309,2.53444
4.00009,2.5171,2.59383,2.53034,2.53496
4.01009,2.51676,2.59416,2.52977,2.53548
4.02009,2.51643,2.59449,2.52922,2.536
4.03011,2.51609,2.59482,2.52866,2.5365
4.04009,2.51576,2.59515,2.52812,2.53703
4.05008,2.51542,2.59549,2.52757,2.53754
4.06009,2.51508,2.5958,2.52703,2.53804
4.07009,2.51476,2.59612,2.52649,2.53853
4.08008,2.51444,2.59644,2.52595,2.53905
4.09009,2.51412,2.59674,2.52543,2.53956
4.10009,2.51382,2.59705,2.52491,2.54005
4.11009,2.51352,2.59735,2.52438,2.54055
4.12008,2.5132,2.59764,2.52386,2.54104
4.13009,2.5129,2.59794,2.52336,2.54152
4.14011,2.5126,2.59824,2.52285,2.542
4.15008,2.51231,2.59852,2.52235,2.54249
4.16009,2.51201,2.5988,2.52187,2.54298
4.17008,2.51173,2.59906,2.52136,2.54347
4.18009,2.51146,2.59934,2.52087,2.54396
4.19009,2.51118,2.59961,2.52039,2.54443
4.20011,2.51089,2.59987,2.51993,2.5449
4.2101,2.51062,2.60012,2.51945,2.54537
4.22009,2.51035,2.60038,2.51898,2.54582
4.23011,2.51009,2.60065,2.51852,2.54629
4.24019,2.50983,2.60091,2.51806,2.54674
4.2501,2.50957,2.60114,2.51759,2.54719
4.2601,2.50932,2.60138,2.51712,2.54764
4.2701,2.50906,2.60161,2.51666,2.54809
4.28008,2.5088,2.60184,2.5162,2.54854
4.29008,2.50855,2.60206,2.51577,2.54897
4.30005,2.50831,2.60227,2.51534,2.54941
4.31008,2.50808,2.60248,2.51492,2.54983
4.32007,2.50784,2.60268,2.5145,2.55024
4.33008,2.50759,2.60288,2.5141,2.55065
4.34007,2.50735,2.60307,2.51369,2.55106
4.3501,2.50713,2.60326,2.51328,2.55146
4.36008,2.50691,2.60346,2.51289,2.55186
4.37008,2.50669,2.60364,2.51248,2.55225
4.38008,2.50649,2.60382,2.51209,2.55266
4.39008,2.5063,2.60401,2.51171,2.55304
4.40005,2.5061,2.60419,2.51133,2.5534
4.41008,2.5059,2.60435,2.51096,2.55376
4.42008,2.5057,2.60451,2.51059,2.55412
4.43008,2.50551,2.60466,2.51023,2.55449
4.44008,2.50531,2.60482,2.50988,2.55483
4.45008,2.50513,2.60496,2.50955,2.55517
4.46008,2.50495,2.60512,2.50921,2.5555
4.47009,2.50477,2.60526,2.50888,2.55584
4.48009,2.5046,2.6054,2.50854,2.55618
4.49009,2.50443,2.60554,2.50823,2.5565
4.50009,2.50426,2.60568,2.50792,2.55681
4.51009,2.50409,2.60581,2.50761,2.55712
4.52008,2.50392,2.60594,2.5073,2.55742
4.53008,2.50377,2.60604,2.507,2.55773
4.54009,2.50361,2.60616,2.50672,2.55802
4.55008,2.50347,2.60627,2.50642,2.55831
4.56008,2.50334,2.60638,2.50614,2.55858
4.57008,2.50319,2.60648,2.50587,2.55885
4.58008,2.50306,2.60658,2.5056,2.55911
4.59008,2.50293,2.60666,2.50533,2.55937
4.60009,2.50279,2.60674,2.50507,2.55963
4.61009,2.50267,2.60682,2.50484,2.55987
4.62008,2.50255,2.6069,2.5046,2.56009
4.63008,2.50242,2.60696,2.50436,2.56032
4.64009,2.50231,2.60702,2.50412,2.56054
4.65008,2.50219,2.60708,2.50388,2.56077
4.66009,2.50208,2.60713,2.50367,2.56096
4.67009,2.50198,2.60719,2.50347,2.56115
4.68008,2.50187,2.60723,2.50327,2.56133
4.6901,2.50178,2.60727,2.50306,2.56151
4.70012,2.50168,2.60729,2.50287,2.56168
4.71326,2.50159,2.60731,2.50268,2.56184
4.7201,2.5015,2.60735,2.50251,2.562
4.7301,2.50142,2.60736,2.50232,2.56215
4.74013,2.50133,2.60737,2.50215,2.56229
4.75011,2.50124,2.60739,2.502,2.56241
4.7601,2.50116,2.60739,2.50185,2.56253
4.7701,2.50108,2.60738,2.5017,2.56266
4.7801,2.50101,2.60739,2.50154,2.56277
4.7901,2.50094,2.60738,2.5014,2.56288
4.80008,2.50086,2.60737,2.50127,2.56298
4.81007,2.5008,2.60736,2.50116,2.56307
4.82007,2.50073,2.60734,2.50105,2.56315
4.83007,2.50068,2.60731,2.50093,2.56322
4.84007,2.50064,2.60728,2.50082,2.56329
4.85007,2.50059,2.60725,2.50073,2.56333
4.86007,2.50055,2.6072,2.50063,2.56338
4.87008,2.5005,2.60716,2.50054,2.56342
4.88008,2.50046,2.60712,2.50047,2.56346
4.89008,2.50042,2.60706,2.50039,2.56348
4.90008,2.50039,2.607,2.50032,2.5635
4.91008,2.50037,2.60695,2.50026,2.5635
4.92008,2.50033,2.60688,2.50021,2.5635
4.93008,2.50031,2.60681,2.50017,2.5635
4.94008,2.5003,2.60673,2.50011,2.56349
4.95008,2.50028,2.60665,2.50007,2.56347
4.96008,2.50026,2.60657,2.50005,2.56342
4.97008,2.50026,2.60646,2.50003,2.56338
4.98009,2.50026,2.60636,2.50003,2.56335
4.99009,2.50026,2.60626,2.50002,2.56329
5.00008,2.50027,2.60627,2.50001,2.56331
5.01008,2.50029,2.60625,2.5,2.5633
5.02008,2.5003,2.60623,2.5,2.56327
5.03008,2.5003,2.6062,2.50002,2.56323
5.04009,2.50029,2.60617,2.50003,2.56317
5.05009,2.5003,2.60613,2.50003,2.5631
5.06008,2.5003,2.60609,2.50003,2.56301
5.07011,2.50031,2.60601,2.50004,2.56289
5.08009,2.50032,2.60592,2.50003,2.56275
5.09008,2.50032,2.60585,2.50003,2.56263
5.10008,2.50032,2.60577,2.50001,2.56247
5.11009,2.5003,2.6057,2.5,2.56231
5.12008,2.50029,2.60559,2.49999,2.56213
5.13008,2.50027,2.60547,2.49997,2.56191
5.14009,2.50027,2.60535,2.49995,2.5617
5.15009,2.50027,2.60519,2.49993,2.56147
5.16008,2.50026,2.60503,2.49993,2.56121
5.17008,2.50028,2.60488,2.49992,2.56095
5.18008,2.50026,2.60472,2.49992,2.56068
5.19009,2.50026,2.60456,2.49993,2.56039
5.20008,2.50025,2.60437,2.49995,2.5601
5.21009,2.50024,2.60416,2.49996,2.55978
5.2201,2.50025,2.60396,2.49997,2.55945
5.23011,2.50024,2.60375,2.5,2.55912
5.24011,2.50025,2.60353,2.49998,2.55876
5.2501,2.50026,2.6033,2.49997,2.55839
5.26012,2.50026,2.60305,2.49996,2.558
5.2701,2.50025,2.60278,2.49996,2.55759
5.28009,2.50025,2.60253,2.49994,2.55719
5.29007,2.50025,2.60227,2.49993,2.55674
5.30007,2.50025,2.60199,2.49992,2.55629
5.31007,2.50025,2.60171,2.49993,2.55584
5.32007,2.50025,2.60141,2.49994,2.55536
5.33007,2.50024,2.60111,2.49994,2.55485
5.34007,2.50026,2.60081,2.49994,2.55434
5.35007,2.50026,2.60052,2.49993,2.55382
5.36007,2.50024,2.60019,2.49993,2.55329
5.37007,2.50022,2.59985,2.49993,2.55276
5.38008,2.5002,2.59951,2.49993,2.55219
5.39009,2.50021,2.59915,2.49992,2.55162
5.40008,2.50023,2.59881,2.49991,2.55103
5.41009,2.50023,2.59844,2.49991,2.55044
5.42008,2.50021,2.59804,2.49991,2.54984
5.43009,2.50019,2.59763,2.49992,2.54923
5.44009,2.50019,2.59725,2.49992,2.54859
5.45009,2.50018,2.59683,2.49993,2.54797
5.46009,2.50017,2.5964,2.49994,2.54732
5.47008,2.50018,2.59597,2.49995,2.54664
5.48011,2.50017,2.59553,2.49995,2.54596
5.49008,2.50019,2.59508,2.49995,2.54527
5.50008,2.5002,2.59464,2.49996,2.54458
5.51008,2.5002,2.59418,2.49995,2.54389
5.52008,2.5002,2.59373,2.49995,2.54317
5.53009,2.50021,2.59325,2.49996,2.54245
5.54008,2.50021,2.59275,2.49997,2.54171
5.55009,2.50022,2.59227,2.49998,2.54094
5.56009,2.50022,2.59178,2.49998,2.54017
5.57009,2.50022,2.59127,2.49998,2.53937
5.58009,2.50024,2.59075,2.49998,2.53859
5.59008,2.50023,2.59021,2.49998,2.53779
5.60008,2.50023,2.58967,2.49997,2.53697
5.61009,2.50021,2.5891,2.49997,2.53616
5.62008,2.50023,2.58854,2.49997,2.53533
5.63009,2.50022,2.58795,2.49998,2.53449
5.64008,2.50022,2.58737,2.49997,2.53364
5.65009,2.5002,2.58679,2.49996,2.5328
5.66009,2.50019,2.58621,2.49997,2.53196
5.67008,2.50018,2.58563,2.49998,2.53111
5.68012,2.50016,2.58503,2.49999,2.53023
5.69013,2.50015,2.58443,2.49998,2.52935
5.70011,2.50015,2.58382,2.49999,2.52845
5.71011,2.50013,2.58322,2.49999,2.52754
5.72061,2.50013,2.5826,2.49999,2.52665
5.7301,2.5001,2.58196,2.49997,2.52575
5.74015,2.50007,2.58133,2.49996,2.52484
5.75032,2.50009,2.58069,2.49996,2.52392
5.76084,2.5001,2.58004,2.49997,2.523
5.77019,2.50011,2.57941,2.49998,2.52208
5.7801,2.50013,2.57876,2.5,2.52116
5.79012,2.50015,2.57809,2.5,2.52023
5.80009,2.50014,2.5774,2.49998,2.51927
5.81008,2.50015,2.57669,2.49997,2.51832
5.82007,2.50014,2.576,2.49998,2.51738
5.83007,2.50013,2.57531,2.5,2.51641
5.84009,2.50011,2.57461,2.5,2.51546
5.85009,2.50008,2.5739,2.50001,2.51449
5.86056,2.50007,2.57316,2.5,2.51352
5.87008,2.50009,2.57243,2.50001,2.51255
5.88009,2.50011,2.57169,2.50002,2.51157
5.89009,2.50011,2.57096,2.50004,2.51058
5.90009,2.50011,2.57023,2.50003,2.50961
5.91008,2.50012,2.56949,2.50003,2.50861
5.92007,2.5001,2.56873,2.50004,2.50762
5.93006,2.5001,2.56798,2.50005,2.50662
5.94009,2.50011,2.5672,2.50005,2.50564
5.95008,2.5001,2.56641,2.50007,2.50466
5.96008,2.50009,2.56562,2.50007,2.50365
5.97007,2.50009,2.56482,2.50006,2.50264
5.98006,2.5001,2.56404,2.50007,2.50162
5.99006,2.5001,2.56324,2.50007,2.50063
6.00007,2.5001,2.56242,2.50009,2.49964
6.01006,2.50008,2.5616,2.5001,2.49866
6.02006,2.50007,2.56076,2.5001,2.49766
6.03006,2.50007,2.55993,2.5001,2.49667
6.04006,2.50008,2.5591,2.50011,2.49568
6.05006,2.50008,2.55829,2.5001,2.49468
6.06006,2.50009,2.55747,2.50011,2.49369
6.07006,2.50008,2.55665,2.50011,2.49269
6.08006,2.50009,2.55581,2.50011,2.49167
6.09006,2.50009,2.55496,2.50011,2.49068
6.10006,2.5001,2.55411,2.50013,2.48968
6.11006,2.50011,2.55326,2.50012,2.4887
6.12006,2.5001,2.55239,2.50013,2.48772
6.13006,2.5001,2.55151,2.50014,2.48674
6.14006,2.50009,2.55064,2.50014,2.48578
6.15006,2.5001,2.54976,2.50015,2.48481
6.16006,2.5001,2.54888,2.50014,2.48384
6.17006,2.50011,2.54797,2.50015,2.48288
6.18006,2.50012,2.54708,2.50014,2.48193
6.19006,2.50011,2.54617,2.50014,2.48098
6.20006,2.50011,2.54528,2.50014,2.48004
6.21006,2.5001,2.54437,2.50014,2.47908
6.22008,2.50009,2.54345,2.50012,2.47814
6.23008,2.5001,2.54253,2.5001,2.47721
6.24008,2.50011,2.54163,2.5001,2.47628
6.25008,2.50011,2.54072,2.50009,2.47536
6.26006,2.50011,2.53979,2.50009,2.47442
6.27006,2.5001,2.53886,2.50007,2.47352
6.28006,2.50009,2.5379,2.50008,2.47262
6.29006,2.50008,2.53696,2.50009,2.47172
6.30006,2.50007,2.53601,2.50008,2.47083
6.31006,2.50006,2.53506,2.50005,2.46995
6.32006,2.50004,2.53411,2.50004,2.46908
6.33006,2.50005,2.53316,2.50002,2.46823
6.34006,2.50007,2.5322,2.5,2.46738
6.35006,2.50007,2.53126,2.49999,2.46653
6.36006,2.50007,2.53032,2.49999,2.46569
6.37006,2.50006,2.52937,2.49997,2.46486
6.38006,2.50008,2.52839,2.49995,2.46403
6.39006,2.50005,2.52743,2.49997,2.46321
6.40006,2.50006,2.52647,2.49996,2.46239
6.41006,2.50007,2.52552,2.49998,2.46158
6.42006,2.50008,2.52456,2.49997,2.4608
6.43006,2.50008,2.52361,2.49997,2.46002
6.44006,2.50009,2.52264,2.49998,2.45925
6.45006,2.5001,2.52165,2.49999,2.45848
6.46006,2.50008,2.52066,2.5,2.4577
6.47007,2.50007,2.51969,2.49998,2.45695
6.48006,2.50007,2.51871,2.49998,2.45624
6.49006,2.50008,2.51773,2.49999,2.45552
6.50006,2.50007,2.51675,2.49999,2.45481
6.51006,2.50005,2.51576,2.49998,2.45411
6.52006,2.50004,2.51478,2.49998,2.45343
6.53006,2.50004,2.51377,2.49999,2.45275
6.54006,2.50003,2.51277,2.49999,2.45209
6.55006,2.50004,2.51175,2.49998,2.45143
6.56006,2.50004,2.51076,2.49999,2.45081
6.57006,2.50002,2.50976,2.49998,2.45019
6.58006,2.50002,2.50876,2.49996,2.44959
6.59006,2.50001,2.50775,2.49996,2.44899
6.60006,2.50002,2.50674,2.49997,2.44839
6.61006,2.50003,2.50573,2.49999,2.4478
6.62006,2.50004,2.50473,2.49999,2.44723
6.63006,2.50004,2.50374,2.50001,2.44666
6.64006,2.50004,2.50273,2.50002,2.44614
6.65006,2.50005,2.50173,2.50004,2.44562
6.66006,2.50006,2.50074,2.50004,2.44511
6.67006,2.50005,2.49974,2.50004,2.44459
6.68006,2.50003,2.49874,2.50003,2.4441
6.6903,2.50002,2.49776,2.50002,2.44363
6.70009,2.50003,2.49677,2.50001,2.44316
6.71008,2.50002,2.49577,2.50001,2.44272
6.72007,2.50002,2.49477,2.5,2.4423
6.73006,2.50001,2.49377,2.5,2.4419
6.74009,2.50001,2.49276,2.49998,2.44149
6.75014,2.50001,2.49175,2.5,2.44109
6.76008,2.5,2.49073,2.50002,2.44071
6.77007,2.50001,2.48973,2.50002,2.44036
6.78006,2.50002,2.48874,2.50004,2.44
6.79006,2.50003,2.48774,2.50006,2.43968
6.80006,2.50003,2.48675,2.50004,2.43936
6.81006,2.50005,2.48576,2.50005,2.43907
6.82006,2.50005,2.48477,2.50005,2.43879
6.83006,2.50006,2.48377,2.50006,2.43855
6.84006,2.50004,2.48279,2.50005,2.43831
6.85006,2.50004,2.48181,2.50005,2.43807
6.86006,2.50005,2.48083,2.50004,2.43784
6.87007,2.50006,2.47986,2.50002,2.43762
6.88006,2.50008,2.47886,2.50001,2.43742
6.89006,2.50006,2.47786,2.50001,2.43724
6.90006,2.50004,2.47688,2.50001,2.4371
6.91006,2.50003,2.4759,2.50001,2.43697
6.92006,2.50004,2.47493,2.50002,2.43684
6.93006,2.50004,2.47395,2.50002,2.43673
6.94006,2.50002,2.47298,2.50002,2.43663
6.95006,2.50002,2.47202,2.50001,2.43655
6.96006,2.50003,2.47105,2.49999,2.43648
6.97006,2.50004,2.47009,2.5,2.43643
6.98006,2.50002,2.46913,2.50001,2.43641
6.99006,2.50003,2.46816,2.50002,2.43637
7.00006,2.50004,2.46722,2.50002,2.43634
7.01006,2.50004,2.46625,2.50002,2.43634
7.02006,2.50004,2.4653,2.50003,2.43634
7.03006,2.50005,2.46434,2.50003,2.43639
7.04006,2.50006,2.4634,2.50002,2.43645
7.05006,2.50005,2.46248,2.50004,2.43651
7.06006,2.50005,2.46154,2.50003,2.4366
7.07006,2.50008,2.46062,2.50003,2.43671
7.08006,2.50008,2.45969,2.50002,2.43685
7.09006,2.50007,2.45874,2.50002,2.43699
7.10006,2.50006,2.45784,2.50001,2.43714
7.11006,2.50007,2.45693,2.49999,2.4373
7.12006,2.50008,2.456,2.5,2.4375
7.13006,2.50009,2.4551,2.50002,2.4377
7.14006,2.50009,2.4542,2.50005,2.43788
7.15006,2.50009,2.45331,2.50008,2.43811
7.16006,2.5001,2.45242,2.50008,2.43835
7.17006,2.50009,2.45154,2.50009,2.4386
7.18006,2.5001,2.45066,2.50009,2.43887
7.19006,2.50011,2.44976,2.50007,2.43917
7.20006,2.50011,2.44888,2.50007,2.43948
7.21006,2.5001,2.44801,2.50008,2.43981
7.22008,2.50009,2.44715,2.50008,2.44013
7.23008,2.50009,2.44629,2.50007,2.44047
7.24009,2.50009,2.44543,2.50007,2.44083
7.25008,2.50009,2.44458,2.50008,2.4412
7.26007,2.5001,2.44372,2.50009,2.44161
7.27006,2.50013,2.44287,2.50008,2.44201
7.28006,2.50014,2.44203,2.50008,2.44244
7.29006,2.50015,2.4412,2.50008,2.44287
7.30006,2.50014,2.44036,2.50009,2.44332
7.31007,2.50014,2.43953,2.5001,2.44378
7.32006,2.50015,2.43872,2.5001,2.44426
7.33006,2.50014,2.4379,2.50009,2.44474
7.34006,2.50015,2.43709,2.5001,2.44523
7.35006,2.50014,2.43626,2.50011,2.44574
7.36006,2.50014,2.43546,2.5001,2.44629
7.37006,2.50013,2.43466,2.50009,2.44682
7.38006,2.50011,2.43387,2.50009,2.44738
7.39006,2.50009,2.43309,2.50009,2.44795
7.40006,2.50011,2.43231,2.5001,2.44854
7.41007,2.5001,2.43154,2.50012,2.44914
7.42006,2.50013,2.43079,2.50012,2.44975
7.43006,2.50013,2.43004,2.5001,2.45037
7.44006,2.50014,2.42929,2.5001,2.45101
7.45006,2.50016,2.42854,2.5001,2.45165
7.46006,2.50017,2.42781,2.50008,2.4523
7.47006,2.50016,2.42709,2.50009,2.45297
7.48006,2.50016,2.42638,2.5001,2.45363
7.49006,2.50014,2.42568,2.50011,2.45433
7.50006,2.50013,2.42497,2.50013,2.45504
7.51006,2.50013,2.42428,2.50014,2.45576
7.52006,2.50012,2.42358,2.50015,2.45649
7.53006,2.50011,2.42288,2.50015,2.45722
7.54006,2.50012,2.42221,2.50016,2.45794
7.55006,2.50011,2.42154,2.50015,2.45871
7.56006,2.50011,2.42087,2.50015,2.45948
7.57006,2.50013,2.42021,2.50015,2.46026
7.58006,2.50013,2.41955,2.50014,2.46104
7.59006,2.50014,2.4189,2.50015,2.46182
7.60006,2.50014,2.41827,2.50015,2.46262
7.61006,2.50016,2.41766,2.50016,2.46345
7.62006,2.50016,2.41703,2.50016,2.4643
7.63007,2.50016,2.41642,2.50018,2.46515
7.64007,2.50014,2.41579,2.50018,2.46599
7.65006,2.50015,2.41519,2.50017,2.46682
7.66006,2.50016,2.41459,2.50019,2.46768
7.67006,2.50016,2.41401,2.5002,2.46854
7.68006,2.50018,2.41343,2.50019,2.46942
7.69025,2.50019,2.41286,2.50019,2.47031
7.70009,2.50019,2.41227,2.5002,2.47119
7.71009,2.50019,2.4117,2.50019,2.47207
7.72007,2.50022,2.41116,2.50017,2.47298
7.7301,2.50022,2.4106,2.50017,2.47389
7.7401,2.50021,2.41006,2.50015,2.47482
7.75008,2.5002,2.40952,2.50016,2.47575
7.76008,2.5002,2.40899,2.50016,2.47667
7.77007,2.5002,2.40848,2.50014,2.47762
7.78006,2.50019,2.40797,2.50013,2.47856
7.79006,2.50017,2.40749,2.50014,2.4795
7.80006,2.50017,2.40702,2.50016,2.48046
7.81006,2.50018,2.40653,2.50016,2.48143
7.82006,2.50017,2.40605,2.50017,2.4824
7.83006,2.50016,2.40562,2.50019,2.48338
7.84006,2.50017,2.40516,2.50017,2.48435
7.85006,2.50019,2.40472,2.50017,2.48532
7.86006,2.5002,2.40428,2.50016,2.4863
7.87006,2.50018,2.40385,2.50016,2.48727
7.88006,2.50016,2.40341,2.50016,2.48827
7.89006,2.50014,2.40299,2.50018,2.48925
7.90006,2.50014,2.4026,2.50019,2.49023
7.91006,2.50015,2.40222,2.50019,2.49123
7.92006,2.50013,2.40182,2.50019,2.49224
7.93006,2.50013,2.40142,2.50019,2.49324
7.94006,2.50012,2.40105,2.5002,2.49424
7.95006,2.50013,2.40068,2.50021,2.49526
7.96006,2.50013,2.40034,2.5002,2.49628
7.97009,2.50012,2.40002,2.5002,2.4973
7.98006,2.50013,2.39969,2.50021,2.49829
7.99006,2.50013,2.39938,2.50021,2.49928
8.00006,2.50015,2.39906,2.5002,2.5003
8.01006,2.50017,2.39875,2.5002,2.5013
8.02006,2.50017,2.39845,2.5002,2.50228
8.03006,2.50017,2.39817,2.50021,2.50328
8.04006,2.50018,2.39789,2.50019,2.50428
8.05006,2.50018,2.39762,2.5002,2.50528
8.06006,2.50019,2.39735,2.50019,2.50628
8.07006,2.50017,2.39708,2.50017,2.50727
8.08006,2.50017,2.39683,2.50016,2.50826
8.09006,2.50018,2.39661,2.50016,2.50925
8.10006,2.50019,2.39639,2.50017,2.51025
8.11007,2.5002,2.39619,2.50017,2.51124
8.12006,2.50018,2.39601,2.50017,2.51223
8.13006,2.50017,2.39582,2.50018,2.51321
8.14006,2.50017,2.39563,2.50019,2.51422
8.15006,2.50013,2.39546,2.50018,2.51521
8.16006,2.50011,2.3953,2.50017,2.51618
8.17006,2.50012,2.39514,2.50017,2.51713
8.18006,2.5001,2.39496,2.50017,2.51809
8.19006,2.50012,2.3948,2.50015,2.51904
8.20006,2.50013,2.3947,2.50013,2.52
8.21006,2.50012,2.3946,2.50012,2.52095
8.22055,2.50011,2.3945,2.50013,2.52189
8.23008,2.50011,2.39442,2.50014,2.52282
8.24008,2.50012,2.39433,2.50017,2.52375
8.25007,2.50012,2.39425,2.5002,2.52466
8.26008,2.50012,2.39417,2.50021,2.52557
8.27006,2.50011,2.39409,2.50022,2.52649
8.28006,2.50009,2.39405,2.50019,2.52739
8.29006,2.50011,2.39399,2.5002,2.5283
8.30006,2.50012,2.39397,2.50021,2.52919
8.31006,2.50009,2.39393,2.50021,2.53007
8.32006,2.50009,2.39392,2.5002,2.53095
8.33006,2.50011,2.39393,2.5002,2.53185
8.34006,2.5001,2.39394,2.5002,2.53271
8.35006,2.50009,2.39395,2.5002,2.53357
8.36006,2.50008,2.39399,2.50021,2.53442
8.37006,2.50007,2.39403,2.50022,2.53525
8.38006,2.50008,2.39408,2.50024,2.53608
8.39006,2.50007,2.39411,2.50025,2.5369
8.40006,2.50007,2.39418,2.50025,2.53772
8.41006,2.50006,2.39426,2.50025,2.53852
8.42006,2.50007,2.39433,2.50026,2.53932
8.43006,2.50007,2.39442,2.50026,2.5401
8.44006,2.50005,2.39451,2.50025,2.54088
8.45006,2.50005,2.3946,2.50024,2.54164
8.46006,2.50005,2.39471,2.50022,2.54239
8.47006,2.50005,2.39483,2.50022,2.54314
8.48007,2.50004,2.39495,2.50021,2.54386
8.49006,2.50005,2.39509,2.50022,2.54457
8.50006,2.50005,2.39524,2.50022,2.54528
8.51006,2.50004,2.3954,2.50023,2.54598
8.52006,2.50002,2.39557,2.50023,2.54666
8.53006,2.50002,2.39573,2.50026,2.54734
8.54006,2.50002,2.39593,2.50027,2.54802
8.55006,2.50003,2.39614,2.50026,2.5487
8.56006,2.50004,2.39634,2.50027,2.54937
8.57006,2.50003,2.39657,2.50025,2.55001
8.58006,2.50006,2.3968,2.50025,2.55062
8.59006,2.50008,2.39704,2.50024,2.55121
8.60006,2.5001,2.3973,2.50022,2.55179
8.61006,2.50009,2.39756,2.50021,2.55236
8.62006,2.50007,2.39782,2.50019,2.55291
8.63006,2.50006,2.3981,2.5002,2.55345
8.64006,2.50006,2.39837,2.5002,2.55398
8.65006,2.50005,2.39864,2.5002,2.55452
8.66006,2.50005,2.39895,2.50021,2.55504
8.67006,2.50006,2.39926,2.50021,2.55553
8.68008,2.50006,2.39958,2.50019,2.55601
8.69022,2.50009,2.39993,2.5002,2.55648
8.70009,2.50009,2.40026,2.50019,2.55694
8.71008,2.5001,2.40059,2.50016,2.5574
8.72007,2.5001,2.40094,2.50016,2.55785
8.73306,2.50011,2.40129,2.50016,2.55826
8.74009,2.50012,2.40168,2.50015,2.55866
8.75009,2.50013,2.40204,2.50015,2.55904
8.76008,2.50012,2.40242,2.50015,2.55941
8.77007,2.50012,2.40279,2.50016,2.55975
8.78006,2.50014,2.40318,2.50015,2.5601
8.79006,2.50015,2.40361,2.50015,2.56043
8.80006,2.50016,2.40402,2.50013,2.56074
8.81006,2.50016,2.40444,2.50014,2.56105
8.82006,2.50017,2.40488,2.50014,2.56135
8.83006,2.50018,2.40533,2.50013,2.56162
8.84006,2.50019,2.40578,2.50012,2.56188
8.85006,2.50019,2.40625,2.50012,2.56214
8.86006,2.50018,2.40672,2.50012,2.56237
8.87006,2.50019,2.40722,2.50012,2.56259
8.88006,2.5002,2.4077,2.50013,2.56277
8.89006,2.50022,2.40817,2.50012,2.56296
8.90006,2.50023,2.40867,2.50013,2.56313
8.91006,2.50025,2.40918,2.50012,2.56329
8.92006,2.50025,2.40969,2.50012,2.56341
8.93006,2.50027,2.41023,2.50015,2.56352
8.94006,2.50027,2.41078,2.50015,2.56364
8.95006,2.50028,2.41132,2.50017,2.56373
8.96006,2.50029,2.41189,2.50016,2.56381
8.97006,2.5003,2.41243,2.50015,2.56387
8.98007,2.5003,2.41298,2.50013,2.56391
8.99006,2.5003,2.41356,2.50013,2.56392
9.00006,2.5003,2.41413,2.50014,2.56391
9.01006,2.50029,2.41473,2.50013,2.5639
9.02006,2.50028,2.41532,2.50013,2.56388
9.03006,2.50027,2.41591,2.50012,2.56386
9.04006,2.50029,2.41652,2.50012,2.56381
9.05006,2.50029,2.41714,2.50011,2.56373
9.06006,2.50029,2.41776,2.50011,2.56364
9.07006,2.5003,2.41838,2.5001,2.56354
9.08006,2.50028,2.41903,2.50011,2.56345
9.09006,2.50028,2.41968,2.50012,2.56332
9.10006,2.50029,2.42032,2.50013,2.56316
9.11006,2.50028,2.42099,2.50015,2.56298
9.12006,2.50029,2.42166,2.50016,2.56279
9.13006,2.5003,2.42236,2.50016,2.56257
9.14006,2.50031,2.42307,2.50016,2.56236
9.15006,2.5003,2.42376,2.50013,2.56214
9.16006,2.5003,2.42447,2.50014,2.5619
9.17006,2.5003,2.42518,2.50017,2.56167
9.18006,2.5003,2.42588,2.50019,2.56139
9.19006,2.50031,2.42658,2.50018,2.56111
9.20006,2.5003,2.42728,2.50017,2.5608
9.21006,2.50032,2.42801,2.50017,2.56048
9.22108,2.50031,2.42875,2.50018,2.56015
9.23008,2.50031,2.42949,2.50018,2.55979
9.24008,2.50034,2.43024,2.50019,2.55941
9.25008,2.50036,2.431,2.50019,2.55902
9.26007,2.50038,2.43177,2.50018,2.55862
9.27006,2.50039,2.43254,2.50017,2.55821
9.28006,2.5004,2.4333,2.50017,2.5578
9.29006,2.5004,2.43409,2.50017,2.55734
9.30006,2.50041,2.43487,2.50017,2.5569
9.31007,2.5004,2.43566,2.50016,2.55643
9.32006,2.50041,2.43645,2.50016,2.55594
9.33006,2.5004,2.43724,2.50015,2.55543
9.34006,2.50039,2.43805,2.50015,2.55494
9.35006,2.50038,2.43888,2.50015,2.55444
9.36006,2.50036,2.4397,2.50015,2.5539
9.37006,2.50037,2.44051,2.50014,2.55335
9.38006,2.50036,2.44134,2.50013,2.55279
9.39006,2.50034,2.44219,2.50011,2.55221
9.40006,2.50033,2.44303,2.50012,2.55164
9.41006,2.50032,2.44388,2.50011,2.55104
9.42006,2.50031,2.44475,2.50014,2.55042
9.43006,2.50031,2.4456,2.50011,2.54981
9.44006,2.5003,2.44646,2.50011,2.54918
9.45006,2.50027,2.44732,2.50012,2.54854
9.46006,2.50026,2.44821,2.50012,2.54786
9.47006,2.50026,2.44909,2.5001,2.54718
9.48007,2.50026,2.44996,2.50011,2.54648
9.49006,2.50025,2.45083,2.50011,2.54579
9.50006,2.50023,2.45172,2.50013,2.54509
9.51006,2.50024,2.45261,2.50013,2.54437
9.52006,2.50025,2.45352,2.50012,2.54363
9.53006,2.50025,2.45442,2.50012,2.54288
9.54007,2.50025,2.45532,2.50011,2.54213
9.55006,2.50025,2.45622,2.5001,2.54138
9.56006,2.50024,2.45714,2.5001,2.54063
9.57006,2.50024,2.45805,2.50009,2.53986
9.58006,2.50024,2.45897,2.50008,2.53909
9.59006,2.50022,2.45989,2.50009,2.53828
9.60006,2.50021,2.46082,2.50011,2.53747
9.61006,2.50021,2.46174,2.50012,2.53666
9.62006,2.5002,2.46265,2.50014,2.53584
9.63006,2.5002,2.46361,2.50013,2.535
9.64007,2.50021,2.46455,2.50013,2.53416
9.65006,2.5002,2.4655,2.50012,2.5333
9.66006,2.50022,2.46645,2.50012,2.53244
9.67006,2.50023,2.4674,2.50009,2.53157
9.68006,2.50021,2.46836,2.50009,2.5307
9.69027,2.50018,2.4693,2.50008,2.52983
9.70009,2.50016,2.47025,2.50008,2.52896
9.71008,2.50014,2.47122,2.50007,2.52806
9.72007,2.50013,2.47218,2.50007,2.52716
9.73161,2.50012,2.47315,2.50008,2.52625
9.7401,2.50013,2.47412,2.50009,2.52535
9.75008,2.50012,2.47509,2.5001,2.52443
9.76008,2.50012,2.47604,2.50009,2.52354
9.77007,2.50012,2.47702,2.50007,2.52261
9.78007,2.50014,2.47799,2.50009,2.52167
9.79006,2.50013,2.47898,2.50009,2.52073
9.80006,2.50014,2.47996,2.50011,2.51977
9.81006,2.50015,2.48094,2.50013,2.51882
9.82006,2.50014,2.48189,2.50013,2.51787
9.83006,2.50012,2.48285,2.50014,2.5169
9.84006,2.50011,2.48382,2.50017,2.51594
9.85006,2.50012,2.48479,2.50017,2.51495
9.86006,2.50012,2.48577,2.50016,2.51398
9.87006,2.50013,2.48674,2.50014,2.51301
9.88006,2.50012,2.48776,2.50013,2.51203
9.89006,2.50012,2.48875,2.50012,2.51103
9.90006,2.50011,2.48976,2.50013,2.51003
9.91006,2.50012,2.49077,2.50013,2.50903
9.92006,2.50011,2.49177,2.50012,2.50805
9.93006,2.50011,2.49277,2.50012,2.50706
9.94006,2.50012,2.49377,2.50011,2.50607
9.95006,2.50012,2.49478,2.50011,2.50507
9.96006,2.50012,2.49577,2.50009,2.50409
9.97006,2.50013,2.49679,2.50008,2.5031
9.98006,2.50014,2.49778,2.50008,2.50211
9.99006,2.5001,2.49878,2.5001,2.50112
10.0001,2.50009,2.49978,2.50009,2.50011
10.0101,2.5001,2.50078,2.5001,2.49911
10.0201,2.50011,2.50179,2.50011,2.49811
10.0301,2.50011,2.50278,2.50011,2.49711
10.0401,2.5001,2.5038,2.5001,2.4961
10.0501,2.5001,2.5048,2.50011,2.4951
10.0601,2.50009,2.5058,2.50011,2.49411
10.0701,2.50008,2.5068,2.50012,2.49311
10.0801,2.50008,2.50779,2.50012,2.49211
10.0901,2.50008,2.50877,2.50013,2.4911
10.1001,2.50007,2.50976,2.50014,2.49012
10.1101,2.50006,2.51075,2.50014,2.48914
10.1201,2.50005,2.51172,2.50012,2.48814
10.1301,2.50004,2.51272,2.50012,2.48714
10.1401,2.50002,2.51371,2.50013,2.48617
10.1501,2.50002,2.51472,2.50012,2.48519
10.1601,2.50004,2.5157,2.50011,2.48423
10.1701,2.50004,2.5167,2.50011,2.48324
10.1801,2.50004,2.5177,2.50011,2.48227
10.1901,2.50005,2.51868,2.50012,2.48131
10.2,2.50004,2.51964,2.50011,2.48034
10.2101,2.50004,2.52062,2.5001,2.47938
10.2212,2.50005,2.52159,2.50009,2.47843
10.2301,2.50003,2.52257,2.50009,2.47751
10.2401,2.50003,2.52354,2.5001,2.47659
10.2501,2.50003,2.52452,2.5001,2.47566
10.2601,2.50006,2.52549,2.50011,2.47475
10.2701,2.50006,2.52644,2.50011,2.47383
10.2801,2.50008,2.52739,2.5001,2.47291
10.2901,2.50008,2.52835,2.50009,2.47201
10.3001,2.50008,2.52932,2.50008,2.47112
10.3101,2.50007,2.53029,2.5001,2.47024
10.3201,2.50006,2.53125,2.5001,2.46938
10.3301,2.50006,2.5322,2.50012,2.46852
10.3401,2.50007,2.53313,2.50013,2.46765
10.3501,2.50006,2.53407,2.50015,2.46679
10.3601,2.50007,2.535,2.50014,2.46593
10.3701,2.50007,2.53593,2.50014,2.4651
10.3801,2.50005,2.53688,2.50012,2.46428
10.3901,2.50005,2.53782,2.50013,2.46347
10.4001,2.50003,2.53877,2.50013,2.46265
10.4101,2.50002,2.53972,2.50013,2.46183
10.4201,2.50002,2.54064,2.50014,2.46103
10.4301,2.50002,2.54153,2.50014,2.46024
10.4401,2.5,2.54246,2.50015,2.45945
10.4501,2.5,2.54336,2.50017,2.4587
10.4601,2.49999,2.54426,2.50016,2.45794
10.4701,2.49999,2.54518,2.50014,2.45719
10.4801,2.49998,2.5461,2.50015,2.45646
10.4901,2.49998,2.54701,2.50015,2.45574
10.5001,2.5,2.54791,2.50014,2.45503
10.5101,2.5,2.5488,2.50014,2.45435
10.5201,2.5,2.54971,2.50015,2.45366
10.5301,2.5,2.55062,2.50017,2.45296
10.5401,2.5,2.55151,2.50018,2.45229
10.5501,2.50002,2.55239,2.50019,2.45166
10.5601,2.50001,2.55324,2.50019,2.45102
10.5701,2.50001,2.5541,2.50019,2.4504
10.5801,2.50003,2.55496,2.50017,2.44978
10.5901,2.50003,2.55581,2.50016,2.44919
10.6001,2.50002,2.55667,2.50017,2.44859
10.6101,2.50001,2.55751,2.50018,2.44801
10.6201,2.50002,2.55833,2.50016,2.44743
10.6301,2.50004,2.55914,2.50013,2.44687
10.6401,2.50001,2.55997,2.50013,2.44633
10.6501,2.49999,2.56077,2.50013,2.44578
10.6601,2.49998,2.56158,2.50014,2.44528
10.6701,2.49999,2.56236,2.50012,2.44477
10.6801,2.5,2.56315,2.5001,2.44428
10.6901,2.50004,2.56397,2.50007,2.44382
10.7002,2.50005,2.56477,2.50006,2.44335
10.7101,2.50005,2.56555,2.50006,2.44291
10.7201,2.50007,2.56635,2.50007,2.44247
10.7302,2.50007,2.56712,2.50008,2.44207
10.7401,2.50006,2.56788,2.5001,2.44168
10.7501,2.50007,2.56863,2.5001,2.44128
10.7601,2.50007,2.56939,2.50011,2.44092
10.7701,2.50008,2.57012,2.5001,2.44054
10.7801,2.50007,2.57087,2.50008,2.44019
10.7901,2.50008,2.5716,2.50009,2.43984
10.8001,2.5001,2.57232,2.5001,2.43953
10.8101,2.50009,2.57307,2.50009,2.43923
10.8201,2.50006,2.57379,2.5001,2.43895
10.8301,2.50006,2.57449,2.5001,2.43867
10.8401,2.50004,2.5752,2.50011,2.43842
10.8501,2.50002,2.57589,2.50011,2.43817
10.8601,2.50002,2.57658,2.50013,2.43796
10.8701,2.50003,2.57726,2.50013,2.43777
10.8801,2.50004,2.57795,2.50014,2.43756
10.8901,2.50004,2.57863,2.50015,2.43737
10.9001,2.50004,2.57928,2.50015,2.43719
10.9101,2.50005,2.57993,2.50014,2.43703
10.9201,2.50004,2.58059,2.50015,2.43689
10.9301,2.50002,2.58123,2.50016,2.43679
10.9401,2.5,2.58185,2.50017,2.43668
10.9501,2.49998,2.58249,2.50018,2.43658
10.9601,2.49996,2.5831,2.50018,2.43652
10.9701,2.49996,2.58371,2.50017,2.43648
10.9801,2.49996,2.58431,2.50014,2.43643
10.9901,2.49995,2.58491,2.50013,2.43641
11.0001,2.49996,2.58551,2.50011,2.43641
11.0101,2.49996,2.58609,2.50012,2.43641
11.0201,2.49996,2.58666,2.50012,2.43645
11.0301,2.49997,2.58723,2.50012,2.43651
11.0401,2.49998,2.5878,2.5001,2.43658
11.0501,2.49998,2.58836,2.50009,2.43666
11.0601,2.49999,2.58889,2.50009,2.43675
11.0701,2.49998,2.58942,2.50011,2.43685
11.0801,2.49997,2.58994,2.50011,2.43696
11.0901,2.49995,2.59044,2.50011,2.4371
11.1001,2.49996,2.59096,2.50008,2.43727
11.1101,2.49994,2.59147,2.50008,2.43743
11.1201,2.49995,2.59197,2.5001,2.43761
11.1301,2.49994,2.59245,2.5001,2.43781
11.1401,2.49993,2.59294,2.50009,2.43803
11.1501,2.49992,2.59341,2.50007,2.43826
11.1601,2.49992,2.59386,2.50008,2.4385
11.1701,2.49992,2.59431,2.5001,2.43876
11.1801,2.49992,2.59474,2.50009,2.43903
11.1901,2.49993,2.59514,2.50009,2.43932
11.2001,2.49992,2.59556,2.50009,2.43964
11.2101,2.49992,2.59598,2.5001,2.43997
11.2201,2.49991,2.59638,2.50011,2.4403
11.2301,2.4999,2.5968,2.50011,2.44065
11.2412,2.4999,2.59719,2.50012,2.44101
11.2501,2.49991,2.59759,2.50013,2.44139
11.2601,2.49993,2.59798,2.50015,2.4418
11.2701,2.49993,2.59835,2.50016,2.4422
11.2801,2.49993,2.59872,2.50016,2.44262
11.2901,2.49991,2.59906,2.50016,2.44307
11.3001,2.49991,2.5994,2.50016,2.44353
11.3101,2.49991,2.59974,2.50014,2.44399
11.3201,2.49991,2.60007,2.50013,2.44447
11.3301,2.49993,2.60037,2.50011,2.44497
11.3401,2.49992,2.60068,2.50012,2.44549
11.3501,2.49992,2.60098,2.50012,2.44602
11.3601,2.49992,2.60128,2.50012,2.44655
11.3701,2.49993,2.60155,2.5001,2.44709
11.3801,2.49993,2.60183,2.50008,2.44765
11.3901,2.49993,2.6021,2.50007,2.44822
11.4001,2.49993,2.60233,2.50009,2.44881
11.4101,2.49994,2.60257,2.50006,2.4494
11.4201,2.49995,2.60281,2.50005,2.45001
11.4301,2.49995,2.60306,2.50004,2.45063
11.4401,2.49996,2.60326,2.50003,2.45124
11.4501,2.49995,2.60346,2.50002,2.45188
11.4601,2.49993,2.60365,2.49999,2.45257
11.4701,2.49995,2.60382,2.49999,2.45326
11.4801,2.49996,2.60399,2.50001,2.45395
11.4901,2.49996,2.60416,2.5,2.45464
11.5001,2.49997,2.60431,2.50001,2.45535
11.5101,2.49999,2.60447,2.5,2.45606
11.5201,2.49999,2.60464,2.50001,2.45678
11.5301,2.49998,2.60477,2.50001,2.45751
11.5401,2.49997,2.60489,2.50001,2.45826
11.5501,2.49996,2.605,2.5,2.45903
11.5601,2.49997,2.6051,2.49999,2.45978
11.5701,2.49995,2.6052,2.49999,2.46057
11.5801,2.49996,2.60527,2.5,2.46135
11.5901,2.49997,2.60534,2.5,2.46215
11.6002,2.49998,2.6054,2.50002,2.46296
11.6101,2.49999,2.60545,2.50001,2.46378
11.6201,2.49999,2.6055,2.49999,2.46461
11.6301,2.49999,2.60554,2.49998,2.46545
11.6401,2.49997,2.60555,2.49998,2.46628
11.6501,2.49996,2.60559,2.49998,2.46712
11.6601,2.49996,2.60559,2.49997,2.46797
11.6701,2.49995,2.6056,2.49997,2.46885
11.6801,2.49996,2.60559,2.49998,2.46974
11.6901,2.49996,2.60556,2.49995,2.47064
11.7001,2.49997,2.60551,2.49994,2.47153
11.7101,2.49998,2.60547,2.49993,2.47244
11.7201,2.49998,2.60543,2.49993,2.47333
11.7301,2.50001,2.60539,2.49994,2.47423
11.7401,2.50001,2.60532,2.49996,2.47515
11.7501,2.50002,2.60525,2.49997,2.47606
11.7601,2.50001,2.60517,2.49999,2.477
11.7701,2.5,2.60508,2.50001,2.47794
11.7801,2.50001,2.60497,2.50001,2.47888
11.7901,2.50002,2.60486,2.50002,2.47982
11.8001,2.50004,2.60474,2.50001,2.48078
11.8101,2.50003,2.60458,2.50002,2.48173
11.8201,2.50003,2.60444,2.50001,2.48269
11.8301,2.50002,2.60429,2.50001,2.48367
11.8401,2.50002,2.60412,2.50001,2.48464
11.8501,2.50001,2.60395,2.49999,2.48559
11.8601,2.49999,2.60376,2.49997,2.48656
11.8701,2.49996,2.60357,2.49997,2.48754
11.8801,2.49996,2.60339,2.49999,2.48852
11.8901,2.49997,2.60318,2.5,2.48952
11.9001,2.49997,2.60297,2.5,2.49051
11.9101,2.49997,2.60274,2.50001,2.49151
11.9201,2.49999,2.6025,2.50001,2.4925
11.9301,2.5,2.60225,2.50003,2.49351
11.9401,2.49998,2.602,2.50003,2.49451
11.9501,2.49998,2.60174,2.50003,2.49551
11.9601,2.5,2.60146,2.50004,2.49651
11.9701,2.49999,2.60118,2.50004,2.4975
11.9801,2.5,2.60089,2.50006,2.4985
11.9901,2.50001,2.60058,2.50007,2.49951
12.0001,2.50001,2.60029,2.50008,2.50052
12.0101,2.5,2.59998,2.50009,2.5015
12.0201,2.49999,2.59965,2.5001,2.50249
12.0301,2.49998,2.59932,2.5001,2.50348
12.0401,2.49997,2.59898,2.50009,2.50449
12.0501,2.49996,2.59863,2.50008,2.5055
12.0601,2.49992,2.59827,2.50009,2.50651
12.0701,2.49991,2.59791,2.50008,2.5075
12.0801,2.49992,2.59751,2.50007,2.50852
12.0901,2.49993,2.59712,2.50007,2.5095
12.1001,2.49993,2.59673,2.50008,2.51049
12.1101,2.49991,2.59635,2.50008,2.51147
12.1201,2.49991,2.59594,2.50008,2.51245
12.1301,2.49992,2.59551,2.50009,2.51342
12.1401,2.49993,2.59508,2.50012,2.51439
12.1501,2.49993,2.59464,2.50012,2.51536
12.1601,2.49993,2.59419,2.50015,2.51633
12.1701,2.49994,2.59375,2.50016,2.5173
12.1801,2.49994,2.5933,2.50018,2.51825
12.1901,2.49994,2.59284,2.50017,2.5192
12.2001,2.49994,2.59237,2.50017,2.52015
12.2101,2.49993,2.59189,2.50016,2.52111
12.2201,2.49991,2.59139,2.50015,2.52206
12.2301,2.49991,2.59089,2.50015,2.52301
12.2401,2.49992,2.59038,2.50016,2.52395
12.2501,2.49992,2.58985,2.50017,2.52487
12.2601,2.49993,2.58931,2.50018,2.5258
12.2701,2.49993,2.58877,2.50019,2.52672
12.2801,2.49993,2.58824,2.50016,2.52761
12.2901,2.49994,2.58769,2.50015,2.52851
12.3001,2.49995,2.58713,2.50016,2.52941
12.3101,2.49996,2.58657,2.50015,2.53031
12.3201,2.49998,2.58599,2.50014,2.53118
12.3301,2.49998,2.58538,2.50014,2.53206
12.3401,2.49999,2.5848,2.50012,2.53294
12.3501,2.49999,2.5842,2.50011,2.53378
12.3601,2.49999,2.5836,2.5001,2.53461
12.3701,2.49999,2.58299,2.50008,2.53543
12.3801,2.49998,2.58236,2.50009,2.53623
12.3901,2.49997,2.58173,2.5001,2.53705
12.4001,2.49998,2.5811,2.50012,2.53785
12.4101,2.49998,2.58047,2.5001,2.53864
12.4201,2.49998,2.57982,2.50009,2.53943
12.4301,2.49999,2.57918,2.5001,2.5402
12.4401,2.5,2.57852,2.5001,2.54095
12.4501,2.49999,2.57785,2.50009,2.5417
12.4601,2.49997,2.57717,2.5001,2.54245
12.4701,2.49997,2.5765,2.50009,2.54321
12.4801,2.49997,2.57582,2.50008,2.54394
12.4901,2.49997,2.5751,2.50007,2.54466
12.5001,2.49995,2.57437,2.50006,2.54534
12.5101,2.49996,2.57366,2.50007,2.54604
12.5201,2.49997,2.57293,2.50006,2.54672
12.5301,2.49997,2.5722,2.50004,2.54739
12.5401,2.49996,2.57147,2.50001,2.54803
12.5501,2.49997,2.57074,2.49999,2.54868
12.5601,2.49997,2.57,2.49998,2.5493
12.5701,2.49996,2.56926,2.49996,2.54993
12.5801,2.49998,2.56848,2.49996,2.55057
12.5901,2.49997,2.56773,2.49997,2.55118
12.6001,2.49997,2.56695,2.49997,2.55178
12.6101,2.49997,2.56618,2.49996,2.55236
12.6201,2.49997,2.5654,2.49994,2.55293
12.6301,2.49997,2.56462,2.49994,2.55348
12.6401,2.49996,2.56383,2.49993,2.55403
12.6501,2.49996,2.56303,2.49993,2.55455
12.6601,2.49995,2.56222,2.49992,2.55509
12.6701,2.49997,2.56141,2.49991,2.5556
12.6801,2.49997,2.5606,2.49988,2.5561
12.6901,2.49998,2.55976,2.49988,2.55658
12.7001,2.5,2.55893,2.49987,2.55702
12.7101,2.50001,2.55811,2.49987,2.55749
12.7201,2.50001,2.55727,2.49989,2.55792
12.7301,2.50002,2.55641,2.49988,2.55835
12.7401,2.50001,2.55556,2.49987,2.55873
12.7501,2.50001,2.55468,2.49986,2.5591
12.7601,2.50002,2.55381,2.49985,2.55946
12.7701,2.50001,2.55292,2.49984,2.5598
12.7801,2.50001,2.55205,2.49984,2.56015
12.7901,2.50002,2.55119,2.49982,2.56047
12.8001,2.50004,2.55031,2.49981,2.56078
12.8101,2.50005,2.54945,2.49981,2.56108
12.8201,2.50005,2.54855,2.49981,2.56137
12.8301,2.50004,2.54765,2.49981,2.56164
12.8401,2.50003,2.54676,2.49979,2.56189
12.8501,2.50003,2.54587,2.49981,2.56211
12.8601,2.50003,2.54496,2.4998,2.56233
12.8701,2.50004,2.54405,2.4998,2.56254
12.8801,2.50005,2.54312,2.49979,2.56272
12.8901,2.50002,2.54222,2.49979,2.56288
12.9001,2.50002,2.54131,2.4998,2.56305
12.9101,2.50003,2.5404,2.49979,2.56318
12.9201,2.5,2.53947,2.49978,2.5633
12.9301,2.49998,2.53854,2.49978,2.56342
12.9401,2.49998,2.53761,2.49979,2.56351
12.9501,2.49998,2.53667,2.49981,2.56361
12.9601,2.49997,2.53573,2.49983,2.5637
12.9701,2.49997,2.53479,2.49987,2.56376
12.9801,2.49997,2.53384,2.4999,2.56379
12.9901,2.49997,2.53291,2.49991,2.56381
13.0001,2.49999,2.53197,2.49992,2.56381
13.0101,2.50001,2.53101,2.49992,2.5638
13.0201,2.50003,2.53005,2.49992,2.56378
13.0301,2.50003,2.5291,2.49991,2.56375
13.0401,2.50002,2.52814,2.49991,2.56369
13.0501,2.50001,2.52718,2.4999,2.56363
13.0601,2.49999,2.52621,2.49989,2.56354
13.0701,2.49998,2.52523,2.49987,2.56345
13.0801,2.49997,2.52427,2.49986,2.56333
13.0901,2.49997,2.52332,2.49985,2.56319
13.1001,2.49998,2.52233,2.49986,2.56305
13.1101,2.49996,2.52134,2.49983,2.56289
13.1201,2.49996,2.52036,2.49981,2.56273
13.1301,2.49997,2.51938,2.49984,2.56254
13.1401,2.49995,2.51843,2.49986,2.56232
13.1501,2.49994,2.51745,2.49985,2.56208
13.1601,2.49997,2.51646,2.49983,2.56185
13.1701,2.49998,2.51547,2.49982,2.56158
13.1801,2.5,2.51448,2.49981,2.56131
13.1901,2.49998,2.51349,2.49981,2.56104
13.2001,2.49998,2.51251,2.4998,2.56073
13.2101,2.49998,2.51153,2.4998,2.56039
13.2201,2.49997,2.51053,2.4998,2.56005
13.2301,2.49998,2.50952,2.49978,2.5597
13.2401,2.49996,2.50852,2.49978,2.55932
13.2501,2.49997,2.50752,2.49977,2.55893
13.2601,2.49996,2.50651,2.49977,2.55853
13.2701,2.49996,2.50551,2.49977,2.55815
13.2801,2.49995,2.50452,2.49976,2.55773
13.2901,2.49995,2.5035,2.49977,2.55729
13.3001,2.49995,2.5025,2.49978,2.55685
13.3101,2.49995,2.50149,2.49981,2.55638
13.3201,2.49994,2.50049,2.4998,2.5559
13.3301,2.49992,2.49952,2.49981,2.55541
13.3401,2.49992,2.49851,2.4998,2.5549
13.3501,2.49992,2.49751,2.4998,2.55438
13.3601,2.49991,2.49653,2.4998,2.55386
13.3701,2.4999,2.49555,2.49981,2.55334
13.3801,2.49989,2.49456,2.49981,2.55279
13.3901,2.49988,2.49356,2.49979,2.55222
13.4001,2.49988,2.49256,2.49981,2.55163
13.4101,2.49988,2.49156,2.49983,2.55105
13.4201,2.49988,2.49057,2.49981,2.55044
13.4301,2.49988,2.48957,2.49981,2.54985
13.4401,2.49989,2.48859,2.49982,2.54922
13.4501,2.4999,2.48759,2.49983,2.54857
13.4601,2.4999,2.48659,2.49982,2.54792
13.4701,2.49992,2.48561,2.49982,2.54724
13.4801,2.49996,2.48463,2.49982,2.54654
13.4901,2.49998,2.48366,2.49982,2.54584
13.5001,2.49997,2.48267,2.49983,2.54514
13.5101,2.49998,2.48169,2.49984,2.54442
13.5201,2.49997,2.48071,2.49985,2.54369
13.5301,2.49996,2.47974,2.49983,2.54296
13.5401,2.49993,2.47873,2.49982,2.54221
13.5501,2.49994,2.47775,2.49982,2.54145
13.5601,2.49996,2.47678,2.49983,2.54069
13.5701,2.49994,2.47581,2.49983,2.53991
13.5801,2.49994,2.47484,2.49984,2.53912
13.5901,2.49994,2.47386,2.49985,2.53831
13.6001,2.49994,2.47287,2.49986,2.53748
13.6101,2.49994,2.47189,2.49986,2.53664
13.6201,2.49993,2.47092,2.49986,2.53582
13.6301,2.49993,2.46998,2.49988,2.535
13.6401,2.49991,2.46903,2.4999,2.53416
13.6501,2.4999,2.46807,2.4999,2.53331
13.6601,2.49992,2.46713,2.49992,2.53245
13.6701,2.4999,2.46617,2.49991,2.53157
13.6801,2.49991,2.46525,2.4999,2.53071
13.6901,2.49992,2.4643,2.4999,2.52982
13.7001,2.49994,2.46335,2.49989,2.52894
13.7101,2.49994,2.46241,2.49991,2.52803
13.7201,2.49993,2.46148,2.49992,2.52711
13.7332,2.49994,2.46054,2.49993,2.5262
13.7401,2.49996,2.45962,2.49991,2.52529
13.7501,2.49996,2.45868,2.49992,2.52439
13.7601,2.49994,2.45775,2.49991,2.52345
13.7701,2.49993,2.45684,2.49992,2.5225
13.7801,2.49993,2.45594,2.49991,2.52156
13.7901,2.49993,2.45502,2.4999,2.52061
13.8001,2.49994,2.45412,2.4999,2.51965
13.8101,2.49995,2.45321,2.49989,2.51869
13.8201,2.49995,2.45231,2.49989,2.51774
13.8301,2.49995,2.45142,2.49988,2.51677
13.8401,2.49995,2.45054,2.49988,2.5158
13.8501,2.49997,2.44967,2.49986,2.51484
13.8601,2.49998,2.44881,2.49986,2.51388
13.8701,2.49998,2.44795,2.49984,2.51293
13.8801,2.49996,2.44707,2.49986,2.51193
13.8901,2.49996,2.44623,2.49988,2.51093
13.9001,2.49995,2.44537,2.4999,2.50993
13.9101,2.49997,2.44451,2.4999,2.50892
13.9201,2.49997,2.44363,2.4999,2.50792
13.9301,2.49995,2.44278,2.49989,2.50691
13.9401,2.49995,2.44192,2.49989,2.50591
13.9501,2.49997,2.44107,2.49989,2.50492
13.9601,2.49997,2.44023,2.49989,2.50395
13.9701,2.49996,2.4394,2.49989,2.50296
13.9801,2.49994,2.43859,2.49988,2.50197
13.9901,2.49993,2.43776,2.49991,2.50097
14.0001,2.49993,2.43693,2.49992,2.49996
14.0101,2.49993,2.43614,2.49993,2.49894
14.0201,2.49992,2.43536,2.49991,2.49793
14.0301,2.49992,2.43456,2.49992,2.49693
14.0401,2.49992,2.43377,2.49992,2.49591
14.0501,2.49992,2.43298,2.49992,2.49491
14.0601,2.49993,2.4322,2.49991,2.4939
14.0701,2.49992,2.43142,2.49992,2.49293
14.0801,2.49993,2.43066,2.49993,2.49192
14.0901,2.49994,2.4299,2.49991,2.49093
14.1001,2.49993,2.42914,2.49991,2.48994
14.1101,2.49994,2.42841,2.49992,2.48896
14.1201,2.49995,2.42768,2.49993,2.48798
14.1301,2.49996,2.42693,2.49993,2.487
14.1401,2.49995,2.42622,2.49993,2.48602
14.1501,2.49995,2.42549,2.49992,2.48504
14.1601,2.49995,2.42479,2.4999,2.48407
14.1701,2.49993,2.42409,2.4999,2.4831
14.1801,2.49992,2.42338,2.4999,2.48212
14.1901,2.49994,2.42269,2.4999,2.48116
14.2001,2.49995,2.42201,2.49989,2.48021
14.2101,2.49997,2.42133,2.4999,2.47927
14.2201,2.49997,2.42066,2.49991,2.47833
14.2301,2.49997,2.41997,2.4999,2.47739
14.2401,2.49996,2.41931,2.49989,2.47645
14.2501,2.49996,2.41866,2.49991,2.47552
14.2601,2.49994,2.41803,2.49993,2.4746
14.2701,2.49995,2.41739,2.49997,2.47368
14.2801,2.49997,2.41676,2.49999,2.47274
14.2901,2.49997,2.41614,2.49997,2.47186
14.3001,2.49998,2.41553,2.49996,2.47095
14.3101,2.5,2.41493,2.49996,2.47007
14.3201,2.5,2.41434,2.49997,2.4692
14.3301,2.50002,2.41376,2.49996,2.46833
14.3401,2.50003,2.41319,2.49995,2.46747
14.3501,2.50002,2.41263,2.49996,2.46661
14.3601,2.50002,2.41207,2.49995,2.46575
14.3701,2.50002,2.41151,2.49995,2.46489
14.3801,2.50001,2.41096,2.49993,2.46403
14.3901,2.5,2.41041,2.49991,2.46322
14.4001,2.49999,2.40987,2.49993,2.4624
14.4101,2.49999,2.40934,2.49992,2.46162
14.4201,2.49998,2.40883,2.49993,2.46083
14.4301,2.49998,2.40832,2.4999,2.46005
14.4401,2.49999,2.40781,2.4999,2.45929
14.4501,2.5,2.40732,2.49988,2.45853
14.4601,2.5,2.4068,2.49988,2.45776
14.4701,2.50001,2.40632,2.49987,2.45701
14.4801,2.50001,2.40583,2.49988,2.45626
14.4901,2.5,2.40535,2.49987,2.45554
14.5001,2.5,2.40488,2.49986,2.45483
14.5101,2.5,2.40443,2.49985,2.45414
14.5201,2.5,2.40399,2.49985,2.45347
14.5301,2.49998,2.40357,2.49985,2.45277
14.5401,2.49998,2.40315,2.49984,2.4521
14.5501,2.49998,2.40272,2.49986,2.45145
14.5601,2.49995,2.40231,2.49985,2.45082
14.5701,2.49994,2.4019,2.49985,2.45019
14.5801,2.49994,2.4015,2.49986,2.44959
14.5901,2.49994,2.40113,2.49986,2.44899
14.6001,2.49993,2.40075,2.49986,2.44838
14.6101,2.49992,2.40038,2.49984,2.4478
14.6201,2.49991,2.40001,2.49985,2.44724
14.6301,2.49992,2.39968,2.49984,2.44669
14.6401,2.49991,2.39934,2.49984,2.44614
14.6501,2.49991,2.39902,2.49987,2.44561
14.6601,2.49988,2.3987,2.49986,2.44511
14.6701,2.49986,2.39838,2.49986,2.44462
14.6801,2.49986,2.39808,2.49986,2.44413
14.6901,2.49985,2.39778,2.49987,2.44366
14.7001,2.49985,2.3975,2.49986,2.4432
14.7101,2.49985,2.39724,2.49984,2.44275
14.7201,2.49984,2.39696,2.49983,2.44232
14.7301,2.49981,2.39671,2.49984,2.44189
14.7401,2.49982,2.39648,2.49984,2.44149
14.7501,2.49982,2.39624,2.49983,2.44113
14.7601,2.4998,2.39602,2.49984,2.44077
14.7701,2.49981,2.39581,2.49984,2.44041
14.7801,2.49981,2.3956,2.49985,2.44007
14.7901,2.49981,2.3954,2.49987,2.43974
14.8001,2.49982,2.39521,2.49987,2.4394
14.8101,2.49982,2.39502,2.49985,2.43909
14.8201,2.49983,2.39485,2.49984,2.43881
14.8301,2.49982,2.3947,2.49985,2.43854
14.8401,2.49981,2.39454,2.49986,2.43829
14.8501,2.49983,2.39439,2.49985,2.43808
14.8601,2.49983,2.39426,2.49985,2.43786
14.8701,2.49985,2.39412,2.49986,2.43764
14.8801,2.49986,2.39401,2.49986,2.43745
14.8901,2.49987,2.39391,2.49988,2.43726
14.9001,2.49988,2.39382,2.49988,2.43708
14.9101,2.49989,2.39371,2.49989,2.43694
14.9201,2.4999,2.39363,2.4999,2.43681
14.9301,2.49989,2.39357,2.4999,2.4367
14.9401,2.4999,2.3935,2.49991,2.43659
14.9501,2.49991,2.39344,2.49991,2.43651
14.9601,2.49993,2.39338,2.49988,2.43646
14.9701,2.49992,2.39337,2.49988,2.43641
14.9801,2.49992,2.39334,2.49987,2.43636
14.9901,2.49991,2.39331,2.49986,2.43634
15.0001,2.4999,2.3933,2.49988,2.43631
15.0101,2.49989,2.3933,2.49989,2.43632
15.0201,2.49988,2.3933,2.49989,2.43634
15.0301,2.49987,2.39332,2.49988,2.43637
15.0401,2.49988,2.39336,2.49989,2.43643
15.0501,2.49986,2.3934,2.4999,2.43651
15.0601,2.49985,2.39344,2.49989,2.4366
15.0701,2.49984,2.3935,2.49988,2.43672
15.0801,2.49984,2.39359,2.49988,2.43685
15.0901,2.49986,2.39367,2.49988,2.43696
15.1001,2.49987,2.39376,2.49989,2.43711
15.1101,2.49989,2.39385,2.49988,2.43725
15.1201,2.49991,2.39396,2.49987,2.43744
15.1301,2.49992,2.39407,2.4999,2.43765
15.1401,2.49992,2.3942,2.4999,2.43787
15.1501,2.49992,2.39435,2.4999,2.43809
15.1601,2.49991,2.3945,2.49989,2.43833
15.1701,2.49991,2.39464,2.4999,2.43858
15.1801,2.49992,2.3948,2.49991,2.43886
15.1901,2.49991,2.39496,2.49989,2.43916
15.2001,2.49991,2.39514,2.49989,2.43945
15.2101,2.49991,2.39535,2.49989,2.43976
15.2201,2.49991,2.39556,2.49989,2.44009
15.2301,2.49991,2.39578,2.49988,2.44043
15.2401,2.49991,2.396,2.49988,2.44079
15.2501,2.49992,2.39624,2.49987,2.44117
15.2601,2.49993,2.39647,2.49987,2.44156
15.2701,2.49992,2.39672,2.49988,2.44198
15.2801,2.49992,2.39697,2.4999,2.4424
15.2901,2.49992,2.39723,2.49991,2.44283
15.3001,2.49992,2.39751,2.49992,2.44329
15.3101,2.49991,2.39781,2.49991,2.44374
15.3201,2.49991,2.39811,2.49989,2.44421
15.3301,2.49992,2.39843,2.4999,2.44473
15.3401,2.49993,2.39876,2.49991,2.44521
15.3501,2.49993,2.39907,2.49991,2.44574
15.3601,2.49996,2.3994,2.4999,2.44626
15.3701,2.49997,2.39973,2.49991,2.44681
15.3801,2.49998,2.40006,2.49992,2.44737
15.3901,2.49998,2.40043,2.49994,2.44793
15.4001,2.49996,2.4008,2.49995,2.44851
15.4101,2.49996,2.40117,2.49996,2.44909
15.4201,2.49996,2.40155,2.49997,2.44968
15.4301,2.49998,2.40195,2.49997,2.45029
15.4401,2.49997,2.40233,2.49999,2.45093
15.4501,2.49999,2.40275,2.5,2.45157
15.4601,2.49998,2.40317,2.49999,2.45219
15.4701,2.49999,2.4036,2.49998,2.45287
15.4801,2.49998,2.40403,2.49997,2.45356
15.4901,2.49997,2.40448,2.49997,2.45426
15.5001,2.49997,2.40494,2.49998,2.45496
15.5101,2.49995,2.40541,2.49999,2.45566
15.5201,2.49997,2.40586,2.5,2.45639
15.5301,2.49997,2.40635,2.5,2.45713
15.5401,2.49997,2.40682,2.49997,2.45787
15.5501,2.49996,2.40731,2.49995,2.45862
15.5601,2.49996,2.40779,2.49995,2.45938
15.5701,2.49996,2.40831,2.49997,2.46016
15.5801,2.49995,2.40883,2.49997,2.46096
15.5901,2.49996,2.40938,2.49996,2.46175
15.6001,2.49997,2.40992,2.49997,2.46256
15.6101,2.49997,2.41047,2.49998,2.46336
15.6201,2.49999,2.41101,2.49999,2.46418
15.6301,2.49998,2.41156,2.49999,2.465
15.6401,2.49999,2.41213,2.49999,2.46583
15.6501,2.50001,2.41271,2.49999,2.46667
15.6601,2.50002,2.41328,2.49997,2.46752
15.6701,2.50002,2.41388,2.49998,2.46839
15.6801,2.50002,2.41449,2.49998,2.46924
15.6901,2.50003,2.41509,2.5,2.47011
15.7005,2.50004,2.4157,2.49998,2.47099
15.7101,2.50006,2.4163,2.49998,2.47188
15.7201,2.50004,2.41691,2.49998,2.47278
15.7301,2.50005,2.41755,2.5,2.47368
15.7401,2.50007,2.41818,2.50001,2.47461
15.7501,2.50005,2.41883,2.50002,2.47554
15.7601,2.50004,2.41948,2.50003,2.47648
15.7701,2.50002,2.42011,2.50002,2.4774
15.7801,2.50002,2.42077,2.50001,2.47832
15.7901,2.50001,2.42145,2.50001,2.47926
15.8001,2.50002,2.42215,2.50002,2.48022
15.8101,2.50004,2.42284,2.50003,2.48115
15.8201,2.50005,2.42351,2.50001,2.48211
15.8301,2.50005,2.42422,2.5,2.48309
15.8401,2.50003,2.42494,2.50001,2.48406
15.8501,2.50004,2.42565,2.5,2.48502
15.8601,2.50005,2.42638,2.5,2.48599
15.8701,2.50004,2.42712,2.50001,2.48698
15.8801,2.50005,2.42785,2.5,2.48797
15.8901,2.50004,2.4286,2.5,2.48896
15.9001,2.50002,2.42934,2.50001,2.48995
15.9101,2.50003,2.43008,2.5,2.49095
15.9201,2.50003,2.43083,2.49998,2.49194
15.9301,2.50003,2.43158,2.49998,2.49295
15.9401,2.50003,2.43235,2.49998,2.49394
15.9501,2.50004,2.43312,2.49998,2.49493
15.9601,2.50004,2.43391,2.49999,2.49594
15.9701,2.50006,2.43471,2.5,2.49694
15.9801,2.50007,2.4355,2.5,2.49795
15.9901,2.50009,2.43628,2.50001,2.49896
16.0001,2.50011,2.43709,2.5,2.49996
16.0101,2.50014,2.43791,2.49999,2.50096
16.0201,2.50014,2.43875,2.5,2.50196
16.0301,2.50016,2.43958,2.5,2.50294
16.0401,2.50015,2.4404,2.5,2.50395
16.0501,2.50014,2.44123,2.49999,2.50495
16.0601,2.50013,2.44208,2.5,2.50595
16.0701,2.50013,2.44291,2.50001,2.50695
16.0801,2.50014,2.44375,2.50001,2.50795
16.0901,2.50017,2.4446,2.50001,2.50895
16.1001,2.50017,2.44544,2.49999,2.50996
16.1101,2.50017,2.4463,2.49999,2.51094
16.1201,2.50019,2.44719,2.49999,2.51191
16.1301,2.5002,2.44807,2.49999,2.51289
16.1401,2.50021,2.44896,2.49998,2.51386
16.1501,2.5002,2.44985,2.49997,2.51483
16.1601,2.50018,2.45073,2.49998,2.51579
16.1701,2.50017,2.45164,2.49998,2.51674
16.1801,2.50018,2.45252,2.5,2.5177
16.1901,2.50018,2.45343,2.50001,2.51864
16.2001,2.50017,2.45434,2.50001,2.51958
16.2101,2.50017,2.45526,2.50002,2.52053
16.2201,2.50017,2.45619,2.50003,2.52146
16.2301,2.50018,2.45711,2.50004,2.52238
16.2401,2.50017,2.45802,2.50006,2.52331
16.2501,2.50018,2.45894,2.50007,2.52425
16.2601,2.50018,2.45986,2.50007,2.52516
16.2701,2.50018,2.46079,2.50007,2.52606
16.2801,2.50017,2.46173,2.50007,2.52697
16.2901,2.50017,2.46268,2.50005,2.52787
16.3001,2.50017,2.46362,2.50005,2.52876
16.3101,2.50019,2.46459,2.50005,2.52964
16.3201,2.5002,2.46556,2.50004,2.5305
16.3301,2.50019,2.46652,2.50005,2.53136
16.3401,2.50017,2.46747,2.50007,2.53222
16.3501,2.50018,2.46843,2.5001,2.53306
16.3601,2.50017,2.46936,2.5001,2.5339
16.3701,2.50016,2.47031,2.50011,2.53474
16.3801,2.50016,2.47129,2.50013,2.53556
16.3901,2.50018,2.47227,2.50012,2.53639
16.4001,2.50018,2.47322,2.50013,2.53721
16.4101,2.50017,2.47419,2.50013,2.53802
16.4201,2.50015,2.47519,2.50014,2.53881
16.4301,2.50014,2.47616,2.50014,2.53959
16.4401,2.50012,2.47714,2.50015,2.54035
16.4501,2.5001,2.47812,2.50015,2.54112
16.4601,2.50011,2.47911,2.50013,2.54189
16.4701,2.50011,2.48009,2.50014,2.54264
16.4801,2.5001,2.48106,2.50015,2.54336
16.4901,2.50008,2.48205,2.50014,2.54407
16.5001,2.5001,2.48303,2.50014,2.5448
16.5101,2.5001,2.48401,2.50015,2.54552
16.5201,2.50012,2.485,2.50016,2.54621
16.5301,2.50011,2.48598,2.50015,2.54688
16.5401,2.50011,2.48699,2.50015,2.54755
16.5501,2.50009,2.488,2.50015,2.54822
16.5601,2.50009,2.489,2.50014,2.54884
16.5701,2.5001,2.49,2.50013,2.54947
16.5801,2.50011,2.49101,2.50014,2.55008
16.5901,2.50011,2.49202,2.50014,2.55069
16.6001,2.50012,2.49302,2.50012,2.55129
16.6101,2.50012,2.49405,2.50012,2.55189
16.6201,2.50013,2.49506,2.50013,2.55245
16.6301,2.50014,2.49605,2.50012,2.55301
16.6401,2.50014,2.49707,2.50011,2.55354
16.6501,2.50012,2.49806,2.5001,2.55408
16.6601,2.50009,2.49905,2.5001,2.55461
16.6701,2.5001,2.50005,2.5001,2.55512
16.6801,2.50012,2.50105,2.50011,2.55561
16.6901,2.50013,2.50205,2.50011,2.55608
16.7001,2.50014,2.50307,2.50012,2.55653
16.7101,2.50014,2.50409,2.50013,2.55695
16.7201,2.50015,2.50509,2.50013,2.55738
16.7301,2.50016,2.5061,2.50015,2.55779
16.7401,2.50018,2.5071,2.50016,2.55821
16.7501,2.50018,2.50811,2.50016,2.55861
16.7601,2.50018,2.50911,2.50015,2.55898
16.7701,2.50018,2.51008,2.50014,2.55933
16.7801,2.50018,2.51108,2.50013,2.5597
16.7901,2.50019,2.51208,2.50013,2.56002
16.8001,2.50019,2.51309,2.50015,2.56034
16.8101,2.50018,2.51408,2.50013,2.56063
16.8201,2.50017,2.51507,2.50014,2.5609
16.8301,2.50016,2.51606,2.50013,2.56114
16.8401,2.50015,2.51703,2.50012,2.56139
16.8501,2.50012,2.51801,2.50013,2.56163
16.8601,2.50012,2.51901,2.50014,2.56186
16.8701,2.50012,2.51999,2.50016,2.56206
16.8801,2.5001,2.52097,2.50018,2.56224
16.8901,2.50012,2.52196,2.50019,2.56242
16.9001,2.50013,2.52294,2.50018,2.56258
16.9101,2.50014,2.5239,2.50019,2.56272
16.9201,2.50013,2.52487,2.50018,2.56285
16.9301,2.50012,2.52584,2.5002,2.56296
16.9401,2.50012,2.52682,2.50021,2.56305
16.9501,2.5001,2.5278,2.50022,2.56315
16.9601,2.5001,2.52875,2.50022,2.56323
16.9701,2.50009,2.52972,2.50022,2.56328
16.9801,2.50009,2.53068,2.50021,2.5633
16.9901,2.50009,2.53163,2.50021,2.56333
17.0001,2.5001,2.53259,2.50021,2.56335
17.0101,2.5001,2.53355,2.50022,2.56335
17.0201,2.50011,2.5345,2.5002,2.56334
17.0301,2.50011,2.53545,2.50019,2.56331
17.0401,2.50012,2.53638,2.50019,2.56327
17.0501,2.50012,2.5373,2.50019,2.56321
17.0601,2.50012,2.53824,2.50018,2.56313
17.0701,2.50012,2.53916,2.50017,2.56301
17.0801,2.50014,2.5401,2.50017,2.56288
17.0901,2.50017,2.54106,2.50016,2.56275
17.1001,2.50017,2.54197,2.50017,2.56261
17.1101,2.50019,2.54287,2.50019,2.56245
17.1201,2.50019,2.54379,2.50019,2.56226
17.1301,2.50018,2.54471,2.50018,2.56207
17.1401,2.50019,2.54562,2.50017,2.56188
17.1501,2.5002,2.5465,2.50014,2.56166
17.1601,2.50018,2.54739,2.50013,2.56142
17.1701,2.50019,2.54826,2.50011,2.56115
17.1801,2.50019,2.54914,2.5001,2.56087
17.1901,2.50019,2.55005,2.5001,2.56056
17.2001,2.50018,2.55091,2.50009,2.56026
17.2101,2.50019,2.55177,2.50008,2.55993
17.2201,2.5002,2.55265,2.50007,2.55959
17.2301,2.50022,2.55351,2.50008,2.55923
17.2401,2.50021,2.5544,2.50009,2.55888
17.2501,2.50021,2.55525,2.50008,2.5585
17.2601,2.5002,2.5561,2.50006,2.55812
17.2701,2.5002,2.55693,2.50008,2.55774
17.2801,2.5002,2.55778,2.50008,2.5573
17.2901,2.5002,2.55862,2.50008,2.55688
17.3001,2.50021,2.55946,2.50007,2.55643
17.3101,2.50021,2.5603,2.50004,2.55596
17.3201,2.50019,2.56113,2.50005,2.55548
17.3301,2.50019,2.56194,2.50004,2.555
17.3401,2.50021,2.56275,2.50001,2.55448
17.3501,2.50023,2.56358,2.50001,2.55395
17.3601,2.50022,2.56438,2.5,2.55341
17.3701,2.50022,2.56518,2.50001,2.55287
17.3801,2.50022,2.56597,2.50001,2.55231
17.3901,2.50021,2.56674,2.50002,2.55174
17.4001,2.5002,2.56752,2.5,2.55116
17.4101,2.50021,2.56829,2.50001,2.55057
17.4201,2.50021,2.56904,2.50003,2.54995
17.4301,2.5002,2.56979,2.50003,2.54933
17.4401,2.50019,2.57054,2.50003,2.5487
17.4501,2.50016,2.57129,2.50003,2.54806
17.4601,2.50016,2.57203,2.50004,2.54742
17.4701,2.50018,2.57276,2.50003,2.54675
17.4801,2.50018,2.57348,2.50003,2.54607
17.4901,2.50019,2.57418,2.50003,2.54536
17.5001,2.5002,2.57489,2.50003,2.54464
17.5101,2.5002,2.57559,2.50002,2.54392
17.5201,2.50021,2.57628,2.50002,2.54319
17.5301,2.50021,2.57697,2.50003,2.54246
17.5401,2.5002,2.57765,2.50003,2.54173
17.5501,2.50022,2.57832,2.50004,2.54097
17.5601,2.50021,2.57898,2.50004,2.54021
17.5701,2.50018,2.57963,2.50004,2.53943
17.5801,2.50019,2.58027,2.50004,2.53862
17.5901,2.50018,2.5809,2.50001,2.53783
17.6001,2.50018,2.58154,2.50001,2.53704
17.6101,2.50019,2.58217,2.49999,2.53621
17.6201,2.50017,2.5828,2.49997,2.53539
17.6301,2.50018,2.5834,2.49995,2.53453
17.6401,2.5002,2.58401,2.49996,2.53369
17.6501,2.5002,2.58461,2.49996,2.53285
17.6601,2.50019,2.58519,2.49996,2.53199
17.6701,2.50019,2.58576,2.49996,2.53113
17.6801,2.50018,2.58633,2.49994,2.53026
17.6901,2.50018,2.5869,2.49994,2.52937
17.7001,2.50018,2.58747,2.49993,2.52848
17.7132,2.5002,2.58805,2.49993,2.52761
17.7215,2.50019,2.58859,2.49993,2.52672
17.7301,2.50019,2.58915,2.49994,2.52582
17.7408,2.50021,2.58968,2.49996,2.52489
17.7501,2.50022,2.59022,2.49997,2.52397
17.7601,2.50023,2.59075,2.49998,2.52304
17.7701,2.50022,2.59126,2.49999,2.52211
17.7801,2.50022,2.59177,2.5,2.52117
17.7901,2.50022,2.59224,2.5,2.52022
17.8001,2.50021,2.59271,2.5,2.51927
17.8101,2.50018,2.59317,2.5,2.5183
17.8201,2.50017,2.59364,2.5,2.51732
17.8301,2.50019,2.59408,2.49999,2.51634
17.8401,2.50019,2.59453,2.5,2.51538
17.8501,2.50018,2.59496,2.50002,2.51441
17.8601,2.50018,2.59539,2.50002,2.51344
17.8701,2.50019,2.59581,2.50003,2.51248
17.8801,2.5002,2.59624,2.50003,2.5115
17.8901,2.50021,2.59667,2.50002,2.51052
17.9001,2.50022,2.59705,2.50002,2.50953
17.9101,2.50021,2.59743,2.50003,2.50853
17.9201,2.50022,2.59783,2.50003,2.50752
17.9301,2.50023,2.59821,2.50004,2.50654
17.9401,2.50023,2.59858,2.50002,2.50556
17.9501,2.50023,2.59895,2.50003,2.50455
17.9601,2.50021,2.59929,2.50003,2.50355
17.9701,2.50022,2.5996,2.50003,2.50256
17.9801,2.50021,2.59992,2.50002,2.50158
17.9901,2.50021,2.60023,2.50004,2.50058
18.0001,2.50021,2.60055,2.50005,2.49956
18.0101,2.5002,2.60086,2.50006,2.49857
18.0201,2.50021,2.60116,2.50006,2.49758
18.0301,2.50021,2.60145,2.50007,2.49658
18.0401,2.50021,2.60173,2.50008,2.49559
18.0501,2.50022,2.60201,2.50008,2.49459
18.0601,2.50023,2.60226,2.50008,2.4936
18.0701,2.50024,2.60253,2.50011,2.49259
18.0801,2.50023,2.60276,2.5001,2.49159
18.0901,2.50022,2.60299,2.50011,2.49058
18.1001,2.50023,2.60322,2.5001,2.48957
18.1101,2.50023,2.60344,2.50011,2.48856
18.1201,2.50026,2.60363,2.50011,2.48756
18.1301,2.50025,2.60382,2.50012,2.48657
18.1401,2.50025,2.60399,2.50013,2.48557
18.1501,2.50027,2.60416,2.50014,2.48458
18.1601,2.50028,2.60432,2.50016,2.48363
18.1701,2.50027,2.60449,2.50018,2.48267
18.1801,2.50027,2.60464,2.50019,2.4817
18.1901,2.50027,2.60479,2.50021,2.48074
18.2001,2.50026,2.60491,2.50022,2.4798
18.2101,2.50027,2.60501,2.50022,2.47885
18.2206,2.50027,2.60513,2.50022,2.47792
18.2301,2.50027,2.60522,2.5002,2.47699
18.2401,2.50025,2.6053,2.5002,2.47607
18.2501,2.50025,2.60539,2.5002,2.47515
18.2601,2.50025,2.60548,2.5002,2.47422
18.2701,2.50025,2.60555,2.5002,2.47329
18.2801,2.50027,2.60559,2.50023,2.47237
18.2901,2.50028,2.60563,2.50022,2.47147
18.3001,2.50027,2.60567,2.50022,2.47059
18.3101,2.50027,2.60571,2.50022,2.46971
18.3201,2.50027,2.60572,2.50023,2.46882
18.3301,2.50026,2.60573,2.50025,2.46795
18.3401,2.50025,2.60573,2.50024,2.4671
18.3501,2.50024,2.60571,2.50025,2.46625
18.3601,2.50023,2.60568,2.50025,2.46541
18.3701,2.50025,2.60565,2.50026,2.46458
18.3801,2.50025,2.60561,2.50026,2.46376
18.3901,2.50025,2.60556,2.50027,2.46295
18.4001,2.50026,2.60552,2.50026,2.46214
18.4101,2.50026,2.60545,2.50025,2.46133
18.4201,2.50027,2.60537,2.50026,2.46055
18.4301,2.50026,2.60529,2.50027,2.45977
18.4401,2.50027,2.60521,2.50028,2.45901
18.4501,2.50027,2.60513,2.50027,2.45826
18.4601,2.50027,2.60501,2.50028,2.45751
18.4701,2.50025,2.60489,2.50028,2.45678
18.4801,2.50023,2.60476,2.5003,2.45608
18.4901,2.5002,2.60463,2.50029,2.45539
18.5001,2.50021,2.60448,2.50029,2.45467
18.5101,2.50022,2.60429,2.50027,2.45398
18.5201,2.50022,2.60412,2.50029,2.45329
18.5301,2.50022,2.60395,2.50028,2.45262
18.5401,2.50022,2.60374,2.50027,2.45195
18.5501,2.5002,2.60352,2.50028,2.45129
18.5601,2.5002,2.60331,2.50028,2.45065
18.5701,2.50021,2.6031,2.50027,2.45001
18.5801,2.50021,2.60288,2.50028,2.4494
18.5901,2.5002,2.60265,2.50028,2.44881
18.6001,2.50019,2.60238,2.50029,2.44823
18.6101,2.50021,2.60212,2.50031,2.44764
18.6201,2.50022,2.60185,2.50032,2.44709
18.6301,2.50021,2.60156,2.50033,2.44654
18.6401,2.50021,2.60129,2.50033,2.44598
18.6501,2.50021,2.601,2.50033,2.44544
18.6601,2.50021,2.60069,2.50033,2.44494
18.6701,2.50021,2.60038,2.50033,2.44445
18.6801,2.50021,2.60007,2.50036,2.44397
18.6901,2.50021,2.59974,2.50035,2.4435
18.7001,2.50022,2.5994,2.50036,2.44302
18.7132,2.5002,2.59907,2.50037,2.44256
18.7208,2.50019,2.59872,2.50036,2.44213
18.7301,2.50018,2.59835,2.50035,2.44172
18.7402,2.50016,2.59796,2.50037,2.44133
18.7501,2.50016,2.59758,2.50037,2.44095
18.7601,2.50017,2.5972,2.50036,2.44059
18.7701,2.50016,2.59683,2.50035,2.44023
18.7801,2.50016,2.59645,2.50036,2.43989
18.7901,2.50015,2.59603,2.50036,2.43955
18.8001,2.50015,2.59561,2.50039,2.43923
18.8101,2.50014,2.59519,2.5004,2.43891
18.8201,2.50014,2.59475,2.5004,2.43863
18.8301,2.50015,2.59428,2.5004,2.43835
18.8401,2.50016,2.59383,2.50041,2.43808
18.8501,2.50016,2.59336,2.50041,2.43782
18.8601,2.50017,2.5929,2.50041,2.43758
18.8701,2.50017,2.59243,2.50041,2.43735
18.8801,2.50015,2.59194,2.5004,2.43715
18.8901,2.50015,2.59146,2.50042,2.43697
18.9001,2.50016,2.59097,2.50042,2.43681
18.9101,2.50016,2.59046,2.50043,2.43667
18.9201,2.50015,2.58996,2.50043,2.43655
18.9301,2.50016,2.58944,2.50042,2.43645
18.9401,2.50016,2.58891,2.50042,2.43636
18.9501,2.50016,2.58835,2.50042,2.43628
18.9601,2.50018,2.58778,2.50042,2.43621
18.9701,2.50016,2.58724,2.50043,2.43614
18.9801,2.50015,2.58667,2.50043,2.43611
18.9901,2.50014,2.5861,2.50043,2.43609
19.0001,2.50014,2.58551,2.50042,2.4361
19.0101,2.50015,2.5849,2.50041,2.43612
19.0201,2.50015,2.58432,2.50039,2.43614
19.0301,2.50015,2.58372,2.50039,2.43617
19.0401,2.50015,2.58311,2.50039,2.43624
19.0501,2.50015,2.58249,2.50039,2.43632
19.0601,2.50016,2.58187,2.50038,2.4364
19.0701,2.50016,2.58124,2.50039,2.4365
19.0801,2.50016,2.58061,2.50039,2.4366
19.0901,2.50017,2.57998,2.50038,2.43675
19.1001,2.50018,2.57934,2.50038,2.43691
19.1101,2.50018,2.57867,2.50038,2.43709
19.1201,2.50019,2.57802,2.50037,2.43729
19.1301,2.50019,2.57734,2.50036,2.43748
19.1401,2.50018,2.57665,2.50037,2.4377
19.1501,2.50018,2.57596,2.50039,2.43794
19.1601,2.50019,2.57526,2.50038,2.43818
19.1701,2.50019,2.57455,2.50037,2.43841
19.1801,2.50021,2.57385,2.50036,2.43868
19.1901,2.50022,2.57315,2.50037,2.43895
19.2001,2.50022,2.57244,2.50037,2.43926
19.2101,2.50022,2.5717,2.50036,2.43956
19.2212,2.50022,2.57096,2.50036,2.43988
19.2322,2.50023,2.57021,2.50037,2.44022
19.2401,2.50022,2.56946,2.50036,2.44058
19.2501,2.50021,2.56871,2.50038,2.44094
19.2601,2.50021,2.56795,2.50039,2.44135
19.2701,2.50021,2.5672,2.5004,2.44176
19.2801,2.50021,2.56644,2.50042,2.44219
19.2901,2.5002,2.56566,2.50042,2.44264
19.3001,2.50018,2.56488,2.50041,2.44308
19.3101,2.50016,2.56409,2.50041,2.44356
19.3201,2.50016,2.56328,2.50041,2.44405
19.3301,2.50016,2.56248,2.5004,2.44454
19.3401,2.50017,2.56167,2.50041,2.44504
19.3501,2.50017,2.56085,2.50041,2.44555
19.3601,2.50019,2.56004,2.5004,2.44606
19.3701,2.50019,2.55922,2.50041,2.4466
19.3801,2.50021,2.55839,2.5004,2.44717
19.3901,2.50023,2.55754,2.50039,2.44774
19.4001,2.50021,2.5567,2.50038,2.44831
19.4101,2.50021,2.55586,2.50039,2.44892
19.4201,2.50022,2.55501,2.50037,2.44953
19.4301,2.5002,2.55416,2.50041,2.45014
19.4401,2.50022,2.5533,2.50042,2.45077
19.4501,2.50023,2.55243,2.50041,2.45142
19.4601,2.50024,2.55155,2.50041,2.45209
19.4701,2.50026,2.55068,2.50043,2.45276
19.4801,2.50026,2.54981,2.50044,2.45344
19.4901,2.50024,2.54892,2.50045,2.45415
19.5001,2.50027,2.54803,2.50043,2.45483
19.5101,2.50027,2.54713,2.50043,2.45554
19.5201,2.50025,2.5462,2.50044,2.45626
19.5301,2.50025,2.54529,2.50044,2.457
19.5401,2.50025,2.54438,2.50044,2.45776
19.5501,2.50026,2.54347,2.50044,2.45851
19.5601,2.50028,2.54256,2.50045,2.45927
19.5701,2.50028,2.54164,2.50045,2.46004
19.5801,2.50027,2.54072,2.50046,2.46081
19.5901,2.50028,2.53978,2.50045,2.46161
19.6001,2.50027,2.53885,2.50044,2.46242
19.6101,2.50026,2.53792,2.50042,2.46324
19.6201,2.50028,2.537,2.50041,2.46406
19.6301,2.50028,2.53606,2.50042,2.46491
19.6401,2.50028,2.53513,2.50043,2.46577
19.6501,2.50028,2.53417,2.50043,2.46663
19.6601,2.50027,2.5332,2.50044,2.46747
19.6701,2.50027,2.53224,2.50046,2.46834
19.6801,2.5003,2.53127,2.50046,2.46921
19.6901,2.50032,2.53031,2.50048,2.47009
19.7001,2.50033,2.52936,2.5005,2.47098
19.7101,2.50036,2.52839,2.50049,2.47188
19.7201,2.50034,2.52743,2.50049,2.47278
19.7301,2.50034,2.52646,2.50049,2.47368
19.7401,2.50034,2.5255,2.5005,2.47459
19.7501,2.50036,2.52454,2.50048,2.4755
19.7601,2.50036,2.52359,2.50048,2.47642
19.7701,2.50036,2.52262,2.50049,2.47735
19.7801,2.50036,2.52166,2.50048,2.4783
19.7901,2.50036,2.52068,2.50049,2.47924
19.8001,2.50035,2.5197,2.50046,2.4802
19.8101,2.50035,2.51872,2.50045,2.48116
19.8201,2.50033,2.51775,2.50048,2.48213
19.8301,2.50032,2.51678,2.50048,2.48309
19.8401,2.50031,2.51579,2.50046,2.48406
19.8501,2.50032,2.51479,2.50046,2.48503
19.8601,2.50033,2.5138,2.50046,2.48602
19.8701,2.50033,2.51281,2.50046,2.48698
19.8801,2.50033,2.51181,2.50045,2.48795
19.8901,2.50034,2.51081,2.50045,2.48898
19.9001,2.50035,2.50981,2.50047,2.48997
19.9101,2.50034,2.50882,2.50047,2.49097
19.9201,2.50035,2.50782,2.50048,2.49198
19.9301,2.50036,2.50682,2.50047,2.49298
19.9401,2.50036,2.50583,2.50047,2.49397
19.9501,2.50035,2.50482,2.50047,2.49497
19.9601,2.50034,2.50384,2.50048,2.49596
19.9701,2.50035,2.50284,2.50049,2.49696
19.9801,2.50034,2.50186,2.50049,2.49795
19.9901,2.50036,2.50086,2.50049,2.49895
20.0001,2.50037,2.49987,2.50049,2.49996
20.0101,2.50035,2.49886,2.50048,2.50097
20.0201,2.50033,2.49785,2.50049,2.50197
20.0301,2.50032,2.49686,2.50047,2.50296
20.0401,2.50032,2.49586,2.50047,2.50395
20.0501,2.50033,2.49486,2.50046,2.50495
20.0601,2.50034,2.49385,2.50044,2.50594
20.0701,2.50034,2.49285,2.50044,2.50693
20.0801,2.50032,2.49187,2.50043,2.50791
20.0901,2.50033,2.49088,2.50041,2.5089
20.1001,2.50034,2.4899,2.5004,2.50987
20.1101,2.50034,2.48893,2.50041,2.51085
20.1201,2.50036,2.48796,2.50042,2.51185
20.1301,2.50036,2.48696,2.50041,2.51285
20.1401,2.50037,2.48597,2.50041,2.51381
20.1501,2.50037,2.48499,2.50041,2.51479
20.1601,2.50037,2.48401,2.5004,2.51575
20.1701,2.50037,2.48303,2.5004,2.51672
20.1801,2.50037,2.48205,2.5004,2.51769
20.1901,2.50038,2.48108,2.50037,2.51865
20.2001,2.50038,2.48013,2.50037,2.5196
20.2101,2.5004,2.47917,2.50037,2.52055
20.2201,2.5004,2.47819,2.50038,2.52149
20.2301,2.50043,2.4772,2.50037,2.52242
20.2401,2.50044,2.47622,2.50034,2.52334
20.2501,2.50043,2.47525,2.50033,2.52427
20.2601,2.50042,2.4743,2.50031,2.52519
20.2701,2.50041,2.47334,2.5003,2.52608
20.2801,2.50039,2.47239,2.50031,2.527
20.2901,2.50038,2.47142,2.50032,2.52789
20.3001,2.50038,2.47045,2.50033,2.52877
20.3101,2.50039,2.46947,2.50032,2.52967
20.3201,2.50039,2.46852,2.50032,2.53054
20.3301,2.5004,2.46757,2.50033,2.53141
20.3401,2.50041,2.46663,2.50032,2.53227
20.3501,2.50041,2.46569,2.50031,2.53312
20.3601,2.5004,2.46475,2.50031,2.53395
20.3701,2.5004,2.4638,2.50034,2.53478
20.3801,2.50041,2.46285,2.50036,2.5356
20.3901,2.5004,2.46193,2.50037,2.53642
20.4001,2.5004,2.461,2.50039,2.53725
20.4101,2.50041,2.46007,2.50038,2.53809
20.4201,2.50041,2.45916,2.50036,2.5389
20.4301,2.5004,2.45825,2.50036,2.53969
20.4401,2.50041,2.45732,2.50035,2.54048
20.4501,2.5004,2.45641,2.50035,2.54124
20.4601,2.5004,2.4555,2.50037,2.54199
20.4701,2.5004,2.45457,2.50037,2.54273
20.4801,2.5004,2.45364,2.50036,2.54345
20.4901,2.50041,2.45274,2.50035,2.54416
20.5001,2.50041,2.45185,2.50036,2.54486
20.5101,2.50042,2.45096,2.50035,2.54555
20.5201,2.50041,2.45006,2.50036,2.54623
20.5301,2.5004,2.44918,2.50036,2.54691
20.5401,2.50041,2.4483,2.50035,2.54757
20.5501,2.50041,2.44741,2.50034,2.5482
20.5601,2.50042,2.44654,2.50033,2.54885
20.5701,2.50041,2.44568,2.50034,2.54947
20.5801,2.50038,2.44481,2.50036,2.55006
20.5901,2.50037,2.44396,2.50035,2.55066
20.6001,2.50037,2.44311,2.50036,2.55126
20.6101,2.5004,2.44227,2.50035,2.55185
20.6201,2.5004,2.44144,2.50036,2.55242
20.6301,2.50041,2.44063,2.50039,2.55298
20.6401,2.50043,2.43982,2.5004,2.55351
20.6501,2.50045,2.43902,2.5004,2.55404
20.6601,2.50045,2.4382,2.5004,2.55455
20.6701,2.50046,2.43741,2.5004,2.55506
20.6801,2.50045,2.43661,2.50042,2.55556
20.6901,2.50042,2.43579,2.50043,2.55602
20.7001,2.5004,2.43501,2.50043,2.55648
20.7101,2.5004,2.43423,2.50043,2.55693
20.7201,2.50039,2.43344,2.50042,2.55736
20.7301,2.50038,2.43267,2.50042,2.55778
20.7401,2.50038,2.43191,2.50041,2.55818
20.7501,2.50038,2.43116,2.50041,2.55859
20.7601,2.50039,2.43039,2.5004,2.55897
20.7701,2.50039,2.42964,2.50042,2.55935
20.7801,2.50039,2.4289,2.50042,2.5597
20.7901,2.50042,2.42817,2.50042,2.56003
20.8001,2.50043,2.42745,2.5004,2.56035
20.8101,2.50044,2.42672,2.5004,2.56067
20.8201,2.50045,2.42602,2.5004,2.56094
20.8301,2.50045,2.42531,2.5004,2.56122
20.8401,2.50046,2.4246,2.50038,2.56148
20.8501,2.50046,2.42391,2.50037,2.56172
20.8601,2.50045,2.42321,2.50035,2.56196
20.8701,2.50044,2.42252,2.50035,2.56216
20.8801,2.50043,2.42182,2.50036,2.56235
20.8901,2.50045,2.42112,2.50036,2.56253
20.9001,2.50045,2.42047,2.50036,2.5627
20.9101,2.50044,2.41979,2.50037,2.56286
20.9201,2.50044,2.41912,2.50038,2.56299
20.9301,2.50046,2.41848,2.50037,2.56308
20.9401,2.50047,2.41786,2.50037,2.56319
20.9501,2.50048,2.41723,2.50038,2.56329
20.9601,2.50048,2.41662,2.50037,2.56336
20.9701,2.50049,2.41601,2.50037,2.5634
20.9801,2.50048,2.41541,2.50039,2.56346
20.9901,2.50049,2.41481,2.50042,2.56348
21.0001,2.50049,2.41421,2.50043,2.56348
21.0101,2.50049,2.41364,2.50043,2.56348
21.0201,2.5005,2.41306,2.50043,2.56345
21.0301,2.50051,2.41249,2.50045,2.56339
21.0401,2.50051,2.41192,2.50047,2.56332
21.0501,2.50051,2.41136,2.50047,2.56324
21.0601,2.50051,2.41083,2.50045,2.56314
21.0701,2.50051,2.4103,2.50044,2.56304
21.0801,2.50052,2.40979,2.50043,2.56293
21.0901,2.50052,2.40927,2.50042,2.56279
21.1001,2.50051,2.40875,2.50042,2.56263
21.1101,2.50052,2.40825,2.50039,2.56247
21.1201,2.50051,2.40775,2.50037,2.56228
21.1301,2.50051,2.40725,2.50037,2.56208
21.1401,2.50051,2.40676,2.50037,2.56187
21.1501,2.50052,2.40629,2.50038,2.56163
21.1601,2.50053,2.40583,2.50036,2.56138
21.1701,2.50053,2.40537,2.50034,2.56113
21.1801,2.50054,2.40495,2.50035,2.56086
21.1901,2.50055,2.40452,2.50036,2.56058
21.2001,2.50054,2.40409,2.50035,2.56028
21.2101,2.50054,2.40369,2.50035,2.55996
21.2201,2.50055,2.40329,2.50036,2.55961
21.2301,2.50056,2.40288,2.50035,2.55926
21.2401,2.50056,2.40249,2.50033,2.55889
21.2501,2.50056,2.40211,2.50033,2.55851
21.2601,2.50055,2.40173,2.50033,2.55812
21.2701,2.50055,2.40135,2.50034,2.55772
21.2801,2.50055,2.40098,2.50033,2.55731
21.2901,2.50057,2.40065,2.50032,2.55688
21.3001,2.50058,2.4003,2.50032,2.55645
21.3101,2.50058,2.39996,2.50033,2.55599
21.3201,2.50057,2.39965,2.50031,2.5555
21.3301,2.50055,2.39934,2.50033,2.555
21.3401,2.50057,2.39903,2.50034,2.55449
21.3501,2.50056,2.39872,2.50034,2.55396
21.3601,2.50057,2.39842,2.50035,2.55344
21.3701,2.50055,2.39813,2.50035,2.5529
21.3801,2.50054,2.39786,2.50036,2.55233
21.3901,2.50054,2.39759,2.50038,2.55175
21.4001,2.50054,2.39735,2.50036,2.55114
21.4101,2.50053,2.39711,2.50038,2.55052
21.4201,2.50054,2.39689,2.50038,2.5499
21.4301,2.50055,2.39668,2.5004,2.54927
21.4401,2.50054,2.39649,2.50039,2.54864
21.4501,2.50054,2.39627,2.50039,2.54801
21.4601,2.50055,2.39607,2.5004,2.54735
21.4701,2.50056,2.39589,2.5004,2.54667
21.4801,2.50056,2.39572,2.50041,2.54598
21.4901,2.50056,2.39556,2.50042,2.54528
21.5001,2.50055,2.39541,2.50045,2.54456
21.5101,2.50055,2.39524,2.50045,2.54384
21.5201,2.50057,2.39508,2.50045,2.54311
21.5301,2.50059,2.39494,2.50046,2.54236
21.5401,2.50059,2.39482,2.50046,2.54162
21.5501,2.5006,2.3947,2.50048,2.54087
21.5601,2.50059,2.39459,2.50049,2.54011
21.5701,2.50061,2.39448,2.50047,2.53933
21.5801,2.50059,2.3944,2.50046,2.53854
21.5901,2.50058,2.39433,2.50045,2.53773
21.6001,2.50057,2.39426,2.50043,2.53694
21.6101,2.50056,2.39421,2.50045,2.53613
21.6201,2.50054,2.39416,2.50046,2.53529
21.6301,2.50053,2.39413,2.50047,2.53443
21.6401,2.50053,2.39411,2.50049,2.5336
21.6501,2.50054,2.39408,2.50048,2.53276
21.6601,2.50054,2.39408,2.50049,2.53191
21.6701,2.50054,2.39408,2.5005,2.53103
21.6801,2.50053,2.3941,2.50051,2.53015
21.6901,2.5005,2.39412,2.50053,2.52925
21.7001,2.50048,2.39416,2.50054,2.52837
21.7101,2.50047,2.39419,2.50053,2.52746
21.7201,2.50048,2.39423,2.50052,2.52657
21.7301,2.50047,2.39429,2.50051,2.52565
21.7401,2.50047,2.39434,2.50051,2.52474
21.7501,2.50044,2.39442,2.5005,2.52382
21.7601,2.50045,2.39448,2.50051,2.52287
21.7701,2.50046,2.39457,2.50049,2.52194
21.7801,2.50046,2.39469,2.50047,2.521
21.7901,2.50045,2.3948,2.50047,2.52006
21.8001,2.50046,2.39492,2.50047,2.51909
21.8101,2.50045,2.39506,2.50046,2.51813
21.8201,2.50044,2.3952,2.50047,2.51717
21.8301,2.50047,2.39535,2.50046,2.51621
21.8401,2.50046,2.39551,2.50048,2.51525
21.8501,2.50046,2.39568,2.50049,2.51429
21.8601,2.50047,2.39586,2.5005,2.51334
21.8701,2.50048,2.39605,2.50051,2.51237
21.8801,2.50047,2.39624,2.50049,2.51139
21.8901,2.50048,2.39644,2.50049,2.51039
21.9001,2.5005,2.39666,2.5005,2.5094
21.9101,2.5005,2.39688,2.5005,2.5084
21.9201,2.50051,2.39714,2.5005,2.5074
21.9301,2.50048,2.39737,2.5005,2.50639
21.9401,2.50049,2.3976,2.50052,2.50539
21.9501,2.5005,2.39787,2.50052,2.50439
21.9601,2.5005,2.39814,2.50052,2.50339
21.9701,2.5005,2.39842,2.50053,2.5024
21.9801,2.50051,2.39869,2.50053,2.5014
21.9901,2.5005,2.39899,2.50054,2.5004
22.0001,2.50048,2.39931,2.50054,2.49941
22.0101,2.50047,2.39962,2.50054,2.49843
22.0201,2.50047,2.39993,2.50053,2.49744
22.0301,2.50047,2.40028,2.50051,2.49644
22.0401,2.50048,2.40062,2.50052,2.49544
22.0501,2.50049,2.40098,2.50052,2.49442
22.0601,2.5005,2.40134,2.50051,2.49341
22.0701,2.5005,2.40171,2.50053,2.49243
22.0801,2.50049,2.4021,2.50054,2.49143
22.0901,2.50049,2.4025,2.50053,2.49046
22.1001,2.50049,2.4029,2.50054,2.48948
22.1101,2.50052,2.40329,2.50052,2.4885
22.1201,2.50052,2.40369,2.50051,2.48753
22.1301,2.50049,2.40411,2.50049,2.48657
22.1401,2.50047,2.40454,2.50047,2.4856
22.1501,2.50048,2.40497,2.50047,2.48463
22.1601,2.50048,2.40541,2.50044,2.48366
22.1701,2.50046,2.40586,2.50043,2.48268
22.1801,2.50047,2.40632,2.50044,2.48172
22.1901,2.50046,2.4068,2.50044,2.48077
22.2001,2.50046,2.40727,2.50045,2.47983
22.2101,2.50046,2.40775,2.50046,2.47888
22.2201,2.50048,2.40825,2.50046,2.47794
22.2301,2.50048,2.40874,2.50046,2.47701
22.2401,2.50047,2.40925,2.50046,2.47607
22.2501,2.50045,2.40977,2.50045,2.47515
22.2601,2.50045,2.41032,2.50043,2.47423
22.2701,2.50046,2.41087,2.50044,2.4733
22.2801,2.50046,2.41142,2.50046,2.4724
22.2901,2.50045,2.41199,2.50047,2.47149
22.3001,2.50044,2.41256,2.50049,2.47059
22.3101,2.50043,2.41314,2.50048,2.46971
22.3201,2.50043,2.41371,2.50048,2.46884
22.3301,2.50042,2.4143,2.50048,2.46795
22.3401,2.50042,2.41487,2.50049,2.46709
22.3501,2.50043,2.41547,2.50048,2.46623
22.3601,2.50043,2.41607,2.50049,2.46539
22.3701,2.50044,2.41668,2.50049,2.46455
22.3801,2.50044,2.41731,2.50048,2.46373
22.3901,2.50044,2.41793,2.50048,2.46292
22.4001,2.50045,2.41855,2.50048,2.46212
22.4101,2.50044,2.41919,2.50048,2.46132
22.4201,2.50044,2.41985,2.50047,2.46053
22.4301,2.50043,2.42051,2.50047,2.45975
22.4401,2.50042,2.42117,2.50046,2.45902
22.4501,2.50041,2.42184,2.50046,2.45828
22.4601,2.50041,2.42252,2.50044,2.45753
22.4701,2.50041,2.4232,2.50044,2.45679
22.4801,2.5004,2.42389,2.50045,2.45607
22.4901,2.5004,2.42461,2.50046,2.45537
22.5001,2.50041,2.42532,2.50047,2.45468
22.5101,2.50041,2.42602,2.50045,2.45397
22.5201,2.50041,2.42674,2.50045,2.45329
22.5301,2.5004,2.42747,2.50047,2.45259
22.5401,2.50039,2.42819,2.50049,2.45193
22.5501,2.50039,2.42892,2.50051,2.45127
22.5601,2.5004,2.42967,2.50052,2.45064
22.5701,2.50042,2.43042,2.50055,2.44998
22.5801,2.50042,2.43119,2.50053,2.44936
22.5901,2.50042,2.43196,2.50051,2.44876
22.6001,2.50042,2.43274,2.50051,2.44817
22.6101,2.50041,2.43352,2.50053,2.4476
22.6201,2.50041,2.4343,2.50056,2.44703
22.6301,2.50042,2.43509,2.50056,2.44648
22.6401,2.50043,2.43587,2.50056,2.44592
22.6501,2.50043,2.43665,2.50056,2.44539
22.6601,2.50043,2.43746,2.50057,2.44488
22.6701,2.50043,2.43827,2.50056,2.44437
22.6801,2.50042,2.4391,2.50056,2.44389
22.6901,2.50042,2.43993,2.50056,2.44342
22.7011,2.50041,2.44077,2.50056,2.44297
22.7101,2.50041,2.44161,2.50056,2.44252
22.7201,2.50041,2.44245,2.50057,2.44211
22.7301,2.50041,2.4433,2.50058,2.44168
22.7401,2.50041,2.44416,2.50059,2.44129
22.7501,2.5004,2.44502,2.5006,2.4409
22.7601,2.5004,2.44589,2.5006,2.44054
22.7701,2.5004,2.44676,2.50061,2.44019
22.7801,2.5004,2.44762,2.50063,2.43983
22.7901,2.50042,2.44849,2.50062,2.4395
22.8001,2.50039,2.44936,2.50063,2.43918
22.8101,2.5004,2.45023,2.50063,2.43888
22.8201,2.50041,2.4511,2.50063,2.43859
22.8301,2.50039,2.45199,2.50062,2.4383
22.8401,2.50038,2.45288,2.50064,2.43805
22.8501,2.50038,2.45377,2.50063,2.43781
22.8601,2.50039,2.45467,2.50063,2.43759
22.8701,2.50037,2.45557,2.50064,2.43736
22.8801,2.50038,2.45648,2.50063,2.43717
22.8901,2.5004,2.45738,2.50064,2.43699
22.9001,2.50041,2.45829,2.50064,2.43682
22.9101,2.50042,2.45923,2.50066,2.43668
22.9201,2.50042,2.46016,2.50067,2.43655
22.9301,2.50043,2.4611,2.50067,2.43644
22.9401,2.50043,2.46203,2.50066,2.43634
22.9501,2.50042,2.46296,2.50063,2.43626
22.9601,2.50044,2.4639,2.50062,2.43619
22.9701,2.50044,2.46485,2.50058,2.43613
22.9801,2.50045,2.4658,2.50058,2.43607
22.9901,2.50047,2.46675,2.50057,2.43602
23.0001,2.50047,2.4677,2.50057,2.43602
23.0101,2.50046,2.46867,2.50058,2.43603
23.0201,2.50044,2.46963,2.50058,2.43604
23.0301,2.50045,2.47058,2.50057,2.43607
23.0401,2.50045,2.47154,2.50057,2.43612
23.0501,2.50047,2.47251,2.50058,2.43618
23.0601,2.50047,2.47348,2.50059,2.43626
23.0701,2.50047,2.47444,2.50062,2.43637
23.0801,2.50048,2.47541,2.50063,2.4365
23.0901,2.50047,2.47636,2.50064,2.43664
23.1001,2.50046,2.47733,2.50065,2.43678
23.1101,2.50047,2.47833,2.50065,2.43695
23.1201,2.50047,2.47931,2.50064,2.43711
23.1301,2.50047,2.48028,2.50062,2.4373
23.1401,2.50048,2.48124,2.50061,2.43751
23.1501,2.50048,2.4822,2.50061,2.43773
23.1601,2.50047,2.48317,2.50062,2.43797
23.1701,2.50046,2.48416,2.50063,2.43824
23.1801,2.50044,2.48513,2.50062,2.43849
23.1901,2.50045,2.4861,2.50064,2.43877
23.2001,2.50045,2.48708,2.50065,2.43909
23.2101,2.50044,2.48806,2.50066,2.43941
23.2201,2.50045,2.48906,2.50065,2.43976
23.2301,2.50044,2.49006,2.50066,2.44011
23.2401,2.50046,2.49106,2.50066,2.44048
23.2501,2.50047,2.49205,2.50068,2.44087
23.2601,2.50048,2.49305,2.50068,2.44127
23.2701,2.50049,2.49404,2.50069,2.44164
23.2801,2.5005,2.49502,2.50071,2.44204
23.2901,2.50051,2.49602,2.50072,2.44246
23.3001,2.50049,2.497,2.50072,2.4429
23.3101,2.50047,2.498,2.5007,2.44334
23.3201,2.50049,2.49901,2.50072,2.44382
23.3301,2.5005,2.5,2.50071,2.44432
23.3401,2.5005,2.501,2.50072,2.44482
23.3501,2.5005,2.502,2.50072,2.44534
23.3601,2.5005,2.503,2.50071,2.44588
23.3701,2.50048,2.50399,2.50071,2.44643
23.3801,2.50049,2.50499,2.5007,2.44699
23.3901,2.50051,2.506,2.50069,2.44755
23.4001,2.50053,2.507,2.50068,2.44815
23.4101,2.50054,2.50798,2.50068,2.44874
23.4201,2.50054,2.50897,2.50068,2.44935
23.4301,2.50053,2.50997,2.50067,2.44997
23.4401,2.50053,2.51095,2.50067,2.45058
23.4501,2.50052,2.51194,2.50066,2.45122
23.4601,2.50052,2.51294,2.50064,2.45188
23.4701,2.50051,2.51392,2.50063,2.45256
23.4801,2.50047,2.5149,2.50063,2.45325
23.4901,2.50045,2.51588,2.50064,2.45396
23.5001,2.50044,2.51687,2.50065,2.45466
23.5101,2.50044,2.51784,2.50064,2.45538
23.5201,2.50043,2.51882,2.50062,2.4561
23.5301,2.50044,2.5198,2.50063,2.45684
23.5401,2.50045,2.5208,2.50062,2.45759
23.5501,2.50044,2.52178,2.50058,2.45836
23.5601,2.50042,2.52277,2.50057,2.45912
23.5701,2.50041,2.52374,2.50056,2.4599
23.5801,2.50041,2.52471,2.50056,2.46066
23.5901,2.50041,2.52568,2.50056,2.46146
23.6001,2.5004,2.52665,2.50057,2.46228
23.6101,2.50041,2.52761,2.50057,2.4631
23.6201,2.50043,2.52857,2.50057,2.46393
23.6301,2.50043,2.52953,2.50058,2.46474
23.6401,2.50045,2.53048,2.5006,2.46558
23.6501,2.50047,2.53143,2.5006,2.46643
23.6601,2.50047,2.53238,2.5006,2.46728
23.6701,2.50047,2.53333,2.50061,2.46814
23.6801,2.50047,2.53427,2.50062,2.46901
23.6904,2.50046,2.53521,2.5006,2.46991
23.7001,2.50045,2.53613,2.5006,2.47079
23.7101,2.50046,2.53705,2.50059,2.4717
23.7201,2.50044,2.53799,2.50058,2.47262
23.7309,2.50044,2.53894,2.5006,2.47355
23.7401,2.50042,2.53986,2.50062,2.47447
23.7501,2.50043,2.54079,2.50059,2.4754
23.7601,2.50045,2.54173,2.50061,2.47632
23.7701,2.50044,2.54265,2.5006,2.47726
23.7801,2.50041,2.54355,2.50061,2.4782
23.7901,2.50041,2.54448,2.50063,2.47914
23.8001,2.50043,2.54539,2.50063,2.48009
23.8101,2.50043,2.5463,2.50061,2.48105
23.8201,2.50046,2.54721,2.5006,2.482
23.8301,2.50046,2.54809,2.50059,2.48297
23.8401,2.50046,2.54898,2.50058,2.48393
23.8501,2.50045,2.54986,2.5006,2.48487
23.8601,2.50044,2.55073,2.5006,2.48585
23.8701,2.50043,2.55159,2.50061,2.48681
23.8801,2.50044,2.55247,2.50058,2.4878
23.8901,2.50044,2.55331,2.50057,2.4888
23.9001,2.50044,2.55417,2.50055,2.4898
23.9101,2.50041,2.55503,2.50054,2.49079
23.9201,2.50041,2.5559,2.50053,2.4918
23.9301,2.50042,2.55675,2.50053,2.4928
23.9401,2.50042,2.5576,2.50053,2.49379
23.9501,2.50041,2.55845,2.50054,2.49477
23.9601,2.5004,2.55929,2.50054,2.49575
23.9701,2.50041,2.5601,2.50055,2.49676
23.9801,2.50041,2.56091,2.50055,2.49775
23.9901,2.50042,2.56174,2.50053,2.49878
24.0001,2.5004,2.56256,2.50053,2.4998
24.0101,2.50039,2.56336,2.50053,2.50081
24.0201,2.5004,2.56415,2.50055,2.50183
24.0301,2.50041,2.56494,2.50056,2.50285
24.0401,2.50043,2.56572,2.50055,2.50385
24.0501,2.50043,2.56649,2.50055,2.50485
24.0601,2.50042,2.56726,2.50055,2.50585
24.0701,2.50044,2.56804,2.50057,2.50684
24.0801,2.50045,2.5688,2.50055,2.50782
24.0901,2.50043,2.56956,2.50055,2.50881
24.1001,2.50042,2.57032,2.50056,2.5098
24.1101,2.50041,2.57105,2.50054,2.51079
24.1201,2.5004,2.57179,2.50053,2.51178
24.1301,2.5004,2.57253,2.50052,2.51278
24.1401,2.50039,2.57322,2.50053,2.51377
24.1501,2.50039,2.57394,2.50053,2.51476
24.1601,2.50039,2.57464,2.50054,2.51572
24.1701,2.50041,2.57535,2.50052,2.51669
24.1801,2.50041,2.57605,2.50051,2.51767
24.1901,2.5004,2.57674,2.5005,2.51863
24.2001,2.50039,2.57741,2.50048,2.51955
24.2101,2.50036,2.5781,2.50046,2.5205
24.2201,2.50035,2.57879,2.50045,2.52145
24.2301,2.50034,2.57946,2.50044,2.52239
24.2401,2.50035,2.5801,2.50046,2.52331
24.2501,2.50035,2.58076,2.50045,2.52422
24.2601,2.50036,2.58139,2.50044,2.52513
24.2701,2.50036,2.58206,2.50042,2.52605
24.2801,2.50035,2.5827,2.50043,2.52696
24.2901,2.50036,2.58331,2.50043,2.52785
24.3001,2.50034,2.58392,2.50044,2.52874
24.3101,2.50032,2.58452,2.50042,2.52962
24.3201,2.50032,2.58512,2.50042,2.53051
24.3301,2.50034,2.58571,2.50043,2.53139
24.3401,2.50034,2.58629,2.50043,2.53224
24.3501,2.50035,2.58687,2.50042,2.53311
24.3601,2.50037,2.58744,2.50042,2.53398
24.3701,2.50037,2.588,2.50043,2.53484
24.3801,2.50038,2.58854,2.50046,2.53568
24.3901,2.50038,2.58908,2.50048,2.5365
24.4001,2.50037,2.58961,2.50046,2.53733
24.4101,2.50037,2.59015,2.50047,2.53813
24.4201,2.50038,2.59066,2.50047,2.53891
24.4301,2.50039,2.59118,2.50049,2.53967
24.4401,2.50039,2.59169,2.50048,2.54046
24.4501,2.50039,2.5922,2.50048,2.54122
24.4601,2.50039,2.5927,2.50047,2.54198
24.4701,2.50037,2.59319,2.50048,2.54274
24.4801,2.50037,2.59367,2.50049,2.54348
24.4901,2.50036,2.59415,2.5005,2.5442
24.5001,2.50037,2.59461,2.50049,2.54491
24.5101,2.50037,2.59506,2.50049,2.5456
24.5201,2.50038,2.59549,2.50048,2.54628
24.5301,2.5004,2.59588,2.50048,2.54696
24.5401,2.50042,2.5963,2.50047,2.54763
24.5501,2.50042,2.59671,2.50048,2.54828
24.5601,2.50044,2.59711,2.50048,2.54893
24.5701,2.50047,2.59752,2.50046,2.54956
24.5801,2.50046,2.59792,2.50046,2.55017
24.5901,2.50047,2.59831,2.50047,2.55076
24.6001,2.50048,2.59868,2.50046,2.55136
24.6101,2.50048,2.59905,2.50047,2.55193
24.6201,2.5005,2.59938,2.50045,2.55249
24.6301,2.5005,2.59971,2.50045,2.55305
24.6401,2.5005,2.60003,2.50045,2.55359
24.6501,2.5005,2.60036,2.50043,2.5541
24.6601,2.50053,2.60068,2.50043,2.55462
24.6701,2.50054,2.601,2.50041,2.55513
24.6801,2.50056,2.60131,2.50042,2.55562
24.6904,2.50057,2.60161,2.50042,2.5561
24.7001,2.50058,2.6019,2.50044,2.55656
24.7101,2.50058,2.60218,2.50045,2.55702
24.7201,2.50059,2.60246,2.50046,2.55745
24.7301,2.5006,2.60269,2.50047,2.55787
24.7401,2.50062,2.60292,2.50047,2.55829
24.7501,2.50062,2.60314,2.50048,2.55867
24.7601,2.50064,2.60337,2.50047,2.55902
24.7701,2.50065,2.60359,2.50046,2.55938
24.7801,2.50066,2.6038,2.50047,2.55973
24.7901,2.50066,2.60399,2.50046,2.56006
24.8001,2.50066,2.60417,2.50045,2.5604
24.8101,2.50067,2.60435,2.50046,2.56069
24.8201,2.50067,2.60452,2.50048,2.56098
24.8301,2.50067,2.60467,2.50047,2.56125
24.8401,2.50067,2.60484,2.50048,2.56149
24.8501,2.50066,2.605,2.50048,2.56171
24.8601,2.50066,2.60513,2.5005,2.56194
24.8701,2.50064,2.60526,2.5005,2.56216
24.8801,2.50062,2.60537,2.5005,2.56235
24.8901,2.50061,2.60546,2.50048,2.56254
24.9001,2.50058,2.60555,2.50047,2.56272
24.9101,2.50057,2.60564,2.50046,2.56286
24.9201,2.50057,2.60572,2.50046,2.56299
24.9301,2.50056,2.60579,2.50046,2.56312
24.9401,2.50054,2.60585,2.50046,2.5632
24.9501,2.50052,2.60592,2.50047,2.56329
24.9601,2.50049,2.60598,2.50048,2.56335
24.9701,2.50049,2.60602,2.50049,2.56339
24.9801,2.5005,2.60606,2.50048,2.56342
24.9901,2.50051,2.60609,2.50048,2.56346
25.0001,2.5005,2.6061,2.50048,2.56347
25.0101,2.5005,2.6061,2.5005,2.56346
25.0201,2.50051,2.60608,2.5005,2.56344
25.0301,2.50053,2.60605,2.5005,2.56341
25.0401,2.50052,2.60602,2.50048,2.56335
25.0501,2.50053,2.60596,2.50047,2.56328
25.0601,2.50053,2.60591,2.50047,2.56319
25.0701,2.50053,2.60586,2.50048,2.56306
25.0801,2.50055,2.60578,2.50048,2.56294
25.0901,2.50053,2.6057,2.50048,2.56282
25.1001,2.50051,2.60562,2.50048,2.56267
25.1101,2.5005,2.60552,2.5005,2.56251
25.1201,2.50049,2.6054,2.50051,2.56231
25.1301,2.50047,2.60528,2.50049,2.56211
25.1401,2.50045,2.60515,2.50051,2.5619
25.1501,2.50043,2.60499,2.50051,2.56167
25.1601,2.50044,2.60484,2.50051,2.56144
25.1701,2.50044,2.6047,2.50051,2.56118
25.1801,2.50044,2.60454,2.5005,2.5609
25.1901,2.50043,2.60437,2.5005,2.56059
25.2001,2.50042,2.60417,2.50049,2.56028
25.2101,2.50043,2.60396,2.50047,2.55997
25.2201,2.50042,2.60375,2.50047,2.55964
25.2302,2.50044,2.60353,2.50045,2.55928
25.2401,2.50042,2.60331,2.50044,2.5589
25.2501,2.50041,2.60307,2.50044,2.55851
25.2601,2.5004,2.60284,2.50045,2.5581
25.2701,2.50041,2.6026,2.50046,2.55767
25.2802,2.5004,2.60235,2.50044,2.55725
25.2901,2.5004,2.60207,2.50043,2.55684
25.3001,2.50041,2.6018,2.50043,2.5564
25.3101,2.5004,2.60151,2.50044,2.55595
25.3201,2.50041,2.60121,2.50046,2.55549
25.3301,2.50041,2.6009,2.50046,2.55499
25.3401,2.50042,2.60057,2.50045,2.5545
25.3501,2.50041,2.60024,2.50046,2.55398
25.3601,2.50039,2.59991,2.50047,2.55344
25.3701,2.50039,2.59958,2.50047,2.55289
25.3801,2.50038,2.59923,2.50047,2.55233
25.3901,2.50038,2.59887,2.50046,2.55177
25.4001,2.50038,2.59849,2.50044,2.55119
25.4101,2.5004,2.59811,2.50043,2.5506
25.4201,2.5004,2.59772,2.50043,2.55001
25.4301,2.50041,2.59734,2.50043,2.54938
25.4401,2.50041,2.59695,2.50042,2.54874
25.4501,2.50041,2.59653,2.5004,2.54809
25.4601,2.50041,2.5961,2.50039,2.54745
25.4701,2.5004,2.59567,2.50038,2.54679
25.4801,2.5004,2.59525,2.50039,2.5461
25.4901,2.50038,2.5948,2.50039,2.5454
25.5001,2.50037,2.59435,2.50038,2.5447
25.5101,2.50038,2.59388,2.50037,2.544
25.5201,2.50037,2.59343,2.50035,2.54326
25.5301,2.50036,2.59295,2.50035,2.54253
25.5401,2.50035,2.59248,2.50036,2.54178
25.5501,2.50035,2.59198,2.50036,2.54103
25.5601,2.50036,2.59148,2.50037,2.54028
25.5701,2.50036,2.59098,2.50036,2.53951
25.5801,2.50036,2.59045,2.50036,2.53872
25.5901,2.50033,2.58992,2.50036,2.53793
25.6001,2.50031,2.58937,2.50036,2.53712
25.6101,2.50031,2.58882,2.50036,2.53632
25.6201,2.5003,2.58827,2.50036,2.53551
25.6301,2.5003,2.58772,2.50036,2.5347
25.6401,2.5003,2.58715,2.50036,2.53387
25.6501,2.5003,2.58658,2.50037,2.53302
25.6601,2.5003,2.586,2.50037,2.53217
25.6701,2.50029,2.58541,2.50036,2.53131
25.6801,2.50028,2.58481,2.50036,2.53046
25.6901,2.50027,2.58422,2.50036,2.52959
25.7005,2.50025,2.58361,2.50036,2.5287
25.7101,2.50023,2.583,2.50036,2.52782
25.7201,2.50024,2.58237,2.50037,2.52692
25.7301,2.50025,2.58175,2.50037,2.52601
25.7401,2.50027,2.58112,2.50035,2.52508
25.7501,2.50028,2.58047,2.50033,2.52415
25.7601,2.50029,2.57984,2.50032,2.52321
25.7701,2.50028,2.57918,2.50031,2.52228
25.7802,2.50027,2.57849,2.50032,2.52134
25.7901,2.50027,2.57781,2.50033,2.5204
25.8001,2.50028,2.57713,2.50034,2.51945
25.8101,2.50027,2.57644,2.50036,2.5185
25.8201,2.50027,2.57575,2.50036,2.51752
25.8301,2.50028,2.57504,2.50035,2.51656
25.8401,2.5003,2.57431,2.50034,2.51557
25.8501,2.5003,2.5736,2.50035,2.51459
25.8601,2.50028,2.57288,2.50035,2.51362
25.8701,2.50029,2.57215,2.50035,2.51264
25.8801,2.50027,2.57142,2.50036,2.51165
25.8901,2.50027,2.57069,2.50034,2.51064
25.9001,2.50029,2.56992,2.50035,2.50965
25.9101,2.50028,2.56917,2.50035,2.50865
25.9201,2.5003,2.56842,2.50036,2.50767
25.9301,2.5003,2.56765,2.50037,2.50668
25.9401,2.50031,2.56687,2.50037,2.50569
25.9501,2.50031,2.5661,2.50036,2.50468
25.9601,2.50032,2.56533,2.50035,2.50367
25.9701,2.50031,2.56453,2.50035,2.50268
25.9801,2.50029,2.56372,2.50035,2.50168
25.9901,2.50028,2.56291,2.50036,2.50067
26.0001,2.50027,2.56209,2.50035,2.49967
26.0101,2.50026,2.56127,2.50034,2.49867
26.0201,2.50026,2.56044,2.50033,2.49766
26.0301,2.50025,2.5596,2.50032,2.49666
26.0401,2.50026,2.55879,2.50033,2.49566
26.0501,2.50024,2.55796,2.50035,2.49466
26.0601,2.50024,2.5571,2.50033,2.49365
26.0701,2.50025,2.55625,2.50033,2.49265
26.0801,2.50025,2.55541,2.50032,2.49165
26.0901,2.50023,2.55457,2.50034,2.49067
26.1001,2.50023,2.55373,2.50035,2.48968
26.1101,2.50024,2.55288,2.50037,2.4887
26.1201,2.50025,2.55201,2.50037,2.4877
26.1301,2.50024,2.55115,2.50036,2.48672
26.1401,2.50024,2.55028,2.50036,2.48573
26.1501,2.50023,2.5494,2.50037,2.48475
26.1601,2.50024,2.54852,2.50036,2.48379
26.1701,2.50022,2.54762,2.50036,2.48283
26.1801,2.50022,2.54673,2.50036,2.48188
26.1901,2.50024,2.54581,2.50037,2.48094
26.2001,2.50024,2.5449,2.50039,2.47998
26.2101,2.50025,2.54399,2.50037,2.47904
26.2201,2.50025,2.54307,2.50036,2.47811
26.2301,2.50024,2.54214,2.50036,2.47719
26.2404,2.50024,2.54121,2.50035,2.47623
26.2501,2.50024,2.54029,2.50035,2.4753
26.2601,2.50025,2.53938,2.50035,2.47439
26.2701,2.50025,2.53848,2.50035,2.47347
26.2801,2.50026,2.53756,2.50035,2.47254
26.2902,2.50026,2.53663,2.50036,2.47163
26.3001,2.50027,2.53569,2.50037,2.47073
26.3101,2.50027,2.53473,2.50038,2.46983
26.3201,2.50027,2.53378,2.50038,2.46896
26.3301,2.50027,2.53283,2.50038,2.46808
26.3401,2.50027,2.53188,2.50037,2.46721
26.3501,2.50026,2.53092,2.50036,2.46635
26.3601,2.50026,2.52996,2.50037,2.46553
26.3701,2.50027,2.52899,2.50037,2.46469
26.3801,2.50028,2.52801,2.50037,2.46387
26.3901,2.50028,2.52704,2.50036,2.46304
26.4001,2.50029,2.52607,2.50036,2.4622
26.4101,2.50029,2.52511,2.50033,2.46139
26.4201,2.50029,2.52409,2.50031,2.46059
26.4301,2.50028,2.52312,2.50031,2.4598
26.4401,2.50029,2.52212,2.50032,2.45903
26.4501,2.5003,2.52115,2.50031,2.45828
26.4601,2.5003,2.52017,2.50032,2.45753
26.4701,2.5003,2.51921,2.50032,2.45678
26.4801,2.50031,2.51822,2.50031,2.45606
26.4901,2.50031,2.51723,2.50032,2.45534
26.5001,2.50032,2.51624,2.50033,2.45463
26.5101,2.50034,2.51524,2.50033,2.45392
26.5201,2.50036,2.51424,2.50033,2.45325
26.5301,2.50037,2.51325,2.50034,2.45257
26.5401,2.50039,2.51225,2.50035,2.4519
26.5501,2.50041,2.51127,2.50036,2.45125
26.5601,2.50041,2.51027,2.50036,2.45063
26.5701,2.50041,2.50927,2.50038,2.45
26.5801,2.50041,2.50826,2.50037,2.44939
26.5901,2.5004,2.50726,2.50037,2.44879
26.6001,2.50038,2.50626,2.50038,2.4482
26.6101,2.50037,2.50525,2.50038,2.44761
26.6201,2.50036,2.50423,2.50035,2.44704
26.6301,2.50034,2.50322,2.50036,2.44649
26.6401,2.50034,2.50222,2.50038,2.44594
26.6501,2.50036,2.50123,2.50037,2.44539
26.6601,2.50037,2.50024,2.50036,2.44487
26.6701,2.50037,2.49924,2.50036,2.44437
26.6801,2.50036,2.49823,2.50035,2.44388
26.6901,2.50036,2.49723,2.50034,2.44341
26.7001,2.50036,2.49621,2.50034,2.44297
26.7101,2.50035,2.49519,2.50032,2.44253
26.7201,2.50034,2.49417,2.50033,2.44209
26.7301,2.50035,2.49317,2.50033,2.44167
26.7401,2.50035,2.49217,2.50033,2.44127
26.7502,2.50036,2.49117,2.50033,2.44088
26.7601,2.50036,2.49019,2.50033,2.44052
26.7701,2.50036,2.4892,2.50033,2.44017
26.7801,2.50035,2.4882,2.50033,2.43981
26.7901,2.50035,2.48718,2.50032,2.43949
26.8001,2.50036,2.48617,2.50032,2.43916
26.8101,2.50036,2.48519,2.50033,2.43886
26.8201,2.50037,2.48419,2.50034,2.43857
26.8301,2.50037,2.48321,2.50033,2.4383
26.8401,2.50038,2.48222,2.50032,2.43803
26.8501,2.50039,2.48123,2.50031,2.43778
26.8601,2.5004,2.48025,2.5003,2.43757
26.8701,2.50038,2.47928,2.50031,2.43737
26.8801,2.50039,2.4783,2.50031,2.4372
26.8901,2.5004,2.47732,2.50029,2.43703
26.9001,2.50041,2.47633,2.5003,2.43687
26.9101,2.5004,2.47535,2.5003,2.43671
26.9201,2.50039,2.47437,2.50029,2.43657
26.9301,2.50037,2.47339,2.50027,2.43647
26.9401,2.50038,2.4724,2.50026,2.43638
26.9501,2.5004,2.47141,2.50025,2.43628
26.9601,2.50039,2.47043,2.50025,2.43619
26.9701,2.50041,2.46946,2.50025,2.43614
26.9801,2.5004,2.4685,2.50024,2.43611
26.9901,2.5004,2.46756,2.50022,2.43608
27.0001,2.50038,2.4666,2.50021,2.43607
27.0101,2.50038,2.46566,2.5002,2.43606
27.0201,2.50037,2.46472,2.5002,2.43609
27.0301,2.50038,2.46378,2.50021,2.43612
27.0401,2.50037,2.46284,2.50021,2.43615
27.0501,2.50036,2.46192,2.50022,2.43622
27.0601,2.50036,2.46099,2.50023,2.43631
27.0701,2.50035,2.46003,2.50022,2.43642
27.0801,2.50034,2.45909,2.50023,2.43653
27.0901,2.50032,2.45814,2.50023,2.43666
27.1001,2.50031,2.45723,2.50022,2.43681
27.1101,2.5003,2.45633,2.50022,2.43698
27.1201,2.5003,2.45541,2.5002,2.43715
27.1301,2.50031,2.45449,2.50021,2.43734
27.1401,2.5003,2.45357,2.50021,2.43753
27.1501,2.50028,2.45268,2.50023,2.43776
27.1601,2.50029,2.45178,2.50024,2.43799
27.1701,2.50031,2.45091,2.50024,2.43828
27.1801,2.50031,2.45001,2.50024,2.43857
27.1901,2.50033,2.44912,2.50023,2.43887
27.2001,2.50034,2.44824,2.50022,2.43917
27.2101,2.50034,2.44738,2.50021,2.43949
27.2201,2.50035,2.4465,2.50022,2.43981
27.2301,2.50035,2.44563,2.50022,2.44016
27.2405,2.50034,2.44477,2.50022,2.44054
27.2501,2.50034,2.44392,2.50024,2.44091
27.2601,2.50035,2.44308,2.50026,2.4413
27.2701,2.50033,2.44224,2.50024,2.4417
27.2801,2.50034,2.44141,2.50025,2.44214
27.2901,2.50033,2.44057,2.50024,2.44256
27.3001,2.50032,2.43974,2.50025,2.44301
27.3101,2.50032,2.4389,2.50024,2.44348
27.3201,2.50033,2.43807,2.50024,2.44395
27.3301,2.50034,2.43722,2.50025,2.44446
27.3401,2.50033,2.43641,2.50026,2.44499
27.3501,2.50033,2.43561,2.50025,2.44554
27.3601,2.50035,2.43481,2.50026,2.44609
27.3701,2.50037,2.43401,2.50026,2.44665
27.3801,2.50039,2.43321,2.50025,2.44719
27.3901,2.50041,2.43243,2.50025,2.44774
27.4001,2.50041,2.43165,2.50026,2.44832
27.4101,2.50041,2.43089,2.50024,2.44891
27.4201,2.50041,2.43012,2.50024,2.44954
27.4301,2.50042,2.42935,2.50024,2.45016
27.4401,2.50044,2.42859,2.50024,2.45078
27.4501,2.50046,2.42782,2.50024,2.4514
27.4601,2.50045,2.42707,2.50024,2.45204
27.4701,2.50043,2.42634,2.50024,2.45272
27.4801,2.50044,2.42562,2.50025,2.45342
27.4901,2.50043,2.4249,2.50025,2.45411
27.5001,2.50042,2.42419,2.50025,2.45481
27.5101,2.50042,2.42349,2.50025,2.45551
27.5201,2.50044,2.4228,2.50023,2.45624
27.5301,2.50045,2.42212,2.50022,2.45698
27.5401,2.50045,2.42142,2.50022,2.45772
27.5501,2.50046,2.42074,2.50022,2.45847
27.5601,2.50046,2.42008,2.50021,2.45924
27.5701,2.50047,2.41944,2.50021,2.46002
27.5801,2.50048,2.4188,2.50022,2.46083
27.5901,2.50049,2.41817,2.50023,2.46164
27.6001,2.50048,2.41753,2.50023,2.46243
27.6101,2.50047,2.41689,2.50025,2.46323
27.6201,2.50047,2.41625,2.50027,2.46404
27.6301,2.50046,2.41567,2.50029,2.46489
27.6401,2.50044,2.41504,2.50028,2.46572
27.6501,2.50043,2.41445,2.50027,2.46657
27.6601,2.50044,2.41385,2.50026,2.46743
27.6701,2.50043,2.41328,2.50025,2.4683
27.6801,2.50041,2.41269,2.50026,2.46917
27.6901,2.50041,2.41211,2.50026,2.47005
27.7001,2.50039,2.41154,2.50027,2.47095
27.7102,2.50036,2.41098,2.50027,2.47186
27.7201,2.50036,2.41042,2.50026,2.47275
27.7301,2.50035,2.40986,2.50024,2.47365
27.7401,2.50034,2.40933,2.50023,2.47457
27.7501,2.50035,2.4088,2.50022,2.47549
27.7601,2.50036,2.40828,2.50022,2.47643
27.7701,2.50037,2.40775,2.50021,2.47736
27.7801,2.50039,2.40725,2.5002,2.47831
27.7901,2.50041,2.40677,2.50022,2.47927
27.8001,2.50041,2.4063,2.50023,2.48022
27.8101,2.50043,2.40586,2.50025,2.48119
27.8201,2.50043,2.40542,2.50025,2.48215
27.8301,2.50041,2.40496,2.50026,2.48311
27.8401,2.5004,2.4045,2.50025,2.48407
27.8501,2.50039,2.40408,2.50023,2.48505
27.8601,2.50039,2.40366,2.50023,2.48602
27.8701,2.50038,2.40323,2.50023,2.48697
27.8801,2.50039,2.40282,2.50024,2.48794
27.8901,2.50038,2.4024,2.50023,2.48892
27.9001,2.50038,2.40202,2.50025,2.48992
27.9101,2.50037,2.40163,2.50025,2.49092
27.9201,2.5004,2.40126,2.50024,2.49191
27.9301,2.5004,2.4009,2.50023,2.4929
27.9401,2.50041,2.40054,2.50023,2.49387
27.9501,2.50042,2.40017,2.50022,2.49485
27.9601,2.50043,2.39983,2.50022,2.49585
27.9701,2.50044,2.3995,2.50024,2.49683
27.9801,2.50044,2.39915,2.50024,2.49783
27.9901,2.50045,2.39883,2.50022,2.49882
28.0001,2.50044,2.39853,2.50021,2.49983
28.0101,2.50043,2.39823,2.5002,2.50083
28.0201,2.50042,2.39794,2.5002,2.50184
28.0301,2.50042,2.39767,2.50019,2.50284
28.0401,2.50042,2.3974,2.50018,2.50384
28.0501,2.50043,2.39712,2.50018,2.50484
28.0601,2.50041,2.39685,2.50019,2.50583
28.0701,2.50042,2.39659,2.50016,2.50683
28.0801,2.50042,2.39636,2.50016,2.50783
28.0901,2.50041,2.39612,2.50016,2.50884
28.1001,2.5004,2.39588,2.50017,2.50984
28.1101,2.50039,2.39566,2.50017,2.51084
28.1201,2.50038,2.39545,2.50015,2.51185
28.1301,2.50039,2.39525,2.50014,2.51283
28.1401,2.50039,2.39506,2.50013,2.51381
28.1501,2.50037,2.39489,2.50013,2.51478
28.1601,2.50037,2.39474,2.50013,2.51575
28.1701,2.50037,2.39459,2.5001,2.51671
28.1801,2.50035,2.39446,2.50008,2.51768
28.1901,2.50035,2.39432,2.50007,2.51863
28.2001,2.50035,2.3942,2.50008,2.51956
28.2101,2.50034,2.39409,2.50009,2.52051
28.2201,2.50035,2.39398,2.50009,2.52145
28.2301,2.50034,2.39386,2.5001,2.52238
28.2401,2.50036,2.39376,2.50011,2.52331
28.2501,2.50037,2.39366,2.50012,2.52424
28.2601,2.50037,2.39358,2.50011,2.52518
28.2701,2.50038,2.39352,2.50011,2.5261
28.2801,2.50037,2.39348,2.50011,2.52702
28.2908,2.50036,2.39346,2.50008,2.52791
28.3001,2.50037,2.39342,2.50008,2.5288
28.3101,2.50038,2.3934,2.50006,2.52968
28.3201,2.50039,2.39341,2.50005,2.53056
28.3301,2.5004,2.3934,2.50006,2.53143
28.3401,2.50041,2.39343,2.50007,2.53229
28.3501,2.5004,2.39345,2.50008,2.53315
28.3601,2.50041,2.39348,2.50008,2.53398
28.3701,2.50039,2.39349,2.50006,2.53481
28.3801,2.50038,2.39353,2.50005,2.53565
28.3901,2.50038,2.39359,2.50005,2.53646
28.4,2.50038,2.39363,2.50008,2.53727
28.4101,2.50036,2.39371,2.50009,2.5381
28.4201,2.50036,2.39379,2.50008,2.5389
28.4301,2.50037,2.39387,2.50008,2.53967
28.4401,2.50037,2.39396,2.50009,2.54043
28.4501,2.50037,2.39405,2.50008,2.54118
28.4601,2.50035,2.39416,2.50005,2.54194
28.4701,2.50038,2.3943,2.50005,2.54268
28.4801,2.50039,2.39443,2.50004,2.5434
28.4901,2.50041,2.39458,2.50004,2.5441
28.5001,2.5004,2.39475,2.50006,2.54481
28.5101,2.5004,2.39493,2.50007,2.5455
28.5201,2.50038,2.39509,2.50006,2.5462
28.5301,2.50039,2.39527,2.50006,2.54687
28.5401,2.50038,2.39547,2.50006,2.54753
28.5501,2.50039,2.39567,2.50005,2.54818
28.5601,2.5004,2.3959,2.50006,2.54883
28.5701,2.50041,2.39613,2.50006,2.54945
28.5801,2.50041,2.39637,2.50008,2.55005
28.5901,2.50042,2.3966,2.50009,2.55066
28.6001,2.50042,2.39684,2.50007,2.55123
28.6101,2.50041,2.39709,2.50007,2.55181
28.6201,2.5004,2.39737,2.50005,2.55239
28.6301,2.50041,2.39764,2.50003,2.55297
28.6401,2.50042,2.39792,2.50003,2.55352
28.6501,2.50042,2.39823,2.50001,2.55404
28.6601,2.50041,2.39854,2.50002,2.55457
28.6701,2.50041,2.39884,2.50003,2.55506
28.6801,2.5004,2.39915,2.50001,2.55555
28.6901,2.50037,2.39948,2.50002,2.55602
28.7013,2.50037,2.39983,2.50002,2.55648
28.7101,2.50037,2.40018,2.50002,2.55693
28.7201,2.50037,2.40055,2.50003,2.55735
28.7301,2.50038,2.40092,2.50004,2.55776
28.7412,2.50039,2.4013,2.50004,2.55813
28.7501,2.5004,2.4017,2.50004,2.55851
28.7601,2.50042,2.4021,2.50005,2.55888
28.7701,2.50041,2.4025,2.50004,2.55927
28.7801,2.50041,2.40289,2.50004,2.5596
28.7901,2.50041,2.40329,2.50004,2.55995
28.8001,2.50041,2.40371,2.50002,2.56027
28.8101,2.5004,2.40413,2.5,2.56059
28.8201,2.50039,2.40457,2.49999,2.56086
28.8301,2.50037,2.40504,2.49998,2.56112
28.8401,2.50035,2.40551,2.49999,2.56137
28.8501,2.50036,2.40597,2.49998,2.56163
28.8601,2.50035,2.40642,2.49998,2.56187
28.8701,2.50034,2.40688,2.5,2.5621
28.8801,2.50034,2.40737,2.50002,2.56228
28.8901,2.50032,2.40786,2.5,2.56247
28.9001,2.50031,2.40836,2.49998,2.56263
28.9101,2.50031,2.40888,2.49997,2.56276
28.9201,2.50031,2.40939,2.49997,2.56288
28.9301,2.50032,2.40992,2.49996,2.56299
28.9401,2.50032,2.41046,2.49996,2.56308
28.9501,2.50032,2.41103,2.49993,2.56316
28.9601,2.50031,2.41159,2.49993,2.56324
28.9701,2.50032,2.41216,2.49992,2.5633
28.9801,2.50033,2.41273,2.49991,2.56336
28.9901,2.50035,2.41332,2.49991,2.56339
29.0001,2.50035,2.41392,2.49991,2.56339
29.0101,2.50036,2.41451,2.49992,2.56338
29.0201,2.50036,2.41509,2.49993,2.56336
29.0301,2.50035,2.41571,2.49994,2.56333
29.0401,2.50033,2.41633,2.49993,2.56326
29.0501,2.50033,2.41695,2.49993,2.5632
29.0601,2.50032,2.41758,2.49992,2.56312
29.0701,2.50031,2.41822,2.49991,2.56302
29.0801,2.50032,2.41885,2.49991,2.56291
29.0901,2.50033,2.41949,2.49991,2.56276
29.1001,2.50032,2.42015,2.49991,2.56262
29.1101,2.50033,2.42082,2.4999,2.56246
29.1201,2.50032,2.42149,2.49991,2.56229
29.1301,2.50033,2.42215,2.4999,2.56209
29.1401,2.50032,2.42283,2.49989,2.56188
29.1501,2.50031,2.42352,2.49989,2.56166
29.1601,2.5003,2.42421,2.49989,2.56142
29.1701,2.50032,2.42493,2.49989,2.56118
29.1801,2.50032,2.42567,2.49987,2.5609
29.1901,2.50032,2.42639,2.49987,2.56063
29.2001,2.50032,2.42712,2.49986,2.56032
29.2101,2.50032,2.42786,2.49987,2.56
29.2201,2.50031,2.4286,2.49986,2.55967
29.2301,2.5003,2.42935,2.49986,2.55933
29.2412,2.5003,2.43008,2.49985,2.55897
29.2532,2.50029,2.43083,2.49984,2.55862
29.2601,2.5003,2.43159,2.49983,2.55824
29.2701,2.5003,2.43235,2.49983,2.55784
29.2801,2.50029,2.43312,2.49983,2.55741
29.2901,2.50029,2.43389,2.49983,2.55696
29.3001,2.50032,2.43466,2.49983,2.5565
29.3101,2.50032,2.43546,2.49985,2.55603
29.3201,2.50031,2.43628,2.49986,2.55556
29.3301,2.50029,2.43706,2.49986,2.55507
29.3401,2.50027,2.43787,2.49984,2.55456
29.3501,2.50026,2.43868,2.49984,2.55404
29.3601,2.50025,2.43949,2.49984,2.55352
29.3701,2.50024,2.44032,2.49983,2.55299
29.3801,2.50023,2.44116,2.49984,2.55242
29.3901,2.50023,2.44201,2.49985,2.55186
29.4001,2.50026,2.44285,2.49986,2.55128
29.4101,2.50026,2.4437,2.49985,2.55069
29.4201,2.50026,2.44454,2.49986,2.55007
29.4301,2.50027,2.44539,2.49984,2.54945
29.4401,2.50025,2.44624,2.49982,2.54881
29.4501,2.50024,2.4471,2.49981,2.54815
29.4601,2.50024,2.44796,2.49979,2.5475
29.4701,2.50022,2.44883,2.49978,2.54683
29.4801,2.50021,2.4497,2.49977,2.54614
29.4901,2.50023,2.45058,2.49976,2.54546
29.5001,2.50022,2.45147,2.49975,2.54476
29.5101,2.50023,2.45236,2.49976,2.54405
29.5201,2.50025,2.45327,2.49976,2.54333
29.5301,2.50024,2.45419,2.49976,2.5426
29.5401,2.50023,2.45512,2.49976,2.54184
29.5501,2.50025,2.45605,2.49977,2.54109
29.5601,2.50022,2.45697,2.49976,2.54032
29.5701,2.50022,2.45788,2.49976,2.53954
29.5801,2.50023,2.4588,2.49976,2.53874
29.5901,2.50024,2.45975,2.49974,2.53793
29.6001,2.50024,2.46068,2.49975,2.53713
29.6101,2.50021,2.46161,2.49976,2.53631
29.6201,2.50018,2.46254,2.49975,2.5355
29.6301,2.50019,2.46347,2.49974,2.53467
29.6401,2.50018,2.46441,2.49974,2.53383
29.6501,2.50018,2.46537,2.49974,2.53298
29.6601,2.50018,2.46634,2.49975,2.53212
29.6701,2.50018,2.46731,2.49975,2.53125
29.6801,2.50017,2.46827,2.49975,2.53037
29.6901,2.50017,2.46922,2.49974,2.5295
29.7001,2.50016,2.47018,2.49972,2.52861
29.7101,2.50014,2.47114,2.49973,2.52771
29.7201,2.50015,2.47209,2.49973,2.52681
29.7301,2.50016,2.47305,2.49973,2.52591
29.7401,2.50016,2.47401,2.49971,2.52497
29.7501,2.50015,2.47498,2.49972,2.52405
29.7601,2.50012,2.47594,2.49971,2.52312
29.7701,2.50012,2.47691,2.49972,2.52219
29.7801,2.50014,2.47786,2.49971,2.52125
29.7901,2.50014,2.47884,2.49971,2.52029
29.8001,2.50013,2.47981,2.49973,2.51934
29.8101,2.50012,2.4808,2.49971,2.51837
29.8201,2.50014,2.4818,2.4997,2.51741
29.8301,2.50015,2.4828,2.4997,2.51645
29.8401,2.50017,2.48379,2.49969,2.51549
29.8501,2.50016,2.4848,2.49968,2.51453
29.8601,2.50015,2.48581,2.49968,2.51353
29.8701,2.50016,2.4868,2.49968,2.51257
29.8801,2.50017,2.48779,2.49968,2.51158
29.8901,2.50015,2.48878,2.49968,2.51058
29.9001,2.50013,2.48977,2.49967,2.5096
29.9101,2.50013,2.49077,2.49967,2.50861
29.9201,2.50012,2.49177,2.49965,2.50761
29.9301,2.50012,2.49278,2.49966,2.50661
29.9401,2.50012,2.49378,2.49966,2.5056
29.9501,2.50013,2.49477,2.49967,2.5046
29.9601,2.50013,2.49576,2.49967,2.5036
29.9701,2.50011,2.49675,2.49967,2.50262
29.9801,2.50012,2.49773,2.49967,2.50163
29.9901,2.50012,2.49871,2.49967,2.50063
30.0001,2.50012,2.4997,2.49968,2.49962
30.0101,2.50014,2.50071,2.49969,2.49861
30.0201,2.50014,2.50172,2.49969,2.49762
30.0301,2.50014,2.50272,2.49971,2.49662
30.0401,2.50015,2.50372,2.4997,2.49563
30.0501,2.50015,2.50472,2.49972,2.49462
30.0601,2.50016,2.50571,2.49974,2.49362
30.0701,2.50018,2.50671,2.49974,2.49263
30.0801,2.50019,2.50772,2.49975,2.49163
30.0901,2.5002,2.50873,2.49977,2.49065
30.1001,2.50019,2.50971,2.49977,2.48967
30.1101,2.50018,2.5107,2.49977,2.48868
30.1201,2.50018,2.5117,2.49977,2.48769
30.1301,2.50019,2.51272,2.49978,2.48671
30.1401,2.50018,2.5137,2.49977,2.48575
30.1532,2.50018,2.51468,2.49977,2.48478
30.1601,2.50017,2.51566,2.49978,2.48384
30.1713,2.50019,2.51666,2.49978,2.48288
30.1802,2.50018,2.51765,2.49978,2.4819
30.1902,2.50018,2.51861,2.4998,2.48094
30.2001,2.50018,2.51958,2.4998,2.48001
30.2101,2.50017,2.52055,2.49981,2.47906
30.2201,2.50017,2.52154,2.49981,2.47813
30.231,2.50015,2.52251,2.49982,2.47718
30.2401,2.50016,2.52347,2.49983,2.47626
30.2501,2.50017,2.52444,2.49985,2.47534
30.2601,2.50018,2.5254,2.49985,2.47441
30.2701,2.50018,2.52636,2.49986,2.47354
30.2801,2.50017,2.52733,2.49987,2.47263
30.2901,2.50018,2.52829,2.49987,2.47174
30.3001,2.50016,2.52925,2.49986,2.47087
30.3101,2.50016,2.53022,2.49987,2.46998
30.3201,2.50015,2.53117,2.49987,2.4691
30.3301,2.50015,2.53212,2.49985,2.46821
30.3401,2.50014,2.53308,2.49982,2.46736
30.3501,2.50013,2.53404,2.49982,2.46652
30.3601,2.50011,2.53496,2.49983,2.46569
30.3701,2.50011,2.53589,2.49983,2.46485
30.3801,2.50012,2.53681,2.49984,2.46404
30.3901,2.50014,2.53773,2.49982,2.46321
30.4001,2.50016,2.53865,2.4998,2.4624
30.4101,2.50018,2.53957,2.4998,2.46157
30.4201,2.50019,2.5405,2.49981,2.46078
30.4301,2.50018,2.54142,2.49982,2.46001
30.4401,2.50018,2.54235,2.49981,2.45925
30.4501,2.50019,2.54327,2.49979,2.4585
30.4601,2.5002,2.54418,2.49978,2.45775
30.4701,2.50021,2.54509,2.49976,2.45702
30.4801,2.50022,2.54599,2.49975,2.4563
30.4901,2.50021,2.5469,2.49973,2.45558
30.5001,2.5002,2.54778,2.49973,2.45488
30.5101,2.50018,2.54867,2.49973,2.45419
30.5201,2.5002,2.54956,2.49973,2.45351
30.5301,2.5002,2.55045,2.49972,2.45285
30.5401,2.5002,2.55134,2.49972,2.45218
30.5501,2.5002,2.55222,2.49972,2.45153
30.5601,2.50019,2.55311,2.49973,2.45089
30.5701,2.50019,2.55397,2.49974,2.45027
30.5801,2.50018,2.55483,2.49974,2.44966
30.5901,2.50017,2.55567,2.49976,2.44906
30.6001,2.50017,2.55652,2.49975,2.44847
30.6101,2.50015,2.55737,2.49973,2.44789
30.6201,2.50014,2.55821,2.49973,2.44732
30.6301,2.50012,2.55902,2.49972,2.44677
30.6401,2.50012,2.55983,2.49971,2.44622
30.6501,2.50012,2.56064,2.49971,2.4457
30.6601,2.50012,2.56144,2.49971,2.4452
30.6701,2.50012,2.56223,2.4997,2.4447
30.6801,2.50014,2.56304,2.4997,2.44422
30.6901,2.50015,2.56385,2.49971,2.44376
30.7001,2.50016,2.56464,2.49972,2.4433
30.7101,2.50016,2.56541,2.49974,2.44284
30.7201,2.50016,2.56619,2.49973,2.4424
30.7315,2.50015,2.56697,2.49974,2.44198
30.7401,2.50015,2.56773,2.49974,2.44156
30.7501,2.50013,2.5685,2.49974,2.44117
30.7601,2.50014,2.56926,2.49976,2.44078
30.7701,2.50014,2.57002,2.49974,2.44042
30.7801,2.50014,2.57076,2.49974,2.44006
30.7901,2.50013,2.57149,2.49974,2.43974
30.8001,2.50011,2.57221,2.49974,2.43942
30.8101,2.5001,2.57294,2.49975,2.4391
30.8201,2.50009,2.57366,2.49974,2.43881
30.8301,2.50009,2.57438,2.49974,2.43854
30.8401,2.5001,2.57507,2.49976,2.43828
30.8501,2.50009,2.57576,2.49976,2.43804
30.8601,2.5001,2.57646,2.49976,2.43781
30.8701,2.50037,2.57688,2.49931,2.43766
30.8801,2.50064,2.57731,2.49886,2.43749
30.8901,2.50091,2.57774,2.4984,2.43735
30.9001,2.50117,2.57815,2.49794,2.4372
30.9101,2.50144,2.57858,2.49748,2.43706
30.9201,2.50173,2.57899,2.49701,2.43693
30.9301,2.50201,2.57939,2.49655,2.43682
30.9401,2.50229,2.57979,2.49607,2.4367
30.9501,2.50257,2.58019,2.4956,2.43659
30.9601,2.50286,2.58058,2.49511,2.43649
30.9701,2.50315,2.58097,2.49464,2.4364
30.9801,2.50345,2.58135,2.49416,2.43632
30.9901,2.50374,2.58174,2.49366,2.43624
31.0001,2.50404,2.58213,2.49317,2.43617
31.0101,2.50434,2.5825,2.49268,2.43611
31.0201,2.50465,2.58288,2.49218,2.43606
31.0301,2.50495,2.58324,2.49166,2.43603
31.0401,2.50526,2.58361,2.49116,2.436
31.0501,2.50557,2.58399,2.49066,2.43597
31.0601,2.50588,2.58434,2.49018,2.43596
31.0701,2.50621,2.58471,2.48968,2.43594
31.0801,2.50654,2.58506,2.48918,2.43594
31.0901,2.50688,2.58542,2.48866,2.43595
31.1001,2.50721,2.58577,2.48815,2.43596
31.1101,2.50754,2.58611,2.48765,2.43599
31.1201,2.50789,2.58646,2.48713,2.43602
31.1301,2.50823,2.5868,2.48662,2.43606
31.1401,2.50857,2.58715,2.4861,2.4361
31.1501,2.50891,2.58748,2.48558,2.43615
31.1601,2.50926,2.58781,2.48507,2.43622
31.1701,2.50961,2.58813,2.48454,2.43628
31.1801,2.50996,2.58844,2.484,2.43634
31.1901,2.51031,2.58877,2.48346,2.43642
31.2001,2.51069,2.58908,2.48292,2.4365
31.2101,2.51105,2.58938,2.48238,2.4366
31.2201,2.51141,2.58968,2.48184,2.43672
31.2301,2.51178,2.58997,2.48132,2.43684
31.2401,2.51216,2.59027,2.48078,2.43698
31.2532,2.51255,2.59056,2.48024,2.43711
31.2601,2.51294,2.59085,2.47969,2.43724
31.2701,2.51333,2.59115,2.47913,2.43739
31.2801,2.51373,2.59143,2.47859,2.43753
31.2901,2.51411,2.59171,2.47805,2.43769
31.3001,2.51449,2.59199,2.47752,2.43784
31.3101,2.51488,2.59226,2.47697,2.43802
31.3201,2.51528,2.59253,2.47644,2.43822
31.3301,2.51568,2.59279,2.47589,2.43841
31.3401,2.51609,2.59306,2.47534,2.43861
31.3501,2.5165,2.59331,2.47478,2.43882
31.3601,2.5169,2.59357,2.47424,2.43904
31.3701,2.51733,2.59382,2.4737,2.43927
31.3801,2.51774,2.59406,2.47315,2.43951
31.3901,2.51816,2.59429,2.4726,2.43975
31.4001,2.51858,2.59452,2.47206,2.44001
31.4101,2.519,2.59475,2.47151,2.44027
31.4201,2.51942,2.59497,2.47097,2.44053
31.4301,2.51984,2.59517,2.47042,2.44081
31.4401,2.52029,2.59537,2.46988,2.44108
31.4501,2.52073,2.59558,2.46935,2.44136
31.4601,2.52116,2.5958,2.46879,2.44163
31.4701,2.5216,2.596,2.46825,2.44192
31.4801,2.52204,2.59619,2.46768,2.44224
31.4901,2.52249,2.59638,2.46712,2.44257
31.5001,2.52295,2.59657,2.46655,2.44288
31.5101,2.52341,2.59676,2.46601,2.44321
31.5201,2.52386,2.59694,2.46547,2.44354
31.5301,2.52431,2.59712,2.46492,2.44387
31.5401,2.52478,2.59728,2.46439,2.44421
31.5501,2.52525,2.59747,2.46385,2.44456
31.5601,2.52572,2.59763,2.46331,2.4449
31.5701,2.5262,2.5978,2.46278,2.44526
31.5801,2.52668,2.59794,2.46224,2.44562
31.5901,2.52717,2.59808,2.46172,2.446
31.6001,2.52766,2.59823,2.4612,2.44636
31.6101,2.52816,2.59837,2.46067,2.44673
31.6201,2.52865,2.59851,2.46013,2.44713
31.6301,2.52916,2.59863,2.4596,2.44754
31.6401,2.52966,2.59875,2.45907,2.44793
31.6501,2.53016,2.59887,2.45854,2.44833
31.6601,2.53066,2.59898,2.45802,2.44873
31.6701,2.53116,2.59909,2.4575,2.44914
31.6801,2.53168,2.59918,2.45699,2.44957
31.6901,2.5322,2.59927,2.45647,2.45
31.7012,2.53274,2.59936,2.45596,2.45042
31.7101,2.53325,2.59945,2.45547,2.45086
31.7208,2.53378,2.59953,2.45497,2.4513
31.7301,2.5343,2.59961,2.45447,2.45175
31.7402,2.53483,2.59969,2.45396,2.45221
31.7502,2.53537,2.59975,2.45347,2.45266
31.7601,2.5359,2.59983,2.45296,2.45312
31.7716,2.53642,2.59989,2.45248,2.45358
31.7801,2.53696,2.59995,2.452,2.45405
31.7901,2.53749,2.6,2.45151,2.45452
31.8001,2.53803,2.60004,2.45103,2.45501
31.8101,2.53858,2.60008,2.45055,2.45549
31.8202,2.53913,2.60011,2.45008,2.45596
31.8301,2.53966,2.60014,2.44961,2.45644
31.8401,2.54023,2.60017,2.44914,2.45692
31.8501,2.54078,2.60019,2.44867,2.45742
31.8601,2.54132,2.6002,2.44821,2.4579
31.8701,2.54188,2.60021,2.44774,2.45838
31.8801,2.54244,2.60022,2.4473,2.45888
31.8901,2.54299,2.60022,2.44685,2.45939
31.9001,2.54354,2.60021,2.44641,2.45989
31.9101,2.54411,2.60019,2.44597,2.46041
31.9201,2.54467,2.60016,2.44554,2.46093
31.9301,2.54525,2.60016,2.4451,2.46145
31.9401,2.54583,2.60014,2.44467,2.46196
31.9501,2.54642,2.6001,2.44425,2.46249
31.9601,2.547,2.60007,2.44384,2.46301
31.9701,2.54758,2.60003,2.44341,2.46354
31.9801,2.54816,2.59998,2.44299,2.46407
31.9901,2.54875,2.59994,2.44258,2.46458
32.0001,2.54936,2.59987,2.44218,2.4651
32.0101,2.54996,2.59981,2.44178,2.46562
32.0201,2.55057,2.59974,2.44141,2.46614
32.0301,2.55117,2.59966,2.44104,2.46667
32.0401,2.55178,2.59958,2.44065,2.46719
32.0501,2.55238,2.59949,2.44028,2.46774
32.0601,2.55299,2.59939,2.43991,2.46827
32.0701,2.55361,2.59929,2.43955,2.46881
32.0801,2.55421,2.5992,2.43918,2.46934
32.0901,2.55482,2.59908,2.43883,2.46986
32.1,2.55544,2.59897,2.43848,2.47038
32.1101,2.55604,2.59886,2.43814,2.47092
32.1201,2.55666,2.59874,2.43781,2.47143
32.1301,2.5573,2.59861,2.43749,2.47195
32.1401,2.55794,2.59848,2.43717,2.47247
32.1501,2.55857,2.59834,2.43686,2.473
32.1601,2.5592,2.59822,2.43655,2.47353
32.1701,2.55983,2.59808,2.43625,2.47405
32.1801,2.56046,2.59792,2.43594,2.47458
32.1901,2.5611,2.59776,2.43565,2.4751
32.2001,2.56174,2.59759,2.43535,2.47561
32.2101,2.5624,2.59743,2.43506,2.47613
32.2201,2.56303,2.59725,2.43479,2.47665
32.2301,2.56367,2.59707,2.43452,2.47715
32.2401,2.56433,2.59689,2.43426,2.47767
32.2501,2.56499,2.59671,2.43401,2.47819
32.2601,2.56564,2.5965,2.43377,2.4787
32.2701,2.56629,2.5963,2.43352,2.47921
32.2801,2.56694,2.59608,2.43328,2.47971
32.2901,2.56759,2.59585,2.43305,2.48023
32.3001,2.56825,2.59564,2.43281,2.48072
32.3101,2.56891,2.59541,2.43259,2.4812
32.3201,2.56956,2.59519,2.43238,2.48169
32.3301,2.57023,2.59496,2.43217,2.48218
32.3401,2.57088,2.59473,2.43197,2.48266
32.3501,2.57155,2.59449,2.43179,2.48315
32.3601,2.57221,2.59425,2.43159,2.48364
32.3701,2.57288,2.594,2.43142,2.48412
32.3801,2.57355,2.59375,2.43125,2.48458
32.3901,2.57422,2.59349,2.43108,2.48505
32.4001,2.57489,2.59323,2.43092,2.48551
32.4101,2.57558,2.59297,2.43078,2.48596
32.4201,2.57627,2.59271,2.43064,2.48642
32.4301,2.57698,2.59243,2.43051,2.48687
32.4401,2.57767,2.59214,2.43039,2.4873
32.4501,2.57836,2.59184,2.43027,2.48773
32.4601,2.57906,2.59154,2.43017,2.48815
32.4701,2.57974,2.59124,2.43005,2.48857
32.4801,2.58043,2.59094,2.42994,2.48899
32.4901,2.58112,2.59062,2.42984,2.4894
32.5001,2.58182,2.5903,2.42975,2.48981
32.5101,2.58251,2.58998,2.42969,2.49023
32.5201,2.5832,2.58966,2.42961,2.49063
32.5301,2.58391,2.58933,2.42954,2.49104
32.5401,2.58462,2.589,2.42949,2.49144
32.5501,2.58532,2.58867,2.42943,2.49183
32.5601,2.58601,2.58831,2.42939,2.49221
32.5701,2.5867,2.58796,2.42935,2.4926
32.5801,2.58741,2.58761,2.42933,2.49295
32.5901,2.58811,2.58725,2.42933,2.49331
32.6,2.58882,2.58689,2.42931,2.49364
32.6101,2.58953,2.58651,2.4293,2.49398
32.6201,2.59024,2.58614,2.42929,2.49432
32.6301,2.59096,2.58577,2.42931,2.49465
32.6401,2.59168,2.58541,2.42933,2.49498
32.6501,2.59239,2.58505,2.42936,2.4953
32.6601,2.59311,2.58466,2.42941,2.49559
32.6701,2.59383,2.58426,2.42947,2.4959
32.6801,2.59456,2.58385,2.42953,2.49618
32.6901,2.59528,2.58345,2.42959,2.49645
32.7001,2.596,2.58304,2.42964,2.49672
32.7101,2.59673,2.58261,2.42971,2.49698
32.7201,2.59746,2.5822,2.42977,2.49724
32.7301,2.59819,2.58179,2.42985,2.49749
32.7401,2.59893,2.58136,2.42994,2.49774
32.7501,2.59967,2.58093,2.43004,2.49799
32.7601,2.60041,2.5805,2.43016,2.49822
32.7701,2.60113,2.58007,2.43028,2.49843
32.7801,2.60187,2.57964,2.43038,2.49866
32.7901,2.6026,2.57919,2.43051,2.49887
32.8001,2.60335,2.57875,2.43065,2.49907
32.8101,2.60407,2.57831,2.43081,2.49925
32.8201,2.60481,2.57787,2.43096,2.49941
32.8301,2.60557,2.5774,2.43113,2.49959
32.8401,2.60632,2.57695,2.43129,2.49974
32.8501,2.60706,2.57649,2.43148,2.4999
32.8601,2.6078,2.57603,2.43168,2.50003
32.8701,2.60855,2.57556,2.43187,2.50017
32.8801,2.60927,2.5751,2.43208,2.50029
32.8901,2.61,2.57462,2.43228,2.50041
32.9001,2.61073,2.57414,2.43249,2.50051
32.9101,2.61146,2.57364,2.4327,2.50062
32.9201,2.61222,2.57315,2.43293,2.5007
32.9301,2.61298,2.57265,2.43317,2.50077
32.9401,2.61373,2.57217,2.43342,2.50083
32.9501,2.61449,2.57167,2.43369,2.50089
32.9601,2.61522,2.57116,2.43394,2.50093
32.9702,2.61598,2.57066,2.43423,2.50097
32.98,2.61672,2.57015,2.43449,2.50103
32.9901,2.61747,2.56963,2.43478,2.50107
33.0001,2.61821,2.56911,2.43507,2.50106
33.0101,2.61897,2.56859,2.43537,2.50105
33.0201,2.61973,2.56806,2.43567,2.50104
33.0301,2.62047,2.56754,2.436,2.50101
33.0401,2.62123,2.56702,2.43632,2.50097
33.0501,2.62198,2.56649,2.43665,2.50092
33.0601,2.62275,2.56595,2.43698,2.50087
33.0701,2.62352,2.56542,2.43729,2.50079
33.0801,2.62427,2.56488,2.43762,2.50071
33.0901,2.62503,2.56434,2.43797,2.50062
33.1001,2.62578,2.5638,2.43831,2.50053
33.1101,2.62654,2.56324,2.43868,2.50042
33.1201,2.62731,2.56268,2.43908,2.5003
33.1301,2.62807,2.56213,2.43947,2.50018
33.1401,2.62884,2.56157,2.43985,2.50005
33.1501,2.62961,2.56104,2.44026,2.49992
33.1601,2.63038,2.5605,2.44065,2.49977
33.1701,2.63115,2.55994,2.44107,2.49959
33.1801,2.63192,2.55941,2.44149,2.49943
33.1901,2.63267,2.55887,2.44189,2.49924
33.2001,2.63344,2.5583,2.44231,2.49904
33.2101,2.63422,2.55774,2.44274,2.49885
33.2201,2.63498,2.55716,2.44319,2.49862
33.2301,2.63575,2.55659,2.44364,2.49839
33.2401,2.6365,2.556,2.44409,2.49815
33.2501,2.63726,2.55544,2.44453,2.49788
33.2601,2.63802,2.55485,2.445,2.49763
33.2701,2.63877,2.55428,2.44546,2.49738
33.2801,2.63954,2.5537,2.44592,2.49711
33.2901,2.6403,2.55312,2.44639,2.49683
33.3001,2.64109,2.55256,2.44686,2.49655
33.3101,2.64187,2.55196,2.44735,2.49625
33.3201,2.64263,2.55135,2.44784,2.49593
33.3301,2.64339,2.55077,2.44834,2.49559
33.3401,2.64414,2.55017,2.44885,2.49524
33.3501,2.6449,2.54958,2.44936,2.49489
33.3601,2.64567,2.54898,2.44989,2.49452
33.3701,2.64646,2.54838,2.45041,2.49412
33.3801,2.64721,2.54775,2.45095,2.49375
33.3901,2.64796,2.54715,2.45151,2.49336
33.4001,2.64871,2.54654,2.45206,2.49294
33.4101,2.64946,2.54595,2.45259,2.49252
33.4201,2.65023,2.54535,2.45315,2.49211
33.4301,2.65101,2.54473,2.45372,2.49169
33.4401,2.65177,2.54414,2.45427,2.49126
33.4501,2.65254,2.54353,2.45483,2.49083
33.4601,2.6533,2.54292,2.45543,2.49036
33.4701,2.65407,2.5423,2.456,2.48989
33.4801,2.65484,2.54171,2.45658,2.48943
33.4901,2.65561,2.5411,2.45715,2.48894
33.5001,2.65638,2.54049,2.45773,2.48844
33.5101,2.65713,2.53988,2.45833,2.48794
33.5201,2.6579,2.53927,2.45894,2.48743
33.5301,2.65867,2.53864,2.45955,2.4869
33.5401,2.65943,2.53801,2.46017,2.48638
33.5501,2.66018,2.53739,2.46082,2.48583
33.5601,2.66096,2.53676,2.46143,2.48529
33.5701,2.66173,2.53615,2.46205,2.48474
33.5801,2.66248,2.53555,2.46267,2.4842
33.5901,2.66323,2.53494,2.4633,2.48362
33.6001,2.66399,2.53434,2.46392,2.48305
33.6101,2.66474,2.53373,2.46455,2.48245
33.6201,2.66549,2.53313,2.46519,2.48185
33.6301,2.66624,2.53251,2.46581,2.48126
33.6401,2.66697,2.53189,2.46643,2.48064
33.6501,2.6677,2.53129,2.46707,2.48002
33.6601,2.66844,2.53066,2.4677,2.47942
33.6701,2.6692,2.53004,2.46835,2.47879
33.6801,2.66996,2.52942,2.469,2.47815
33.6901,2.67071,2.52881,2.46967,2.4775
33.7001,2.67146,2.52822,2.47031,2.47684
33.7101,2.6722,2.52762,2.47097,2.47616
33.7201,2.67296,2.527,2.47164,2.47549
33.7301,2.67371,2.52638,2.47229,2.47481
33.7402,2.67445,2.52576,2.47294,2.47413
33.7515,2.67518,2.52514,2.47363,2.47344
33.7601,2.6759,2.52453,2.47428,2.47276
33.7701,2.67666,2.52392,2.47495,2.47207
33.7801,2.67743,2.52332,2.47564,2.47137
33.7901,2.67816,2.52269,2.47631,2.47067
33.8001,2.67888,2.52206,2.47699,2.46996
33.8101,2.6796,2.52145,2.47768,2.46924
33.8201,2.68033,2.52084,2.47835,2.46852
33.8301,2.68106,2.52024,2.47905,2.4678
33.8401,2.6818,2.51963,2.47974,2.46708
33.8501,2.68255,2.51901,2.48042,2.46636
33.8601,2.68329,2.51841,2.48111,2.4656
33.8701,2.68403,2.51782,2.48179,2.46486
33.8801,2.68476,2.51721,2.48247,2.46409
33.8901,2.6855,2.51662,2.48315,2.46332
33.9001,2.68624,2.51602,2.48384,2.46255
33.9101,2.68699,2.51542,2.48452,2.4618
33.9201,2.68771,2.51483,2.48523,2.46103
33.9301,2.68843,2.51425,2.48591,2.46026
33.9401,2.68915,2.51367,2.48658,2.45949
33.9501,2.68987,2.51308,2.48726,2.45872
33.9601,2.69059,2.51247,2.48794,2.45793
33.9701,2.6913,2.5119,2.48861,2.45714
33.9801,2.69201,2.51132,2.48929,2.45635
33.9901,2.69272,2.51073,2.48997,2.45553
34.0001,2.69344,2.51015,2.49065,2.45472
34.0101,2.69416,2.50958,2.49131,2.45392
34.0201,2.69486,2.50901,2.49198,2.4531
34.0301,2.69556,2.50844,2.49264,2.45229
34.0401,2.69624,2.50791,2.49332,2.45149
34.0501,2.69695,2.50736,2.494,2.4507
34.0601,2.69765,2.50681,2.49467,2.44991
34.0701,2.69835,2.50627,2.49533,2.4491
34.0801,2.69902,2.50572,2.49602,2.44831
34.0901,2.69974,2.50517,2.49668,2.4475
34.1001,2.70044,2.50461,2.49734,2.44668
34.1101,2.70114,2.50408,2.49802,2.44587
34.1201,2.70183,2.50353,2.49869,2.44505
34.1301,2.70251,2.503,2.49935,2.44422
34.1401,2.70322,2.50248,2.49999,2.44341
34.1501,2.70392,2.50196,2.50066,2.44259
34.1601,2.70461,2.50144,2.50131,2.44177
34.1701,2.70528,2.50092,2.50198,2.44095
34.1801,2.70596,2.50041,2.50265,2.44013
34.1901,2.70663,2.49989,2.50331,2.43932
34.2001,2.70731,2.49939,2.50396,2.43854
34.2101,2.70801,2.49887,2.50462,2.43773
34.2201,2.70869,2.49834,2.50525,2.43692
34.2301,2.70937,2.49784,2.50589,2.43611
34.2401,2.71003,2.49735,2.50652,2.43534
34.2501,2.71069,2.49684,2.50714,2.43456
34.2601,2.71137,2.49635,2.50776,2.43378
34.2701,2.71203,2.49583,2.50836,2.43298
34.2801,2.71268,2.49533,2.50896,2.4322
34.2901,2.71333,2.49487,2.50957,2.43142
34.3001,2.714,2.4944,2.51018,2.43064
34.3101,2.71466,2.49394,2.5108,2.42986
34.3201,2.7153,2.49349,2.51138,2.42906
34.3301,2.71592,2.49301,2.51196,2.42827
34.3401,2.71656,2.49254,2.51255,2.4275
34.3501,2.71719,2.49208,2.51314,2.42673
34.3601,2.71782,2.49162,2.51372,2.42596
34.3701,2.71846,2.49117,2.51429,2.42519
34.3801,2.71907,2.49075,2.51484,2.42443
34.3901,2.7197,2.49032,2.5154,2.42367
34.4001,2.72035,2.4899,2.51596,2.42291
34.4101,2.72096,2.48947,2.51652,2.42217
34.4201,2.72159,2.48906,2.51706,2.42145
34.4301,2.7222,2.48864,2.5176,2.42072
34.4401,2.72279,2.48823,2.51814,2.41999
34.4501,2.72341,2.48781,2.51867,2.41928
34.4601,2.72402,2.48741,2.5192,2.41857
34.4701,2.72464,2.48702,2.51971,2.41785
34.4801,2.72525,2.48663,2.5202,2.41714
34.4901,2.72586,2.48623,2.5207,2.41645
34.5001,2.72646,2.48585,2.52121,2.41575
34.5101,2.72706,2.48547,2.52171,2.41507
34.5201,2.72765,2.48511,2.5222,2.4144
34.5301,2.72822,2.48479,2.52268,2.41374
34.5401,2.72879,2.48444,2.52316,2.41307
34.5501,2.72936,2.4841,2.5236,2.4124
34.5609,2.72994,2.48376,2.52405,2.41171
34.5702,2.73049,2.48341,2.52452,2.41106
34.5801,2.73106,2.48306,2.52496,2.41042
34.5901,2.73162,2.48271,2.5254,2.40981
34.6001,2.73219,2.48239,2.52582,2.40919
34.6101,2.73277,2.48209,2.52624,2.40858
34.6201,2.73331,2.48181,2.52666,2.408
34.6301,2.73385,2.48154,2.52708,2.4074
34.6401,2.73441,2.48126,2.52748,2.40681
34.6501,2.73497,2.48096,2.52788,2.40624
34.6601,2.73552,2.48068,2.52827,2.40567
34.6701,2.73606,2.48038,2.52864,2.4051
34.6801,2.73659,2.48009,2.52899,2.40454
34.6901,2.73712,2.47983,2.52934,2.404
34.7001,2.73763,2.47957,2.52968,2.40347
34.7101,2.73817,2.4793,2.53003,2.40295
34.7201,2.73871,2.47904,2.53035,2.40244
34.7301,2.73922,2.47883,2.53066,2.40194
34.7401,2.73972,2.4786,2.53098,2.40144
34.7502,2.74026,2.47839,2.53128,2.40096
34.7601,2.74076,2.47817,2.53156,2.4005
34.7701,2.74126,2.47795,2.53186,2.40003
34.7801,2.74176,2.47774,2.53213,2.39958
34.7901,2.74227,2.47755,2.5324,2.39914
34.8001,2.74276,2.47737,2.53265,2.3987
34.8101,2.74326,2.47719,2.5329,2.39829
34.8201,2.74375,2.47701,2.53313,2.39789
34.8301,2.74425,2.47683,2.53337,2.3975
34.8401,2.74473,2.47664,2.53358,2.39714
34.8501,2.74521,2.47648,2.5338,2.39677
34.8601,2.7457,2.47633,2.53399,2.3964
34.8701,2.74619,2.47618,2.53418,2.39604
34.8801,2.74668,2.47605,2.53436,2.39571
34.8902,2.74716,2.47595,2.53455,2.39539
34.9001,2.74765,2.47582,2.53472,2.39507
34.9101,2.7481,2.47571,2.53489,2.39478
34.9201,2.74856,2.4756,2.53503,2.39449
34.9301,2.74904,2.4755,2.53515,2.39421
34.9401,2.74951,2.47542,2.53528,2.39395
34.9501,2.74998,2.47532,2.5354,2.39371
34.9601,2.75043,2.47523,2.53551,2.39349
34.9701,2.75087,2.47514,2.53559,2.39327
34.9801,2.7513,2.47507,2.5357,2.39306
34.9901,2.75173,2.475,2.53576,2.39285
35.0001,2.75217,2.47496,2.53582,2.39267
35.0101,2.75261,2.47492,2.53584,2.39251
35.0201,2.75304,2.47491,2.53589,2.39234
35.0301,2.75343,2.47488,2.53593,2.39218
35.0401,2.75386,2.47486,2.53597,2.39205
35.0501,2.75427,2.47486,2.53599,2.39193
35.0601,2.75468,2.47486,2.53601,2.39181
35.0701,2.75509,2.47487,2.536,2.39174
35.0801,2.75547,2.47488,2.53599,2.39166
35.0901,2.75588,2.4749,2.53595,2.39157
35.1001,2.75628,2.47492,2.5359,2.3915
35.1101,2.75667,2.47495,2.53583,2.39147
35.1201,2.75707,2.47503,2.53576,2.39147
35.1301,2.75748,2.47509,2.5357,2.39144
35.1401,2.75788,2.47518,2.5356,2.39143
35.1501,2.75828,2.47527,2.53549,2.39144
35.1601,2.75864,2.47537,2.53541,2.39146
35.1701,2.75899,2.47542,2.53529,2.39149
35.1801,2.75936,2.47552,2.53517,2.39156
35.1901,2.75974,2.47564,2.53503,2.39165
35.2001,2.76011,2.47579,2.53488,2.39172
35.2101,2.76045,2.47593,2.53471,2.3918
35.2201,2.7608,2.47608,2.53454,2.39192
35.2301,2.76112,2.47621,2.53435,2.39205
35.2401,2.76147,2.47638,2.53417,2.39219
35.2501,2.7618,2.47655,2.53397,2.39235
35.2601,2.76212,2.47671,2.53374,2.39253
35.2701,2.76243,2.47689,2.53349,2.39273
35.2801,2.76275,2.47707,2.53326,2.39292
35.2901,2.76304,2.47728,2.533,2.39308
35.3001,2.76333,2.47749,2.53273,2.39328
35.3101,2.76363,2.47769,2.53243,2.39349
35.3201,2.7639,2.47792,2.53211,2.39371
35.3301,2.76417,2.47818,2.53179,2.39396
35.3401,2.76445,2.47844,2.53147,2.39421
35.3501,2.76474,2.4787,2.53114,2.39448
35.3601,2.76504,2.47897,2.5308,2.39478
35.3701,2.76532,2.47923,2.53044,2.39508
35.3801,2.76561,2.47953,2.53006,2.39539
35.3901,2.76588,2.47981,2.52969,2.39572
35.4001,2.76614,2.48011,2.52931,2.39607
35.4101,2.76638,2.48042,2.5289,2.39643
35.4201,2.76664,2.48076,2.52848,2.39679
35.4301,2.76685,2.48108,2.52805,2.39719
35.4401,2.76709,2.4814,2.52761,2.39759
35.4501,2.76731,2.48176,2.52719,2.39798
35.4601,2.76755,2.48212,2.52675,2.39839
35.4701,2.76777,2.48249,2.5263,2.39881
35.4801,2.768,2.48284,2.52581,2.39926
35.4901,2.76825,2.48323,2.52534,2.39971
35.5001,2.76846,2.48361,2.52483,2.40017
35.5101,2.76868,2.484,2.52431,2.40062
35.5201,2.76888,2.48439,2.52381,2.40112
35.5301,2.76908,2.48481,2.52328,2.40163
35.5401,2.7693,2.48524,2.52274,2.40214
35.5501,2.76948,2.48571,2.5222,2.40268
35.5601,2.76965,2.48615,2.52163,2.4032
35.5701,2.76982,2.4866,2.52106,2.40376
35.5801,2.77001,2.48708,2.52047,2.40432
35.5901,2.77022,2.48756,2.51986,2.40489
35.6001,2.7704,2.48806,2.51924,2.40547
35.6101,2.77055,2.48857,2.51862,2.40606
35.6201,2.77072,2.48908,2.51796,2.40664
35.6301,2.77088,2.48959,2.51732,2.40725
35.6401,2.77102,2.4901,2.51666,2.40789
35.6501,2.77116,2.49062,2.516,2.40854
35.6601,2.77128,2.49118,2.51533,2.40918
35.6701,2.77144,2.49171,2.51465,2.40983
35.6801,2.77158,2.49228,2.51398,2.41046
35.6901,2.77172,2.49282,2.51328,2.41114
35.7001,2.77185,2.49341,2.51255,2.41184
35.7101,2.77198,2.49399,2.51182,2.41253
35.7201,2.77207,2.49459,2.51107,2.41324
35.7301,2.77216,2.4952,2.51031,2.41398
35.7401,2.77224,2.49582,2.50955,2.41471
35.7526,2.77232,2.49643,2.50879,2.41544
35.7601,2.7724,2.49705,2.50801,2.41621
35.7701,2.77251,2.49771,2.50724,2.41698
35.7801,2.77259,2.49837,2.50643,2.41774
35.7901,2.77265,2.49904,2.50559,2.41851
35.8001,2.7727,2.49971,2.50474,2.41931
35.8101,2.77275,2.50041,2.50387,2.4201
35.8202,2.77278,2.50112,2.50303,2.42092
35.8301,2.77283,2.50181,2.5022,2.42171
35.8401,2.77287,2.50251,2.50134,2.42252
35.8501,2.77291,2.50321,2.50045,2.42335
35.8601,2.77297,2.50391,2.49956,2.42416
